ISO-10303-21;
HEADER;
FILE_DESCRIPTION(('Open CASCADE Model'),'2;1');
FILE_NAME('Open CASCADE Shape Model','2026-10-03T00:45:12',('Author'),(
    'Open CASCADE'),'Open CASCADE STEP processor 7.9','Open CASCADE 7.9'
  ,'Unknown');
FILE_SCHEMA(('AUTOMOTIVE_DESIGN { 1 0 10303 214 1 1 1 1 }'));
ENDSEC;
DATA;
#1 = APPLICATION_PROTOCOL_DEFINITION('international standard',
  'automotive_design',2000,#2);
#2 = APPLICATION_CONTEXT(
  'core data for automotive mechanical design processes');
#3 = SHAPE_DEFINITION_REPRESENTATION(#4,#10);
#4 = PRODUCT_DEFINITION_SHAPE('','',#5);
#5 = PRODUCT_DEFINITION('design','',#6,#9);
#6 = PRODUCT_DEFINITION_FORMATION('','',#7);
#7 = PRODUCT('ADS1115_Breakout','ADS1115_Breakout','',(#8));
#8 = PRODUCT_CONTEXT('',#2,'mechanical');
#9 = PRODUCT_DEFINITION_CONTEXT('part definition',#2,'design');
#10 = SHAPE_REPRESENTATION('',(#11,#15,#19,#23,#27,#31,#35,#39,#43,#47,
    #51,#55,#59,#63,#67,#71,#75,#79,#83,#87),#91);
#11 = AXIS2_PLACEMENT_3D('',#12,#13,#14);
#12 = CARTESIAN_POINT('',(0.,0.,0.));
#13 = DIRECTION('',(0.,0.,1.));
#14 = DIRECTION('',(1.,0.,-0.));
#15 = AXIS2_PLACEMENT_3D('',#16,#17,#18);
#16 = CARTESIAN_POINT('',(0.,0.,0.));
#17 = DIRECTION('',(0.,0.,1.));
#18 = DIRECTION('',(1.,0.,-0.));
#19 = AXIS2_PLACEMENT_3D('',#20,#21,#22);
#20 = CARTESIAN_POINT('',(0.,0.,0.));
#21 = DIRECTION('',(0.,0.,1.));
#22 = DIRECTION('',(1.,0.,-0.));
#23 = AXIS2_PLACEMENT_3D('',#24,#25,#26);
#24 = CARTESIAN_POINT('',(0.,0.,0.));
#25 = DIRECTION('',(0.,0.,1.));
#26 = DIRECTION('',(1.,0.,-0.));
#27 = AXIS2_PLACEMENT_3D('',#28,#29,#30);
#28 = CARTESIAN_POINT('',(0.,0.,0.));
#29 = DIRECTION('',(0.,0.,1.));
#30 = DIRECTION('',(1.,0.,-0.));
#31 = AXIS2_PLACEMENT_3D('',#32,#33,#34);
#32 = CARTESIAN_POINT('',(0.,0.,0.));
#33 = DIRECTION('',(0.,0.,1.));
#34 = DIRECTION('',(1.,0.,-0.));
#35 = AXIS2_PLACEMENT_3D('',#36,#37,#38);
#36 = CARTESIAN_POINT('',(0.,0.,0.));
#37 = DIRECTION('',(0.,0.,1.));
#38 = DIRECTION('',(1.,0.,-0.));
#39 = AXIS2_PLACEMENT_3D('',#40,#41,#42);
#40 = CARTESIAN_POINT('',(0.,0.,0.));
#41 = DIRECTION('',(0.,0.,1.));
#42 = DIRECTION('',(1.,0.,-0.));
#43 = AXIS2_PLACEMENT_3D('',#44,#45,#46);
#44 = CARTESIAN_POINT('',(0.,0.,0.));
#45 = DIRECTION('',(0.,0.,1.));
#46 = DIRECTION('',(1.,0.,-0.));
#47 = AXIS2_PLACEMENT_3D('',#48,#49,#50);
#48 = CARTESIAN_POINT('',(0.,0.,0.));
#49 = DIRECTION('',(0.,0.,1.));
#50 = DIRECTION('',(1.,0.,-0.));
#51 = AXIS2_PLACEMENT_3D('',#52,#53,#54);
#52 = CARTESIAN_POINT('',(0.,0.,0.));
#53 = DIRECTION('',(0.,0.,1.));
#54 = DIRECTION('',(1.,0.,-0.));
#55 = AXIS2_PLACEMENT_3D('',#56,#57,#58);
#56 = CARTESIAN_POINT('',(0.,0.,0.));
#57 = DIRECTION('',(0.,0.,1.));
#58 = DIRECTION('',(1.,0.,-0.));
#59 = AXIS2_PLACEMENT_3D('',#60,#61,#62);
#60 = CARTESIAN_POINT('',(0.,0.,0.));
#61 = DIRECTION('',(0.,0.,1.));
#62 = DIRECTION('',(1.,0.,-0.));
#63 = AXIS2_PLACEMENT_3D('',#64,#65,#66);
#64 = CARTESIAN_POINT('',(0.,0.,0.));
#65 = DIRECTION('',(0.,0.,1.));
#66 = DIRECTION('',(1.,0.,-0.));
#67 = AXIS2_PLACEMENT_3D('',#68,#69,#70);
#68 = CARTESIAN_POINT('',(0.,0.,0.));
#69 = DIRECTION('',(0.,0.,1.));
#70 = DIRECTION('',(1.,0.,-0.));
#71 = AXIS2_PLACEMENT_3D('',#72,#73,#74);
#72 = CARTESIAN_POINT('',(0.,0.,0.));
#73 = DIRECTION('',(0.,0.,1.));
#74 = DIRECTION('',(1.,0.,-0.));
#75 = AXIS2_PLACEMENT_3D('',#76,#77,#78);
#76 = CARTESIAN_POINT('',(0.,0.,0.));
#77 = DIRECTION('',(0.,0.,1.));
#78 = DIRECTION('',(1.,0.,-0.));
#79 = AXIS2_PLACEMENT_3D('',#80,#81,#82);
#80 = CARTESIAN_POINT('',(0.,0.,0.));
#81 = DIRECTION('',(0.,0.,1.));
#82 = DIRECTION('',(1.,0.,-0.));
#83 = AXIS2_PLACEMENT_3D('',#84,#85,#86);
#84 = CARTESIAN_POINT('',(0.,0.,0.));
#85 = DIRECTION('',(0.,0.,1.));
#86 = DIRECTION('',(1.,0.,-0.));
#87 = AXIS2_PLACEMENT_3D('',#88,#89,#90);
#88 = CARTESIAN_POINT('',(0.,0.,0.));
#89 = DIRECTION('',(0.,0.,1.));
#90 = DIRECTION('',(1.,0.,-0.));
#91 = ( GEOMETRIC_REPRESENTATION_CONTEXT(3) 
GLOBAL_UNCERTAINTY_ASSIGNED_CONTEXT((#95)) GLOBAL_UNIT_ASSIGNED_CONTEXT(
(#92,#93,#94)) REPRESENTATION_CONTEXT('Context #1',
  '3D Context with UNIT and UNCERTAINTY') );
#92 = ( LENGTH_UNIT() NAMED_UNIT(*) SI_UNIT(.MILLI.,.METRE.) );
#93 = ( NAMED_UNIT(*) PLANE_ANGLE_UNIT() SI_UNIT($,.RADIAN.) );
#94 = ( NAMED_UNIT(*) SI_UNIT($,.STERADIAN.) SOLID_ANGLE_UNIT() );
#95 = UNCERTAINTY_MEASURE_WITH_UNIT(LENGTH_MEASURE(1.E-07),#92,
  'distance_accuracy_value','confusion accuracy');
#96 = PRODUCT_RELATED_PRODUCT_CATEGORY('part',$,(#7));
#97 = SHAPE_DEFINITION_REPRESENTATION(#98,#104);
#98 = PRODUCT_DEFINITION_SHAPE('','',#99);
#99 = PRODUCT_DEFINITION('design','',#100,#103);
#100 = PRODUCT_DEFINITION_FORMATION('','',#101);
#101 = PRODUCT('pcb','pcb','',(#102));
#102 = PRODUCT_CONTEXT('',#2,'mechanical');
#103 = PRODUCT_DEFINITION_CONTEXT('part definition',#2,'design');
#104 = ADVANCED_BREP_SHAPE_REPRESENTATION('',(#11,#105),#1539);
#105 = MANIFOLD_SOLID_BREP('',#106);
#106 = CLOSED_SHELL('',(#107,#227,#303,#374,#821,#1208,#1215,#1242,#1269
    ,#1296,#1323,#1350,#1377,#1404,#1431,#1458,#1485,#1512));
#107 = ADVANCED_FACE('',(#108),#122,.F.);
#108 = FACE_BOUND('',#109,.T.);
#109 = EDGE_LOOP('',(#110,#145,#173,#201));
#110 = ORIENTED_EDGE('',*,*,#111,.T.);
#111 = EDGE_CURVE('',#112,#114,#116,.T.);
#112 = VERTEX_POINT('',#113);
#113 = CARTESIAN_POINT('',(-1.9,2.57,0.));
#114 = VERTEX_POINT('',#115);
#115 = CARTESIAN_POINT('',(-1.9,2.57,1.6));
#116 = SURFACE_CURVE('',#117,(#121,#133),.PCURVE_S1.);
#117 = LINE('',#118,#119);
#118 = CARTESIAN_POINT('',(-1.9,2.57,0.));
#119 = VECTOR('',#120,1.);
#120 = DIRECTION('',(-0.,-0.,1.));
#121 = PCURVE('',#122,#127);
#122 = PLANE('',#123);
#123 = AXIS2_PLACEMENT_3D('',#124,#125,#126);
#124 = CARTESIAN_POINT('',(-1.9,2.57,0.));
#125 = DIRECTION('',(-0.,-1.,-0.));
#126 = DIRECTION('',(-1.,0.,0.));
#127 = DEFINITIONAL_REPRESENTATION('',(#128),#132);
#128 = LINE('',#129,#130);
#129 = CARTESIAN_POINT('',(-0.,-0.));
#130 = VECTOR('',#131,1.);
#131 = DIRECTION('',(-0.,-1.));
#132 = ( GEOMETRIC_REPRESENTATION_CONTEXT(2) 
PARAMETRIC_REPRESENTATION_CONTEXT() REPRESENTATION_CONTEXT('2D SPACE',''
  ) );
#133 = PCURVE('',#134,#139);
#134 = PLANE('',#135);
#135 = AXIS2_PLACEMENT_3D('',#136,#137,#138);
#136 = CARTESIAN_POINT('',(-1.9,-25.43,0.));
#137 = DIRECTION('',(1.,-0.,-0.));
#138 = DIRECTION('',(0.,-1.,0.));
#139 = DEFINITIONAL_REPRESENTATION('',(#140),#144);
#140 = LINE('',#141,#142);
#141 = CARTESIAN_POINT('',(-28.,0.));
#142 = VECTOR('',#143,1.);
#143 = DIRECTION('',(-0.,-1.));
#144 = ( GEOMETRIC_REPRESENTATION_CONTEXT(2) 
PARAMETRIC_REPRESENTATION_CONTEXT() REPRESENTATION_CONTEXT('2D SPACE',''
  ) );
#145 = ORIENTED_EDGE('',*,*,#146,.T.);
#146 = EDGE_CURVE('',#114,#147,#149,.T.);
#147 = VERTEX_POINT('',#148);
#148 = CARTESIAN_POINT('',(14.7,2.57,1.6));
#149 = SURFACE_CURVE('',#150,(#154,#161),.PCURVE_S1.);
#150 = LINE('',#151,#152);
#151 = CARTESIAN_POINT('',(-1.9,2.57,1.6));
#152 = VECTOR('',#153,1.);
#153 = DIRECTION('',(1.,-0.,-0.));
#154 = PCURVE('',#122,#155);
#155 = DEFINITIONAL_REPRESENTATION('',(#156),#160);
#156 = LINE('',#157,#158);
#157 = CARTESIAN_POINT('',(-0.,-1.6));
#158 = VECTOR('',#159,1.);
#159 = DIRECTION('',(-1.,-0.));
#160 = ( GEOMETRIC_REPRESENTATION_CONTEXT(2) 
PARAMETRIC_REPRESENTATION_CONTEXT() REPRESENTATION_CONTEXT('2D SPACE',''
  ) );
#161 = PCURVE('',#162,#167);
#162 = PLANE('',#163);
#163 = AXIS2_PLACEMENT_3D('',#164,#165,#166);
#164 = CARTESIAN_POINT('',(6.4,-11.43,1.6));
#165 = DIRECTION('',(-0.,-0.,1.));
#166 = DIRECTION('',(-1.,0.,0.));
#167 = DEFINITIONAL_REPRESENTATION('',(#168),#172);
#168 = LINE('',#169,#170);
#169 = CARTESIAN_POINT('',(8.3,-14.));
#170 = VECTOR('',#171,1.);
#171 = DIRECTION('',(-1.,0.));
#172 = ( GEOMETRIC_REPRESENTATION_CONTEXT(2) 
PARAMETRIC_REPRESENTATION_CONTEXT() REPRESENTATION_CONTEXT('2D SPACE',''
  ) );
#173 = ORIENTED_EDGE('',*,*,#174,.F.);
#174 = EDGE_CURVE('',#175,#147,#177,.T.);
#175 = VERTEX_POINT('',#176);
#176 = CARTESIAN_POINT('',(14.7,2.57,0.));
#177 = SURFACE_CURVE('',#178,(#182,#189),.PCURVE_S1.);
#178 = LINE('',#179,#180);
#179 = CARTESIAN_POINT('',(14.7,2.57,0.));
#180 = VECTOR('',#181,1.);
#181 = DIRECTION('',(-0.,-0.,1.));
#182 = PCURVE('',#122,#183);
#183 = DEFINITIONAL_REPRESENTATION('',(#184),#188);
#184 = LINE('',#185,#186);
#185 = CARTESIAN_POINT('',(-16.6,-0.));
#186 = VECTOR('',#187,1.);
#187 = DIRECTION('',(-0.,-1.));
#188 = ( GEOMETRIC_REPRESENTATION_CONTEXT(2) 
PARAMETRIC_REPRESENTATION_CONTEXT() REPRESENTATION_CONTEXT('2D SPACE',''
  ) );
#189 = PCURVE('',#190,#195);
#190 = PLANE('',#191);
#191 = AXIS2_PLACEMENT_3D('',#192,#193,#194);
#192 = CARTESIAN_POINT('',(14.7,2.57,0.));
#193 = DIRECTION('',(-1.,-0.,-0.));
#194 = DIRECTION('',(0.,1.,0.));
#195 = DEFINITIONAL_REPRESENTATION('',(#196),#200);
#196 = LINE('',#197,#198);
#197 = CARTESIAN_POINT('',(-0.,-0.));
#198 = VECTOR('',#199,1.);
#199 = DIRECTION('',(-0.,-1.));
#200 = ( GEOMETRIC_REPRESENTATION_CONTEXT(2) 
PARAMETRIC_REPRESENTATION_CONTEXT() REPRESENTATION_CONTEXT('2D SPACE',''
  ) );
#201 = ORIENTED_EDGE('',*,*,#202,.F.);
#202 = EDGE_CURVE('',#112,#175,#203,.T.);
#203 = SURFACE_CURVE('',#204,(#208,#215),.PCURVE_S1.);
#204 = LINE('',#205,#206);
#205 = CARTESIAN_POINT('',(-1.9,2.57,0.));
#206 = VECTOR('',#207,1.);
#207 = DIRECTION('',(1.,-0.,-0.));
#208 = PCURVE('',#122,#209);
#209 = DEFINITIONAL_REPRESENTATION('',(#210),#214);
#210 = LINE('',#211,#212);
#211 = CARTESIAN_POINT('',(-0.,-0.));
#212 = VECTOR('',#213,1.);
#213 = DIRECTION('',(-1.,-0.));
#214 = ( GEOMETRIC_REPRESENTATION_CONTEXT(2) 
PARAMETRIC_REPRESENTATION_CONTEXT() REPRESENTATION_CONTEXT('2D SPACE',''
  ) );
#215 = PCURVE('',#216,#221);
#216 = PLANE('',#217);
#217 = AXIS2_PLACEMENT_3D('',#218,#219,#220);
#218 = CARTESIAN_POINT('',(6.4,-11.43,0.));
#219 = DIRECTION('',(-0.,-0.,1.));
#220 = DIRECTION('',(-1.,0.,0.));
#221 = DEFINITIONAL_REPRESENTATION('',(#222),#226);
#222 = LINE('',#223,#224);
#223 = CARTESIAN_POINT('',(8.3,-14.));
#224 = VECTOR('',#225,1.);
#225 = DIRECTION('',(-1.,0.));
#226 = ( GEOMETRIC_REPRESENTATION_CONTEXT(2) 
PARAMETRIC_REPRESENTATION_CONTEXT() REPRESENTATION_CONTEXT('2D SPACE',''
  ) );
#227 = ADVANCED_FACE('',(#228),#134,.F.);
#228 = FACE_BOUND('',#229,.T.);
#229 = EDGE_LOOP('',(#230,#260,#281,#282));
#230 = ORIENTED_EDGE('',*,*,#231,.T.);
#231 = EDGE_CURVE('',#232,#234,#236,.T.);
#232 = VERTEX_POINT('',#233);
#233 = CARTESIAN_POINT('',(-1.9,-25.43,0.));
#234 = VERTEX_POINT('',#235);
#235 = CARTESIAN_POINT('',(-1.9,-25.43,1.6));
#236 = SURFACE_CURVE('',#237,(#241,#248),.PCURVE_S1.);
#237 = LINE('',#238,#239);
#238 = CARTESIAN_POINT('',(-1.9,-25.43,0.));
#239 = VECTOR('',#240,1.);
#240 = DIRECTION('',(-0.,-0.,1.));
#241 = PCURVE('',#134,#242);
#242 = DEFINITIONAL_REPRESENTATION('',(#243),#247);
#243 = LINE('',#244,#245);
#244 = CARTESIAN_POINT('',(-0.,0.));
#245 = VECTOR('',#246,1.);
#246 = DIRECTION('',(-0.,-1.));
#247 = ( GEOMETRIC_REPRESENTATION_CONTEXT(2) 
PARAMETRIC_REPRESENTATION_CONTEXT() REPRESENTATION_CONTEXT('2D SPACE',''
  ) );
#248 = PCURVE('',#249,#254);
#249 = PLANE('',#250);
#250 = AXIS2_PLACEMENT_3D('',#251,#252,#253);
#251 = CARTESIAN_POINT('',(14.7,-25.43,0.));
#252 = DIRECTION('',(-0.,1.,-0.));
#253 = DIRECTION('',(1.,0.,0.));
#254 = DEFINITIONAL_REPRESENTATION('',(#255),#259);
#255 = LINE('',#256,#257);
#256 = CARTESIAN_POINT('',(-16.6,0.));
#257 = VECTOR('',#258,1.);
#258 = DIRECTION('',(-0.,-1.));
#259 = ( GEOMETRIC_REPRESENTATION_CONTEXT(2) 
PARAMETRIC_REPRESENTATION_CONTEXT() REPRESENTATION_CONTEXT('2D SPACE',''
  ) );
#260 = ORIENTED_EDGE('',*,*,#261,.T.);
#261 = EDGE_CURVE('',#234,#114,#262,.T.);
#262 = SURFACE_CURVE('',#263,(#267,#274),.PCURVE_S1.);
#263 = LINE('',#264,#265);
#264 = CARTESIAN_POINT('',(-1.9,-25.43,1.6));
#265 = VECTOR('',#266,1.);
#266 = DIRECTION('',(-0.,1.,-0.));
#267 = PCURVE('',#134,#268);
#268 = DEFINITIONAL_REPRESENTATION('',(#269),#273);
#269 = LINE('',#270,#271);
#270 = CARTESIAN_POINT('',(-0.,-1.6));
#271 = VECTOR('',#272,1.);
#272 = DIRECTION('',(-1.,-0.));
#273 = ( GEOMETRIC_REPRESENTATION_CONTEXT(2) 
PARAMETRIC_REPRESENTATION_CONTEXT() REPRESENTATION_CONTEXT('2D SPACE',''
  ) );
#274 = PCURVE('',#162,#275);
#275 = DEFINITIONAL_REPRESENTATION('',(#276),#280);
#276 = LINE('',#277,#278);
#277 = CARTESIAN_POINT('',(8.3,14.));
#278 = VECTOR('',#279,1.);
#279 = DIRECTION('',(-0.,-1.));
#280 = ( GEOMETRIC_REPRESENTATION_CONTEXT(2) 
PARAMETRIC_REPRESENTATION_CONTEXT() REPRESENTATION_CONTEXT('2D SPACE',''
  ) );
#281 = ORIENTED_EDGE('',*,*,#111,.F.);
#282 = ORIENTED_EDGE('',*,*,#283,.F.);
#283 = EDGE_CURVE('',#232,#112,#284,.T.);
#284 = SURFACE_CURVE('',#285,(#289,#296),.PCURVE_S1.);
#285 = LINE('',#286,#287);
#286 = CARTESIAN_POINT('',(-1.9,-25.43,0.));
#287 = VECTOR('',#288,1.);
#288 = DIRECTION('',(-0.,1.,-0.));
#289 = PCURVE('',#134,#290);
#290 = DEFINITIONAL_REPRESENTATION('',(#291),#295);
#291 = LINE('',#292,#293);
#292 = CARTESIAN_POINT('',(-0.,0.));
#293 = VECTOR('',#294,1.);
#294 = DIRECTION('',(-1.,-0.));
#295 = ( GEOMETRIC_REPRESENTATION_CONTEXT(2) 
PARAMETRIC_REPRESENTATION_CONTEXT() REPRESENTATION_CONTEXT('2D SPACE',''
  ) );
#296 = PCURVE('',#216,#297);
#297 = DEFINITIONAL_REPRESENTATION('',(#298),#302);
#298 = LINE('',#299,#300);
#299 = CARTESIAN_POINT('',(8.3,14.));
#300 = VECTOR('',#301,1.);
#301 = DIRECTION('',(-0.,-1.));
#302 = ( GEOMETRIC_REPRESENTATION_CONTEXT(2) 
PARAMETRIC_REPRESENTATION_CONTEXT() REPRESENTATION_CONTEXT('2D SPACE',''
  ) );
#303 = ADVANCED_FACE('',(#304),#190,.F.);
#304 = FACE_BOUND('',#305,.T.);
#305 = EDGE_LOOP('',(#306,#307,#330,#353));
#306 = ORIENTED_EDGE('',*,*,#174,.T.);
#307 = ORIENTED_EDGE('',*,*,#308,.T.);
#308 = EDGE_CURVE('',#147,#309,#311,.T.);
#309 = VERTEX_POINT('',#310);
#310 = CARTESIAN_POINT('',(14.7,-25.43,1.6));
#311 = SURFACE_CURVE('',#312,(#316,#323),.PCURVE_S1.);
#312 = LINE('',#313,#314);
#313 = CARTESIAN_POINT('',(14.7,2.57,1.6));
#314 = VECTOR('',#315,1.);
#315 = DIRECTION('',(-0.,-1.,-0.));
#316 = PCURVE('',#190,#317);
#317 = DEFINITIONAL_REPRESENTATION('',(#318),#322);
#318 = LINE('',#319,#320);
#319 = CARTESIAN_POINT('',(-0.,-1.6));
#320 = VECTOR('',#321,1.);
#321 = DIRECTION('',(-1.,0.));
#322 = ( GEOMETRIC_REPRESENTATION_CONTEXT(2) 
PARAMETRIC_REPRESENTATION_CONTEXT() REPRESENTATION_CONTEXT('2D SPACE',''
  ) );
#323 = PCURVE('',#162,#324);
#324 = DEFINITIONAL_REPRESENTATION('',(#325),#329);
#325 = LINE('',#326,#327);
#326 = CARTESIAN_POINT('',(-8.3,-14.));
#327 = VECTOR('',#328,1.);
#328 = DIRECTION('',(-0.,1.));
#329 = ( GEOMETRIC_REPRESENTATION_CONTEXT(2) 
PARAMETRIC_REPRESENTATION_CONTEXT() REPRESENTATION_CONTEXT('2D SPACE',''
  ) );
#330 = ORIENTED_EDGE('',*,*,#331,.F.);
#331 = EDGE_CURVE('',#332,#309,#334,.T.);
#332 = VERTEX_POINT('',#333);
#333 = CARTESIAN_POINT('',(14.7,-25.43,0.));
#334 = SURFACE_CURVE('',#335,(#339,#346),.PCURVE_S1.);
#335 = LINE('',#336,#337);
#336 = CARTESIAN_POINT('',(14.7,-25.43,0.));
#337 = VECTOR('',#338,1.);
#338 = DIRECTION('',(-0.,-0.,1.));
#339 = PCURVE('',#190,#340);
#340 = DEFINITIONAL_REPRESENTATION('',(#341),#345);
#341 = LINE('',#342,#343);
#342 = CARTESIAN_POINT('',(-28.,0.));
#343 = VECTOR('',#344,1.);
#344 = DIRECTION('',(-0.,-1.));
#345 = ( GEOMETRIC_REPRESENTATION_CONTEXT(2) 
PARAMETRIC_REPRESENTATION_CONTEXT() REPRESENTATION_CONTEXT('2D SPACE',''
  ) );
#346 = PCURVE('',#249,#347);
#347 = DEFINITIONAL_REPRESENTATION('',(#348),#352);
#348 = LINE('',#349,#350);
#349 = CARTESIAN_POINT('',(0.,-0.));
#350 = VECTOR('',#351,1.);
#351 = DIRECTION('',(-0.,-1.));
#352 = ( GEOMETRIC_REPRESENTATION_CONTEXT(2) 
PARAMETRIC_REPRESENTATION_CONTEXT() REPRESENTATION_CONTEXT('2D SPACE',''
  ) );
#353 = ORIENTED_EDGE('',*,*,#354,.F.);
#354 = EDGE_CURVE('',#175,#332,#355,.T.);
#355 = SURFACE_CURVE('',#356,(#360,#367),.PCURVE_S1.);
#356 = LINE('',#357,#358);
#357 = CARTESIAN_POINT('',(14.7,2.57,0.));
#358 = VECTOR('',#359,1.);
#359 = DIRECTION('',(-0.,-1.,-0.));
#360 = PCURVE('',#190,#361);
#361 = DEFINITIONAL_REPRESENTATION('',(#362),#366);
#362 = LINE('',#363,#364);
#363 = CARTESIAN_POINT('',(-0.,-0.));
#364 = VECTOR('',#365,1.);
#365 = DIRECTION('',(-1.,0.));
#366 = ( GEOMETRIC_REPRESENTATION_CONTEXT(2) 
PARAMETRIC_REPRESENTATION_CONTEXT() REPRESENTATION_CONTEXT('2D SPACE',''
  ) );
#367 = PCURVE('',#216,#368);
#368 = DEFINITIONAL_REPRESENTATION('',(#369),#373);
#369 = LINE('',#370,#371);
#370 = CARTESIAN_POINT('',(-8.3,-14.));
#371 = VECTOR('',#372,1.);
#372 = DIRECTION('',(-0.,1.));
#373 = ( GEOMETRIC_REPRESENTATION_CONTEXT(2) 
PARAMETRIC_REPRESENTATION_CONTEXT() REPRESENTATION_CONTEXT('2D SPACE',''
  ) );
#374 = ADVANCED_FACE('',(#375,#401,#436,#471,#506,#541,#576,#611,#646,
    #681,#716,#751,#786),#216,.F.);
#375 = FACE_BOUND('',#376,.T.);
#376 = EDGE_LOOP('',(#377,#378,#379,#400));
#377 = ORIENTED_EDGE('',*,*,#202,.T.);
#378 = ORIENTED_EDGE('',*,*,#354,.T.);
#379 = ORIENTED_EDGE('',*,*,#380,.T.);
#380 = EDGE_CURVE('',#332,#232,#381,.T.);
#381 = SURFACE_CURVE('',#382,(#386,#393),.PCURVE_S1.);
#382 = LINE('',#383,#384);
#383 = CARTESIAN_POINT('',(14.7,-25.43,0.));
#384 = VECTOR('',#385,1.);
#385 = DIRECTION('',(-1.,-0.,-0.));
#386 = PCURVE('',#216,#387);
#387 = DEFINITIONAL_REPRESENTATION('',(#388),#392);
#388 = LINE('',#389,#390);
#389 = CARTESIAN_POINT('',(-8.3,14.));
#390 = VECTOR('',#391,1.);
#391 = DIRECTION('',(1.,-0.));
#392 = ( GEOMETRIC_REPRESENTATION_CONTEXT(2) 
PARAMETRIC_REPRESENTATION_CONTEXT() REPRESENTATION_CONTEXT('2D SPACE',''
  ) );
#393 = PCURVE('',#249,#394);
#394 = DEFINITIONAL_REPRESENTATION('',(#395),#399);
#395 = LINE('',#396,#397);
#396 = CARTESIAN_POINT('',(0.,-0.));
#397 = VECTOR('',#398,1.);
#398 = DIRECTION('',(-1.,0.));
#399 = ( GEOMETRIC_REPRESENTATION_CONTEXT(2) 
PARAMETRIC_REPRESENTATION_CONTEXT() REPRESENTATION_CONTEXT('2D SPACE',''
  ) );
#400 = ORIENTED_EDGE('',*,*,#283,.T.);
#401 = FACE_BOUND('',#402,.T.);
#402 = EDGE_LOOP('',(#403));
#403 = ORIENTED_EDGE('',*,*,#404,.F.);
#404 = EDGE_CURVE('',#405,#405,#407,.T.);
#405 = VERTEX_POINT('',#406);
#406 = CARTESIAN_POINT('',(0.5,0.,0.));
#407 = SURFACE_CURVE('',#408,(#413,#424),.PCURVE_S1.);
#408 = CIRCLE('',#409,0.5);
#409 = AXIS2_PLACEMENT_3D('',#410,#411,#412);
#410 = CARTESIAN_POINT('',(0.,0.,0.));
#411 = DIRECTION('',(0.,0.,-1.));
#412 = DIRECTION('',(1.,-0.,-0.));
#413 = PCURVE('',#216,#414);
#414 = DEFINITIONAL_REPRESENTATION('',(#415),#423);
#415 = ( BOUNDED_CURVE() B_SPLINE_CURVE(2,(#416,#417,#418,#419,#420,#421
,#422),.UNSPECIFIED.,.T.,.F.) B_SPLINE_CURVE_WITH_KNOTS((1,2,2,2,2,1),(
    -2.094395102393,0.,2.094395102393,4.188790204786,6.28318530718,
8.377580409573),.UNSPECIFIED.) CURVE() GEOMETRIC_REPRESENTATION_ITEM() 
RATIONAL_B_SPLINE_CURVE((1.,0.5,1.,0.5,1.,0.5,1.)) REPRESENTATION_ITEM(
  '') );
#416 = CARTESIAN_POINT('',(5.9,-11.43));
#417 = CARTESIAN_POINT('',(5.9,-10.56397459621));
#418 = CARTESIAN_POINT('',(6.65,-10.9969872981));
#419 = CARTESIAN_POINT('',(7.4,-11.43));
#420 = CARTESIAN_POINT('',(6.65,-11.86301270189));
#421 = CARTESIAN_POINT('',(5.9,-12.29602540378));
#422 = CARTESIAN_POINT('',(5.9,-11.43));
#423 = ( GEOMETRIC_REPRESENTATION_CONTEXT(2) 
PARAMETRIC_REPRESENTATION_CONTEXT() REPRESENTATION_CONTEXT('2D SPACE',''
  ) );
#424 = PCURVE('',#425,#430);
#425 = CYLINDRICAL_SURFACE('',#426,0.5);
#426 = AXIS2_PLACEMENT_3D('',#427,#428,#429);
#427 = CARTESIAN_POINT('',(0.,0.,0.));
#428 = DIRECTION('',(-0.,0.,-1.));
#429 = DIRECTION('',(1.,-0.,-0.));
#430 = DEFINITIONAL_REPRESENTATION('',(#431),#435);
#431 = LINE('',#432,#433);
#432 = CARTESIAN_POINT('',(0.,0.));
#433 = VECTOR('',#434,1.);
#434 = DIRECTION('',(1.,0.));
#435 = ( GEOMETRIC_REPRESENTATION_CONTEXT(2) 
PARAMETRIC_REPRESENTATION_CONTEXT() REPRESENTATION_CONTEXT('2D SPACE',''
  ) );
#436 = FACE_BOUND('',#437,.T.);
#437 = EDGE_LOOP('',(#438));
#438 = ORIENTED_EDGE('',*,*,#439,.F.);
#439 = EDGE_CURVE('',#440,#440,#442,.T.);
#440 = VERTEX_POINT('',#441);
#441 = CARTESIAN_POINT('',(0.5,-2.54,0.));
#442 = SURFACE_CURVE('',#443,(#448,#459),.PCURVE_S1.);
#443 = CIRCLE('',#444,0.5);
#444 = AXIS2_PLACEMENT_3D('',#445,#446,#447);
#445 = CARTESIAN_POINT('',(0.,-2.54,0.));
#446 = DIRECTION('',(0.,0.,-1.));
#447 = DIRECTION('',(1.,-0.,-0.));
#448 = PCURVE('',#216,#449);
#449 = DEFINITIONAL_REPRESENTATION('',(#450),#458);
#450 = ( BOUNDED_CURVE() B_SPLINE_CURVE(2,(#451,#452,#453,#454,#455,#456
,#457),.UNSPECIFIED.,.T.,.F.) B_SPLINE_CURVE_WITH_KNOTS((1,2,2,2,2,1),(
    -2.094395102393,0.,2.094395102393,4.188790204786,6.28318530718,
8.377580409573),.UNSPECIFIED.) CURVE() GEOMETRIC_REPRESENTATION_ITEM() 
RATIONAL_B_SPLINE_CURVE((1.,0.5,1.,0.5,1.,0.5,1.)) REPRESENTATION_ITEM(
  '') );
#451 = CARTESIAN_POINT('',(5.9,-8.89));
#452 = CARTESIAN_POINT('',(5.9,-8.023974596216));
#453 = CARTESIAN_POINT('',(6.65,-8.456987298108));
#454 = CARTESIAN_POINT('',(7.4,-8.89));
#455 = CARTESIAN_POINT('',(6.65,-9.323012701892));
#456 = CARTESIAN_POINT('',(5.9,-9.756025403784));
#457 = CARTESIAN_POINT('',(5.9,-8.89));
#458 = ( GEOMETRIC_REPRESENTATION_CONTEXT(2) 
PARAMETRIC_REPRESENTATION_CONTEXT() REPRESENTATION_CONTEXT('2D SPACE',''
  ) );
#459 = PCURVE('',#460,#465);
#460 = CYLINDRICAL_SURFACE('',#461,0.5);
#461 = AXIS2_PLACEMENT_3D('',#462,#463,#464);
#462 = CARTESIAN_POINT('',(0.,-2.54,0.));
#463 = DIRECTION('',(-0.,0.,-1.));
#464 = DIRECTION('',(1.,-0.,-0.));
#465 = DEFINITIONAL_REPRESENTATION('',(#466),#470);
#466 = LINE('',#467,#468);
#467 = CARTESIAN_POINT('',(0.,0.));
#468 = VECTOR('',#469,1.);
#469 = DIRECTION('',(1.,0.));
#470 = ( GEOMETRIC_REPRESENTATION_CONTEXT(2) 
PARAMETRIC_REPRESENTATION_CONTEXT() REPRESENTATION_CONTEXT('2D SPACE',''
  ) );
#471 = FACE_BOUND('',#472,.T.);
#472 = EDGE_LOOP('',(#473));
#473 = ORIENTED_EDGE('',*,*,#474,.F.);
#474 = EDGE_CURVE('',#475,#475,#477,.T.);
#475 = VERTEX_POINT('',#476);
#476 = CARTESIAN_POINT('',(0.5,-5.08,0.));
#477 = SURFACE_CURVE('',#478,(#483,#494),.PCURVE_S1.);
#478 = CIRCLE('',#479,0.5);
#479 = AXIS2_PLACEMENT_3D('',#480,#481,#482);
#480 = CARTESIAN_POINT('',(0.,-5.08,0.));
#481 = DIRECTION('',(0.,0.,-1.));
#482 = DIRECTION('',(1.,-0.,-0.));
#483 = PCURVE('',#216,#484);
#484 = DEFINITIONAL_REPRESENTATION('',(#485),#493);
#485 = ( BOUNDED_CURVE() B_SPLINE_CURVE(2,(#486,#487,#488,#489,#490,#491
,#492),.UNSPECIFIED.,.T.,.F.) B_SPLINE_CURVE_WITH_KNOTS((1,2,2,2,2,1),(
    -2.094395102393,0.,2.094395102393,4.188790204786,6.28318530718,
8.377580409573),.UNSPECIFIED.) CURVE() GEOMETRIC_REPRESENTATION_ITEM() 
RATIONAL_B_SPLINE_CURVE((1.,0.5,1.,0.5,1.,0.5,1.)) REPRESENTATION_ITEM(
  '') );
#486 = CARTESIAN_POINT('',(5.9,-6.35));
#487 = CARTESIAN_POINT('',(5.9,-5.483974596216));
#488 = CARTESIAN_POINT('',(6.65,-5.916987298108));
#489 = CARTESIAN_POINT('',(7.4,-6.35));
#490 = CARTESIAN_POINT('',(6.65,-6.783012701892));
#491 = CARTESIAN_POINT('',(5.9,-7.216025403784));
#492 = CARTESIAN_POINT('',(5.9,-6.35));
#493 = ( GEOMETRIC_REPRESENTATION_CONTEXT(2) 
PARAMETRIC_REPRESENTATION_CONTEXT() REPRESENTATION_CONTEXT('2D SPACE',''
  ) );
#494 = PCURVE('',#495,#500);
#495 = CYLINDRICAL_SURFACE('',#496,0.5);
#496 = AXIS2_PLACEMENT_3D('',#497,#498,#499);
#497 = CARTESIAN_POINT('',(0.,-5.08,0.));
#498 = DIRECTION('',(-0.,0.,-1.));
#499 = DIRECTION('',(1.,-0.,-0.));
#500 = DEFINITIONAL_REPRESENTATION('',(#501),#505);
#501 = LINE('',#502,#503);
#502 = CARTESIAN_POINT('',(0.,0.));
#503 = VECTOR('',#504,1.);
#504 = DIRECTION('',(1.,0.));
#505 = ( GEOMETRIC_REPRESENTATION_CONTEXT(2) 
PARAMETRIC_REPRESENTATION_CONTEXT() REPRESENTATION_CONTEXT('2D SPACE',''
  ) );
#506 = FACE_BOUND('',#507,.T.);
#507 = EDGE_LOOP('',(#508));
#508 = ORIENTED_EDGE('',*,*,#509,.F.);
#509 = EDGE_CURVE('',#510,#510,#512,.T.);
#510 = VERTEX_POINT('',#511);
#511 = CARTESIAN_POINT('',(0.5,-7.62,0.));
#512 = SURFACE_CURVE('',#513,(#518,#529),.PCURVE_S1.);
#513 = CIRCLE('',#514,0.5);
#514 = AXIS2_PLACEMENT_3D('',#515,#516,#517);
#515 = CARTESIAN_POINT('',(0.,-7.62,0.));
#516 = DIRECTION('',(0.,0.,-1.));
#517 = DIRECTION('',(1.,-0.,-0.));
#518 = PCURVE('',#216,#519);
#519 = DEFINITIONAL_REPRESENTATION('',(#520),#528);
#520 = ( BOUNDED_CURVE() B_SPLINE_CURVE(2,(#521,#522,#523,#524,#525,#526
,#527),.UNSPECIFIED.,.T.,.F.) B_SPLINE_CURVE_WITH_KNOTS((1,2,2,2,2,1),(
    -2.094395102393,0.,2.094395102393,4.188790204786,6.28318530718,
8.377580409573),.UNSPECIFIED.) CURVE() GEOMETRIC_REPRESENTATION_ITEM() 
RATIONAL_B_SPLINE_CURVE((1.,0.5,1.,0.5,1.,0.5,1.)) REPRESENTATION_ITEM(
  '') );
#521 = CARTESIAN_POINT('',(5.9,-3.81));
#522 = CARTESIAN_POINT('',(5.9,-2.943974596216));
#523 = CARTESIAN_POINT('',(6.65,-3.376987298108));
#524 = CARTESIAN_POINT('',(7.4,-3.81));
#525 = CARTESIAN_POINT('',(6.65,-4.243012701892));
#526 = CARTESIAN_POINT('',(5.9,-4.676025403784));
#527 = CARTESIAN_POINT('',(5.9,-3.81));
#528 = ( GEOMETRIC_REPRESENTATION_CONTEXT(2) 
PARAMETRIC_REPRESENTATION_CONTEXT() REPRESENTATION_CONTEXT('2D SPACE',''
  ) );
#529 = PCURVE('',#530,#535);
#530 = CYLINDRICAL_SURFACE('',#531,0.5);
#531 = AXIS2_PLACEMENT_3D('',#532,#533,#534);
#532 = CARTESIAN_POINT('',(0.,-7.62,0.));
#533 = DIRECTION('',(-0.,0.,-1.));
#534 = DIRECTION('',(1.,-0.,-0.));
#535 = DEFINITIONAL_REPRESENTATION('',(#536),#540);
#536 = LINE('',#537,#538);
#537 = CARTESIAN_POINT('',(0.,0.));
#538 = VECTOR('',#539,1.);
#539 = DIRECTION('',(1.,0.));
#540 = ( GEOMETRIC_REPRESENTATION_CONTEXT(2) 
PARAMETRIC_REPRESENTATION_CONTEXT() REPRESENTATION_CONTEXT('2D SPACE',''
  ) );
#541 = FACE_BOUND('',#542,.T.);
#542 = EDGE_LOOP('',(#543));
#543 = ORIENTED_EDGE('',*,*,#544,.F.);
#544 = EDGE_CURVE('',#545,#545,#547,.T.);
#545 = VERTEX_POINT('',#546);
#546 = CARTESIAN_POINT('',(0.5,-10.16,0.));
#547 = SURFACE_CURVE('',#548,(#553,#564),.PCURVE_S1.);
#548 = CIRCLE('',#549,0.5);
#549 = AXIS2_PLACEMENT_3D('',#550,#551,#552);
#550 = CARTESIAN_POINT('',(0.,-10.16,0.));
#551 = DIRECTION('',(0.,0.,-1.));
#552 = DIRECTION('',(1.,-0.,-0.));
#553 = PCURVE('',#216,#554);
#554 = DEFINITIONAL_REPRESENTATION('',(#555),#563);
#555 = ( BOUNDED_CURVE() B_SPLINE_CURVE(2,(#556,#557,#558,#559,#560,#561
,#562),.UNSPECIFIED.,.T.,.F.) B_SPLINE_CURVE_WITH_KNOTS((1,2,2,2,2,1),(
    -2.094395102393,0.,2.094395102393,4.188790204786,6.28318530718,
8.377580409573),.UNSPECIFIED.) CURVE() GEOMETRIC_REPRESENTATION_ITEM() 
RATIONAL_B_SPLINE_CURVE((1.,0.5,1.,0.5,1.,0.5,1.)) REPRESENTATION_ITEM(
  '') );
#556 = CARTESIAN_POINT('',(5.9,-1.27));
#557 = CARTESIAN_POINT('',(5.9,-0.403974596216));
#558 = CARTESIAN_POINT('',(6.65,-0.836987298108));
#559 = CARTESIAN_POINT('',(7.4,-1.27));
#560 = CARTESIAN_POINT('',(6.65,-1.703012701892));
#561 = CARTESIAN_POINT('',(5.9,-2.136025403784));
#562 = CARTESIAN_POINT('',(5.9,-1.27));
#563 = ( GEOMETRIC_REPRESENTATION_CONTEXT(2) 
PARAMETRIC_REPRESENTATION_CONTEXT() REPRESENTATION_CONTEXT('2D SPACE',''
  ) );
#564 = PCURVE('',#565,#570);
#565 = CYLINDRICAL_SURFACE('',#566,0.5);
#566 = AXIS2_PLACEMENT_3D('',#567,#568,#569);
#567 = CARTESIAN_POINT('',(0.,-10.16,0.));
#568 = DIRECTION('',(-0.,0.,-1.));
#569 = DIRECTION('',(1.,-0.,-0.));
#570 = DEFINITIONAL_REPRESENTATION('',(#571),#575);
#571 = LINE('',#572,#573);
#572 = CARTESIAN_POINT('',(0.,0.));
#573 = VECTOR('',#574,1.);
#574 = DIRECTION('',(1.,0.));
#575 = ( GEOMETRIC_REPRESENTATION_CONTEXT(2) 
PARAMETRIC_REPRESENTATION_CONTEXT() REPRESENTATION_CONTEXT('2D SPACE',''
  ) );
#576 = FACE_BOUND('',#577,.T.);
#577 = EDGE_LOOP('',(#578));
#578 = ORIENTED_EDGE('',*,*,#579,.F.);
#579 = EDGE_CURVE('',#580,#580,#582,.T.);
#580 = VERTEX_POINT('',#581);
#581 = CARTESIAN_POINT('',(13.45,7.E-02,0.));
#582 = SURFACE_CURVE('',#583,(#588,#599),.PCURVE_S1.);
#583 = CIRCLE('',#584,1.25);
#584 = AXIS2_PLACEMENT_3D('',#585,#586,#587);
#585 = CARTESIAN_POINT('',(12.2,7.E-02,0.));
#586 = DIRECTION('',(0.,0.,-1.));
#587 = DIRECTION('',(1.,-0.,-0.));
#588 = PCURVE('',#216,#589);
#589 = DEFINITIONAL_REPRESENTATION('',(#590),#598);
#590 = ( BOUNDED_CURVE() B_SPLINE_CURVE(2,(#591,#592,#593,#594,#595,#596
,#597),.UNSPECIFIED.,.T.,.F.) B_SPLINE_CURVE_WITH_KNOTS((1,2,2,2,2,1),(
    -2.094395102393,0.,2.094395102393,4.188790204786,6.28318530718,
8.377580409573),.UNSPECIFIED.) CURVE() GEOMETRIC_REPRESENTATION_ITEM() 
RATIONAL_B_SPLINE_CURVE((1.,0.5,1.,0.5,1.,0.5,1.)) REPRESENTATION_ITEM(
  '') );
#591 = CARTESIAN_POINT('',(-7.05,-11.5));
#592 = CARTESIAN_POINT('',(-7.05,-9.334936490539));
#593 = CARTESIAN_POINT('',(-5.175,-10.41746824526));
#594 = CARTESIAN_POINT('',(-3.3,-11.5));
#595 = CARTESIAN_POINT('',(-5.175,-12.58253175473));
#596 = CARTESIAN_POINT('',(-7.05,-13.66506350946));
#597 = CARTESIAN_POINT('',(-7.05,-11.5));
#598 = ( GEOMETRIC_REPRESENTATION_CONTEXT(2) 
PARAMETRIC_REPRESENTATION_CONTEXT() REPRESENTATION_CONTEXT('2D SPACE',''
  ) );
#599 = PCURVE('',#600,#605);
#600 = CYLINDRICAL_SURFACE('',#601,1.25);
#601 = AXIS2_PLACEMENT_3D('',#602,#603,#604);
#602 = CARTESIAN_POINT('',(12.2,7.E-02,0.));
#603 = DIRECTION('',(-0.,0.,-1.));
#604 = DIRECTION('',(1.,-0.,-0.));
#605 = DEFINITIONAL_REPRESENTATION('',(#606),#610);
#606 = LINE('',#607,#608);
#607 = CARTESIAN_POINT('',(0.,0.));
#608 = VECTOR('',#609,1.);
#609 = DIRECTION('',(1.,0.));
#610 = ( GEOMETRIC_REPRESENTATION_CONTEXT(2) 
PARAMETRIC_REPRESENTATION_CONTEXT() REPRESENTATION_CONTEXT('2D SPACE',''
  ) );
#611 = FACE_BOUND('',#612,.T.);
#612 = EDGE_LOOP('',(#613));
#613 = ORIENTED_EDGE('',*,*,#614,.F.);
#614 = EDGE_CURVE('',#615,#615,#617,.T.);
#615 = VERTEX_POINT('',#616);
#616 = CARTESIAN_POINT('',(0.5,-12.7,0.));
#617 = SURFACE_CURVE('',#618,(#623,#634),.PCURVE_S1.);
#618 = CIRCLE('',#619,0.5);
#619 = AXIS2_PLACEMENT_3D('',#620,#621,#622);
#620 = CARTESIAN_POINT('',(0.,-12.7,0.));
#621 = DIRECTION('',(0.,0.,-1.));
#622 = DIRECTION('',(1.,-0.,-0.));
#623 = PCURVE('',#216,#624);
#624 = DEFINITIONAL_REPRESENTATION('',(#625),#633);
#625 = ( BOUNDED_CURVE() B_SPLINE_CURVE(2,(#626,#627,#628,#629,#630,#631
,#632),.UNSPECIFIED.,.T.,.F.) B_SPLINE_CURVE_WITH_KNOTS((1,2,2,2,2,1),(
    -2.094395102393,0.,2.094395102393,4.188790204786,6.28318530718,
8.377580409573),.UNSPECIFIED.) CURVE() GEOMETRIC_REPRESENTATION_ITEM() 
RATIONAL_B_SPLINE_CURVE((1.,0.5,1.,0.5,1.,0.5,1.)) REPRESENTATION_ITEM(
  '') );
#626 = CARTESIAN_POINT('',(5.9,1.27));
#627 = CARTESIAN_POINT('',(5.9,2.136025403784));
#628 = CARTESIAN_POINT('',(6.65,1.703012701892));
#629 = CARTESIAN_POINT('',(7.4,1.27));
#630 = CARTESIAN_POINT('',(6.65,0.836987298108));
#631 = CARTESIAN_POINT('',(5.9,0.403974596216));
#632 = CARTESIAN_POINT('',(5.9,1.27));
#633 = ( GEOMETRIC_REPRESENTATION_CONTEXT(2) 
PARAMETRIC_REPRESENTATION_CONTEXT() REPRESENTATION_CONTEXT('2D SPACE',''
  ) );
#634 = PCURVE('',#635,#640);
#635 = CYLINDRICAL_SURFACE('',#636,0.5);
#636 = AXIS2_PLACEMENT_3D('',#637,#638,#639);
#637 = CARTESIAN_POINT('',(0.,-12.7,0.));
#638 = DIRECTION('',(-0.,0.,-1.));
#639 = DIRECTION('',(1.,-0.,-0.));
#640 = DEFINITIONAL_REPRESENTATION('',(#641),#645);
#641 = LINE('',#642,#643);
#642 = CARTESIAN_POINT('',(0.,0.));
#643 = VECTOR('',#644,1.);
#644 = DIRECTION('',(1.,0.));
#645 = ( GEOMETRIC_REPRESENTATION_CONTEXT(2) 
PARAMETRIC_REPRESENTATION_CONTEXT() REPRESENTATION_CONTEXT('2D SPACE',''
  ) );
#646 = FACE_BOUND('',#647,.T.);
#647 = EDGE_LOOP('',(#648));
#648 = ORIENTED_EDGE('',*,*,#649,.F.);
#649 = EDGE_CURVE('',#650,#650,#652,.T.);
#650 = VERTEX_POINT('',#651);
#651 = CARTESIAN_POINT('',(0.5,-15.24,0.));
#652 = SURFACE_CURVE('',#653,(#658,#669),.PCURVE_S1.);
#653 = CIRCLE('',#654,0.5);
#654 = AXIS2_PLACEMENT_3D('',#655,#656,#657);
#655 = CARTESIAN_POINT('',(0.,-15.24,0.));
#656 = DIRECTION('',(0.,0.,-1.));
#657 = DIRECTION('',(1.,-0.,-0.));
#658 = PCURVE('',#216,#659);
#659 = DEFINITIONAL_REPRESENTATION('',(#660),#668);
#660 = ( BOUNDED_CURVE() B_SPLINE_CURVE(2,(#661,#662,#663,#664,#665,#666
,#667),.UNSPECIFIED.,.T.,.F.) B_SPLINE_CURVE_WITH_KNOTS((1,2,2,2,2,1),(
    -2.094395102393,0.,2.094395102393,4.188790204786,6.28318530718,
8.377580409573),.UNSPECIFIED.) CURVE() GEOMETRIC_REPRESENTATION_ITEM() 
RATIONAL_B_SPLINE_CURVE((1.,0.5,1.,0.5,1.,0.5,1.)) REPRESENTATION_ITEM(
  '') );
#661 = CARTESIAN_POINT('',(5.9,3.81));
#662 = CARTESIAN_POINT('',(5.9,4.676025403784));
#663 = CARTESIAN_POINT('',(6.65,4.243012701892));
#664 = CARTESIAN_POINT('',(7.4,3.81));
#665 = CARTESIAN_POINT('',(6.65,3.376987298108));
#666 = CARTESIAN_POINT('',(5.9,2.943974596216));
#667 = CARTESIAN_POINT('',(5.9,3.81));
#668 = ( GEOMETRIC_REPRESENTATION_CONTEXT(2) 
PARAMETRIC_REPRESENTATION_CONTEXT() REPRESENTATION_CONTEXT('2D SPACE',''
  ) );
#669 = PCURVE('',#670,#675);
#670 = CYLINDRICAL_SURFACE('',#671,0.5);
#671 = AXIS2_PLACEMENT_3D('',#672,#673,#674);
#672 = CARTESIAN_POINT('',(0.,-15.24,0.));
#673 = DIRECTION('',(-0.,0.,-1.));
#674 = DIRECTION('',(1.,-0.,-0.));
#675 = DEFINITIONAL_REPRESENTATION('',(#676),#680);
#676 = LINE('',#677,#678);
#677 = CARTESIAN_POINT('',(0.,0.));
#678 = VECTOR('',#679,1.);
#679 = DIRECTION('',(1.,0.));
#680 = ( GEOMETRIC_REPRESENTATION_CONTEXT(2) 
PARAMETRIC_REPRESENTATION_CONTEXT() REPRESENTATION_CONTEXT('2D SPACE',''
  ) );
#681 = FACE_BOUND('',#682,.T.);
#682 = EDGE_LOOP('',(#683));
#683 = ORIENTED_EDGE('',*,*,#684,.F.);
#684 = EDGE_CURVE('',#685,#685,#687,.T.);
#685 = VERTEX_POINT('',#686);
#686 = CARTESIAN_POINT('',(0.5,-17.78,0.));
#687 = SURFACE_CURVE('',#688,(#693,#704),.PCURVE_S1.);
#688 = CIRCLE('',#689,0.5);
#689 = AXIS2_PLACEMENT_3D('',#690,#691,#692);
#690 = CARTESIAN_POINT('',(0.,-17.78,0.));
#691 = DIRECTION('',(0.,0.,-1.));
#692 = DIRECTION('',(1.,-0.,-0.));
#693 = PCURVE('',#216,#694);
#694 = DEFINITIONAL_REPRESENTATION('',(#695),#703);
#695 = ( BOUNDED_CURVE() B_SPLINE_CURVE(2,(#696,#697,#698,#699,#700,#701
,#702),.UNSPECIFIED.,.T.,.F.) B_SPLINE_CURVE_WITH_KNOTS((1,2,2,2,2,1),(
    -2.094395102393,0.,2.094395102393,4.188790204786,6.28318530718,
8.377580409573),.UNSPECIFIED.) CURVE() GEOMETRIC_REPRESENTATION_ITEM() 
RATIONAL_B_SPLINE_CURVE((1.,0.5,1.,0.5,1.,0.5,1.)) REPRESENTATION_ITEM(
  '') );
#696 = CARTESIAN_POINT('',(5.9,6.35));
#697 = CARTESIAN_POINT('',(5.9,7.216025403784));
#698 = CARTESIAN_POINT('',(6.65,6.783012701892));
#699 = CARTESIAN_POINT('',(7.4,6.35));
#700 = CARTESIAN_POINT('',(6.65,5.916987298108));
#701 = CARTESIAN_POINT('',(5.9,5.483974596216));
#702 = CARTESIAN_POINT('',(5.9,6.35));
#703 = ( GEOMETRIC_REPRESENTATION_CONTEXT(2) 
PARAMETRIC_REPRESENTATION_CONTEXT() REPRESENTATION_CONTEXT('2D SPACE',''
  ) );
#704 = PCURVE('',#705,#710);
#705 = CYLINDRICAL_SURFACE('',#706,0.5);
#706 = AXIS2_PLACEMENT_3D('',#707,#708,#709);
#707 = CARTESIAN_POINT('',(0.,-17.78,0.));
#708 = DIRECTION('',(-0.,0.,-1.));
#709 = DIRECTION('',(1.,-0.,-0.));
#710 = DEFINITIONAL_REPRESENTATION('',(#711),#715);
#711 = LINE('',#712,#713);
#712 = CARTESIAN_POINT('',(0.,0.));
#713 = VECTOR('',#714,1.);
#714 = DIRECTION('',(1.,0.));
#715 = ( GEOMETRIC_REPRESENTATION_CONTEXT(2) 
PARAMETRIC_REPRESENTATION_CONTEXT() REPRESENTATION_CONTEXT('2D SPACE',''
  ) );
#716 = FACE_BOUND('',#717,.T.);
#717 = EDGE_LOOP('',(#718));
#718 = ORIENTED_EDGE('',*,*,#719,.F.);
#719 = EDGE_CURVE('',#720,#720,#722,.T.);
#720 = VERTEX_POINT('',#721);
#721 = CARTESIAN_POINT('',(0.5,-20.32,0.));
#722 = SURFACE_CURVE('',#723,(#728,#739),.PCURVE_S1.);
#723 = CIRCLE('',#724,0.5);
#724 = AXIS2_PLACEMENT_3D('',#725,#726,#727);
#725 = CARTESIAN_POINT('',(0.,-20.32,0.));
#726 = DIRECTION('',(0.,0.,-1.));
#727 = DIRECTION('',(1.,-0.,-0.));
#728 = PCURVE('',#216,#729);
#729 = DEFINITIONAL_REPRESENTATION('',(#730),#738);
#730 = ( BOUNDED_CURVE() B_SPLINE_CURVE(2,(#731,#732,#733,#734,#735,#736
,#737),.UNSPECIFIED.,.T.,.F.) B_SPLINE_CURVE_WITH_KNOTS((1,2,2,2,2,1),(
    -2.094395102393,0.,2.094395102393,4.188790204786,6.28318530718,
8.377580409573),.UNSPECIFIED.) CURVE() GEOMETRIC_REPRESENTATION_ITEM() 
RATIONAL_B_SPLINE_CURVE((1.,0.5,1.,0.5,1.,0.5,1.)) REPRESENTATION_ITEM(
  '') );
#731 = CARTESIAN_POINT('',(5.9,8.89));
#732 = CARTESIAN_POINT('',(5.9,9.756025403784));
#733 = CARTESIAN_POINT('',(6.65,9.323012701892));
#734 = CARTESIAN_POINT('',(7.4,8.89));
#735 = CARTESIAN_POINT('',(6.65,8.456987298108));
#736 = CARTESIAN_POINT('',(5.9,8.023974596216));
#737 = CARTESIAN_POINT('',(5.9,8.89));
#738 = ( GEOMETRIC_REPRESENTATION_CONTEXT(2) 
PARAMETRIC_REPRESENTATION_CONTEXT() REPRESENTATION_CONTEXT('2D SPACE',''
  ) );
#739 = PCURVE('',#740,#745);
#740 = CYLINDRICAL_SURFACE('',#741,0.5);
#741 = AXIS2_PLACEMENT_3D('',#742,#743,#744);
#742 = CARTESIAN_POINT('',(0.,-20.32,0.));
#743 = DIRECTION('',(-0.,0.,-1.));
#744 = DIRECTION('',(1.,-0.,-0.));
#745 = DEFINITIONAL_REPRESENTATION('',(#746),#750);
#746 = LINE('',#747,#748);
#747 = CARTESIAN_POINT('',(0.,0.));
#748 = VECTOR('',#749,1.);
#749 = DIRECTION('',(1.,0.));
#750 = ( GEOMETRIC_REPRESENTATION_CONTEXT(2) 
PARAMETRIC_REPRESENTATION_CONTEXT() REPRESENTATION_CONTEXT('2D SPACE',''
  ) );
#751 = FACE_BOUND('',#752,.T.);
#752 = EDGE_LOOP('',(#753));
#753 = ORIENTED_EDGE('',*,*,#754,.F.);
#754 = EDGE_CURVE('',#755,#755,#757,.T.);
#755 = VERTEX_POINT('',#756);
#756 = CARTESIAN_POINT('',(0.5,-22.86,0.));
#757 = SURFACE_CURVE('',#758,(#763,#774),.PCURVE_S1.);
#758 = CIRCLE('',#759,0.5);
#759 = AXIS2_PLACEMENT_3D('',#760,#761,#762);
#760 = CARTESIAN_POINT('',(0.,-22.86,0.));
#761 = DIRECTION('',(0.,0.,-1.));
#762 = DIRECTION('',(1.,-0.,-0.));
#763 = PCURVE('',#216,#764);
#764 = DEFINITIONAL_REPRESENTATION('',(#765),#773);
#765 = ( BOUNDED_CURVE() B_SPLINE_CURVE(2,(#766,#767,#768,#769,#770,#771
,#772),.UNSPECIFIED.,.T.,.F.) B_SPLINE_CURVE_WITH_KNOTS((1,2,2,2,2,1),(
    -2.094395102393,0.,2.094395102393,4.188790204786,6.28318530718,
8.377580409573),.UNSPECIFIED.) CURVE() GEOMETRIC_REPRESENTATION_ITEM() 
RATIONAL_B_SPLINE_CURVE((1.,0.5,1.,0.5,1.,0.5,1.)) REPRESENTATION_ITEM(
  '') );
#766 = CARTESIAN_POINT('',(5.9,11.43));
#767 = CARTESIAN_POINT('',(5.9,12.296025403784));
#768 = CARTESIAN_POINT('',(6.65,11.863012701892));
#769 = CARTESIAN_POINT('',(7.4,11.43));
#770 = CARTESIAN_POINT('',(6.65,10.996987298108));
#771 = CARTESIAN_POINT('',(5.9,10.563974596216));
#772 = CARTESIAN_POINT('',(5.9,11.43));
#773 = ( GEOMETRIC_REPRESENTATION_CONTEXT(2) 
PARAMETRIC_REPRESENTATION_CONTEXT() REPRESENTATION_CONTEXT('2D SPACE',''
  ) );
#774 = PCURVE('',#775,#780);
#775 = CYLINDRICAL_SURFACE('',#776,0.5);
#776 = AXIS2_PLACEMENT_3D('',#777,#778,#779);
#777 = CARTESIAN_POINT('',(0.,-22.86,0.));
#778 = DIRECTION('',(-0.,0.,-1.));
#779 = DIRECTION('',(1.,-0.,-0.));
#780 = DEFINITIONAL_REPRESENTATION('',(#781),#785);
#781 = LINE('',#782,#783);
#782 = CARTESIAN_POINT('',(0.,0.));
#783 = VECTOR('',#784,1.);
#784 = DIRECTION('',(1.,0.));
#785 = ( GEOMETRIC_REPRESENTATION_CONTEXT(2) 
PARAMETRIC_REPRESENTATION_CONTEXT() REPRESENTATION_CONTEXT('2D SPACE',''
  ) );
#786 = FACE_BOUND('',#787,.T.);
#787 = EDGE_LOOP('',(#788));
#788 = ORIENTED_EDGE('',*,*,#789,.F.);
#789 = EDGE_CURVE('',#790,#790,#792,.T.);
#790 = VERTEX_POINT('',#791);
#791 = CARTESIAN_POINT('',(13.45,-22.93,0.));
#792 = SURFACE_CURVE('',#793,(#798,#809),.PCURVE_S1.);
#793 = CIRCLE('',#794,1.25);
#794 = AXIS2_PLACEMENT_3D('',#795,#796,#797);
#795 = CARTESIAN_POINT('',(12.2,-22.93,0.));
#796 = DIRECTION('',(0.,0.,-1.));
#797 = DIRECTION('',(1.,-0.,-0.));
#798 = PCURVE('',#216,#799);
#799 = DEFINITIONAL_REPRESENTATION('',(#800),#808);
#800 = ( BOUNDED_CURVE() B_SPLINE_CURVE(2,(#801,#802,#803,#804,#805,#806
,#807),.UNSPECIFIED.,.T.,.F.) B_SPLINE_CURVE_WITH_KNOTS((1,2,2,2,2,1),(
    -2.094395102393,0.,2.094395102393,4.188790204786,6.28318530718,
8.377580409573),.UNSPECIFIED.) CURVE() GEOMETRIC_REPRESENTATION_ITEM() 
RATIONAL_B_SPLINE_CURVE((1.,0.5,1.,0.5,1.,0.5,1.)) REPRESENTATION_ITEM(
  '') );
#801 = CARTESIAN_POINT('',(-7.05,11.5));
#802 = CARTESIAN_POINT('',(-7.05,13.665063509461));
#803 = CARTESIAN_POINT('',(-5.175,12.582531754731));
#804 = CARTESIAN_POINT('',(-3.3,11.5));
#805 = CARTESIAN_POINT('',(-5.175,10.417468245269));
#806 = CARTESIAN_POINT('',(-7.05,9.334936490539));
#807 = CARTESIAN_POINT('',(-7.05,11.5));
#808 = ( GEOMETRIC_REPRESENTATION_CONTEXT(2) 
PARAMETRIC_REPRESENTATION_CONTEXT() REPRESENTATION_CONTEXT('2D SPACE',''
  ) );
#809 = PCURVE('',#810,#815);
#810 = CYLINDRICAL_SURFACE('',#811,1.25);
#811 = AXIS2_PLACEMENT_3D('',#812,#813,#814);
#812 = CARTESIAN_POINT('',(12.2,-22.93,0.));
#813 = DIRECTION('',(-0.,0.,-1.));
#814 = DIRECTION('',(1.,-0.,-0.));
#815 = DEFINITIONAL_REPRESENTATION('',(#816),#820);
#816 = LINE('',#817,#818);
#817 = CARTESIAN_POINT('',(0.,0.));
#818 = VECTOR('',#819,1.);
#819 = DIRECTION('',(1.,0.));
#820 = ( GEOMETRIC_REPRESENTATION_CONTEXT(2) 
PARAMETRIC_REPRESENTATION_CONTEXT() REPRESENTATION_CONTEXT('2D SPACE',''
  ) );
#821 = ADVANCED_FACE('',(#822,#848,#878,#908,#938,#968,#998,#1028,#1058,
    #1088,#1118,#1148,#1178),#162,.T.);
#822 = FACE_BOUND('',#823,.F.);
#823 = EDGE_LOOP('',(#824,#825,#826,#847));
#824 = ORIENTED_EDGE('',*,*,#146,.T.);
#825 = ORIENTED_EDGE('',*,*,#308,.T.);
#826 = ORIENTED_EDGE('',*,*,#827,.T.);
#827 = EDGE_CURVE('',#309,#234,#828,.T.);
#828 = SURFACE_CURVE('',#829,(#833,#840),.PCURVE_S1.);
#829 = LINE('',#830,#831);
#830 = CARTESIAN_POINT('',(14.7,-25.43,1.6));
#831 = VECTOR('',#832,1.);
#832 = DIRECTION('',(-1.,-0.,-0.));
#833 = PCURVE('',#162,#834);
#834 = DEFINITIONAL_REPRESENTATION('',(#835),#839);
#835 = LINE('',#836,#837);
#836 = CARTESIAN_POINT('',(-8.3,14.));
#837 = VECTOR('',#838,1.);
#838 = DIRECTION('',(1.,-0.));
#839 = ( GEOMETRIC_REPRESENTATION_CONTEXT(2) 
PARAMETRIC_REPRESENTATION_CONTEXT() REPRESENTATION_CONTEXT('2D SPACE',''
  ) );
#840 = PCURVE('',#249,#841);
#841 = DEFINITIONAL_REPRESENTATION('',(#842),#846);
#842 = LINE('',#843,#844);
#843 = CARTESIAN_POINT('',(-0.,-1.6));
#844 = VECTOR('',#845,1.);
#845 = DIRECTION('',(-1.,0.));
#846 = ( GEOMETRIC_REPRESENTATION_CONTEXT(2) 
PARAMETRIC_REPRESENTATION_CONTEXT() REPRESENTATION_CONTEXT('2D SPACE',''
  ) );
#847 = ORIENTED_EDGE('',*,*,#261,.T.);
#848 = FACE_BOUND('',#849,.F.);
#849 = EDGE_LOOP('',(#850));
#850 = ORIENTED_EDGE('',*,*,#851,.F.);
#851 = EDGE_CURVE('',#852,#852,#854,.T.);
#852 = VERTEX_POINT('',#853);
#853 = CARTESIAN_POINT('',(0.5,0.,1.6));
#854 = SURFACE_CURVE('',#855,(#860,#871),.PCURVE_S1.);
#855 = CIRCLE('',#856,0.5);
#856 = AXIS2_PLACEMENT_3D('',#857,#858,#859);
#857 = CARTESIAN_POINT('',(0.,0.,1.6));
#858 = DIRECTION('',(0.,0.,-1.));
#859 = DIRECTION('',(1.,-0.,-0.));
#860 = PCURVE('',#162,#861);
#861 = DEFINITIONAL_REPRESENTATION('',(#862),#870);
#862 = ( BOUNDED_CURVE() B_SPLINE_CURVE(2,(#863,#864,#865,#866,#867,#868
,#869),.UNSPECIFIED.,.T.,.F.) B_SPLINE_CURVE_WITH_KNOTS((1,2,2,2,2,1),(
    -2.094395102393,0.,2.094395102393,4.188790204786,6.28318530718,
8.377580409573),.UNSPECIFIED.) CURVE() GEOMETRIC_REPRESENTATION_ITEM() 
RATIONAL_B_SPLINE_CURVE((1.,0.5,1.,0.5,1.,0.5,1.)) REPRESENTATION_ITEM(
  '') );
#863 = CARTESIAN_POINT('',(5.9,-11.43));
#864 = CARTESIAN_POINT('',(5.9,-10.56397459621));
#865 = CARTESIAN_POINT('',(6.65,-10.9969872981));
#866 = CARTESIAN_POINT('',(7.4,-11.43));
#867 = CARTESIAN_POINT('',(6.65,-11.86301270189));
#868 = CARTESIAN_POINT('',(5.9,-12.29602540378));
#869 = CARTESIAN_POINT('',(5.9,-11.43));
#870 = ( GEOMETRIC_REPRESENTATION_CONTEXT(2) 
PARAMETRIC_REPRESENTATION_CONTEXT() REPRESENTATION_CONTEXT('2D SPACE',''
  ) );
#871 = PCURVE('',#425,#872);
#872 = DEFINITIONAL_REPRESENTATION('',(#873),#877);
#873 = LINE('',#874,#875);
#874 = CARTESIAN_POINT('',(0.,-1.6));
#875 = VECTOR('',#876,1.);
#876 = DIRECTION('',(1.,0.));
#877 = ( GEOMETRIC_REPRESENTATION_CONTEXT(2) 
PARAMETRIC_REPRESENTATION_CONTEXT() REPRESENTATION_CONTEXT('2D SPACE',''
  ) );
#878 = FACE_BOUND('',#879,.F.);
#879 = EDGE_LOOP('',(#880));
#880 = ORIENTED_EDGE('',*,*,#881,.F.);
#881 = EDGE_CURVE('',#882,#882,#884,.T.);
#882 = VERTEX_POINT('',#883);
#883 = CARTESIAN_POINT('',(0.5,-2.54,1.6));
#884 = SURFACE_CURVE('',#885,(#890,#901),.PCURVE_S1.);
#885 = CIRCLE('',#886,0.5);
#886 = AXIS2_PLACEMENT_3D('',#887,#888,#889);
#887 = CARTESIAN_POINT('',(0.,-2.54,1.6));
#888 = DIRECTION('',(0.,0.,-1.));
#889 = DIRECTION('',(1.,-0.,-0.));
#890 = PCURVE('',#162,#891);
#891 = DEFINITIONAL_REPRESENTATION('',(#892),#900);
#892 = ( BOUNDED_CURVE() B_SPLINE_CURVE(2,(#893,#894,#895,#896,#897,#898
,#899),.UNSPECIFIED.,.T.,.F.) B_SPLINE_CURVE_WITH_KNOTS((1,2,2,2,2,1),(
    -2.094395102393,0.,2.094395102393,4.188790204786,6.28318530718,
8.377580409573),.UNSPECIFIED.) CURVE() GEOMETRIC_REPRESENTATION_ITEM() 
RATIONAL_B_SPLINE_CURVE((1.,0.5,1.,0.5,1.,0.5,1.)) REPRESENTATION_ITEM(
  '') );
#893 = CARTESIAN_POINT('',(5.9,-8.89));
#894 = CARTESIAN_POINT('',(5.9,-8.023974596216));
#895 = CARTESIAN_POINT('',(6.65,-8.456987298108));
#896 = CARTESIAN_POINT('',(7.4,-8.89));
#897 = CARTESIAN_POINT('',(6.65,-9.323012701892));
#898 = CARTESIAN_POINT('',(5.9,-9.756025403784));
#899 = CARTESIAN_POINT('',(5.9,-8.89));
#900 = ( GEOMETRIC_REPRESENTATION_CONTEXT(2) 
PARAMETRIC_REPRESENTATION_CONTEXT() REPRESENTATION_CONTEXT('2D SPACE',''
  ) );
#901 = PCURVE('',#460,#902);
#902 = DEFINITIONAL_REPRESENTATION('',(#903),#907);
#903 = LINE('',#904,#905);
#904 = CARTESIAN_POINT('',(0.,-1.6));
#905 = VECTOR('',#906,1.);
#906 = DIRECTION('',(1.,0.));
#907 = ( GEOMETRIC_REPRESENTATION_CONTEXT(2) 
PARAMETRIC_REPRESENTATION_CONTEXT() REPRESENTATION_CONTEXT('2D SPACE',''
  ) );
#908 = FACE_BOUND('',#909,.F.);
#909 = EDGE_LOOP('',(#910));
#910 = ORIENTED_EDGE('',*,*,#911,.F.);
#911 = EDGE_CURVE('',#912,#912,#914,.T.);
#912 = VERTEX_POINT('',#913);
#913 = CARTESIAN_POINT('',(0.5,-5.08,1.6));
#914 = SURFACE_CURVE('',#915,(#920,#931),.PCURVE_S1.);
#915 = CIRCLE('',#916,0.5);
#916 = AXIS2_PLACEMENT_3D('',#917,#918,#919);
#917 = CARTESIAN_POINT('',(0.,-5.08,1.6));
#918 = DIRECTION('',(0.,0.,-1.));
#919 = DIRECTION('',(1.,-0.,-0.));
#920 = PCURVE('',#162,#921);
#921 = DEFINITIONAL_REPRESENTATION('',(#922),#930);
#922 = ( BOUNDED_CURVE() B_SPLINE_CURVE(2,(#923,#924,#925,#926,#927,#928
,#929),.UNSPECIFIED.,.T.,.F.) B_SPLINE_CURVE_WITH_KNOTS((1,2,2,2,2,1),(
    -2.094395102393,0.,2.094395102393,4.188790204786,6.28318530718,
8.377580409573),.UNSPECIFIED.) CURVE() GEOMETRIC_REPRESENTATION_ITEM() 
RATIONAL_B_SPLINE_CURVE((1.,0.5,1.,0.5,1.,0.5,1.)) REPRESENTATION_ITEM(
  '') );
#923 = CARTESIAN_POINT('',(5.9,-6.35));
#924 = CARTESIAN_POINT('',(5.9,-5.483974596216));
#925 = CARTESIAN_POINT('',(6.65,-5.916987298108));
#926 = CARTESIAN_POINT('',(7.4,-6.35));
#927 = CARTESIAN_POINT('',(6.65,-6.783012701892));
#928 = CARTESIAN_POINT('',(5.9,-7.216025403784));
#929 = CARTESIAN_POINT('',(5.9,-6.35));
#930 = ( GEOMETRIC_REPRESENTATION_CONTEXT(2) 
PARAMETRIC_REPRESENTATION_CONTEXT() REPRESENTATION_CONTEXT('2D SPACE',''
  ) );
#931 = PCURVE('',#495,#932);
#932 = DEFINITIONAL_REPRESENTATION('',(#933),#937);
#933 = LINE('',#934,#935);
#934 = CARTESIAN_POINT('',(0.,-1.6));
#935 = VECTOR('',#936,1.);
#936 = DIRECTION('',(1.,0.));
#937 = ( GEOMETRIC_REPRESENTATION_CONTEXT(2) 
PARAMETRIC_REPRESENTATION_CONTEXT() REPRESENTATION_CONTEXT('2D SPACE',''
  ) );
#938 = FACE_BOUND('',#939,.F.);
#939 = EDGE_LOOP('',(#940));
#940 = ORIENTED_EDGE('',*,*,#941,.F.);
#941 = EDGE_CURVE('',#942,#942,#944,.T.);
#942 = VERTEX_POINT('',#943);
#943 = CARTESIAN_POINT('',(0.5,-7.62,1.6));
#944 = SURFACE_CURVE('',#945,(#950,#961),.PCURVE_S1.);
#945 = CIRCLE('',#946,0.5);
#946 = AXIS2_PLACEMENT_3D('',#947,#948,#949);
#947 = CARTESIAN_POINT('',(0.,-7.62,1.6));
#948 = DIRECTION('',(0.,0.,-1.));
#949 = DIRECTION('',(1.,-0.,-0.));
#950 = PCURVE('',#162,#951);
#951 = DEFINITIONAL_REPRESENTATION('',(#952),#960);
#952 = ( BOUNDED_CURVE() B_SPLINE_CURVE(2,(#953,#954,#955,#956,#957,#958
,#959),.UNSPECIFIED.,.T.,.F.) B_SPLINE_CURVE_WITH_KNOTS((1,2,2,2,2,1),(
    -2.094395102393,0.,2.094395102393,4.188790204786,6.28318530718,
8.377580409573),.UNSPECIFIED.) CURVE() GEOMETRIC_REPRESENTATION_ITEM() 
RATIONAL_B_SPLINE_CURVE((1.,0.5,1.,0.5,1.,0.5,1.)) REPRESENTATION_ITEM(
  '') );
#953 = CARTESIAN_POINT('',(5.9,-3.81));
#954 = CARTESIAN_POINT('',(5.9,-2.943974596216));
#955 = CARTESIAN_POINT('',(6.65,-3.376987298108));
#956 = CARTESIAN_POINT('',(7.4,-3.81));
#957 = CARTESIAN_POINT('',(6.65,-4.243012701892));
#958 = CARTESIAN_POINT('',(5.9,-4.676025403784));
#959 = CARTESIAN_POINT('',(5.9,-3.81));
#960 = ( GEOMETRIC_REPRESENTATION_CONTEXT(2) 
PARAMETRIC_REPRESENTATION_CONTEXT() REPRESENTATION_CONTEXT('2D SPACE',''
  ) );
#961 = PCURVE('',#530,#962);
#962 = DEFINITIONAL_REPRESENTATION('',(#963),#967);
#963 = LINE('',#964,#965);
#964 = CARTESIAN_POINT('',(0.,-1.6));
#965 = VECTOR('',#966,1.);
#966 = DIRECTION('',(1.,0.));
#967 = ( GEOMETRIC_REPRESENTATION_CONTEXT(2) 
PARAMETRIC_REPRESENTATION_CONTEXT() REPRESENTATION_CONTEXT('2D SPACE',''
  ) );
#968 = FACE_BOUND('',#969,.F.);
#969 = EDGE_LOOP('',(#970));
#970 = ORIENTED_EDGE('',*,*,#971,.F.);
#971 = EDGE_CURVE('',#972,#972,#974,.T.);
#972 = VERTEX_POINT('',#973);
#973 = CARTESIAN_POINT('',(0.5,-10.16,1.6));
#974 = SURFACE_CURVE('',#975,(#980,#991),.PCURVE_S1.);
#975 = CIRCLE('',#976,0.5);
#976 = AXIS2_PLACEMENT_3D('',#977,#978,#979);
#977 = CARTESIAN_POINT('',(0.,-10.16,1.6));
#978 = DIRECTION('',(0.,0.,-1.));
#979 = DIRECTION('',(1.,-0.,-0.));
#980 = PCURVE('',#162,#981);
#981 = DEFINITIONAL_REPRESENTATION('',(#982),#990);
#982 = ( BOUNDED_CURVE() B_SPLINE_CURVE(2,(#983,#984,#985,#986,#987,#988
,#989),.UNSPECIFIED.,.T.,.F.) B_SPLINE_CURVE_WITH_KNOTS((1,2,2,2,2,1),(
    -2.094395102393,0.,2.094395102393,4.188790204786,6.28318530718,
8.377580409573),.UNSPECIFIED.) CURVE() GEOMETRIC_REPRESENTATION_ITEM() 
RATIONAL_B_SPLINE_CURVE((1.,0.5,1.,0.5,1.,0.5,1.)) REPRESENTATION_ITEM(
  '') );
#983 = CARTESIAN_POINT('',(5.9,-1.27));
#984 = CARTESIAN_POINT('',(5.9,-0.403974596216));
#985 = CARTESIAN_POINT('',(6.65,-0.836987298108));
#986 = CARTESIAN_POINT('',(7.4,-1.27));
#987 = CARTESIAN_POINT('',(6.65,-1.703012701892));
#988 = CARTESIAN_POINT('',(5.9,-2.136025403784));
#989 = CARTESIAN_POINT('',(5.9,-1.27));
#990 = ( GEOMETRIC_REPRESENTATION_CONTEXT(2) 
PARAMETRIC_REPRESENTATION_CONTEXT() REPRESENTATION_CONTEXT('2D SPACE',''
  ) );
#991 = PCURVE('',#565,#992);
#992 = DEFINITIONAL_REPRESENTATION('',(#993),#997);
#993 = LINE('',#994,#995);
#994 = CARTESIAN_POINT('',(0.,-1.6));
#995 = VECTOR('',#996,1.);
#996 = DIRECTION('',(1.,0.));
#997 = ( GEOMETRIC_REPRESENTATION_CONTEXT(2) 
PARAMETRIC_REPRESENTATION_CONTEXT() REPRESENTATION_CONTEXT('2D SPACE',''
  ) );
#998 = FACE_BOUND('',#999,.F.);
#999 = EDGE_LOOP('',(#1000));
#1000 = ORIENTED_EDGE('',*,*,#1001,.F.);
#1001 = EDGE_CURVE('',#1002,#1002,#1004,.T.);
#1002 = VERTEX_POINT('',#1003);
#1003 = CARTESIAN_POINT('',(13.45,7.E-02,1.6));
#1004 = SURFACE_CURVE('',#1005,(#1010,#1021),.PCURVE_S1.);
#1005 = CIRCLE('',#1006,1.25);
#1006 = AXIS2_PLACEMENT_3D('',#1007,#1008,#1009);
#1007 = CARTESIAN_POINT('',(12.2,7.E-02,1.6));
#1008 = DIRECTION('',(0.,0.,-1.));
#1009 = DIRECTION('',(1.,-0.,-0.));
#1010 = PCURVE('',#162,#1011);
#1011 = DEFINITIONAL_REPRESENTATION('',(#1012),#1020);
#1012 = ( BOUNDED_CURVE() B_SPLINE_CURVE(2,(#1013,#1014,#1015,#1016,
#1017,#1018,#1019),.UNSPECIFIED.,.T.,.F.) B_SPLINE_CURVE_WITH_KNOTS((1,2
    ,2,2,2,1),(-2.094395102393,0.,2.094395102393,4.188790204786,
6.28318530718,8.377580409573),.UNSPECIFIED.) CURVE() 
GEOMETRIC_REPRESENTATION_ITEM() RATIONAL_B_SPLINE_CURVE((1.,0.5,1.,0.5,
1.,0.5,1.)) REPRESENTATION_ITEM('') );
#1013 = CARTESIAN_POINT('',(-7.05,-11.5));
#1014 = CARTESIAN_POINT('',(-7.05,-9.334936490539));
#1015 = CARTESIAN_POINT('',(-5.175,-10.41746824526));
#1016 = CARTESIAN_POINT('',(-3.3,-11.5));
#1017 = CARTESIAN_POINT('',(-5.175,-12.58253175473));
#1018 = CARTESIAN_POINT('',(-7.05,-13.66506350946));
#1019 = CARTESIAN_POINT('',(-7.05,-11.5));
#1020 = ( GEOMETRIC_REPRESENTATION_CONTEXT(2) 
PARAMETRIC_REPRESENTATION_CONTEXT() REPRESENTATION_CONTEXT('2D SPACE',''
  ) );
#1021 = PCURVE('',#600,#1022);
#1022 = DEFINITIONAL_REPRESENTATION('',(#1023),#1027);
#1023 = LINE('',#1024,#1025);
#1024 = CARTESIAN_POINT('',(0.,-1.6));
#1025 = VECTOR('',#1026,1.);
#1026 = DIRECTION('',(1.,0.));
#1027 = ( GEOMETRIC_REPRESENTATION_CONTEXT(2) 
PARAMETRIC_REPRESENTATION_CONTEXT() REPRESENTATION_CONTEXT('2D SPACE',''
  ) );
#1028 = FACE_BOUND('',#1029,.F.);
#1029 = EDGE_LOOP('',(#1030));
#1030 = ORIENTED_EDGE('',*,*,#1031,.F.);
#1031 = EDGE_CURVE('',#1032,#1032,#1034,.T.);
#1032 = VERTEX_POINT('',#1033);
#1033 = CARTESIAN_POINT('',(0.5,-12.7,1.6));
#1034 = SURFACE_CURVE('',#1035,(#1040,#1051),.PCURVE_S1.);
#1035 = CIRCLE('',#1036,0.5);
#1036 = AXIS2_PLACEMENT_3D('',#1037,#1038,#1039);
#1037 = CARTESIAN_POINT('',(0.,-12.7,1.6));
#1038 = DIRECTION('',(0.,0.,-1.));
#1039 = DIRECTION('',(1.,-0.,-0.));
#1040 = PCURVE('',#162,#1041);
#1041 = DEFINITIONAL_REPRESENTATION('',(#1042),#1050);
#1042 = ( BOUNDED_CURVE() B_SPLINE_CURVE(2,(#1043,#1044,#1045,#1046,
#1047,#1048,#1049),.UNSPECIFIED.,.T.,.F.) B_SPLINE_CURVE_WITH_KNOTS((1,2
    ,2,2,2,1),(-2.094395102393,0.,2.094395102393,4.188790204786,
6.28318530718,8.377580409573),.UNSPECIFIED.) CURVE() 
GEOMETRIC_REPRESENTATION_ITEM() RATIONAL_B_SPLINE_CURVE((1.,0.5,1.,0.5,
1.,0.5,1.)) REPRESENTATION_ITEM('') );
#1043 = CARTESIAN_POINT('',(5.9,1.27));
#1044 = CARTESIAN_POINT('',(5.9,2.136025403784));
#1045 = CARTESIAN_POINT('',(6.65,1.703012701892));
#1046 = CARTESIAN_POINT('',(7.4,1.27));
#1047 = CARTESIAN_POINT('',(6.65,0.836987298108));
#1048 = CARTESIAN_POINT('',(5.9,0.403974596216));
#1049 = CARTESIAN_POINT('',(5.9,1.27));
#1050 = ( GEOMETRIC_REPRESENTATION_CONTEXT(2) 
PARAMETRIC_REPRESENTATION_CONTEXT() REPRESENTATION_CONTEXT('2D SPACE',''
  ) );
#1051 = PCURVE('',#635,#1052);
#1052 = DEFINITIONAL_REPRESENTATION('',(#1053),#1057);
#1053 = LINE('',#1054,#1055);
#1054 = CARTESIAN_POINT('',(0.,-1.6));
#1055 = VECTOR('',#1056,1.);
#1056 = DIRECTION('',(1.,0.));
#1057 = ( GEOMETRIC_REPRESENTATION_CONTEXT(2) 
PARAMETRIC_REPRESENTATION_CONTEXT() REPRESENTATION_CONTEXT('2D SPACE',''
  ) );
#1058 = FACE_BOUND('',#1059,.F.);
#1059 = EDGE_LOOP('',(#1060));
#1060 = ORIENTED_EDGE('',*,*,#1061,.F.);
#1061 = EDGE_CURVE('',#1062,#1062,#1064,.T.);
#1062 = VERTEX_POINT('',#1063);
#1063 = CARTESIAN_POINT('',(0.5,-15.24,1.6));
#1064 = SURFACE_CURVE('',#1065,(#1070,#1081),.PCURVE_S1.);
#1065 = CIRCLE('',#1066,0.5);
#1066 = AXIS2_PLACEMENT_3D('',#1067,#1068,#1069);
#1067 = CARTESIAN_POINT('',(0.,-15.24,1.6));
#1068 = DIRECTION('',(0.,0.,-1.));
#1069 = DIRECTION('',(1.,-0.,-0.));
#1070 = PCURVE('',#162,#1071);
#1071 = DEFINITIONAL_REPRESENTATION('',(#1072),#1080);
#1072 = ( BOUNDED_CURVE() B_SPLINE_CURVE(2,(#1073,#1074,#1075,#1076,
#1077,#1078,#1079),.UNSPECIFIED.,.T.,.F.) B_SPLINE_CURVE_WITH_KNOTS((1,2
    ,2,2,2,1),(-2.094395102393,0.,2.094395102393,4.188790204786,
6.28318530718,8.377580409573),.UNSPECIFIED.) CURVE() 
GEOMETRIC_REPRESENTATION_ITEM() RATIONAL_B_SPLINE_CURVE((1.,0.5,1.,0.5,
1.,0.5,1.)) REPRESENTATION_ITEM('') );
#1073 = CARTESIAN_POINT('',(5.9,3.81));
#1074 = CARTESIAN_POINT('',(5.9,4.676025403784));
#1075 = CARTESIAN_POINT('',(6.65,4.243012701892));
#1076 = CARTESIAN_POINT('',(7.4,3.81));
#1077 = CARTESIAN_POINT('',(6.65,3.376987298108));
#1078 = CARTESIAN_POINT('',(5.9,2.943974596216));
#1079 = CARTESIAN_POINT('',(5.9,3.81));
#1080 = ( GEOMETRIC_REPRESENTATION_CONTEXT(2) 
PARAMETRIC_REPRESENTATION_CONTEXT() REPRESENTATION_CONTEXT('2D SPACE',''
  ) );
#1081 = PCURVE('',#670,#1082);
#1082 = DEFINITIONAL_REPRESENTATION('',(#1083),#1087);
#1083 = LINE('',#1084,#1085);
#1084 = CARTESIAN_POINT('',(0.,-1.6));
#1085 = VECTOR('',#1086,1.);
#1086 = DIRECTION('',(1.,0.));
#1087 = ( GEOMETRIC_REPRESENTATION_CONTEXT(2) 
PARAMETRIC_REPRESENTATION_CONTEXT() REPRESENTATION_CONTEXT('2D SPACE',''
  ) );
#1088 = FACE_BOUND('',#1089,.F.);
#1089 = EDGE_LOOP('',(#1090));
#1090 = ORIENTED_EDGE('',*,*,#1091,.F.);
#1091 = EDGE_CURVE('',#1092,#1092,#1094,.T.);
#1092 = VERTEX_POINT('',#1093);
#1093 = CARTESIAN_POINT('',(0.5,-17.78,1.6));
#1094 = SURFACE_CURVE('',#1095,(#1100,#1111),.PCURVE_S1.);
#1095 = CIRCLE('',#1096,0.5);
#1096 = AXIS2_PLACEMENT_3D('',#1097,#1098,#1099);
#1097 = CARTESIAN_POINT('',(0.,-17.78,1.6));
#1098 = DIRECTION('',(0.,0.,-1.));
#1099 = DIRECTION('',(1.,-0.,-0.));
#1100 = PCURVE('',#162,#1101);
#1101 = DEFINITIONAL_REPRESENTATION('',(#1102),#1110);
#1102 = ( BOUNDED_CURVE() B_SPLINE_CURVE(2,(#1103,#1104,#1105,#1106,
#1107,#1108,#1109),.UNSPECIFIED.,.T.,.F.) B_SPLINE_CURVE_WITH_KNOTS((1,2
    ,2,2,2,1),(-2.094395102393,0.,2.094395102393,4.188790204786,
6.28318530718,8.377580409573),.UNSPECIFIED.) CURVE() 
GEOMETRIC_REPRESENTATION_ITEM() RATIONAL_B_SPLINE_CURVE((1.,0.5,1.,0.5,
1.,0.5,1.)) REPRESENTATION_ITEM('') );
#1103 = CARTESIAN_POINT('',(5.9,6.35));
#1104 = CARTESIAN_POINT('',(5.9,7.216025403784));
#1105 = CARTESIAN_POINT('',(6.65,6.783012701892));
#1106 = CARTESIAN_POINT('',(7.4,6.35));
#1107 = CARTESIAN_POINT('',(6.65,5.916987298108));
#1108 = CARTESIAN_POINT('',(5.9,5.483974596216));
#1109 = CARTESIAN_POINT('',(5.9,6.35));
#1110 = ( GEOMETRIC_REPRESENTATION_CONTEXT(2) 
PARAMETRIC_REPRESENTATION_CONTEXT() REPRESENTATION_CONTEXT('2D SPACE',''
  ) );
#1111 = PCURVE('',#705,#1112);
#1112 = DEFINITIONAL_REPRESENTATION('',(#1113),#1117);
#1113 = LINE('',#1114,#1115);
#1114 = CARTESIAN_POINT('',(0.,-1.6));
#1115 = VECTOR('',#1116,1.);
#1116 = DIRECTION('',(1.,0.));
#1117 = ( GEOMETRIC_REPRESENTATION_CONTEXT(2) 
PARAMETRIC_REPRESENTATION_CONTEXT() REPRESENTATION_CONTEXT('2D SPACE',''
  ) );
#1118 = FACE_BOUND('',#1119,.F.);
#1119 = EDGE_LOOP('',(#1120));
#1120 = ORIENTED_EDGE('',*,*,#1121,.F.);
#1121 = EDGE_CURVE('',#1122,#1122,#1124,.T.);
#1122 = VERTEX_POINT('',#1123);
#1123 = CARTESIAN_POINT('',(0.5,-20.32,1.6));
#1124 = SURFACE_CURVE('',#1125,(#1130,#1141),.PCURVE_S1.);
#1125 = CIRCLE('',#1126,0.5);
#1126 = AXIS2_PLACEMENT_3D('',#1127,#1128,#1129);
#1127 = CARTESIAN_POINT('',(0.,-20.32,1.6));
#1128 = DIRECTION('',(0.,0.,-1.));
#1129 = DIRECTION('',(1.,-0.,-0.));
#1130 = PCURVE('',#162,#1131);
#1131 = DEFINITIONAL_REPRESENTATION('',(#1132),#1140);
#1132 = ( BOUNDED_CURVE() B_SPLINE_CURVE(2,(#1133,#1134,#1135,#1136,
#1137,#1138,#1139),.UNSPECIFIED.,.T.,.F.) B_SPLINE_CURVE_WITH_KNOTS((1,2
    ,2,2,2,1),(-2.094395102393,0.,2.094395102393,4.188790204786,
6.28318530718,8.377580409573),.UNSPECIFIED.) CURVE() 
GEOMETRIC_REPRESENTATION_ITEM() RATIONAL_B_SPLINE_CURVE((1.,0.5,1.,0.5,
1.,0.5,1.)) REPRESENTATION_ITEM('') );
#1133 = CARTESIAN_POINT('',(5.9,8.89));
#1134 = CARTESIAN_POINT('',(5.9,9.756025403784));
#1135 = CARTESIAN_POINT('',(6.65,9.323012701892));
#1136 = CARTESIAN_POINT('',(7.4,8.89));
#1137 = CARTESIAN_POINT('',(6.65,8.456987298108));
#1138 = CARTESIAN_POINT('',(5.9,8.023974596216));
#1139 = CARTESIAN_POINT('',(5.9,8.89));
#1140 = ( GEOMETRIC_REPRESENTATION_CONTEXT(2) 
PARAMETRIC_REPRESENTATION_CONTEXT() REPRESENTATION_CONTEXT('2D SPACE',''
  ) );
#1141 = PCURVE('',#740,#1142);
#1142 = DEFINITIONAL_REPRESENTATION('',(#1143),#1147);
#1143 = LINE('',#1144,#1145);
#1144 = CARTESIAN_POINT('',(0.,-1.6));
#1145 = VECTOR('',#1146,1.);
#1146 = DIRECTION('',(1.,0.));
#1147 = ( GEOMETRIC_REPRESENTATION_CONTEXT(2) 
PARAMETRIC_REPRESENTATION_CONTEXT() REPRESENTATION_CONTEXT('2D SPACE',''
  ) );
#1148 = FACE_BOUND('',#1149,.F.);
#1149 = EDGE_LOOP('',(#1150));
#1150 = ORIENTED_EDGE('',*,*,#1151,.F.);
#1151 = EDGE_CURVE('',#1152,#1152,#1154,.T.);
#1152 = VERTEX_POINT('',#1153);
#1153 = CARTESIAN_POINT('',(0.5,-22.86,1.6));
#1154 = SURFACE_CURVE('',#1155,(#1160,#1171),.PCURVE_S1.);
#1155 = CIRCLE('',#1156,0.5);
#1156 = AXIS2_PLACEMENT_3D('',#1157,#1158,#1159);
#1157 = CARTESIAN_POINT('',(0.,-22.86,1.6));
#1158 = DIRECTION('',(0.,0.,-1.));
#1159 = DIRECTION('',(1.,-0.,-0.));
#1160 = PCURVE('',#162,#1161);
#1161 = DEFINITIONAL_REPRESENTATION('',(#1162),#1170);
#1162 = ( BOUNDED_CURVE() B_SPLINE_CURVE(2,(#1163,#1164,#1165,#1166,
#1167,#1168,#1169),.UNSPECIFIED.,.T.,.F.) B_SPLINE_CURVE_WITH_KNOTS((1,2
    ,2,2,2,1),(-2.094395102393,0.,2.094395102393,4.188790204786,
6.28318530718,8.377580409573),.UNSPECIFIED.) CURVE() 
GEOMETRIC_REPRESENTATION_ITEM() RATIONAL_B_SPLINE_CURVE((1.,0.5,1.,0.5,
1.,0.5,1.)) REPRESENTATION_ITEM('') );
#1163 = CARTESIAN_POINT('',(5.9,11.43));
#1164 = CARTESIAN_POINT('',(5.9,12.296025403784));
#1165 = CARTESIAN_POINT('',(6.65,11.863012701892));
#1166 = CARTESIAN_POINT('',(7.4,11.43));
#1167 = CARTESIAN_POINT('',(6.65,10.996987298108));
#1168 = CARTESIAN_POINT('',(5.9,10.563974596216));
#1169 = CARTESIAN_POINT('',(5.9,11.43));
#1170 = ( GEOMETRIC_REPRESENTATION_CONTEXT(2) 
PARAMETRIC_REPRESENTATION_CONTEXT() REPRESENTATION_CONTEXT('2D SPACE',''
  ) );
#1171 = PCURVE('',#775,#1172);
#1172 = DEFINITIONAL_REPRESENTATION('',(#1173),#1177);
#1173 = LINE('',#1174,#1175);
#1174 = CARTESIAN_POINT('',(0.,-1.6));
#1175 = VECTOR('',#1176,1.);
#1176 = DIRECTION('',(1.,0.));
#1177 = ( GEOMETRIC_REPRESENTATION_CONTEXT(2) 
PARAMETRIC_REPRESENTATION_CONTEXT() REPRESENTATION_CONTEXT('2D SPACE',''
  ) );
#1178 = FACE_BOUND('',#1179,.F.);
#1179 = EDGE_LOOP('',(#1180));
#1180 = ORIENTED_EDGE('',*,*,#1181,.F.);
#1181 = EDGE_CURVE('',#1182,#1182,#1184,.T.);
#1182 = VERTEX_POINT('',#1183);
#1183 = CARTESIAN_POINT('',(13.45,-22.93,1.6));
#1184 = SURFACE_CURVE('',#1185,(#1190,#1201),.PCURVE_S1.);
#1185 = CIRCLE('',#1186,1.25);
#1186 = AXIS2_PLACEMENT_3D('',#1187,#1188,#1189);
#1187 = CARTESIAN_POINT('',(12.2,-22.93,1.6));
#1188 = DIRECTION('',(0.,0.,-1.));
#1189 = DIRECTION('',(1.,-0.,-0.));
#1190 = PCURVE('',#162,#1191);
#1191 = DEFINITIONAL_REPRESENTATION('',(#1192),#1200);
#1192 = ( BOUNDED_CURVE() B_SPLINE_CURVE(2,(#1193,#1194,#1195,#1196,
#1197,#1198,#1199),.UNSPECIFIED.,.T.,.F.) B_SPLINE_CURVE_WITH_KNOTS((1,2
    ,2,2,2,1),(-2.094395102393,0.,2.094395102393,4.188790204786,
6.28318530718,8.377580409573),.UNSPECIFIED.) CURVE() 
GEOMETRIC_REPRESENTATION_ITEM() RATIONAL_B_SPLINE_CURVE((1.,0.5,1.,0.5,
1.,0.5,1.)) REPRESENTATION_ITEM('') );
#1193 = CARTESIAN_POINT('',(-7.05,11.5));
#1194 = CARTESIAN_POINT('',(-7.05,13.665063509461));
#1195 = CARTESIAN_POINT('',(-5.175,12.582531754731));
#1196 = CARTESIAN_POINT('',(-3.3,11.5));
#1197 = CARTESIAN_POINT('',(-5.175,10.417468245269));
#1198 = CARTESIAN_POINT('',(-7.05,9.334936490539));
#1199 = CARTESIAN_POINT('',(-7.05,11.5));
#1200 = ( GEOMETRIC_REPRESENTATION_CONTEXT(2) 
PARAMETRIC_REPRESENTATION_CONTEXT() REPRESENTATION_CONTEXT('2D SPACE',''
  ) );
#1201 = PCURVE('',#810,#1202);
#1202 = DEFINITIONAL_REPRESENTATION('',(#1203),#1207);
#1203 = LINE('',#1204,#1205);
#1204 = CARTESIAN_POINT('',(0.,-1.6));
#1205 = VECTOR('',#1206,1.);
#1206 = DIRECTION('',(1.,0.));
#1207 = ( GEOMETRIC_REPRESENTATION_CONTEXT(2) 
PARAMETRIC_REPRESENTATION_CONTEXT() REPRESENTATION_CONTEXT('2D SPACE',''
  ) );
#1208 = ADVANCED_FACE('',(#1209),#249,.F.);
#1209 = FACE_BOUND('',#1210,.T.);
#1210 = EDGE_LOOP('',(#1211,#1212,#1213,#1214));
#1211 = ORIENTED_EDGE('',*,*,#331,.T.);
#1212 = ORIENTED_EDGE('',*,*,#827,.T.);
#1213 = ORIENTED_EDGE('',*,*,#231,.F.);
#1214 = ORIENTED_EDGE('',*,*,#380,.F.);
#1215 = ADVANCED_FACE('',(#1216),#425,.F.);
#1216 = FACE_BOUND('',#1217,.F.);
#1217 = EDGE_LOOP('',(#1218,#1239,#1240,#1241));
#1218 = ORIENTED_EDGE('',*,*,#1219,.T.);
#1219 = EDGE_CURVE('',#405,#852,#1220,.T.);
#1220 = SEAM_CURVE('',#1221,(#1225,#1232),.PCURVE_S1.);
#1221 = LINE('',#1222,#1223);
#1222 = CARTESIAN_POINT('',(0.5,0.,0.));
#1223 = VECTOR('',#1224,1.);
#1224 = DIRECTION('',(-0.,-0.,1.));
#1225 = PCURVE('',#425,#1226);
#1226 = DEFINITIONAL_REPRESENTATION('',(#1227),#1231);
#1227 = LINE('',#1228,#1229);
#1228 = CARTESIAN_POINT('',(0.,0.));
#1229 = VECTOR('',#1230,1.);
#1230 = DIRECTION('',(0.,-1.));
#1231 = ( GEOMETRIC_REPRESENTATION_CONTEXT(2) 
PARAMETRIC_REPRESENTATION_CONTEXT() REPRESENTATION_CONTEXT('2D SPACE',''
  ) );
#1232 = PCURVE('',#425,#1233);
#1233 = DEFINITIONAL_REPRESENTATION('',(#1234),#1238);
#1234 = LINE('',#1235,#1236);
#1235 = CARTESIAN_POINT('',(6.28318530718,0.));
#1236 = VECTOR('',#1237,1.);
#1237 = DIRECTION('',(0.,-1.));
#1238 = ( GEOMETRIC_REPRESENTATION_CONTEXT(2) 
PARAMETRIC_REPRESENTATION_CONTEXT() REPRESENTATION_CONTEXT('2D SPACE',''
  ) );
#1239 = ORIENTED_EDGE('',*,*,#851,.T.);
#1240 = ORIENTED_EDGE('',*,*,#1219,.F.);
#1241 = ORIENTED_EDGE('',*,*,#404,.F.);
#1242 = ADVANCED_FACE('',(#1243),#460,.F.);
#1243 = FACE_BOUND('',#1244,.F.);
#1244 = EDGE_LOOP('',(#1245,#1266,#1267,#1268));
#1245 = ORIENTED_EDGE('',*,*,#1246,.T.);
#1246 = EDGE_CURVE('',#440,#882,#1247,.T.);
#1247 = SEAM_CURVE('',#1248,(#1252,#1259),.PCURVE_S1.);
#1248 = LINE('',#1249,#1250);
#1249 = CARTESIAN_POINT('',(0.5,-2.54,0.));
#1250 = VECTOR('',#1251,1.);
#1251 = DIRECTION('',(-0.,-0.,1.));
#1252 = PCURVE('',#460,#1253);
#1253 = DEFINITIONAL_REPRESENTATION('',(#1254),#1258);
#1254 = LINE('',#1255,#1256);
#1255 = CARTESIAN_POINT('',(0.,0.));
#1256 = VECTOR('',#1257,1.);
#1257 = DIRECTION('',(0.,-1.));
#1258 = ( GEOMETRIC_REPRESENTATION_CONTEXT(2) 
PARAMETRIC_REPRESENTATION_CONTEXT() REPRESENTATION_CONTEXT('2D SPACE',''
  ) );
#1259 = PCURVE('',#460,#1260);
#1260 = DEFINITIONAL_REPRESENTATION('',(#1261),#1265);
#1261 = LINE('',#1262,#1263);
#1262 = CARTESIAN_POINT('',(6.28318530718,0.));
#1263 = VECTOR('',#1264,1.);
#1264 = DIRECTION('',(0.,-1.));
#1265 = ( GEOMETRIC_REPRESENTATION_CONTEXT(2) 
PARAMETRIC_REPRESENTATION_CONTEXT() REPRESENTATION_CONTEXT('2D SPACE',''
  ) );
#1266 = ORIENTED_EDGE('',*,*,#881,.T.);
#1267 = ORIENTED_EDGE('',*,*,#1246,.F.);
#1268 = ORIENTED_EDGE('',*,*,#439,.F.);
#1269 = ADVANCED_FACE('',(#1270),#495,.F.);
#1270 = FACE_BOUND('',#1271,.F.);
#1271 = EDGE_LOOP('',(#1272,#1293,#1294,#1295));
#1272 = ORIENTED_EDGE('',*,*,#1273,.T.);
#1273 = EDGE_CURVE('',#475,#912,#1274,.T.);
#1274 = SEAM_CURVE('',#1275,(#1279,#1286),.PCURVE_S1.);
#1275 = LINE('',#1276,#1277);
#1276 = CARTESIAN_POINT('',(0.5,-5.08,0.));
#1277 = VECTOR('',#1278,1.);
#1278 = DIRECTION('',(-0.,-0.,1.));
#1279 = PCURVE('',#495,#1280);
#1280 = DEFINITIONAL_REPRESENTATION('',(#1281),#1285);
#1281 = LINE('',#1282,#1283);
#1282 = CARTESIAN_POINT('',(0.,0.));
#1283 = VECTOR('',#1284,1.);
#1284 = DIRECTION('',(0.,-1.));
#1285 = ( GEOMETRIC_REPRESENTATION_CONTEXT(2) 
PARAMETRIC_REPRESENTATION_CONTEXT() REPRESENTATION_CONTEXT('2D SPACE',''
  ) );
#1286 = PCURVE('',#495,#1287);
#1287 = DEFINITIONAL_REPRESENTATION('',(#1288),#1292);
#1288 = LINE('',#1289,#1290);
#1289 = CARTESIAN_POINT('',(6.28318530718,0.));
#1290 = VECTOR('',#1291,1.);
#1291 = DIRECTION('',(0.,-1.));
#1292 = ( GEOMETRIC_REPRESENTATION_CONTEXT(2) 
PARAMETRIC_REPRESENTATION_CONTEXT() REPRESENTATION_CONTEXT('2D SPACE',''
  ) );
#1293 = ORIENTED_EDGE('',*,*,#911,.T.);
#1294 = ORIENTED_EDGE('',*,*,#1273,.F.);
#1295 = ORIENTED_EDGE('',*,*,#474,.F.);
#1296 = ADVANCED_FACE('',(#1297),#530,.F.);
#1297 = FACE_BOUND('',#1298,.F.);
#1298 = EDGE_LOOP('',(#1299,#1320,#1321,#1322));
#1299 = ORIENTED_EDGE('',*,*,#1300,.T.);
#1300 = EDGE_CURVE('',#510,#942,#1301,.T.);
#1301 = SEAM_CURVE('',#1302,(#1306,#1313),.PCURVE_S1.);
#1302 = LINE('',#1303,#1304);
#1303 = CARTESIAN_POINT('',(0.5,-7.62,0.));
#1304 = VECTOR('',#1305,1.);
#1305 = DIRECTION('',(-0.,-0.,1.));
#1306 = PCURVE('',#530,#1307);
#1307 = DEFINITIONAL_REPRESENTATION('',(#1308),#1312);
#1308 = LINE('',#1309,#1310);
#1309 = CARTESIAN_POINT('',(0.,0.));
#1310 = VECTOR('',#1311,1.);
#1311 = DIRECTION('',(0.,-1.));
#1312 = ( GEOMETRIC_REPRESENTATION_CONTEXT(2) 
PARAMETRIC_REPRESENTATION_CONTEXT() REPRESENTATION_CONTEXT('2D SPACE',''
  ) );
#1313 = PCURVE('',#530,#1314);
#1314 = DEFINITIONAL_REPRESENTATION('',(#1315),#1319);
#1315 = LINE('',#1316,#1317);
#1316 = CARTESIAN_POINT('',(6.28318530718,0.));
#1317 = VECTOR('',#1318,1.);
#1318 = DIRECTION('',(0.,-1.));
#1319 = ( GEOMETRIC_REPRESENTATION_CONTEXT(2) 
PARAMETRIC_REPRESENTATION_CONTEXT() REPRESENTATION_CONTEXT('2D SPACE',''
  ) );
#1320 = ORIENTED_EDGE('',*,*,#941,.T.);
#1321 = ORIENTED_EDGE('',*,*,#1300,.F.);
#1322 = ORIENTED_EDGE('',*,*,#509,.F.);
#1323 = ADVANCED_FACE('',(#1324),#565,.F.);
#1324 = FACE_BOUND('',#1325,.F.);
#1325 = EDGE_LOOP('',(#1326,#1347,#1348,#1349));
#1326 = ORIENTED_EDGE('',*,*,#1327,.T.);
#1327 = EDGE_CURVE('',#545,#972,#1328,.T.);
#1328 = SEAM_CURVE('',#1329,(#1333,#1340),.PCURVE_S1.);
#1329 = LINE('',#1330,#1331);
#1330 = CARTESIAN_POINT('',(0.5,-10.16,0.));
#1331 = VECTOR('',#1332,1.);
#1332 = DIRECTION('',(-0.,-0.,1.));
#1333 = PCURVE('',#565,#1334);
#1334 = DEFINITIONAL_REPRESENTATION('',(#1335),#1339);
#1335 = LINE('',#1336,#1337);
#1336 = CARTESIAN_POINT('',(0.,0.));
#1337 = VECTOR('',#1338,1.);
#1338 = DIRECTION('',(0.,-1.));
#1339 = ( GEOMETRIC_REPRESENTATION_CONTEXT(2) 
PARAMETRIC_REPRESENTATION_CONTEXT() REPRESENTATION_CONTEXT('2D SPACE',''
  ) );
#1340 = PCURVE('',#565,#1341);
#1341 = DEFINITIONAL_REPRESENTATION('',(#1342),#1346);
#1342 = LINE('',#1343,#1344);
#1343 = CARTESIAN_POINT('',(6.28318530718,0.));
#1344 = VECTOR('',#1345,1.);
#1345 = DIRECTION('',(0.,-1.));
#1346 = ( GEOMETRIC_REPRESENTATION_CONTEXT(2) 
PARAMETRIC_REPRESENTATION_CONTEXT() REPRESENTATION_CONTEXT('2D SPACE',''
  ) );
#1347 = ORIENTED_EDGE('',*,*,#971,.T.);
#1348 = ORIENTED_EDGE('',*,*,#1327,.F.);
#1349 = ORIENTED_EDGE('',*,*,#544,.F.);
#1350 = ADVANCED_FACE('',(#1351),#600,.F.);
#1351 = FACE_BOUND('',#1352,.F.);
#1352 = EDGE_LOOP('',(#1353,#1374,#1375,#1376));
#1353 = ORIENTED_EDGE('',*,*,#1354,.T.);
#1354 = EDGE_CURVE('',#580,#1002,#1355,.T.);
#1355 = SEAM_CURVE('',#1356,(#1360,#1367),.PCURVE_S1.);
#1356 = LINE('',#1357,#1358);
#1357 = CARTESIAN_POINT('',(13.45,7.E-02,0.));
#1358 = VECTOR('',#1359,1.);
#1359 = DIRECTION('',(-0.,-0.,1.));
#1360 = PCURVE('',#600,#1361);
#1361 = DEFINITIONAL_REPRESENTATION('',(#1362),#1366);
#1362 = LINE('',#1363,#1364);
#1363 = CARTESIAN_POINT('',(0.,0.));
#1364 = VECTOR('',#1365,1.);
#1365 = DIRECTION('',(0.,-1.));
#1366 = ( GEOMETRIC_REPRESENTATION_CONTEXT(2) 
PARAMETRIC_REPRESENTATION_CONTEXT() REPRESENTATION_CONTEXT('2D SPACE',''
  ) );
#1367 = PCURVE('',#600,#1368);
#1368 = DEFINITIONAL_REPRESENTATION('',(#1369),#1373);
#1369 = LINE('',#1370,#1371);
#1370 = CARTESIAN_POINT('',(6.28318530718,0.));
#1371 = VECTOR('',#1372,1.);
#1372 = DIRECTION('',(0.,-1.));
#1373 = ( GEOMETRIC_REPRESENTATION_CONTEXT(2) 
PARAMETRIC_REPRESENTATION_CONTEXT() REPRESENTATION_CONTEXT('2D SPACE',''
  ) );
#1374 = ORIENTED_EDGE('',*,*,#1001,.T.);
#1375 = ORIENTED_EDGE('',*,*,#1354,.F.);
#1376 = ORIENTED_EDGE('',*,*,#579,.F.);
#1377 = ADVANCED_FACE('',(#1378),#635,.F.);
#1378 = FACE_BOUND('',#1379,.F.);
#1379 = EDGE_LOOP('',(#1380,#1401,#1402,#1403));
#1380 = ORIENTED_EDGE('',*,*,#1381,.T.);
#1381 = EDGE_CURVE('',#615,#1032,#1382,.T.);
#1382 = SEAM_CURVE('',#1383,(#1387,#1394),.PCURVE_S1.);
#1383 = LINE('',#1384,#1385);
#1384 = CARTESIAN_POINT('',(0.5,-12.7,0.));
#1385 = VECTOR('',#1386,1.);
#1386 = DIRECTION('',(-0.,-0.,1.));
#1387 = PCURVE('',#635,#1388);
#1388 = DEFINITIONAL_REPRESENTATION('',(#1389),#1393);
#1389 = LINE('',#1390,#1391);
#1390 = CARTESIAN_POINT('',(0.,0.));
#1391 = VECTOR('',#1392,1.);
#1392 = DIRECTION('',(0.,-1.));
#1393 = ( GEOMETRIC_REPRESENTATION_CONTEXT(2) 
PARAMETRIC_REPRESENTATION_CONTEXT() REPRESENTATION_CONTEXT('2D SPACE',''
  ) );
#1394 = PCURVE('',#635,#1395);
#1395 = DEFINITIONAL_REPRESENTATION('',(#1396),#1400);
#1396 = LINE('',#1397,#1398);
#1397 = CARTESIAN_POINT('',(6.28318530718,0.));
#1398 = VECTOR('',#1399,1.);
#1399 = DIRECTION('',(0.,-1.));
#1400 = ( GEOMETRIC_REPRESENTATION_CONTEXT(2) 
PARAMETRIC_REPRESENTATION_CONTEXT() REPRESENTATION_CONTEXT('2D SPACE',''
  ) );
#1401 = ORIENTED_EDGE('',*,*,#1031,.T.);
#1402 = ORIENTED_EDGE('',*,*,#1381,.F.);
#1403 = ORIENTED_EDGE('',*,*,#614,.F.);
#1404 = ADVANCED_FACE('',(#1405),#670,.F.);
#1405 = FACE_BOUND('',#1406,.F.);
#1406 = EDGE_LOOP('',(#1407,#1428,#1429,#1430));
#1407 = ORIENTED_EDGE('',*,*,#1408,.T.);
#1408 = EDGE_CURVE('',#650,#1062,#1409,.T.);
#1409 = SEAM_CURVE('',#1410,(#1414,#1421),.PCURVE_S1.);
#1410 = LINE('',#1411,#1412);
#1411 = CARTESIAN_POINT('',(0.5,-15.24,0.));
#1412 = VECTOR('',#1413,1.);
#1413 = DIRECTION('',(-0.,-0.,1.));
#1414 = PCURVE('',#670,#1415);
#1415 = DEFINITIONAL_REPRESENTATION('',(#1416),#1420);
#1416 = LINE('',#1417,#1418);
#1417 = CARTESIAN_POINT('',(0.,0.));
#1418 = VECTOR('',#1419,1.);
#1419 = DIRECTION('',(0.,-1.));
#1420 = ( GEOMETRIC_REPRESENTATION_CONTEXT(2) 
PARAMETRIC_REPRESENTATION_CONTEXT() REPRESENTATION_CONTEXT('2D SPACE',''
  ) );
#1421 = PCURVE('',#670,#1422);
#1422 = DEFINITIONAL_REPRESENTATION('',(#1423),#1427);
#1423 = LINE('',#1424,#1425);
#1424 = CARTESIAN_POINT('',(6.28318530718,0.));
#1425 = VECTOR('',#1426,1.);
#1426 = DIRECTION('',(0.,-1.));
#1427 = ( GEOMETRIC_REPRESENTATION_CONTEXT(2) 
PARAMETRIC_REPRESENTATION_CONTEXT() REPRESENTATION_CONTEXT('2D SPACE',''
  ) );
#1428 = ORIENTED_EDGE('',*,*,#1061,.T.);
#1429 = ORIENTED_EDGE('',*,*,#1408,.F.);
#1430 = ORIENTED_EDGE('',*,*,#649,.F.);
#1431 = ADVANCED_FACE('',(#1432),#705,.F.);
#1432 = FACE_BOUND('',#1433,.F.);
#1433 = EDGE_LOOP('',(#1434,#1455,#1456,#1457));
#1434 = ORIENTED_EDGE('',*,*,#1435,.T.);
#1435 = EDGE_CURVE('',#685,#1092,#1436,.T.);
#1436 = SEAM_CURVE('',#1437,(#1441,#1448),.PCURVE_S1.);
#1437 = LINE('',#1438,#1439);
#1438 = CARTESIAN_POINT('',(0.5,-17.78,0.));
#1439 = VECTOR('',#1440,1.);
#1440 = DIRECTION('',(-0.,-0.,1.));
#1441 = PCURVE('',#705,#1442);
#1442 = DEFINITIONAL_REPRESENTATION('',(#1443),#1447);
#1443 = LINE('',#1444,#1445);
#1444 = CARTESIAN_POINT('',(0.,0.));
#1445 = VECTOR('',#1446,1.);
#1446 = DIRECTION('',(0.,-1.));
#1447 = ( GEOMETRIC_REPRESENTATION_CONTEXT(2) 
PARAMETRIC_REPRESENTATION_CONTEXT() REPRESENTATION_CONTEXT('2D SPACE',''
  ) );
#1448 = PCURVE('',#705,#1449);
#1449 = DEFINITIONAL_REPRESENTATION('',(#1450),#1454);
#1450 = LINE('',#1451,#1452);
#1451 = CARTESIAN_POINT('',(6.28318530718,0.));
#1452 = VECTOR('',#1453,1.);
#1453 = DIRECTION('',(0.,-1.));
#1454 = ( GEOMETRIC_REPRESENTATION_CONTEXT(2) 
PARAMETRIC_REPRESENTATION_CONTEXT() REPRESENTATION_CONTEXT('2D SPACE',''
  ) );
#1455 = ORIENTED_EDGE('',*,*,#1091,.T.);
#1456 = ORIENTED_EDGE('',*,*,#1435,.F.);
#1457 = ORIENTED_EDGE('',*,*,#684,.F.);
#1458 = ADVANCED_FACE('',(#1459),#740,.F.);
#1459 = FACE_BOUND('',#1460,.F.);
#1460 = EDGE_LOOP('',(#1461,#1482,#1483,#1484));
#1461 = ORIENTED_EDGE('',*,*,#1462,.T.);
#1462 = EDGE_CURVE('',#720,#1122,#1463,.T.);
#1463 = SEAM_CURVE('',#1464,(#1468,#1475),.PCURVE_S1.);
#1464 = LINE('',#1465,#1466);
#1465 = CARTESIAN_POINT('',(0.5,-20.32,0.));
#1466 = VECTOR('',#1467,1.);
#1467 = DIRECTION('',(-0.,-0.,1.));
#1468 = PCURVE('',#740,#1469);
#1469 = DEFINITIONAL_REPRESENTATION('',(#1470),#1474);
#1470 = LINE('',#1471,#1472);
#1471 = CARTESIAN_POINT('',(0.,0.));
#1472 = VECTOR('',#1473,1.);
#1473 = DIRECTION('',(0.,-1.));
#1474 = ( GEOMETRIC_REPRESENTATION_CONTEXT(2) 
PARAMETRIC_REPRESENTATION_CONTEXT() REPRESENTATION_CONTEXT('2D SPACE',''
  ) );
#1475 = PCURVE('',#740,#1476);
#1476 = DEFINITIONAL_REPRESENTATION('',(#1477),#1481);
#1477 = LINE('',#1478,#1479);
#1478 = CARTESIAN_POINT('',(6.28318530718,0.));
#1479 = VECTOR('',#1480,1.);
#1480 = DIRECTION('',(0.,-1.));
#1481 = ( GEOMETRIC_REPRESENTATION_CONTEXT(2) 
PARAMETRIC_REPRESENTATION_CONTEXT() REPRESENTATION_CONTEXT('2D SPACE',''
  ) );
#1482 = ORIENTED_EDGE('',*,*,#1121,.T.);
#1483 = ORIENTED_EDGE('',*,*,#1462,.F.);
#1484 = ORIENTED_EDGE('',*,*,#719,.F.);
#1485 = ADVANCED_FACE('',(#1486),#775,.F.);
#1486 = FACE_BOUND('',#1487,.F.);
#1487 = EDGE_LOOP('',(#1488,#1509,#1510,#1511));
#1488 = ORIENTED_EDGE('',*,*,#1489,.T.);
#1489 = EDGE_CURVE('',#755,#1152,#1490,.T.);
#1490 = SEAM_CURVE('',#1491,(#1495,#1502),.PCURVE_S1.);
#1491 = LINE('',#1492,#1493);
#1492 = CARTESIAN_POINT('',(0.5,-22.86,0.));
#1493 = VECTOR('',#1494,1.);
#1494 = DIRECTION('',(-0.,-0.,1.));
#1495 = PCURVE('',#775,#1496);
#1496 = DEFINITIONAL_REPRESENTATION('',(#1497),#1501);
#1497 = LINE('',#1498,#1499);
#1498 = CARTESIAN_POINT('',(0.,0.));
#1499 = VECTOR('',#1500,1.);
#1500 = DIRECTION('',(0.,-1.));
#1501 = ( GEOMETRIC_REPRESENTATION_CONTEXT(2) 
PARAMETRIC_REPRESENTATION_CONTEXT() REPRESENTATION_CONTEXT('2D SPACE',''
  ) );
#1502 = PCURVE('',#775,#1503);
#1503 = DEFINITIONAL_REPRESENTATION('',(#1504),#1508);
#1504 = LINE('',#1505,#1506);
#1505 = CARTESIAN_POINT('',(6.28318530718,0.));
#1506 = VECTOR('',#1507,1.);
#1507 = DIRECTION('',(0.,-1.));
#1508 = ( GEOMETRIC_REPRESENTATION_CONTEXT(2) 
PARAMETRIC_REPRESENTATION_CONTEXT() REPRESENTATION_CONTEXT('2D SPACE',''
  ) );
#1509 = ORIENTED_EDGE('',*,*,#1151,.T.);
#1510 = ORIENTED_EDGE('',*,*,#1489,.F.);
#1511 = ORIENTED_EDGE('',*,*,#754,.F.);
#1512 = ADVANCED_FACE('',(#1513),#810,.F.);
#1513 = FACE_BOUND('',#1514,.F.);
#1514 = EDGE_LOOP('',(#1515,#1536,#1537,#1538));
#1515 = ORIENTED_EDGE('',*,*,#1516,.T.);
#1516 = EDGE_CURVE('',#790,#1182,#1517,.T.);
#1517 = SEAM_CURVE('',#1518,(#1522,#1529),.PCURVE_S1.);
#1518 = LINE('',#1519,#1520);
#1519 = CARTESIAN_POINT('',(13.45,-22.93,0.));
#1520 = VECTOR('',#1521,1.);
#1521 = DIRECTION('',(-0.,-0.,1.));
#1522 = PCURVE('',#810,#1523);
#1523 = DEFINITIONAL_REPRESENTATION('',(#1524),#1528);
#1524 = LINE('',#1525,#1526);
#1525 = CARTESIAN_POINT('',(0.,0.));
#1526 = VECTOR('',#1527,1.);
#1527 = DIRECTION('',(0.,-1.));
#1528 = ( GEOMETRIC_REPRESENTATION_CONTEXT(2) 
PARAMETRIC_REPRESENTATION_CONTEXT() REPRESENTATION_CONTEXT('2D SPACE',''
  ) );
#1529 = PCURVE('',#810,#1530);
#1530 = DEFINITIONAL_REPRESENTATION('',(#1531),#1535);
#1531 = LINE('',#1532,#1533);
#1532 = CARTESIAN_POINT('',(6.28318530718,0.));
#1533 = VECTOR('',#1534,1.);
#1534 = DIRECTION('',(0.,-1.));
#1535 = ( GEOMETRIC_REPRESENTATION_CONTEXT(2) 
PARAMETRIC_REPRESENTATION_CONTEXT() REPRESENTATION_CONTEXT('2D SPACE',''
  ) );
#1536 = ORIENTED_EDGE('',*,*,#1181,.T.);
#1537 = ORIENTED_EDGE('',*,*,#1516,.F.);
#1538 = ORIENTED_EDGE('',*,*,#789,.F.);
#1539 = ( GEOMETRIC_REPRESENTATION_CONTEXT(3) 
GLOBAL_UNCERTAINTY_ASSIGNED_CONTEXT((#1543)) 
GLOBAL_UNIT_ASSIGNED_CONTEXT((#1540,#1541,#1542)) REPRESENTATION_CONTEXT
('Context #1','3D Context with UNIT and UNCERTAINTY') );
#1540 = ( LENGTH_UNIT() NAMED_UNIT(*) SI_UNIT(.MILLI.,.METRE.) );
#1541 = ( NAMED_UNIT(*) PLANE_ANGLE_UNIT() SI_UNIT($,.RADIAN.) );
#1542 = ( NAMED_UNIT(*) SI_UNIT($,.STERADIAN.) SOLID_ANGLE_UNIT() );
#1543 = UNCERTAINTY_MEASURE_WITH_UNIT(LENGTH_MEASURE(1.E-07),#1540,
  'distance_accuracy_value','confusion accuracy');
#1544 = CONTEXT_DEPENDENT_SHAPE_REPRESENTATION(#1545,#1547);
#1545 = ( REPRESENTATION_RELATIONSHIP('','',#104,#10) 
REPRESENTATION_RELATIONSHIP_WITH_TRANSFORMATION(#1546) 
SHAPE_REPRESENTATION_RELATIONSHIP() );
#1546 = ITEM_DEFINED_TRANSFORMATION('','',#11,#15);
#1547 = PRODUCT_DEFINITION_SHAPE('Placement','Placement of an item',
  #1548);
#1548 = NEXT_ASSEMBLY_USAGE_OCCURRENCE('44','pcb','',#5,#99,$);
#1549 = PRODUCT_RELATED_PRODUCT_CATEGORY('part',$,(#101));
#1550 = SHAPE_DEFINITION_REPRESENTATION(#1551,#1557);
#1551 = PRODUCT_DEFINITION_SHAPE('','',#1552);
#1552 = PRODUCT_DEFINITION('design','',#1553,#1556);
#1553 = PRODUCT_DEFINITION_FORMATION('','',#1554);
#1554 = PRODUCT('ring0','ring0','',(#1555));
#1555 = PRODUCT_CONTEXT('',#2,'mechanical');
#1556 = PRODUCT_DEFINITION_CONTEXT('part definition',#2,'design');
#1557 = ADVANCED_BREP_SHAPE_REPRESENTATION('',(#11,#1558),#1756);
#1558 = MANIFOLD_SOLID_BREP('',#1559);
#1559 = CLOSED_SHELL('',(#1560,#1656,#1742,#1749));
#1560 = ADVANCED_FACE('',(#1561),#1575,.T.);
#1561 = FACE_BOUND('',#1562,.T.);
#1562 = EDGE_LOOP('',(#1563,#1593,#1624,#1625));
#1563 = ORIENTED_EDGE('',*,*,#1564,.T.);
#1564 = EDGE_CURVE('',#1565,#1567,#1569,.T.);
#1565 = VERTEX_POINT('',#1566);
#1566 = CARTESIAN_POINT('',(0.85,0.,1.6));
#1567 = VERTEX_POINT('',#1568);
#1568 = CARTESIAN_POINT('',(0.85,0.,1.65));
#1569 = SEAM_CURVE('',#1570,(#1574,#1586),.PCURVE_S1.);
#1570 = LINE('',#1571,#1572);
#1571 = CARTESIAN_POINT('',(0.85,0.,1.6));
#1572 = VECTOR('',#1573,1.);
#1573 = DIRECTION('',(-0.,-0.,1.));
#1574 = PCURVE('',#1575,#1580);
#1575 = CYLINDRICAL_SURFACE('',#1576,0.85);
#1576 = AXIS2_PLACEMENT_3D('',#1577,#1578,#1579);
#1577 = CARTESIAN_POINT('',(0.,0.,1.6));
#1578 = DIRECTION('',(-0.,0.,-1.));
#1579 = DIRECTION('',(1.,-0.,-0.));
#1580 = DEFINITIONAL_REPRESENTATION('',(#1581),#1585);
#1581 = LINE('',#1582,#1583);
#1582 = CARTESIAN_POINT('',(0.,0.));
#1583 = VECTOR('',#1584,1.);
#1584 = DIRECTION('',(0.,-1.));
#1585 = ( GEOMETRIC_REPRESENTATION_CONTEXT(2) 
PARAMETRIC_REPRESENTATION_CONTEXT() REPRESENTATION_CONTEXT('2D SPACE',''
  ) );
#1586 = PCURVE('',#1575,#1587);
#1587 = DEFINITIONAL_REPRESENTATION('',(#1588),#1592);
#1588 = LINE('',#1589,#1590);
#1589 = CARTESIAN_POINT('',(6.28318530718,0.));
#1590 = VECTOR('',#1591,1.);
#1591 = DIRECTION('',(0.,-1.));
#1592 = ( GEOMETRIC_REPRESENTATION_CONTEXT(2) 
PARAMETRIC_REPRESENTATION_CONTEXT() REPRESENTATION_CONTEXT('2D SPACE',''
  ) );
#1593 = ORIENTED_EDGE('',*,*,#1594,.T.);
#1594 = EDGE_CURVE('',#1567,#1567,#1595,.T.);
#1595 = SURFACE_CURVE('',#1596,(#1601,#1608),.PCURVE_S1.);
#1596 = CIRCLE('',#1597,0.85);
#1597 = AXIS2_PLACEMENT_3D('',#1598,#1599,#1600);
#1598 = CARTESIAN_POINT('',(0.,0.,1.65));
#1599 = DIRECTION('',(0.,0.,-1.));
#1600 = DIRECTION('',(1.,-0.,-0.));
#1601 = PCURVE('',#1575,#1602);
#1602 = DEFINITIONAL_REPRESENTATION('',(#1603),#1607);
#1603 = LINE('',#1604,#1605);
#1604 = CARTESIAN_POINT('',(0.,-5.E-02));
#1605 = VECTOR('',#1606,1.);
#1606 = DIRECTION('',(1.,0.));
#1607 = ( GEOMETRIC_REPRESENTATION_CONTEXT(2) 
PARAMETRIC_REPRESENTATION_CONTEXT() REPRESENTATION_CONTEXT('2D SPACE',''
  ) );
#1608 = PCURVE('',#1609,#1614);
#1609 = PLANE('',#1610);
#1610 = AXIS2_PLACEMENT_3D('',#1611,#1612,#1613);
#1611 = CARTESIAN_POINT('',(-2.513676714227E-17,-6.584874259323E-17,1.65
    ));
#1612 = DIRECTION('',(-0.,-0.,1.));
#1613 = DIRECTION('',(-1.,0.,0.));
#1614 = DEFINITIONAL_REPRESENTATION('',(#1615),#1623);
#1615 = ( BOUNDED_CURVE() B_SPLINE_CURVE(2,(#1616,#1617,#1618,#1619,
#1620,#1621,#1622),.UNSPECIFIED.,.T.,.F.) B_SPLINE_CURVE_WITH_KNOTS((1,2
    ,2,2,2,1),(-2.094395102393,0.,2.094395102393,4.188790204786,
6.28318530718,8.377580409573),.UNSPECIFIED.) CURVE() 
GEOMETRIC_REPRESENTATION_ITEM() RATIONAL_B_SPLINE_CURVE((1.,0.5,1.,0.5,
1.,0.5,1.)) REPRESENTATION_ITEM('') );
#1616 = CARTESIAN_POINT('',(-0.85,-6.584874259323E-17));
#1617 = CARTESIAN_POINT('',(-0.85,1.472243186434));
#1618 = CARTESIAN_POINT('',(0.425,0.736121593217));
#1619 = CARTESIAN_POINT('',(1.7,1.423412132618E-16));
#1620 = CARTESIAN_POINT('',(0.425,-0.736121593217));
#1621 = CARTESIAN_POINT('',(-0.85,-1.472243186434));
#1622 = CARTESIAN_POINT('',(-0.85,-6.584874259323E-17));
#1623 = ( GEOMETRIC_REPRESENTATION_CONTEXT(2) 
PARAMETRIC_REPRESENTATION_CONTEXT() REPRESENTATION_CONTEXT('2D SPACE',''
  ) );
#1624 = ORIENTED_EDGE('',*,*,#1564,.F.);
#1625 = ORIENTED_EDGE('',*,*,#1626,.F.);
#1626 = EDGE_CURVE('',#1565,#1565,#1627,.T.);
#1627 = SURFACE_CURVE('',#1628,(#1633,#1640),.PCURVE_S1.);
#1628 = CIRCLE('',#1629,0.85);
#1629 = AXIS2_PLACEMENT_3D('',#1630,#1631,#1632);
#1630 = CARTESIAN_POINT('',(0.,0.,1.6));
#1631 = DIRECTION('',(0.,0.,-1.));
#1632 = DIRECTION('',(1.,-0.,-0.));
#1633 = PCURVE('',#1575,#1634);
#1634 = DEFINITIONAL_REPRESENTATION('',(#1635),#1639);
#1635 = LINE('',#1636,#1637);
#1636 = CARTESIAN_POINT('',(0.,0.));
#1637 = VECTOR('',#1638,1.);
#1638 = DIRECTION('',(1.,0.));
#1639 = ( GEOMETRIC_REPRESENTATION_CONTEXT(2) 
PARAMETRIC_REPRESENTATION_CONTEXT() REPRESENTATION_CONTEXT('2D SPACE',''
  ) );
#1640 = PCURVE('',#1641,#1646);
#1641 = PLANE('',#1642);
#1642 = AXIS2_PLACEMENT_3D('',#1643,#1644,#1645);
#1643 = CARTESIAN_POINT('',(-2.513676714227E-17,-6.584874259323E-17,1.6)
  );
#1644 = DIRECTION('',(-0.,-0.,1.));
#1645 = DIRECTION('',(-1.,0.,0.));
#1646 = DEFINITIONAL_REPRESENTATION('',(#1647),#1655);
#1647 = ( BOUNDED_CURVE() B_SPLINE_CURVE(2,(#1648,#1649,#1650,#1651,
#1652,#1653,#1654),.UNSPECIFIED.,.T.,.F.) B_SPLINE_CURVE_WITH_KNOTS((1,2
    ,2,2,2,1),(-2.094395102393,0.,2.094395102393,4.188790204786,
6.28318530718,8.377580409573),.UNSPECIFIED.) CURVE() 
GEOMETRIC_REPRESENTATION_ITEM() RATIONAL_B_SPLINE_CURVE((1.,0.5,1.,0.5,
1.,0.5,1.)) REPRESENTATION_ITEM('') );
#1648 = CARTESIAN_POINT('',(-0.85,-6.584874259323E-17));
#1649 = CARTESIAN_POINT('',(-0.85,1.472243186434));
#1650 = CARTESIAN_POINT('',(0.425,0.736121593217));
#1651 = CARTESIAN_POINT('',(1.7,1.423412132618E-16));
#1652 = CARTESIAN_POINT('',(0.425,-0.736121593217));
#1653 = CARTESIAN_POINT('',(-0.85,-1.472243186434));
#1654 = CARTESIAN_POINT('',(-0.85,-6.584874259323E-17));
#1655 = ( GEOMETRIC_REPRESENTATION_CONTEXT(2) 
PARAMETRIC_REPRESENTATION_CONTEXT() REPRESENTATION_CONTEXT('2D SPACE',''
  ) );
#1656 = ADVANCED_FACE('',(#1657),#1671,.F.);
#1657 = FACE_BOUND('',#1658,.F.);
#1658 = EDGE_LOOP('',(#1659,#1689,#1715,#1716));
#1659 = ORIENTED_EDGE('',*,*,#1660,.T.);
#1660 = EDGE_CURVE('',#1661,#1663,#1665,.T.);
#1661 = VERTEX_POINT('',#1662);
#1662 = CARTESIAN_POINT('',(0.5,-5.011649779801E-17,1.6));
#1663 = VERTEX_POINT('',#1664);
#1664 = CARTESIAN_POINT('',(0.5,-5.011649779801E-17,1.65));
#1665 = SEAM_CURVE('',#1666,(#1670,#1682),.PCURVE_S1.);
#1666 = LINE('',#1667,#1668);
#1667 = CARTESIAN_POINT('',(0.5,-5.011649779801E-17,1.6));
#1668 = VECTOR('',#1669,1.);
#1669 = DIRECTION('',(-0.,-0.,1.));
#1670 = PCURVE('',#1671,#1676);
#1671 = CYLINDRICAL_SURFACE('',#1672,0.5);
#1672 = AXIS2_PLACEMENT_3D('',#1673,#1674,#1675);
#1673 = CARTESIAN_POINT('',(4.051663643225E-15,-5.011649779801E-17,1.6)
  );
#1674 = DIRECTION('',(-0.,0.,-1.));
#1675 = DIRECTION('',(1.,-0.,-0.));
#1676 = DEFINITIONAL_REPRESENTATION('',(#1677),#1681);
#1677 = LINE('',#1678,#1679);
#1678 = CARTESIAN_POINT('',(0.,0.));
#1679 = VECTOR('',#1680,1.);
#1680 = DIRECTION('',(0.,-1.));
#1681 = ( GEOMETRIC_REPRESENTATION_CONTEXT(2) 
PARAMETRIC_REPRESENTATION_CONTEXT() REPRESENTATION_CONTEXT('2D SPACE',''
  ) );
#1682 = PCURVE('',#1671,#1683);
#1683 = DEFINITIONAL_REPRESENTATION('',(#1684),#1688);
#1684 = LINE('',#1685,#1686);
#1685 = CARTESIAN_POINT('',(6.28318530718,0.));
#1686 = VECTOR('',#1687,1.);
#1687 = DIRECTION('',(0.,-1.));
#1688 = ( GEOMETRIC_REPRESENTATION_CONTEXT(2) 
PARAMETRIC_REPRESENTATION_CONTEXT() REPRESENTATION_CONTEXT('2D SPACE',''
  ) );
#1689 = ORIENTED_EDGE('',*,*,#1690,.T.);
#1690 = EDGE_CURVE('',#1663,#1663,#1691,.T.);
#1691 = SURFACE_CURVE('',#1692,(#1697,#1704),.PCURVE_S1.);
#1692 = CIRCLE('',#1693,0.5);
#1693 = AXIS2_PLACEMENT_3D('',#1694,#1695,#1696);
#1694 = CARTESIAN_POINT('',(4.051663643225E-15,-5.011649779801E-17,1.65)
  );
#1695 = DIRECTION('',(0.,0.,-1.));
#1696 = DIRECTION('',(1.,-0.,-0.));
#1697 = PCURVE('',#1671,#1698);
#1698 = DEFINITIONAL_REPRESENTATION('',(#1699),#1703);
#1699 = LINE('',#1700,#1701);
#1700 = CARTESIAN_POINT('',(0.,-5.E-02));
#1701 = VECTOR('',#1702,1.);
#1702 = DIRECTION('',(1.,0.));
#1703 = ( GEOMETRIC_REPRESENTATION_CONTEXT(2) 
PARAMETRIC_REPRESENTATION_CONTEXT() REPRESENTATION_CONTEXT('2D SPACE',''
  ) );
#1704 = PCURVE('',#1609,#1705);
#1705 = DEFINITIONAL_REPRESENTATION('',(#1706),#1714);
#1706 = ( BOUNDED_CURVE() B_SPLINE_CURVE(2,(#1707,#1708,#1709,#1710,
#1711,#1712,#1713),.UNSPECIFIED.,.T.,.F.) B_SPLINE_CURVE_WITH_KNOTS((1,2
    ,2,2,2,1),(-2.094395102393,0.,2.094395102393,4.188790204786,
6.28318530718,8.377580409573),.UNSPECIFIED.) CURVE() 
GEOMETRIC_REPRESENTATION_ITEM() RATIONAL_B_SPLINE_CURVE((1.,0.5,1.,0.5,
1.,0.5,1.)) REPRESENTATION_ITEM('') );
#1707 = CARTESIAN_POINT('',(-0.5,-1.573224479522E-17));
#1708 = CARTESIAN_POINT('',(-0.5,0.866025403784));
#1709 = CARTESIAN_POINT('',(0.25,0.433012701892));
#1710 = CARTESIAN_POINT('',(1.,1.067324351195E-16));
#1711 = CARTESIAN_POINT('',(0.25,-0.433012701892));
#1712 = CARTESIAN_POINT('',(-0.5,-0.866025403784));
#1713 = CARTESIAN_POINT('',(-0.5,-1.573224479522E-17));
#1714 = ( GEOMETRIC_REPRESENTATION_CONTEXT(2) 
PARAMETRIC_REPRESENTATION_CONTEXT() REPRESENTATION_CONTEXT('2D SPACE',''
  ) );
#1715 = ORIENTED_EDGE('',*,*,#1660,.F.);
#1716 = ORIENTED_EDGE('',*,*,#1717,.F.);
#1717 = EDGE_CURVE('',#1661,#1661,#1718,.T.);
#1718 = SURFACE_CURVE('',#1719,(#1724,#1731),.PCURVE_S1.);
#1719 = CIRCLE('',#1720,0.5);
#1720 = AXIS2_PLACEMENT_3D('',#1721,#1722,#1723);
#1721 = CARTESIAN_POINT('',(4.051663643225E-15,-5.011649779801E-17,1.6)
  );
#1722 = DIRECTION('',(0.,0.,-1.));
#1723 = DIRECTION('',(1.,-0.,-0.));
#1724 = PCURVE('',#1671,#1725);
#1725 = DEFINITIONAL_REPRESENTATION('',(#1726),#1730);
#1726 = LINE('',#1727,#1728);
#1727 = CARTESIAN_POINT('',(0.,0.));
#1728 = VECTOR('',#1729,1.);
#1729 = DIRECTION('',(1.,0.));
#1730 = ( GEOMETRIC_REPRESENTATION_CONTEXT(2) 
PARAMETRIC_REPRESENTATION_CONTEXT() REPRESENTATION_CONTEXT('2D SPACE',''
  ) );
#1731 = PCURVE('',#1641,#1732);
#1732 = DEFINITIONAL_REPRESENTATION('',(#1733),#1741);
#1733 = ( BOUNDED_CURVE() B_SPLINE_CURVE(2,(#1734,#1735,#1736,#1737,
#1738,#1739,#1740),.UNSPECIFIED.,.T.,.F.) B_SPLINE_CURVE_WITH_KNOTS((1,2
    ,2,2,2,1),(-2.094395102393,0.,2.094395102393,4.188790204786,
6.28318530718,8.377580409573),.UNSPECIFIED.) CURVE() 
GEOMETRIC_REPRESENTATION_ITEM() RATIONAL_B_SPLINE_CURVE((1.,0.5,1.,0.5,
1.,0.5,1.)) REPRESENTATION_ITEM('') );
#1734 = CARTESIAN_POINT('',(-0.5,-1.573224479522E-17));
#1735 = CARTESIAN_POINT('',(-0.5,0.866025403784));
#1736 = CARTESIAN_POINT('',(0.25,0.433012701892));
#1737 = CARTESIAN_POINT('',(1.,1.067324351195E-16));
#1738 = CARTESIAN_POINT('',(0.25,-0.433012701892));
#1739 = CARTESIAN_POINT('',(-0.5,-0.866025403784));
#1740 = CARTESIAN_POINT('',(-0.5,-1.573224479522E-17));
#1741 = ( GEOMETRIC_REPRESENTATION_CONTEXT(2) 
PARAMETRIC_REPRESENTATION_CONTEXT() REPRESENTATION_CONTEXT('2D SPACE',''
  ) );
#1742 = ADVANCED_FACE('',(#1743,#1746),#1641,.F.);
#1743 = FACE_BOUND('',#1744,.T.);
#1744 = EDGE_LOOP('',(#1745));
#1745 = ORIENTED_EDGE('',*,*,#1626,.T.);
#1746 = FACE_BOUND('',#1747,.T.);
#1747 = EDGE_LOOP('',(#1748));
#1748 = ORIENTED_EDGE('',*,*,#1717,.F.);
#1749 = ADVANCED_FACE('',(#1750,#1753),#1609,.T.);
#1750 = FACE_BOUND('',#1751,.F.);
#1751 = EDGE_LOOP('',(#1752));
#1752 = ORIENTED_EDGE('',*,*,#1594,.T.);
#1753 = FACE_BOUND('',#1754,.F.);
#1754 = EDGE_LOOP('',(#1755));
#1755 = ORIENTED_EDGE('',*,*,#1690,.F.);
#1756 = ( GEOMETRIC_REPRESENTATION_CONTEXT(3) 
GLOBAL_UNCERTAINTY_ASSIGNED_CONTEXT((#1760)) 
GLOBAL_UNIT_ASSIGNED_CONTEXT((#1757,#1758,#1759)) REPRESENTATION_CONTEXT
('Context #1','3D Context with UNIT and UNCERTAINTY') );
#1757 = ( LENGTH_UNIT() NAMED_UNIT(*) SI_UNIT(.MILLI.,.METRE.) );
#1758 = ( NAMED_UNIT(*) PLANE_ANGLE_UNIT() SI_UNIT($,.RADIAN.) );
#1759 = ( NAMED_UNIT(*) SI_UNIT($,.STERADIAN.) SOLID_ANGLE_UNIT() );
#1760 = UNCERTAINTY_MEASURE_WITH_UNIT(LENGTH_MEASURE(1.E-07),#1757,
  'distance_accuracy_value','confusion accuracy');
#1761 = CONTEXT_DEPENDENT_SHAPE_REPRESENTATION(#1762,#1764);
#1762 = ( REPRESENTATION_RELATIONSHIP('','',#1557,#10) 
REPRESENTATION_RELATIONSHIP_WITH_TRANSFORMATION(#1763) 
SHAPE_REPRESENTATION_RELATIONSHIP() );
#1763 = ITEM_DEFINED_TRANSFORMATION('','',#11,#19);
#1764 = PRODUCT_DEFINITION_SHAPE('Placement','Placement of an item',
  #1765);
#1765 = NEXT_ASSEMBLY_USAGE_OCCURRENCE('45','ring0','',#5,#1552,$);
#1766 = PRODUCT_RELATED_PRODUCT_CATEGORY('part',$,(#1554));
#1767 = SHAPE_DEFINITION_REPRESENTATION(#1768,#1774);
#1768 = PRODUCT_DEFINITION_SHAPE('','',#1769);
#1769 = PRODUCT_DEFINITION('design','',#1770,#1773);
#1770 = PRODUCT_DEFINITION_FORMATION('','',#1771);
#1771 = PRODUCT('ring1','ring1','',(#1772));
#1772 = PRODUCT_CONTEXT('',#2,'mechanical');
#1773 = PRODUCT_DEFINITION_CONTEXT('part definition',#2,'design');
#1774 = ADVANCED_BREP_SHAPE_REPRESENTATION('',(#11,#1775),#1973);
#1775 = MANIFOLD_SOLID_BREP('',#1776);
#1776 = CLOSED_SHELL('',(#1777,#1873,#1959,#1966));
#1777 = ADVANCED_FACE('',(#1778),#1792,.T.);
#1778 = FACE_BOUND('',#1779,.T.);
#1779 = EDGE_LOOP('',(#1780,#1810,#1841,#1842));
#1780 = ORIENTED_EDGE('',*,*,#1781,.T.);
#1781 = EDGE_CURVE('',#1782,#1784,#1786,.T.);
#1782 = VERTEX_POINT('',#1783);
#1783 = CARTESIAN_POINT('',(0.85,-2.54,1.6));
#1784 = VERTEX_POINT('',#1785);
#1785 = CARTESIAN_POINT('',(0.85,-2.54,1.65));
#1786 = SEAM_CURVE('',#1787,(#1791,#1803),.PCURVE_S1.);
#1787 = LINE('',#1788,#1789);
#1788 = CARTESIAN_POINT('',(0.85,-2.54,1.6));
#1789 = VECTOR('',#1790,1.);
#1790 = DIRECTION('',(-0.,-0.,1.));
#1791 = PCURVE('',#1792,#1797);
#1792 = CYLINDRICAL_SURFACE('',#1793,0.85);
#1793 = AXIS2_PLACEMENT_3D('',#1794,#1795,#1796);
#1794 = CARTESIAN_POINT('',(0.,-2.54,1.6));
#1795 = DIRECTION('',(-0.,0.,-1.));
#1796 = DIRECTION('',(1.,-0.,-0.));
#1797 = DEFINITIONAL_REPRESENTATION('',(#1798),#1802);
#1798 = LINE('',#1799,#1800);
#1799 = CARTESIAN_POINT('',(0.,0.));
#1800 = VECTOR('',#1801,1.);
#1801 = DIRECTION('',(0.,-1.));
#1802 = ( GEOMETRIC_REPRESENTATION_CONTEXT(2) 
PARAMETRIC_REPRESENTATION_CONTEXT() REPRESENTATION_CONTEXT('2D SPACE',''
  ) );
#1803 = PCURVE('',#1792,#1804);
#1804 = DEFINITIONAL_REPRESENTATION('',(#1805),#1809);
#1805 = LINE('',#1806,#1807);
#1806 = CARTESIAN_POINT('',(6.28318530718,0.));
#1807 = VECTOR('',#1808,1.);
#1808 = DIRECTION('',(0.,-1.));
#1809 = ( GEOMETRIC_REPRESENTATION_CONTEXT(2) 
PARAMETRIC_REPRESENTATION_CONTEXT() REPRESENTATION_CONTEXT('2D SPACE',''
  ) );
#1810 = ORIENTED_EDGE('',*,*,#1811,.T.);
#1811 = EDGE_CURVE('',#1784,#1784,#1812,.T.);
#1812 = SURFACE_CURVE('',#1813,(#1818,#1825),.PCURVE_S1.);
#1813 = CIRCLE('',#1814,0.85);
#1814 = AXIS2_PLACEMENT_3D('',#1815,#1816,#1817);
#1815 = CARTESIAN_POINT('',(0.,-2.54,1.65));
#1816 = DIRECTION('',(0.,0.,-1.));
#1817 = DIRECTION('',(1.,-0.,-0.));
#1818 = PCURVE('',#1792,#1819);
#1819 = DEFINITIONAL_REPRESENTATION('',(#1820),#1824);
#1820 = LINE('',#1821,#1822);
#1821 = CARTESIAN_POINT('',(0.,-5.E-02));
#1822 = VECTOR('',#1823,1.);
#1823 = DIRECTION('',(1.,0.));
#1824 = ( GEOMETRIC_REPRESENTATION_CONTEXT(2) 
PARAMETRIC_REPRESENTATION_CONTEXT() REPRESENTATION_CONTEXT('2D SPACE',''
  ) );
#1825 = PCURVE('',#1826,#1831);
#1826 = PLANE('',#1827);
#1827 = AXIS2_PLACEMENT_3D('',#1828,#1829,#1830);
#1828 = CARTESIAN_POINT('',(-2.513676714227E-17,-2.54,1.65));
#1829 = DIRECTION('',(-0.,-0.,1.));
#1830 = DIRECTION('',(-1.,0.,0.));
#1831 = DEFINITIONAL_REPRESENTATION('',(#1832),#1840);
#1832 = ( BOUNDED_CURVE() B_SPLINE_CURVE(2,(#1833,#1834,#1835,#1836,
#1837,#1838,#1839),.UNSPECIFIED.,.T.,.F.) B_SPLINE_CURVE_WITH_KNOTS((1,2
    ,2,2,2,1),(-2.094395102393,0.,2.094395102393,4.188790204786,
6.28318530718,8.377580409573),.UNSPECIFIED.) CURVE() 
GEOMETRIC_REPRESENTATION_ITEM() RATIONAL_B_SPLINE_CURVE((1.,0.5,1.,0.5,
1.,0.5,1.)) REPRESENTATION_ITEM('') );
#1833 = CARTESIAN_POINT('',(-0.85,0.));
#1834 = CARTESIAN_POINT('',(-0.85,1.472243186434));
#1835 = CARTESIAN_POINT('',(0.425,0.736121593217));
#1836 = CARTESIAN_POINT('',(1.7,2.081899558551E-16));
#1837 = CARTESIAN_POINT('',(0.425,-0.736121593217));
#1838 = CARTESIAN_POINT('',(-0.85,-1.472243186434));
#1839 = CARTESIAN_POINT('',(-0.85,0.));
#1840 = ( GEOMETRIC_REPRESENTATION_CONTEXT(2) 
PARAMETRIC_REPRESENTATION_CONTEXT() REPRESENTATION_CONTEXT('2D SPACE',''
  ) );
#1841 = ORIENTED_EDGE('',*,*,#1781,.F.);
#1842 = ORIENTED_EDGE('',*,*,#1843,.F.);
#1843 = EDGE_CURVE('',#1782,#1782,#1844,.T.);
#1844 = SURFACE_CURVE('',#1845,(#1850,#1857),.PCURVE_S1.);
#1845 = CIRCLE('',#1846,0.85);
#1846 = AXIS2_PLACEMENT_3D('',#1847,#1848,#1849);
#1847 = CARTESIAN_POINT('',(0.,-2.54,1.6));
#1848 = DIRECTION('',(0.,0.,-1.));
#1849 = DIRECTION('',(1.,-0.,-0.));
#1850 = PCURVE('',#1792,#1851);
#1851 = DEFINITIONAL_REPRESENTATION('',(#1852),#1856);
#1852 = LINE('',#1853,#1854);
#1853 = CARTESIAN_POINT('',(0.,0.));
#1854 = VECTOR('',#1855,1.);
#1855 = DIRECTION('',(1.,0.));
#1856 = ( GEOMETRIC_REPRESENTATION_CONTEXT(2) 
PARAMETRIC_REPRESENTATION_CONTEXT() REPRESENTATION_CONTEXT('2D SPACE',''
  ) );
#1857 = PCURVE('',#1858,#1863);
#1858 = PLANE('',#1859);
#1859 = AXIS2_PLACEMENT_3D('',#1860,#1861,#1862);
#1860 = CARTESIAN_POINT('',(-2.513676714227E-17,-2.54,1.6));
#1861 = DIRECTION('',(-0.,-0.,1.));
#1862 = DIRECTION('',(-1.,0.,0.));
#1863 = DEFINITIONAL_REPRESENTATION('',(#1864),#1872);
#1864 = ( BOUNDED_CURVE() B_SPLINE_CURVE(2,(#1865,#1866,#1867,#1868,
#1869,#1870,#1871),.UNSPECIFIED.,.T.,.F.) B_SPLINE_CURVE_WITH_KNOTS((1,2
    ,2,2,2,1),(-2.094395102393,0.,2.094395102393,4.188790204786,
6.28318530718,8.377580409573),.UNSPECIFIED.) CURVE() 
GEOMETRIC_REPRESENTATION_ITEM() RATIONAL_B_SPLINE_CURVE((1.,0.5,1.,0.5,
1.,0.5,1.)) REPRESENTATION_ITEM('') );
#1865 = CARTESIAN_POINT('',(-0.85,0.));
#1866 = CARTESIAN_POINT('',(-0.85,1.472243186434));
#1867 = CARTESIAN_POINT('',(0.425,0.736121593217));
#1868 = CARTESIAN_POINT('',(1.7,2.081899558551E-16));
#1869 = CARTESIAN_POINT('',(0.425,-0.736121593217));
#1870 = CARTESIAN_POINT('',(-0.85,-1.472243186434));
#1871 = CARTESIAN_POINT('',(-0.85,0.));
#1872 = ( GEOMETRIC_REPRESENTATION_CONTEXT(2) 
PARAMETRIC_REPRESENTATION_CONTEXT() REPRESENTATION_CONTEXT('2D SPACE',''
  ) );
#1873 = ADVANCED_FACE('',(#1874),#1888,.F.);
#1874 = FACE_BOUND('',#1875,.F.);
#1875 = EDGE_LOOP('',(#1876,#1906,#1932,#1933));
#1876 = ORIENTED_EDGE('',*,*,#1877,.T.);
#1877 = EDGE_CURVE('',#1878,#1880,#1882,.T.);
#1878 = VERTEX_POINT('',#1879);
#1879 = CARTESIAN_POINT('',(0.5,-2.54,1.6));
#1880 = VERTEX_POINT('',#1881);
#1881 = CARTESIAN_POINT('',(0.5,-2.54,1.65));
#1882 = SEAM_CURVE('',#1883,(#1887,#1899),.PCURVE_S1.);
#1883 = LINE('',#1884,#1885);
#1884 = CARTESIAN_POINT('',(0.5,-2.54,1.6));
#1885 = VECTOR('',#1886,1.);
#1886 = DIRECTION('',(-0.,-0.,1.));
#1887 = PCURVE('',#1888,#1893);
#1888 = CYLINDRICAL_SURFACE('',#1889,0.5);
#1889 = AXIS2_PLACEMENT_3D('',#1890,#1891,#1892);
#1890 = CARTESIAN_POINT('',(4.051663643225E-15,-2.54,1.6));
#1891 = DIRECTION('',(-0.,0.,-1.));
#1892 = DIRECTION('',(1.,-0.,-0.));
#1893 = DEFINITIONAL_REPRESENTATION('',(#1894),#1898);
#1894 = LINE('',#1895,#1896);
#1895 = CARTESIAN_POINT('',(0.,0.));
#1896 = VECTOR('',#1897,1.);
#1897 = DIRECTION('',(0.,-1.));
#1898 = ( GEOMETRIC_REPRESENTATION_CONTEXT(2) 
PARAMETRIC_REPRESENTATION_CONTEXT() REPRESENTATION_CONTEXT('2D SPACE',''
  ) );
#1899 = PCURVE('',#1888,#1900);
#1900 = DEFINITIONAL_REPRESENTATION('',(#1901),#1905);
#1901 = LINE('',#1902,#1903);
#1902 = CARTESIAN_POINT('',(6.28318530718,0.));
#1903 = VECTOR('',#1904,1.);
#1904 = DIRECTION('',(0.,-1.));
#1905 = ( GEOMETRIC_REPRESENTATION_CONTEXT(2) 
PARAMETRIC_REPRESENTATION_CONTEXT() REPRESENTATION_CONTEXT('2D SPACE',''
  ) );
#1906 = ORIENTED_EDGE('',*,*,#1907,.T.);
#1907 = EDGE_CURVE('',#1880,#1880,#1908,.T.);
#1908 = SURFACE_CURVE('',#1909,(#1914,#1921),.PCURVE_S1.);
#1909 = CIRCLE('',#1910,0.5);
#1910 = AXIS2_PLACEMENT_3D('',#1911,#1912,#1913);
#1911 = CARTESIAN_POINT('',(4.051663643225E-15,-2.54,1.65));
#1912 = DIRECTION('',(0.,0.,-1.));
#1913 = DIRECTION('',(1.,-0.,-0.));
#1914 = PCURVE('',#1888,#1915);
#1915 = DEFINITIONAL_REPRESENTATION('',(#1916),#1920);
#1916 = LINE('',#1917,#1918);
#1917 = CARTESIAN_POINT('',(0.,-5.E-02));
#1918 = VECTOR('',#1919,1.);
#1919 = DIRECTION('',(1.,0.));
#1920 = ( GEOMETRIC_REPRESENTATION_CONTEXT(2) 
PARAMETRIC_REPRESENTATION_CONTEXT() REPRESENTATION_CONTEXT('2D SPACE',''
  ) );
#1921 = PCURVE('',#1826,#1922);
#1922 = DEFINITIONAL_REPRESENTATION('',(#1923),#1931);
#1923 = ( BOUNDED_CURVE() B_SPLINE_CURVE(2,(#1924,#1925,#1926,#1927,
#1928,#1929,#1930),.UNSPECIFIED.,.T.,.F.) B_SPLINE_CURVE_WITH_KNOTS((1,2
    ,2,2,2,1),(-2.094395102393,0.,2.094395102393,4.188790204786,
6.28318530718,8.377580409573),.UNSPECIFIED.) CURVE() 
GEOMETRIC_REPRESENTATION_ITEM() RATIONAL_B_SPLINE_CURVE((1.,0.5,1.,0.5,
1.,0.5,1.)) REPRESENTATION_ITEM('') );
#1924 = CARTESIAN_POINT('',(-0.5,0.));
#1925 = CARTESIAN_POINT('',(-0.5,0.866025403784));
#1926 = CARTESIAN_POINT('',(0.25,0.433012701892));
#1927 = CARTESIAN_POINT('',(1.,1.224646799147E-16));
#1928 = CARTESIAN_POINT('',(0.25,-0.433012701892));
#1929 = CARTESIAN_POINT('',(-0.5,-0.866025403784));
#1930 = CARTESIAN_POINT('',(-0.5,0.));
#1931 = ( GEOMETRIC_REPRESENTATION_CONTEXT(2) 
PARAMETRIC_REPRESENTATION_CONTEXT() REPRESENTATION_CONTEXT('2D SPACE',''
  ) );
#1932 = ORIENTED_EDGE('',*,*,#1877,.F.);
#1933 = ORIENTED_EDGE('',*,*,#1934,.F.);
#1934 = EDGE_CURVE('',#1878,#1878,#1935,.T.);
#1935 = SURFACE_CURVE('',#1936,(#1941,#1948),.PCURVE_S1.);
#1936 = CIRCLE('',#1937,0.5);
#1937 = AXIS2_PLACEMENT_3D('',#1938,#1939,#1940);
#1938 = CARTESIAN_POINT('',(4.051663643225E-15,-2.54,1.6));
#1939 = DIRECTION('',(0.,0.,-1.));
#1940 = DIRECTION('',(1.,-0.,-0.));
#1941 = PCURVE('',#1888,#1942);
#1942 = DEFINITIONAL_REPRESENTATION('',(#1943),#1947);
#1943 = LINE('',#1944,#1945);
#1944 = CARTESIAN_POINT('',(0.,0.));
#1945 = VECTOR('',#1946,1.);
#1946 = DIRECTION('',(1.,0.));
#1947 = ( GEOMETRIC_REPRESENTATION_CONTEXT(2) 
PARAMETRIC_REPRESENTATION_CONTEXT() REPRESENTATION_CONTEXT('2D SPACE',''
  ) );
#1948 = PCURVE('',#1858,#1949);
#1949 = DEFINITIONAL_REPRESENTATION('',(#1950),#1958);
#1950 = ( BOUNDED_CURVE() B_SPLINE_CURVE(2,(#1951,#1952,#1953,#1954,
#1955,#1956,#1957),.UNSPECIFIED.,.T.,.F.) B_SPLINE_CURVE_WITH_KNOTS((1,2
    ,2,2,2,1),(-2.094395102393,0.,2.094395102393,4.188790204786,
6.28318530718,8.377580409573),.UNSPECIFIED.) CURVE() 
GEOMETRIC_REPRESENTATION_ITEM() RATIONAL_B_SPLINE_CURVE((1.,0.5,1.,0.5,
1.,0.5,1.)) REPRESENTATION_ITEM('') );
#1951 = CARTESIAN_POINT('',(-0.5,0.));
#1952 = CARTESIAN_POINT('',(-0.5,0.866025403784));
#1953 = CARTESIAN_POINT('',(0.25,0.433012701892));
#1954 = CARTESIAN_POINT('',(1.,1.224646799147E-16));
#1955 = CARTESIAN_POINT('',(0.25,-0.433012701892));
#1956 = CARTESIAN_POINT('',(-0.5,-0.866025403784));
#1957 = CARTESIAN_POINT('',(-0.5,0.));
#1958 = ( GEOMETRIC_REPRESENTATION_CONTEXT(2) 
PARAMETRIC_REPRESENTATION_CONTEXT() REPRESENTATION_CONTEXT('2D SPACE',''
  ) );
#1959 = ADVANCED_FACE('',(#1960,#1963),#1858,.F.);
#1960 = FACE_BOUND('',#1961,.T.);
#1961 = EDGE_LOOP('',(#1962));
#1962 = ORIENTED_EDGE('',*,*,#1843,.T.);
#1963 = FACE_BOUND('',#1964,.T.);
#1964 = EDGE_LOOP('',(#1965));
#1965 = ORIENTED_EDGE('',*,*,#1934,.F.);
#1966 = ADVANCED_FACE('',(#1967,#1970),#1826,.T.);
#1967 = FACE_BOUND('',#1968,.F.);
#1968 = EDGE_LOOP('',(#1969));
#1969 = ORIENTED_EDGE('',*,*,#1811,.T.);
#1970 = FACE_BOUND('',#1971,.F.);
#1971 = EDGE_LOOP('',(#1972));
#1972 = ORIENTED_EDGE('',*,*,#1907,.F.);
#1973 = ( GEOMETRIC_REPRESENTATION_CONTEXT(3) 
GLOBAL_UNCERTAINTY_ASSIGNED_CONTEXT((#1977)) 
GLOBAL_UNIT_ASSIGNED_CONTEXT((#1974,#1975,#1976)) REPRESENTATION_CONTEXT
('Context #1','3D Context with UNIT and UNCERTAINTY') );
#1974 = ( LENGTH_UNIT() NAMED_UNIT(*) SI_UNIT(.MILLI.,.METRE.) );
#1975 = ( NAMED_UNIT(*) PLANE_ANGLE_UNIT() SI_UNIT($,.RADIAN.) );
#1976 = ( NAMED_UNIT(*) SI_UNIT($,.STERADIAN.) SOLID_ANGLE_UNIT() );
#1977 = UNCERTAINTY_MEASURE_WITH_UNIT(LENGTH_MEASURE(1.E-07),#1974,
  'distance_accuracy_value','confusion accuracy');
#1978 = CONTEXT_DEPENDENT_SHAPE_REPRESENTATION(#1979,#1981);
#1979 = ( REPRESENTATION_RELATIONSHIP('','',#1774,#10) 
REPRESENTATION_RELATIONSHIP_WITH_TRANSFORMATION(#1980) 
SHAPE_REPRESENTATION_RELATIONSHIP() );
#1980 = ITEM_DEFINED_TRANSFORMATION('','',#11,#23);
#1981 = PRODUCT_DEFINITION_SHAPE('Placement','Placement of an item',
  #1982);
#1982 = NEXT_ASSEMBLY_USAGE_OCCURRENCE('46','ring1','',#5,#1769,$);
#1983 = PRODUCT_RELATED_PRODUCT_CATEGORY('part',$,(#1771));
#1984 = SHAPE_DEFINITION_REPRESENTATION(#1985,#1991);
#1985 = PRODUCT_DEFINITION_SHAPE('','',#1986);
#1986 = PRODUCT_DEFINITION('design','',#1987,#1990);
#1987 = PRODUCT_DEFINITION_FORMATION('','',#1988);
#1988 = PRODUCT('ring2','ring2','',(#1989));
#1989 = PRODUCT_CONTEXT('',#2,'mechanical');
#1990 = PRODUCT_DEFINITION_CONTEXT('part definition',#2,'design');
#1991 = ADVANCED_BREP_SHAPE_REPRESENTATION('',(#11,#1992),#2190);
#1992 = MANIFOLD_SOLID_BREP('',#1993);
#1993 = CLOSED_SHELL('',(#1994,#2090,#2176,#2183));
#1994 = ADVANCED_FACE('',(#1995),#2009,.T.);
#1995 = FACE_BOUND('',#1996,.T.);
#1996 = EDGE_LOOP('',(#1997,#2027,#2058,#2059));
#1997 = ORIENTED_EDGE('',*,*,#1998,.T.);
#1998 = EDGE_CURVE('',#1999,#2001,#2003,.T.);
#1999 = VERTEX_POINT('',#2000);
#2000 = CARTESIAN_POINT('',(0.85,-5.08,1.6));
#2001 = VERTEX_POINT('',#2002);
#2002 = CARTESIAN_POINT('',(0.85,-5.08,1.65));
#2003 = SEAM_CURVE('',#2004,(#2008,#2020),.PCURVE_S1.);
#2004 = LINE('',#2005,#2006);
#2005 = CARTESIAN_POINT('',(0.85,-5.08,1.6));
#2006 = VECTOR('',#2007,1.);
#2007 = DIRECTION('',(-0.,-0.,1.));
#2008 = PCURVE('',#2009,#2014);
#2009 = CYLINDRICAL_SURFACE('',#2010,0.85);
#2010 = AXIS2_PLACEMENT_3D('',#2011,#2012,#2013);
#2011 = CARTESIAN_POINT('',(0.,-5.08,1.6));
#2012 = DIRECTION('',(-0.,0.,-1.));
#2013 = DIRECTION('',(1.,-0.,-0.));
#2014 = DEFINITIONAL_REPRESENTATION('',(#2015),#2019);
#2015 = LINE('',#2016,#2017);
#2016 = CARTESIAN_POINT('',(0.,0.));
#2017 = VECTOR('',#2018,1.);
#2018 = DIRECTION('',(0.,-1.));
#2019 = ( GEOMETRIC_REPRESENTATION_CONTEXT(2) 
PARAMETRIC_REPRESENTATION_CONTEXT() REPRESENTATION_CONTEXT('2D SPACE',''
  ) );
#2020 = PCURVE('',#2009,#2021);
#2021 = DEFINITIONAL_REPRESENTATION('',(#2022),#2026);
#2022 = LINE('',#2023,#2024);
#2023 = CARTESIAN_POINT('',(6.28318530718,0.));
#2024 = VECTOR('',#2025,1.);
#2025 = DIRECTION('',(0.,-1.));
#2026 = ( GEOMETRIC_REPRESENTATION_CONTEXT(2) 
PARAMETRIC_REPRESENTATION_CONTEXT() REPRESENTATION_CONTEXT('2D SPACE',''
  ) );
#2027 = ORIENTED_EDGE('',*,*,#2028,.T.);
#2028 = EDGE_CURVE('',#2001,#2001,#2029,.T.);
#2029 = SURFACE_CURVE('',#2030,(#2035,#2042),.PCURVE_S1.);
#2030 = CIRCLE('',#2031,0.85);
#2031 = AXIS2_PLACEMENT_3D('',#2032,#2033,#2034);
#2032 = CARTESIAN_POINT('',(0.,-5.08,1.65));
#2033 = DIRECTION('',(0.,0.,-1.));
#2034 = DIRECTION('',(1.,-0.,-0.));
#2035 = PCURVE('',#2009,#2036);
#2036 = DEFINITIONAL_REPRESENTATION('',(#2037),#2041);
#2037 = LINE('',#2038,#2039);
#2038 = CARTESIAN_POINT('',(0.,-5.E-02));
#2039 = VECTOR('',#2040,1.);
#2040 = DIRECTION('',(1.,0.));
#2041 = ( GEOMETRIC_REPRESENTATION_CONTEXT(2) 
PARAMETRIC_REPRESENTATION_CONTEXT() REPRESENTATION_CONTEXT('2D SPACE',''
  ) );
#2042 = PCURVE('',#2043,#2048);
#2043 = PLANE('',#2044);
#2044 = AXIS2_PLACEMENT_3D('',#2045,#2046,#2047);
#2045 = CARTESIAN_POINT('',(2.513676714227E-17,-5.08,1.65));
#2046 = DIRECTION('',(-0.,-0.,1.));
#2047 = DIRECTION('',(-1.,0.,0.));
#2048 = DEFINITIONAL_REPRESENTATION('',(#2049),#2057);
#2049 = ( BOUNDED_CURVE() B_SPLINE_CURVE(2,(#2050,#2051,#2052,#2053,
#2054,#2055,#2056),.UNSPECIFIED.,.T.,.F.) B_SPLINE_CURVE_WITH_KNOTS((1,2
    ,2,2,2,1),(-2.094395102393,0.,2.094395102393,4.188790204786,
6.28318530718,8.377580409573),.UNSPECIFIED.) CURVE() 
GEOMETRIC_REPRESENTATION_ITEM() RATIONAL_B_SPLINE_CURVE((1.,0.5,1.,0.5,
1.,0.5,1.)) REPRESENTATION_ITEM('') );
#2050 = CARTESIAN_POINT('',(-0.85,8.881784197001E-16));
#2051 = CARTESIAN_POINT('',(-0.85,1.472243186434));
#2052 = CARTESIAN_POINT('',(0.425,0.736121593217));
#2053 = CARTESIAN_POINT('',(1.7,1.096368375555E-15));
#2054 = CARTESIAN_POINT('',(0.425,-0.736121593217));
#2055 = CARTESIAN_POINT('',(-0.85,-1.472243186434));
#2056 = CARTESIAN_POINT('',(-0.85,8.881784197001E-16));
#2057 = ( GEOMETRIC_REPRESENTATION_CONTEXT(2) 
PARAMETRIC_REPRESENTATION_CONTEXT() REPRESENTATION_CONTEXT('2D SPACE',''
  ) );
#2058 = ORIENTED_EDGE('',*,*,#1998,.F.);
#2059 = ORIENTED_EDGE('',*,*,#2060,.F.);
#2060 = EDGE_CURVE('',#1999,#1999,#2061,.T.);
#2061 = SURFACE_CURVE('',#2062,(#2067,#2074),.PCURVE_S1.);
#2062 = CIRCLE('',#2063,0.85);
#2063 = AXIS2_PLACEMENT_3D('',#2064,#2065,#2066);
#2064 = CARTESIAN_POINT('',(0.,-5.08,1.6));
#2065 = DIRECTION('',(0.,0.,-1.));
#2066 = DIRECTION('',(1.,-0.,-0.));
#2067 = PCURVE('',#2009,#2068);
#2068 = DEFINITIONAL_REPRESENTATION('',(#2069),#2073);
#2069 = LINE('',#2070,#2071);
#2070 = CARTESIAN_POINT('',(0.,0.));
#2071 = VECTOR('',#2072,1.);
#2072 = DIRECTION('',(1.,0.));
#2073 = ( GEOMETRIC_REPRESENTATION_CONTEXT(2) 
PARAMETRIC_REPRESENTATION_CONTEXT() REPRESENTATION_CONTEXT('2D SPACE',''
  ) );
#2074 = PCURVE('',#2075,#2080);
#2075 = PLANE('',#2076);
#2076 = AXIS2_PLACEMENT_3D('',#2077,#2078,#2079);
#2077 = CARTESIAN_POINT('',(2.513676714227E-17,-5.08,1.6));
#2078 = DIRECTION('',(-0.,-0.,1.));
#2079 = DIRECTION('',(-1.,0.,0.));
#2080 = DEFINITIONAL_REPRESENTATION('',(#2081),#2089);
#2081 = ( BOUNDED_CURVE() B_SPLINE_CURVE(2,(#2082,#2083,#2084,#2085,
#2086,#2087,#2088),.UNSPECIFIED.,.T.,.F.) B_SPLINE_CURVE_WITH_KNOTS((1,2
    ,2,2,2,1),(-2.094395102393,0.,2.094395102393,4.188790204786,
6.28318530718,8.377580409573),.UNSPECIFIED.) CURVE() 
GEOMETRIC_REPRESENTATION_ITEM() RATIONAL_B_SPLINE_CURVE((1.,0.5,1.,0.5,
1.,0.5,1.)) REPRESENTATION_ITEM('') );
#2082 = CARTESIAN_POINT('',(-0.85,8.881784197001E-16));
#2083 = CARTESIAN_POINT('',(-0.85,1.472243186434));
#2084 = CARTESIAN_POINT('',(0.425,0.736121593217));
#2085 = CARTESIAN_POINT('',(1.7,1.096368375555E-15));
#2086 = CARTESIAN_POINT('',(0.425,-0.736121593217));
#2087 = CARTESIAN_POINT('',(-0.85,-1.472243186434));
#2088 = CARTESIAN_POINT('',(-0.85,8.881784197001E-16));
#2089 = ( GEOMETRIC_REPRESENTATION_CONTEXT(2) 
PARAMETRIC_REPRESENTATION_CONTEXT() REPRESENTATION_CONTEXT('2D SPACE',''
  ) );
#2090 = ADVANCED_FACE('',(#2091),#2105,.F.);
#2091 = FACE_BOUND('',#2092,.F.);
#2092 = EDGE_LOOP('',(#2093,#2123,#2149,#2150));
#2093 = ORIENTED_EDGE('',*,*,#2094,.T.);
#2094 = EDGE_CURVE('',#2095,#2097,#2099,.T.);
#2095 = VERTEX_POINT('',#2096);
#2096 = CARTESIAN_POINT('',(0.5,-5.08,1.6));
#2097 = VERTEX_POINT('',#2098);
#2098 = CARTESIAN_POINT('',(0.5,-5.08,1.65));
#2099 = SEAM_CURVE('',#2100,(#2104,#2116),.PCURVE_S1.);
#2100 = LINE('',#2101,#2102);
#2101 = CARTESIAN_POINT('',(0.5,-5.08,1.6));
#2102 = VECTOR('',#2103,1.);
#2103 = DIRECTION('',(-0.,-0.,1.));
#2104 = PCURVE('',#2105,#2110);
#2105 = CYLINDRICAL_SURFACE('',#2106,0.5);
#2106 = AXIS2_PLACEMENT_3D('',#2107,#2108,#2109);
#2107 = CARTESIAN_POINT('',(4.051663643225E-15,-5.08,1.6));
#2108 = DIRECTION('',(-0.,0.,-1.));
#2109 = DIRECTION('',(1.,-0.,-0.));
#2110 = DEFINITIONAL_REPRESENTATION('',(#2111),#2115);
#2111 = LINE('',#2112,#2113);
#2112 = CARTESIAN_POINT('',(0.,0.));
#2113 = VECTOR('',#2114,1.);
#2114 = DIRECTION('',(0.,-1.));
#2115 = ( GEOMETRIC_REPRESENTATION_CONTEXT(2) 
PARAMETRIC_REPRESENTATION_CONTEXT() REPRESENTATION_CONTEXT('2D SPACE',''
  ) );
#2116 = PCURVE('',#2105,#2117);
#2117 = DEFINITIONAL_REPRESENTATION('',(#2118),#2122);
#2118 = LINE('',#2119,#2120);
#2119 = CARTESIAN_POINT('',(6.28318530718,0.));
#2120 = VECTOR('',#2121,1.);
#2121 = DIRECTION('',(0.,-1.));
#2122 = ( GEOMETRIC_REPRESENTATION_CONTEXT(2) 
PARAMETRIC_REPRESENTATION_CONTEXT() REPRESENTATION_CONTEXT('2D SPACE',''
  ) );
#2123 = ORIENTED_EDGE('',*,*,#2124,.T.);
#2124 = EDGE_CURVE('',#2097,#2097,#2125,.T.);
#2125 = SURFACE_CURVE('',#2126,(#2131,#2138),.PCURVE_S1.);
#2126 = CIRCLE('',#2127,0.5);
#2127 = AXIS2_PLACEMENT_3D('',#2128,#2129,#2130);
#2128 = CARTESIAN_POINT('',(4.051663643225E-15,-5.08,1.65));
#2129 = DIRECTION('',(0.,0.,-1.));
#2130 = DIRECTION('',(1.,-0.,-0.));
#2131 = PCURVE('',#2105,#2132);
#2132 = DEFINITIONAL_REPRESENTATION('',(#2133),#2137);
#2133 = LINE('',#2134,#2135);
#2134 = CARTESIAN_POINT('',(0.,-5.E-02));
#2135 = VECTOR('',#2136,1.);
#2136 = DIRECTION('',(1.,0.));
#2137 = ( GEOMETRIC_REPRESENTATION_CONTEXT(2) 
PARAMETRIC_REPRESENTATION_CONTEXT() REPRESENTATION_CONTEXT('2D SPACE',''
  ) );
#2138 = PCURVE('',#2043,#2139);
#2139 = DEFINITIONAL_REPRESENTATION('',(#2140),#2148);
#2140 = ( BOUNDED_CURVE() B_SPLINE_CURVE(2,(#2141,#2142,#2143,#2144,
#2145,#2146,#2147),.UNSPECIFIED.,.T.,.F.) B_SPLINE_CURVE_WITH_KNOTS((1,2
    ,2,2,2,1),(-2.094395102393,0.,2.094395102393,4.188790204786,
6.28318530718,8.377580409573),.UNSPECIFIED.) CURVE() 
GEOMETRIC_REPRESENTATION_ITEM() RATIONAL_B_SPLINE_CURVE((1.,0.5,1.,0.5,
1.,0.5,1.)) REPRESENTATION_ITEM('') );
#2141 = CARTESIAN_POINT('',(-0.5,8.881784197001E-16));
#2142 = CARTESIAN_POINT('',(-0.5,0.866025403784));
#2143 = CARTESIAN_POINT('',(0.25,0.433012701892));
#2144 = CARTESIAN_POINT('',(1.,1.010643099615E-15));
#2145 = CARTESIAN_POINT('',(0.25,-0.433012701892));
#2146 = CARTESIAN_POINT('',(-0.5,-0.866025403784));
#2147 = CARTESIAN_POINT('',(-0.5,8.881784197001E-16));
#2148 = ( GEOMETRIC_REPRESENTATION_CONTEXT(2) 
PARAMETRIC_REPRESENTATION_CONTEXT() REPRESENTATION_CONTEXT('2D SPACE',''
  ) );
#2149 = ORIENTED_EDGE('',*,*,#2094,.F.);
#2150 = ORIENTED_EDGE('',*,*,#2151,.F.);
#2151 = EDGE_CURVE('',#2095,#2095,#2152,.T.);
#2152 = SURFACE_CURVE('',#2153,(#2158,#2165),.PCURVE_S1.);
#2153 = CIRCLE('',#2154,0.5);
#2154 = AXIS2_PLACEMENT_3D('',#2155,#2156,#2157);
#2155 = CARTESIAN_POINT('',(4.051663643225E-15,-5.08,1.6));
#2156 = DIRECTION('',(0.,0.,-1.));
#2157 = DIRECTION('',(1.,-0.,-0.));
#2158 = PCURVE('',#2105,#2159);
#2159 = DEFINITIONAL_REPRESENTATION('',(#2160),#2164);
#2160 = LINE('',#2161,#2162);
#2161 = CARTESIAN_POINT('',(0.,0.));
#2162 = VECTOR('',#2163,1.);
#2163 = DIRECTION('',(1.,0.));
#2164 = ( GEOMETRIC_REPRESENTATION_CONTEXT(2) 
PARAMETRIC_REPRESENTATION_CONTEXT() REPRESENTATION_CONTEXT('2D SPACE',''
  ) );
#2165 = PCURVE('',#2075,#2166);
#2166 = DEFINITIONAL_REPRESENTATION('',(#2167),#2175);
#2167 = ( BOUNDED_CURVE() B_SPLINE_CURVE(2,(#2168,#2169,#2170,#2171,
#2172,#2173,#2174),.UNSPECIFIED.,.T.,.F.) B_SPLINE_CURVE_WITH_KNOTS((1,2
    ,2,2,2,1),(-2.094395102393,0.,2.094395102393,4.188790204786,
6.28318530718,8.377580409573),.UNSPECIFIED.) CURVE() 
GEOMETRIC_REPRESENTATION_ITEM() RATIONAL_B_SPLINE_CURVE((1.,0.5,1.,0.5,
1.,0.5,1.)) REPRESENTATION_ITEM('') );
#2168 = CARTESIAN_POINT('',(-0.5,8.881784197001E-16));
#2169 = CARTESIAN_POINT('',(-0.5,0.866025403784));
#2170 = CARTESIAN_POINT('',(0.25,0.433012701892));
#2171 = CARTESIAN_POINT('',(1.,1.010643099615E-15));
#2172 = CARTESIAN_POINT('',(0.25,-0.433012701892));
#2173 = CARTESIAN_POINT('',(-0.5,-0.866025403784));
#2174 = CARTESIAN_POINT('',(-0.5,8.881784197001E-16));
#2175 = ( GEOMETRIC_REPRESENTATION_CONTEXT(2) 
PARAMETRIC_REPRESENTATION_CONTEXT() REPRESENTATION_CONTEXT('2D SPACE',''
  ) );
#2176 = ADVANCED_FACE('',(#2177,#2180),#2075,.F.);
#2177 = FACE_BOUND('',#2178,.T.);
#2178 = EDGE_LOOP('',(#2179));
#2179 = ORIENTED_EDGE('',*,*,#2060,.T.);
#2180 = FACE_BOUND('',#2181,.T.);
#2181 = EDGE_LOOP('',(#2182));
#2182 = ORIENTED_EDGE('',*,*,#2151,.F.);
#2183 = ADVANCED_FACE('',(#2184,#2187),#2043,.T.);
#2184 = FACE_BOUND('',#2185,.F.);
#2185 = EDGE_LOOP('',(#2186));
#2186 = ORIENTED_EDGE('',*,*,#2028,.T.);
#2187 = FACE_BOUND('',#2188,.F.);
#2188 = EDGE_LOOP('',(#2189));
#2189 = ORIENTED_EDGE('',*,*,#2124,.F.);
#2190 = ( GEOMETRIC_REPRESENTATION_CONTEXT(3) 
GLOBAL_UNCERTAINTY_ASSIGNED_CONTEXT((#2194)) 
GLOBAL_UNIT_ASSIGNED_CONTEXT((#2191,#2192,#2193)) REPRESENTATION_CONTEXT
('Context #1','3D Context with UNIT and UNCERTAINTY') );
#2191 = ( LENGTH_UNIT() NAMED_UNIT(*) SI_UNIT(.MILLI.,.METRE.) );
#2192 = ( NAMED_UNIT(*) PLANE_ANGLE_UNIT() SI_UNIT($,.RADIAN.) );
#2193 = ( NAMED_UNIT(*) SI_UNIT($,.STERADIAN.) SOLID_ANGLE_UNIT() );
#2194 = UNCERTAINTY_MEASURE_WITH_UNIT(LENGTH_MEASURE(1.E-07),#2191,
  'distance_accuracy_value','confusion accuracy');
#2195 = CONTEXT_DEPENDENT_SHAPE_REPRESENTATION(#2196,#2198);
#2196 = ( REPRESENTATION_RELATIONSHIP('','',#1991,#10) 
REPRESENTATION_RELATIONSHIP_WITH_TRANSFORMATION(#2197) 
SHAPE_REPRESENTATION_RELATIONSHIP() );
#2197 = ITEM_DEFINED_TRANSFORMATION('','',#11,#27);
#2198 = PRODUCT_DEFINITION_SHAPE('Placement','Placement of an item',
  #2199);
#2199 = NEXT_ASSEMBLY_USAGE_OCCURRENCE('47','ring2','',#5,#1986,$);
#2200 = PRODUCT_RELATED_PRODUCT_CATEGORY('part',$,(#1988));
#2201 = SHAPE_DEFINITION_REPRESENTATION(#2202,#2208);
#2202 = PRODUCT_DEFINITION_SHAPE('','',#2203);
#2203 = PRODUCT_DEFINITION('design','',#2204,#2207);
#2204 = PRODUCT_DEFINITION_FORMATION('','',#2205);
#2205 = PRODUCT('ring3','ring3','',(#2206));
#2206 = PRODUCT_CONTEXT('',#2,'mechanical');
#2207 = PRODUCT_DEFINITION_CONTEXT('part definition',#2,'design');
#2208 = ADVANCED_BREP_SHAPE_REPRESENTATION('',(#11,#2209),#2407);
#2209 = MANIFOLD_SOLID_BREP('',#2210);
#2210 = CLOSED_SHELL('',(#2211,#2307,#2393,#2400));
#2211 = ADVANCED_FACE('',(#2212),#2226,.T.);
#2212 = FACE_BOUND('',#2213,.T.);
#2213 = EDGE_LOOP('',(#2214,#2244,#2275,#2276));
#2214 = ORIENTED_EDGE('',*,*,#2215,.T.);
#2215 = EDGE_CURVE('',#2216,#2218,#2220,.T.);
#2216 = VERTEX_POINT('',#2217);
#2217 = CARTESIAN_POINT('',(0.85,-7.62,1.6));
#2218 = VERTEX_POINT('',#2219);
#2219 = CARTESIAN_POINT('',(0.85,-7.62,1.65));
#2220 = SEAM_CURVE('',#2221,(#2225,#2237),.PCURVE_S1.);
#2221 = LINE('',#2222,#2223);
#2222 = CARTESIAN_POINT('',(0.85,-7.62,1.6));
#2223 = VECTOR('',#2224,1.);
#2224 = DIRECTION('',(-0.,-0.,1.));
#2225 = PCURVE('',#2226,#2231);
#2226 = CYLINDRICAL_SURFACE('',#2227,0.85);
#2227 = AXIS2_PLACEMENT_3D('',#2228,#2229,#2230);
#2228 = CARTESIAN_POINT('',(0.,-7.62,1.6));
#2229 = DIRECTION('',(-0.,0.,-1.));
#2230 = DIRECTION('',(1.,-0.,-0.));
#2231 = DEFINITIONAL_REPRESENTATION('',(#2232),#2236);
#2232 = LINE('',#2233,#2234);
#2233 = CARTESIAN_POINT('',(0.,0.));
#2234 = VECTOR('',#2235,1.);
#2235 = DIRECTION('',(0.,-1.));
#2236 = ( GEOMETRIC_REPRESENTATION_CONTEXT(2) 
PARAMETRIC_REPRESENTATION_CONTEXT() REPRESENTATION_CONTEXT('2D SPACE',''
  ) );
#2237 = PCURVE('',#2226,#2238);
#2238 = DEFINITIONAL_REPRESENTATION('',(#2239),#2243);
#2239 = LINE('',#2240,#2241);
#2240 = CARTESIAN_POINT('',(6.28318530718,0.));
#2241 = VECTOR('',#2242,1.);
#2242 = DIRECTION('',(0.,-1.));
#2243 = ( GEOMETRIC_REPRESENTATION_CONTEXT(2) 
PARAMETRIC_REPRESENTATION_CONTEXT() REPRESENTATION_CONTEXT('2D SPACE',''
  ) );
#2244 = ORIENTED_EDGE('',*,*,#2245,.T.);
#2245 = EDGE_CURVE('',#2218,#2218,#2246,.T.);
#2246 = SURFACE_CURVE('',#2247,(#2252,#2259),.PCURVE_S1.);
#2247 = CIRCLE('',#2248,0.85);
#2248 = AXIS2_PLACEMENT_3D('',#2249,#2250,#2251);
#2249 = CARTESIAN_POINT('',(0.,-7.62,1.65));
#2250 = DIRECTION('',(0.,0.,-1.));
#2251 = DIRECTION('',(1.,-0.,-0.));
#2252 = PCURVE('',#2226,#2253);
#2253 = DEFINITIONAL_REPRESENTATION('',(#2254),#2258);
#2254 = LINE('',#2255,#2256);
#2255 = CARTESIAN_POINT('',(0.,-5.E-02));
#2256 = VECTOR('',#2257,1.);
#2257 = DIRECTION('',(1.,0.));
#2258 = ( GEOMETRIC_REPRESENTATION_CONTEXT(2) 
PARAMETRIC_REPRESENTATION_CONTEXT() REPRESENTATION_CONTEXT('2D SPACE',''
  ) );
#2259 = PCURVE('',#2260,#2265);
#2260 = PLANE('',#2261);
#2261 = AXIS2_PLACEMENT_3D('',#2262,#2263,#2264);
#2262 = CARTESIAN_POINT('',(0.,-7.62,1.65));
#2263 = DIRECTION('',(-0.,-0.,1.));
#2264 = DIRECTION('',(-1.,0.,0.));
#2265 = DEFINITIONAL_REPRESENTATION('',(#2266),#2274);
#2266 = ( BOUNDED_CURVE() B_SPLINE_CURVE(2,(#2267,#2268,#2269,#2270,
#2271,#2272,#2273),.UNSPECIFIED.,.T.,.F.) B_SPLINE_CURVE_WITH_KNOTS((1,2
    ,2,2,2,1),(-2.094395102393,0.,2.094395102393,4.188790204786,
6.28318530718,8.377580409573),.UNSPECIFIED.) CURVE() 
GEOMETRIC_REPRESENTATION_ITEM() RATIONAL_B_SPLINE_CURVE((1.,0.5,1.,0.5,
1.,0.5,1.)) REPRESENTATION_ITEM('') );
#2267 = CARTESIAN_POINT('',(-0.85,-8.881784197001E-16));
#2268 = CARTESIAN_POINT('',(-0.85,1.472243186434));
#2269 = CARTESIAN_POINT('',(0.425,0.736121593217));
#2270 = CARTESIAN_POINT('',(1.7,-6.799884638451E-16));
#2271 = CARTESIAN_POINT('',(0.425,-0.736121593217));
#2272 = CARTESIAN_POINT('',(-0.85,-1.472243186434));
#2273 = CARTESIAN_POINT('',(-0.85,-8.881784197001E-16));
#2274 = ( GEOMETRIC_REPRESENTATION_CONTEXT(2) 
PARAMETRIC_REPRESENTATION_CONTEXT() REPRESENTATION_CONTEXT('2D SPACE',''
  ) );
#2275 = ORIENTED_EDGE('',*,*,#2215,.F.);
#2276 = ORIENTED_EDGE('',*,*,#2277,.F.);
#2277 = EDGE_CURVE('',#2216,#2216,#2278,.T.);
#2278 = SURFACE_CURVE('',#2279,(#2284,#2291),.PCURVE_S1.);
#2279 = CIRCLE('',#2280,0.85);
#2280 = AXIS2_PLACEMENT_3D('',#2281,#2282,#2283);
#2281 = CARTESIAN_POINT('',(0.,-7.62,1.6));
#2282 = DIRECTION('',(0.,0.,-1.));
#2283 = DIRECTION('',(1.,-0.,-0.));
#2284 = PCURVE('',#2226,#2285);
#2285 = DEFINITIONAL_REPRESENTATION('',(#2286),#2290);
#2286 = LINE('',#2287,#2288);
#2287 = CARTESIAN_POINT('',(0.,0.));
#2288 = VECTOR('',#2289,1.);
#2289 = DIRECTION('',(1.,0.));
#2290 = ( GEOMETRIC_REPRESENTATION_CONTEXT(2) 
PARAMETRIC_REPRESENTATION_CONTEXT() REPRESENTATION_CONTEXT('2D SPACE',''
  ) );
#2291 = PCURVE('',#2292,#2297);
#2292 = PLANE('',#2293);
#2293 = AXIS2_PLACEMENT_3D('',#2294,#2295,#2296);
#2294 = CARTESIAN_POINT('',(0.,-7.62,1.6));
#2295 = DIRECTION('',(-0.,-0.,1.));
#2296 = DIRECTION('',(-1.,0.,0.));
#2297 = DEFINITIONAL_REPRESENTATION('',(#2298),#2306);
#2298 = ( BOUNDED_CURVE() B_SPLINE_CURVE(2,(#2299,#2300,#2301,#2302,
#2303,#2304,#2305),.UNSPECIFIED.,.T.,.F.) B_SPLINE_CURVE_WITH_KNOTS((1,2
    ,2,2,2,1),(-2.094395102393,0.,2.094395102393,4.188790204786,
6.28318530718,8.377580409573),.UNSPECIFIED.) CURVE() 
GEOMETRIC_REPRESENTATION_ITEM() RATIONAL_B_SPLINE_CURVE((1.,0.5,1.,0.5,
1.,0.5,1.)) REPRESENTATION_ITEM('') );
#2299 = CARTESIAN_POINT('',(-0.85,-8.881784197001E-16));
#2300 = CARTESIAN_POINT('',(-0.85,1.472243186434));
#2301 = CARTESIAN_POINT('',(0.425,0.736121593217));
#2302 = CARTESIAN_POINT('',(1.7,-6.799884638451E-16));
#2303 = CARTESIAN_POINT('',(0.425,-0.736121593217));
#2304 = CARTESIAN_POINT('',(-0.85,-1.472243186434));
#2305 = CARTESIAN_POINT('',(-0.85,-8.881784197001E-16));
#2306 = ( GEOMETRIC_REPRESENTATION_CONTEXT(2) 
PARAMETRIC_REPRESENTATION_CONTEXT() REPRESENTATION_CONTEXT('2D SPACE',''
  ) );
#2307 = ADVANCED_FACE('',(#2308),#2322,.F.);
#2308 = FACE_BOUND('',#2309,.F.);
#2309 = EDGE_LOOP('',(#2310,#2340,#2366,#2367));
#2310 = ORIENTED_EDGE('',*,*,#2311,.T.);
#2311 = EDGE_CURVE('',#2312,#2314,#2316,.T.);
#2312 = VERTEX_POINT('',#2313);
#2313 = CARTESIAN_POINT('',(0.5,-7.62,1.6));
#2314 = VERTEX_POINT('',#2315);
#2315 = CARTESIAN_POINT('',(0.5,-7.62,1.65));
#2316 = SEAM_CURVE('',#2317,(#2321,#2333),.PCURVE_S1.);
#2317 = LINE('',#2318,#2319);
#2318 = CARTESIAN_POINT('',(0.5,-7.62,1.6));
#2319 = VECTOR('',#2320,1.);
#2320 = DIRECTION('',(-0.,-0.,1.));
#2321 = PCURVE('',#2322,#2327);
#2322 = CYLINDRICAL_SURFACE('',#2323,0.5);
#2323 = AXIS2_PLACEMENT_3D('',#2324,#2325,#2326);
#2324 = CARTESIAN_POINT('',(4.051663643225E-15,-7.62,1.6));
#2325 = DIRECTION('',(-0.,0.,-1.));
#2326 = DIRECTION('',(1.,-0.,-0.));
#2327 = DEFINITIONAL_REPRESENTATION('',(#2328),#2332);
#2328 = LINE('',#2329,#2330);
#2329 = CARTESIAN_POINT('',(0.,0.));
#2330 = VECTOR('',#2331,1.);
#2331 = DIRECTION('',(0.,-1.));
#2332 = ( GEOMETRIC_REPRESENTATION_CONTEXT(2) 
PARAMETRIC_REPRESENTATION_CONTEXT() REPRESENTATION_CONTEXT('2D SPACE',''
  ) );
#2333 = PCURVE('',#2322,#2334);
#2334 = DEFINITIONAL_REPRESENTATION('',(#2335),#2339);
#2335 = LINE('',#2336,#2337);
#2336 = CARTESIAN_POINT('',(6.28318530718,0.));
#2337 = VECTOR('',#2338,1.);
#2338 = DIRECTION('',(0.,-1.));
#2339 = ( GEOMETRIC_REPRESENTATION_CONTEXT(2) 
PARAMETRIC_REPRESENTATION_CONTEXT() REPRESENTATION_CONTEXT('2D SPACE',''
  ) );
#2340 = ORIENTED_EDGE('',*,*,#2341,.T.);
#2341 = EDGE_CURVE('',#2314,#2314,#2342,.T.);
#2342 = SURFACE_CURVE('',#2343,(#2348,#2355),.PCURVE_S1.);
#2343 = CIRCLE('',#2344,0.5);
#2344 = AXIS2_PLACEMENT_3D('',#2345,#2346,#2347);
#2345 = CARTESIAN_POINT('',(4.051663643225E-15,-7.62,1.65));
#2346 = DIRECTION('',(0.,0.,-1.));
#2347 = DIRECTION('',(1.,-0.,-0.));
#2348 = PCURVE('',#2322,#2349);
#2349 = DEFINITIONAL_REPRESENTATION('',(#2350),#2354);
#2350 = LINE('',#2351,#2352);
#2351 = CARTESIAN_POINT('',(0.,-5.E-02));
#2352 = VECTOR('',#2353,1.);
#2353 = DIRECTION('',(1.,0.));
#2354 = ( GEOMETRIC_REPRESENTATION_CONTEXT(2) 
PARAMETRIC_REPRESENTATION_CONTEXT() REPRESENTATION_CONTEXT('2D SPACE',''
  ) );
#2355 = PCURVE('',#2260,#2356);
#2356 = DEFINITIONAL_REPRESENTATION('',(#2357),#2365);
#2357 = ( BOUNDED_CURVE() B_SPLINE_CURVE(2,(#2358,#2359,#2360,#2361,
#2362,#2363,#2364),.UNSPECIFIED.,.T.,.F.) B_SPLINE_CURVE_WITH_KNOTS((1,2
    ,2,2,2,1),(-2.094395102393,0.,2.094395102393,4.188790204786,
6.28318530718,8.377580409573),.UNSPECIFIED.) CURVE() 
GEOMETRIC_REPRESENTATION_ITEM() RATIONAL_B_SPLINE_CURVE((1.,0.5,1.,0.5,
1.,0.5,1.)) REPRESENTATION_ITEM('') );
#2358 = CARTESIAN_POINT('',(-0.5,-8.881784197001E-16));
#2359 = CARTESIAN_POINT('',(-0.5,0.866025403784));
#2360 = CARTESIAN_POINT('',(0.25,0.433012701892));
#2361 = CARTESIAN_POINT('',(1.,-7.657137397854E-16));
#2362 = CARTESIAN_POINT('',(0.25,-0.433012701892));
#2363 = CARTESIAN_POINT('',(-0.5,-0.866025403784));
#2364 = CARTESIAN_POINT('',(-0.5,-8.881784197001E-16));
#2365 = ( GEOMETRIC_REPRESENTATION_CONTEXT(2) 
PARAMETRIC_REPRESENTATION_CONTEXT() REPRESENTATION_CONTEXT('2D SPACE',''
  ) );
#2366 = ORIENTED_EDGE('',*,*,#2311,.F.);
#2367 = ORIENTED_EDGE('',*,*,#2368,.F.);
#2368 = EDGE_CURVE('',#2312,#2312,#2369,.T.);
#2369 = SURFACE_CURVE('',#2370,(#2375,#2382),.PCURVE_S1.);
#2370 = CIRCLE('',#2371,0.5);
#2371 = AXIS2_PLACEMENT_3D('',#2372,#2373,#2374);
#2372 = CARTESIAN_POINT('',(4.051663643225E-15,-7.62,1.6));
#2373 = DIRECTION('',(0.,0.,-1.));
#2374 = DIRECTION('',(1.,-0.,-0.));
#2375 = PCURVE('',#2322,#2376);
#2376 = DEFINITIONAL_REPRESENTATION('',(#2377),#2381);
#2377 = LINE('',#2378,#2379);
#2378 = CARTESIAN_POINT('',(0.,0.));
#2379 = VECTOR('',#2380,1.);
#2380 = DIRECTION('',(1.,0.));
#2381 = ( GEOMETRIC_REPRESENTATION_CONTEXT(2) 
PARAMETRIC_REPRESENTATION_CONTEXT() REPRESENTATION_CONTEXT('2D SPACE',''
  ) );
#2382 = PCURVE('',#2292,#2383);
#2383 = DEFINITIONAL_REPRESENTATION('',(#2384),#2392);
#2384 = ( BOUNDED_CURVE() B_SPLINE_CURVE(2,(#2385,#2386,#2387,#2388,
#2389,#2390,#2391),.UNSPECIFIED.,.T.,.F.) B_SPLINE_CURVE_WITH_KNOTS((1,2
    ,2,2,2,1),(-2.094395102393,0.,2.094395102393,4.188790204786,
6.28318530718,8.377580409573),.UNSPECIFIED.) CURVE() 
GEOMETRIC_REPRESENTATION_ITEM() RATIONAL_B_SPLINE_CURVE((1.,0.5,1.,0.5,
1.,0.5,1.)) REPRESENTATION_ITEM('') );
#2385 = CARTESIAN_POINT('',(-0.5,-8.881784197001E-16));
#2386 = CARTESIAN_POINT('',(-0.5,0.866025403784));
#2387 = CARTESIAN_POINT('',(0.25,0.433012701892));
#2388 = CARTESIAN_POINT('',(1.,-7.657137397854E-16));
#2389 = CARTESIAN_POINT('',(0.25,-0.433012701892));
#2390 = CARTESIAN_POINT('',(-0.5,-0.866025403784));
#2391 = CARTESIAN_POINT('',(-0.5,-8.881784197001E-16));
#2392 = ( GEOMETRIC_REPRESENTATION_CONTEXT(2) 
PARAMETRIC_REPRESENTATION_CONTEXT() REPRESENTATION_CONTEXT('2D SPACE',''
  ) );
#2393 = ADVANCED_FACE('',(#2394,#2397),#2292,.F.);
#2394 = FACE_BOUND('',#2395,.T.);
#2395 = EDGE_LOOP('',(#2396));
#2396 = ORIENTED_EDGE('',*,*,#2277,.T.);
#2397 = FACE_BOUND('',#2398,.T.);
#2398 = EDGE_LOOP('',(#2399));
#2399 = ORIENTED_EDGE('',*,*,#2368,.F.);
#2400 = ADVANCED_FACE('',(#2401,#2404),#2260,.T.);
#2401 = FACE_BOUND('',#2402,.F.);
#2402 = EDGE_LOOP('',(#2403));
#2403 = ORIENTED_EDGE('',*,*,#2245,.T.);
#2404 = FACE_BOUND('',#2405,.F.);
#2405 = EDGE_LOOP('',(#2406));
#2406 = ORIENTED_EDGE('',*,*,#2341,.F.);
#2407 = ( GEOMETRIC_REPRESENTATION_CONTEXT(3) 
GLOBAL_UNCERTAINTY_ASSIGNED_CONTEXT((#2411)) 
GLOBAL_UNIT_ASSIGNED_CONTEXT((#2408,#2409,#2410)) REPRESENTATION_CONTEXT
('Context #1','3D Context with UNIT and UNCERTAINTY') );
#2408 = ( LENGTH_UNIT() NAMED_UNIT(*) SI_UNIT(.MILLI.,.METRE.) );
#2409 = ( NAMED_UNIT(*) PLANE_ANGLE_UNIT() SI_UNIT($,.RADIAN.) );
#2410 = ( NAMED_UNIT(*) SI_UNIT($,.STERADIAN.) SOLID_ANGLE_UNIT() );
#2411 = UNCERTAINTY_MEASURE_WITH_UNIT(LENGTH_MEASURE(1.E-07),#2408,
  'distance_accuracy_value','confusion accuracy');
#2412 = CONTEXT_DEPENDENT_SHAPE_REPRESENTATION(#2413,#2415);
#2413 = ( REPRESENTATION_RELATIONSHIP('','',#2208,#10) 
REPRESENTATION_RELATIONSHIP_WITH_TRANSFORMATION(#2414) 
SHAPE_REPRESENTATION_RELATIONSHIP() );
#2414 = ITEM_DEFINED_TRANSFORMATION('','',#11,#31);
#2415 = PRODUCT_DEFINITION_SHAPE('Placement','Placement of an item',
  #2416);
#2416 = NEXT_ASSEMBLY_USAGE_OCCURRENCE('48','ring3','',#5,#2203,$);
#2417 = PRODUCT_RELATED_PRODUCT_CATEGORY('part',$,(#2205));
#2418 = SHAPE_DEFINITION_REPRESENTATION(#2419,#2425);
#2419 = PRODUCT_DEFINITION_SHAPE('','',#2420);
#2420 = PRODUCT_DEFINITION('design','',#2421,#2424);
#2421 = PRODUCT_DEFINITION_FORMATION('','',#2422);
#2422 = PRODUCT('ring4','ring4','',(#2423));
#2423 = PRODUCT_CONTEXT('',#2,'mechanical');
#2424 = PRODUCT_DEFINITION_CONTEXT('part definition',#2,'design');
#2425 = ADVANCED_BREP_SHAPE_REPRESENTATION('',(#11,#2426),#2624);
#2426 = MANIFOLD_SOLID_BREP('',#2427);
#2427 = CLOSED_SHELL('',(#2428,#2524,#2610,#2617));
#2428 = ADVANCED_FACE('',(#2429),#2443,.T.);
#2429 = FACE_BOUND('',#2430,.T.);
#2430 = EDGE_LOOP('',(#2431,#2461,#2492,#2493));
#2431 = ORIENTED_EDGE('',*,*,#2432,.T.);
#2432 = EDGE_CURVE('',#2433,#2435,#2437,.T.);
#2433 = VERTEX_POINT('',#2434);
#2434 = CARTESIAN_POINT('',(0.85,-10.16,1.6));
#2435 = VERTEX_POINT('',#2436);
#2436 = CARTESIAN_POINT('',(0.85,-10.16,1.65));
#2437 = SEAM_CURVE('',#2438,(#2442,#2454),.PCURVE_S1.);
#2438 = LINE('',#2439,#2440);
#2439 = CARTESIAN_POINT('',(0.85,-10.16,1.6));
#2440 = VECTOR('',#2441,1.);
#2441 = DIRECTION('',(-0.,-0.,1.));
#2442 = PCURVE('',#2443,#2448);
#2443 = CYLINDRICAL_SURFACE('',#2444,0.85);
#2444 = AXIS2_PLACEMENT_3D('',#2445,#2446,#2447);
#2445 = CARTESIAN_POINT('',(0.,-10.16,1.6));
#2446 = DIRECTION('',(-0.,0.,-1.));
#2447 = DIRECTION('',(1.,-0.,-0.));
#2448 = DEFINITIONAL_REPRESENTATION('',(#2449),#2453);
#2449 = LINE('',#2450,#2451);
#2450 = CARTESIAN_POINT('',(0.,0.));
#2451 = VECTOR('',#2452,1.);
#2452 = DIRECTION('',(0.,-1.));
#2453 = ( GEOMETRIC_REPRESENTATION_CONTEXT(2) 
PARAMETRIC_REPRESENTATION_CONTEXT() REPRESENTATION_CONTEXT('2D SPACE',''
  ) );
#2454 = PCURVE('',#2443,#2455);
#2455 = DEFINITIONAL_REPRESENTATION('',(#2456),#2460);
#2456 = LINE('',#2457,#2458);
#2457 = CARTESIAN_POINT('',(6.28318530718,0.));
#2458 = VECTOR('',#2459,1.);
#2459 = DIRECTION('',(0.,-1.));
#2460 = ( GEOMETRIC_REPRESENTATION_CONTEXT(2) 
PARAMETRIC_REPRESENTATION_CONTEXT() REPRESENTATION_CONTEXT('2D SPACE',''
  ) );
#2461 = ORIENTED_EDGE('',*,*,#2462,.T.);
#2462 = EDGE_CURVE('',#2435,#2435,#2463,.T.);
#2463 = SURFACE_CURVE('',#2464,(#2469,#2476),.PCURVE_S1.);
#2464 = CIRCLE('',#2465,0.85);
#2465 = AXIS2_PLACEMENT_3D('',#2466,#2467,#2468);
#2466 = CARTESIAN_POINT('',(0.,-10.16,1.65));
#2467 = DIRECTION('',(0.,0.,-1.));
#2468 = DIRECTION('',(1.,-0.,-0.));
#2469 = PCURVE('',#2443,#2470);
#2470 = DEFINITIONAL_REPRESENTATION('',(#2471),#2475);
#2471 = LINE('',#2472,#2473);
#2472 = CARTESIAN_POINT('',(0.,-5.E-02));
#2473 = VECTOR('',#2474,1.);
#2474 = DIRECTION('',(1.,0.));
#2475 = ( GEOMETRIC_REPRESENTATION_CONTEXT(2) 
PARAMETRIC_REPRESENTATION_CONTEXT() REPRESENTATION_CONTEXT('2D SPACE',''
  ) );
#2476 = PCURVE('',#2477,#2482);
#2477 = PLANE('',#2478);
#2478 = AXIS2_PLACEMENT_3D('',#2479,#2480,#2481);
#2479 = CARTESIAN_POINT('',(2.513676714227E-17,-10.16,1.65));
#2480 = DIRECTION('',(-0.,-0.,1.));
#2481 = DIRECTION('',(-1.,0.,0.));
#2482 = DEFINITIONAL_REPRESENTATION('',(#2483),#2491);
#2483 = ( BOUNDED_CURVE() B_SPLINE_CURVE(2,(#2484,#2485,#2486,#2487,
#2488,#2489,#2490),.UNSPECIFIED.,.T.,.F.) B_SPLINE_CURVE_WITH_KNOTS((1,2
    ,2,2,2,1),(-2.094395102393,0.,2.094395102393,4.188790204786,
6.28318530718,8.377580409573),.UNSPECIFIED.) CURVE() 
GEOMETRIC_REPRESENTATION_ITEM() RATIONAL_B_SPLINE_CURVE((1.,0.5,1.,0.5,
1.,0.5,1.)) REPRESENTATION_ITEM('') );
#2484 = CARTESIAN_POINT('',(-0.85,1.7763568394E-15));
#2485 = CARTESIAN_POINT('',(-0.85,1.472243186434));
#2486 = CARTESIAN_POINT('',(0.425,0.736121593217));
#2487 = CARTESIAN_POINT('',(1.7,1.984546795255E-15));
#2488 = CARTESIAN_POINT('',(0.425,-0.736121593217));
#2489 = CARTESIAN_POINT('',(-0.85,-1.472243186434));
#2490 = CARTESIAN_POINT('',(-0.85,1.7763568394E-15));
#2491 = ( GEOMETRIC_REPRESENTATION_CONTEXT(2) 
PARAMETRIC_REPRESENTATION_CONTEXT() REPRESENTATION_CONTEXT('2D SPACE',''
  ) );
#2492 = ORIENTED_EDGE('',*,*,#2432,.F.);
#2493 = ORIENTED_EDGE('',*,*,#2494,.F.);
#2494 = EDGE_CURVE('',#2433,#2433,#2495,.T.);
#2495 = SURFACE_CURVE('',#2496,(#2501,#2508),.PCURVE_S1.);
#2496 = CIRCLE('',#2497,0.85);
#2497 = AXIS2_PLACEMENT_3D('',#2498,#2499,#2500);
#2498 = CARTESIAN_POINT('',(0.,-10.16,1.6));
#2499 = DIRECTION('',(0.,0.,-1.));
#2500 = DIRECTION('',(1.,-0.,-0.));
#2501 = PCURVE('',#2443,#2502);
#2502 = DEFINITIONAL_REPRESENTATION('',(#2503),#2507);
#2503 = LINE('',#2504,#2505);
#2504 = CARTESIAN_POINT('',(0.,0.));
#2505 = VECTOR('',#2506,1.);
#2506 = DIRECTION('',(1.,0.));
#2507 = ( GEOMETRIC_REPRESENTATION_CONTEXT(2) 
PARAMETRIC_REPRESENTATION_CONTEXT() REPRESENTATION_CONTEXT('2D SPACE',''
  ) );
#2508 = PCURVE('',#2509,#2514);
#2509 = PLANE('',#2510);
#2510 = AXIS2_PLACEMENT_3D('',#2511,#2512,#2513);
#2511 = CARTESIAN_POINT('',(2.513676714227E-17,-10.16,1.6));
#2512 = DIRECTION('',(-0.,-0.,1.));
#2513 = DIRECTION('',(-1.,0.,0.));
#2514 = DEFINITIONAL_REPRESENTATION('',(#2515),#2523);
#2515 = ( BOUNDED_CURVE() B_SPLINE_CURVE(2,(#2516,#2517,#2518,#2519,
#2520,#2521,#2522),.UNSPECIFIED.,.T.,.F.) B_SPLINE_CURVE_WITH_KNOTS((1,2
    ,2,2,2,1),(-2.094395102393,0.,2.094395102393,4.188790204786,
6.28318530718,8.377580409573),.UNSPECIFIED.) CURVE() 
GEOMETRIC_REPRESENTATION_ITEM() RATIONAL_B_SPLINE_CURVE((1.,0.5,1.,0.5,
1.,0.5,1.)) REPRESENTATION_ITEM('') );
#2516 = CARTESIAN_POINT('',(-0.85,1.7763568394E-15));
#2517 = CARTESIAN_POINT('',(-0.85,1.472243186434));
#2518 = CARTESIAN_POINT('',(0.425,0.736121593217));
#2519 = CARTESIAN_POINT('',(1.7,1.984546795255E-15));
#2520 = CARTESIAN_POINT('',(0.425,-0.736121593217));
#2521 = CARTESIAN_POINT('',(-0.85,-1.472243186434));
#2522 = CARTESIAN_POINT('',(-0.85,1.7763568394E-15));
#2523 = ( GEOMETRIC_REPRESENTATION_CONTEXT(2) 
PARAMETRIC_REPRESENTATION_CONTEXT() REPRESENTATION_CONTEXT('2D SPACE',''
  ) );
#2524 = ADVANCED_FACE('',(#2525),#2539,.F.);
#2525 = FACE_BOUND('',#2526,.F.);
#2526 = EDGE_LOOP('',(#2527,#2557,#2583,#2584));
#2527 = ORIENTED_EDGE('',*,*,#2528,.T.);
#2528 = EDGE_CURVE('',#2529,#2531,#2533,.T.);
#2529 = VERTEX_POINT('',#2530);
#2530 = CARTESIAN_POINT('',(0.5,-10.16,1.6));
#2531 = VERTEX_POINT('',#2532);
#2532 = CARTESIAN_POINT('',(0.5,-10.16,1.65));
#2533 = SEAM_CURVE('',#2534,(#2538,#2550),.PCURVE_S1.);
#2534 = LINE('',#2535,#2536);
#2535 = CARTESIAN_POINT('',(0.5,-10.16,1.6));
#2536 = VECTOR('',#2537,1.);
#2537 = DIRECTION('',(-0.,-0.,1.));
#2538 = PCURVE('',#2539,#2544);
#2539 = CYLINDRICAL_SURFACE('',#2540,0.5);
#2540 = AXIS2_PLACEMENT_3D('',#2541,#2542,#2543);
#2541 = CARTESIAN_POINT('',(4.051663643225E-15,-10.16,1.6));
#2542 = DIRECTION('',(-0.,0.,-1.));
#2543 = DIRECTION('',(1.,-0.,-0.));
#2544 = DEFINITIONAL_REPRESENTATION('',(#2545),#2549);
#2545 = LINE('',#2546,#2547);
#2546 = CARTESIAN_POINT('',(0.,0.));
#2547 = VECTOR('',#2548,1.);
#2548 = DIRECTION('',(0.,-1.));
#2549 = ( GEOMETRIC_REPRESENTATION_CONTEXT(2) 
PARAMETRIC_REPRESENTATION_CONTEXT() REPRESENTATION_CONTEXT('2D SPACE',''
  ) );
#2550 = PCURVE('',#2539,#2551);
#2551 = DEFINITIONAL_REPRESENTATION('',(#2552),#2556);
#2552 = LINE('',#2553,#2554);
#2553 = CARTESIAN_POINT('',(6.28318530718,0.));
#2554 = VECTOR('',#2555,1.);
#2555 = DIRECTION('',(0.,-1.));
#2556 = ( GEOMETRIC_REPRESENTATION_CONTEXT(2) 
PARAMETRIC_REPRESENTATION_CONTEXT() REPRESENTATION_CONTEXT('2D SPACE',''
  ) );
#2557 = ORIENTED_EDGE('',*,*,#2558,.T.);
#2558 = EDGE_CURVE('',#2531,#2531,#2559,.T.);
#2559 = SURFACE_CURVE('',#2560,(#2565,#2572),.PCURVE_S1.);
#2560 = CIRCLE('',#2561,0.5);
#2561 = AXIS2_PLACEMENT_3D('',#2562,#2563,#2564);
#2562 = CARTESIAN_POINT('',(4.051663643225E-15,-10.16,1.65));
#2563 = DIRECTION('',(0.,0.,-1.));
#2564 = DIRECTION('',(1.,-0.,-0.));
#2565 = PCURVE('',#2539,#2566);
#2566 = DEFINITIONAL_REPRESENTATION('',(#2567),#2571);
#2567 = LINE('',#2568,#2569);
#2568 = CARTESIAN_POINT('',(0.,-5.E-02));
#2569 = VECTOR('',#2570,1.);
#2570 = DIRECTION('',(1.,0.));
#2571 = ( GEOMETRIC_REPRESENTATION_CONTEXT(2) 
PARAMETRIC_REPRESENTATION_CONTEXT() REPRESENTATION_CONTEXT('2D SPACE',''
  ) );
#2572 = PCURVE('',#2477,#2573);
#2573 = DEFINITIONAL_REPRESENTATION('',(#2574),#2582);
#2574 = ( BOUNDED_CURVE() B_SPLINE_CURVE(2,(#2575,#2576,#2577,#2578,
#2579,#2580,#2581),.UNSPECIFIED.,.T.,.F.) B_SPLINE_CURVE_WITH_KNOTS((1,2
    ,2,2,2,1),(-2.094395102393,0.,2.094395102393,4.188790204786,
6.28318530718,8.377580409573),.UNSPECIFIED.) CURVE() 
GEOMETRIC_REPRESENTATION_ITEM() RATIONAL_B_SPLINE_CURVE((1.,0.5,1.,0.5,
1.,0.5,1.)) REPRESENTATION_ITEM('') );
#2575 = CARTESIAN_POINT('',(-0.5,1.7763568394E-15));
#2576 = CARTESIAN_POINT('',(-0.5,0.866025403784));
#2577 = CARTESIAN_POINT('',(0.25,0.433012701892));
#2578 = CARTESIAN_POINT('',(1.,1.898821519315E-15));
#2579 = CARTESIAN_POINT('',(0.25,-0.433012701892));
#2580 = CARTESIAN_POINT('',(-0.5,-0.866025403784));
#2581 = CARTESIAN_POINT('',(-0.5,1.7763568394E-15));
#2582 = ( GEOMETRIC_REPRESENTATION_CONTEXT(2) 
PARAMETRIC_REPRESENTATION_CONTEXT() REPRESENTATION_CONTEXT('2D SPACE',''
  ) );
#2583 = ORIENTED_EDGE('',*,*,#2528,.F.);
#2584 = ORIENTED_EDGE('',*,*,#2585,.F.);
#2585 = EDGE_CURVE('',#2529,#2529,#2586,.T.);
#2586 = SURFACE_CURVE('',#2587,(#2592,#2599),.PCURVE_S1.);
#2587 = CIRCLE('',#2588,0.5);
#2588 = AXIS2_PLACEMENT_3D('',#2589,#2590,#2591);
#2589 = CARTESIAN_POINT('',(4.051663643225E-15,-10.16,1.6));
#2590 = DIRECTION('',(0.,0.,-1.));
#2591 = DIRECTION('',(1.,-0.,-0.));
#2592 = PCURVE('',#2539,#2593);
#2593 = DEFINITIONAL_REPRESENTATION('',(#2594),#2598);
#2594 = LINE('',#2595,#2596);
#2595 = CARTESIAN_POINT('',(0.,0.));
#2596 = VECTOR('',#2597,1.);
#2597 = DIRECTION('',(1.,0.));
#2598 = ( GEOMETRIC_REPRESENTATION_CONTEXT(2) 
PARAMETRIC_REPRESENTATION_CONTEXT() REPRESENTATION_CONTEXT('2D SPACE',''
  ) );
#2599 = PCURVE('',#2509,#2600);
#2600 = DEFINITIONAL_REPRESENTATION('',(#2601),#2609);
#2601 = ( BOUNDED_CURVE() B_SPLINE_CURVE(2,(#2602,#2603,#2604,#2605,
#2606,#2607,#2608),.UNSPECIFIED.,.T.,.F.) B_SPLINE_CURVE_WITH_KNOTS((1,2
    ,2,2,2,1),(-2.094395102393,0.,2.094395102393,4.188790204786,
6.28318530718,8.377580409573),.UNSPECIFIED.) CURVE() 
GEOMETRIC_REPRESENTATION_ITEM() RATIONAL_B_SPLINE_CURVE((1.,0.5,1.,0.5,
1.,0.5,1.)) REPRESENTATION_ITEM('') );
#2602 = CARTESIAN_POINT('',(-0.5,1.7763568394E-15));
#2603 = CARTESIAN_POINT('',(-0.5,0.866025403784));
#2604 = CARTESIAN_POINT('',(0.25,0.433012701892));
#2605 = CARTESIAN_POINT('',(1.,1.898821519315E-15));
#2606 = CARTESIAN_POINT('',(0.25,-0.433012701892));
#2607 = CARTESIAN_POINT('',(-0.5,-0.866025403784));
#2608 = CARTESIAN_POINT('',(-0.5,1.7763568394E-15));
#2609 = ( GEOMETRIC_REPRESENTATION_CONTEXT(2) 
PARAMETRIC_REPRESENTATION_CONTEXT() REPRESENTATION_CONTEXT('2D SPACE',''
  ) );
#2610 = ADVANCED_FACE('',(#2611,#2614),#2509,.F.);
#2611 = FACE_BOUND('',#2612,.T.);
#2612 = EDGE_LOOP('',(#2613));
#2613 = ORIENTED_EDGE('',*,*,#2494,.T.);
#2614 = FACE_BOUND('',#2615,.T.);
#2615 = EDGE_LOOP('',(#2616));
#2616 = ORIENTED_EDGE('',*,*,#2585,.F.);
#2617 = ADVANCED_FACE('',(#2618,#2621),#2477,.T.);
#2618 = FACE_BOUND('',#2619,.F.);
#2619 = EDGE_LOOP('',(#2620));
#2620 = ORIENTED_EDGE('',*,*,#2462,.T.);
#2621 = FACE_BOUND('',#2622,.F.);
#2622 = EDGE_LOOP('',(#2623));
#2623 = ORIENTED_EDGE('',*,*,#2558,.F.);
#2624 = ( GEOMETRIC_REPRESENTATION_CONTEXT(3) 
GLOBAL_UNCERTAINTY_ASSIGNED_CONTEXT((#2628)) 
GLOBAL_UNIT_ASSIGNED_CONTEXT((#2625,#2626,#2627)) REPRESENTATION_CONTEXT
('Context #1','3D Context with UNIT and UNCERTAINTY') );
#2625 = ( LENGTH_UNIT() NAMED_UNIT(*) SI_UNIT(.MILLI.,.METRE.) );
#2626 = ( NAMED_UNIT(*) PLANE_ANGLE_UNIT() SI_UNIT($,.RADIAN.) );
#2627 = ( NAMED_UNIT(*) SI_UNIT($,.STERADIAN.) SOLID_ANGLE_UNIT() );
#2628 = UNCERTAINTY_MEASURE_WITH_UNIT(LENGTH_MEASURE(1.E-07),#2625,
  'distance_accuracy_value','confusion accuracy');
#2629 = CONTEXT_DEPENDENT_SHAPE_REPRESENTATION(#2630,#2632);
#2630 = ( REPRESENTATION_RELATIONSHIP('','',#2425,#10) 
REPRESENTATION_RELATIONSHIP_WITH_TRANSFORMATION(#2631) 
SHAPE_REPRESENTATION_RELATIONSHIP() );
#2631 = ITEM_DEFINED_TRANSFORMATION('','',#11,#35);
#2632 = PRODUCT_DEFINITION_SHAPE('Placement','Placement of an item',
  #2633);
#2633 = NEXT_ASSEMBLY_USAGE_OCCURRENCE('49','ring4','',#5,#2420,$);
#2634 = PRODUCT_RELATED_PRODUCT_CATEGORY('part',$,(#2422));
#2635 = SHAPE_DEFINITION_REPRESENTATION(#2636,#2642);
#2636 = PRODUCT_DEFINITION_SHAPE('','',#2637);
#2637 = PRODUCT_DEFINITION('design','',#2638,#2641);
#2638 = PRODUCT_DEFINITION_FORMATION('','',#2639);
#2639 = PRODUCT('ring5','ring5','',(#2640));
#2640 = PRODUCT_CONTEXT('',#2,'mechanical');
#2641 = PRODUCT_DEFINITION_CONTEXT('part definition',#2,'design');
#2642 = ADVANCED_BREP_SHAPE_REPRESENTATION('',(#11,#2643),#2841);
#2643 = MANIFOLD_SOLID_BREP('',#2644);
#2644 = CLOSED_SHELL('',(#2645,#2741,#2827,#2834));
#2645 = ADVANCED_FACE('',(#2646),#2660,.T.);
#2646 = FACE_BOUND('',#2647,.T.);
#2647 = EDGE_LOOP('',(#2648,#2678,#2709,#2710));
#2648 = ORIENTED_EDGE('',*,*,#2649,.T.);
#2649 = EDGE_CURVE('',#2650,#2652,#2654,.T.);
#2650 = VERTEX_POINT('',#2651);
#2651 = CARTESIAN_POINT('',(0.85,-12.7,1.6));
#2652 = VERTEX_POINT('',#2653);
#2653 = CARTESIAN_POINT('',(0.85,-12.7,1.65));
#2654 = SEAM_CURVE('',#2655,(#2659,#2671),.PCURVE_S1.);
#2655 = LINE('',#2656,#2657);
#2656 = CARTESIAN_POINT('',(0.85,-12.7,1.6));
#2657 = VECTOR('',#2658,1.);
#2658 = DIRECTION('',(-0.,-0.,1.));
#2659 = PCURVE('',#2660,#2665);
#2660 = CYLINDRICAL_SURFACE('',#2661,0.85);
#2661 = AXIS2_PLACEMENT_3D('',#2662,#2663,#2664);
#2662 = CARTESIAN_POINT('',(0.,-12.7,1.6));
#2663 = DIRECTION('',(-0.,0.,-1.));
#2664 = DIRECTION('',(1.,-0.,-0.));
#2665 = DEFINITIONAL_REPRESENTATION('',(#2666),#2670);
#2666 = LINE('',#2667,#2668);
#2667 = CARTESIAN_POINT('',(0.,0.));
#2668 = VECTOR('',#2669,1.);
#2669 = DIRECTION('',(0.,-1.));
#2670 = ( GEOMETRIC_REPRESENTATION_CONTEXT(2) 
PARAMETRIC_REPRESENTATION_CONTEXT() REPRESENTATION_CONTEXT('2D SPACE',''
  ) );
#2671 = PCURVE('',#2660,#2672);
#2672 = DEFINITIONAL_REPRESENTATION('',(#2673),#2677);
#2673 = LINE('',#2674,#2675);
#2674 = CARTESIAN_POINT('',(6.28318530718,0.));
#2675 = VECTOR('',#2676,1.);
#2676 = DIRECTION('',(0.,-1.));
#2677 = ( GEOMETRIC_REPRESENTATION_CONTEXT(2) 
PARAMETRIC_REPRESENTATION_CONTEXT() REPRESENTATION_CONTEXT('2D SPACE',''
  ) );
#2678 = ORIENTED_EDGE('',*,*,#2679,.T.);
#2679 = EDGE_CURVE('',#2652,#2652,#2680,.T.);
#2680 = SURFACE_CURVE('',#2681,(#2686,#2693),.PCURVE_S1.);
#2681 = CIRCLE('',#2682,0.85);
#2682 = AXIS2_PLACEMENT_3D('',#2683,#2684,#2685);
#2683 = CARTESIAN_POINT('',(0.,-12.7,1.65));
#2684 = DIRECTION('',(0.,0.,-1.));
#2685 = DIRECTION('',(1.,-0.,-0.));
#2686 = PCURVE('',#2660,#2687);
#2687 = DEFINITIONAL_REPRESENTATION('',(#2688),#2692);
#2688 = LINE('',#2689,#2690);
#2689 = CARTESIAN_POINT('',(0.,-5.E-02));
#2690 = VECTOR('',#2691,1.);
#2691 = DIRECTION('',(1.,0.));
#2692 = ( GEOMETRIC_REPRESENTATION_CONTEXT(2) 
PARAMETRIC_REPRESENTATION_CONTEXT() REPRESENTATION_CONTEXT('2D SPACE',''
  ) );
#2693 = PCURVE('',#2694,#2699);
#2694 = PLANE('',#2695);
#2695 = AXIS2_PLACEMENT_3D('',#2696,#2697,#2698);
#2696 = CARTESIAN_POINT('',(2.513676714227E-17,-12.7,1.65));
#2697 = DIRECTION('',(-0.,-0.,1.));
#2698 = DIRECTION('',(-1.,0.,0.));
#2699 = DEFINITIONAL_REPRESENTATION('',(#2700),#2708);
#2700 = ( BOUNDED_CURVE() B_SPLINE_CURVE(2,(#2701,#2702,#2703,#2704,
#2705,#2706,#2707),.UNSPECIFIED.,.T.,.F.) B_SPLINE_CURVE_WITH_KNOTS((1,2
    ,2,2,2,1),(-2.094395102393,0.,2.094395102393,4.188790204786,
6.28318530718,8.377580409573),.UNSPECIFIED.) CURVE() 
GEOMETRIC_REPRESENTATION_ITEM() RATIONAL_B_SPLINE_CURVE((1.,0.5,1.,0.5,
1.,0.5,1.)) REPRESENTATION_ITEM('') );
#2701 = CARTESIAN_POINT('',(-0.85,1.7763568394E-15));
#2702 = CARTESIAN_POINT('',(-0.85,1.472243186434));
#2703 = CARTESIAN_POINT('',(0.425,0.736121593217));
#2704 = CARTESIAN_POINT('',(1.7,1.984546795255E-15));
#2705 = CARTESIAN_POINT('',(0.425,-0.736121593217));
#2706 = CARTESIAN_POINT('',(-0.85,-1.472243186434));
#2707 = CARTESIAN_POINT('',(-0.85,1.7763568394E-15));
#2708 = ( GEOMETRIC_REPRESENTATION_CONTEXT(2) 
PARAMETRIC_REPRESENTATION_CONTEXT() REPRESENTATION_CONTEXT('2D SPACE',''
  ) );
#2709 = ORIENTED_EDGE('',*,*,#2649,.F.);
#2710 = ORIENTED_EDGE('',*,*,#2711,.F.);
#2711 = EDGE_CURVE('',#2650,#2650,#2712,.T.);
#2712 = SURFACE_CURVE('',#2713,(#2718,#2725),.PCURVE_S1.);
#2713 = CIRCLE('',#2714,0.85);
#2714 = AXIS2_PLACEMENT_3D('',#2715,#2716,#2717);
#2715 = CARTESIAN_POINT('',(0.,-12.7,1.6));
#2716 = DIRECTION('',(0.,0.,-1.));
#2717 = DIRECTION('',(1.,-0.,-0.));
#2718 = PCURVE('',#2660,#2719);
#2719 = DEFINITIONAL_REPRESENTATION('',(#2720),#2724);
#2720 = LINE('',#2721,#2722);
#2721 = CARTESIAN_POINT('',(0.,0.));
#2722 = VECTOR('',#2723,1.);
#2723 = DIRECTION('',(1.,0.));
#2724 = ( GEOMETRIC_REPRESENTATION_CONTEXT(2) 
PARAMETRIC_REPRESENTATION_CONTEXT() REPRESENTATION_CONTEXT('2D SPACE',''
  ) );
#2725 = PCURVE('',#2726,#2731);
#2726 = PLANE('',#2727);
#2727 = AXIS2_PLACEMENT_3D('',#2728,#2729,#2730);
#2728 = CARTESIAN_POINT('',(2.513676714227E-17,-12.7,1.6));
#2729 = DIRECTION('',(-0.,-0.,1.));
#2730 = DIRECTION('',(-1.,0.,0.));
#2731 = DEFINITIONAL_REPRESENTATION('',(#2732),#2740);
#2732 = ( BOUNDED_CURVE() B_SPLINE_CURVE(2,(#2733,#2734,#2735,#2736,
#2737,#2738,#2739),.UNSPECIFIED.,.T.,.F.) B_SPLINE_CURVE_WITH_KNOTS((1,2
    ,2,2,2,1),(-2.094395102393,0.,2.094395102393,4.188790204786,
6.28318530718,8.377580409573),.UNSPECIFIED.) CURVE() 
GEOMETRIC_REPRESENTATION_ITEM() RATIONAL_B_SPLINE_CURVE((1.,0.5,1.,0.5,
1.,0.5,1.)) REPRESENTATION_ITEM('') );
#2733 = CARTESIAN_POINT('',(-0.85,1.7763568394E-15));
#2734 = CARTESIAN_POINT('',(-0.85,1.472243186434));
#2735 = CARTESIAN_POINT('',(0.425,0.736121593217));
#2736 = CARTESIAN_POINT('',(1.7,1.984546795255E-15));
#2737 = CARTESIAN_POINT('',(0.425,-0.736121593217));
#2738 = CARTESIAN_POINT('',(-0.85,-1.472243186434));
#2739 = CARTESIAN_POINT('',(-0.85,1.7763568394E-15));
#2740 = ( GEOMETRIC_REPRESENTATION_CONTEXT(2) 
PARAMETRIC_REPRESENTATION_CONTEXT() REPRESENTATION_CONTEXT('2D SPACE',''
  ) );
#2741 = ADVANCED_FACE('',(#2742),#2756,.F.);
#2742 = FACE_BOUND('',#2743,.F.);
#2743 = EDGE_LOOP('',(#2744,#2774,#2800,#2801));
#2744 = ORIENTED_EDGE('',*,*,#2745,.T.);
#2745 = EDGE_CURVE('',#2746,#2748,#2750,.T.);
#2746 = VERTEX_POINT('',#2747);
#2747 = CARTESIAN_POINT('',(0.5,-12.7,1.6));
#2748 = VERTEX_POINT('',#2749);
#2749 = CARTESIAN_POINT('',(0.5,-12.7,1.65));
#2750 = SEAM_CURVE('',#2751,(#2755,#2767),.PCURVE_S1.);
#2751 = LINE('',#2752,#2753);
#2752 = CARTESIAN_POINT('',(0.5,-12.7,1.6));
#2753 = VECTOR('',#2754,1.);
#2754 = DIRECTION('',(-0.,-0.,1.));
#2755 = PCURVE('',#2756,#2761);
#2756 = CYLINDRICAL_SURFACE('',#2757,0.5);
#2757 = AXIS2_PLACEMENT_3D('',#2758,#2759,#2760);
#2758 = CARTESIAN_POINT('',(4.051663643225E-15,-12.7,1.6));
#2759 = DIRECTION('',(-0.,0.,-1.));
#2760 = DIRECTION('',(1.,-0.,-0.));
#2761 = DEFINITIONAL_REPRESENTATION('',(#2762),#2766);
#2762 = LINE('',#2763,#2764);
#2763 = CARTESIAN_POINT('',(0.,0.));
#2764 = VECTOR('',#2765,1.);
#2765 = DIRECTION('',(0.,-1.));
#2766 = ( GEOMETRIC_REPRESENTATION_CONTEXT(2) 
PARAMETRIC_REPRESENTATION_CONTEXT() REPRESENTATION_CONTEXT('2D SPACE',''
  ) );
#2767 = PCURVE('',#2756,#2768);
#2768 = DEFINITIONAL_REPRESENTATION('',(#2769),#2773);
#2769 = LINE('',#2770,#2771);
#2770 = CARTESIAN_POINT('',(6.28318530718,0.));
#2771 = VECTOR('',#2772,1.);
#2772 = DIRECTION('',(0.,-1.));
#2773 = ( GEOMETRIC_REPRESENTATION_CONTEXT(2) 
PARAMETRIC_REPRESENTATION_CONTEXT() REPRESENTATION_CONTEXT('2D SPACE',''
  ) );
#2774 = ORIENTED_EDGE('',*,*,#2775,.T.);
#2775 = EDGE_CURVE('',#2748,#2748,#2776,.T.);
#2776 = SURFACE_CURVE('',#2777,(#2782,#2789),.PCURVE_S1.);
#2777 = CIRCLE('',#2778,0.5);
#2778 = AXIS2_PLACEMENT_3D('',#2779,#2780,#2781);
#2779 = CARTESIAN_POINT('',(4.051663643225E-15,-12.7,1.65));
#2780 = DIRECTION('',(0.,0.,-1.));
#2781 = DIRECTION('',(1.,-0.,-0.));
#2782 = PCURVE('',#2756,#2783);
#2783 = DEFINITIONAL_REPRESENTATION('',(#2784),#2788);
#2784 = LINE('',#2785,#2786);
#2785 = CARTESIAN_POINT('',(0.,-5.E-02));
#2786 = VECTOR('',#2787,1.);
#2787 = DIRECTION('',(1.,0.));
#2788 = ( GEOMETRIC_REPRESENTATION_CONTEXT(2) 
PARAMETRIC_REPRESENTATION_CONTEXT() REPRESENTATION_CONTEXT('2D SPACE',''
  ) );
#2789 = PCURVE('',#2694,#2790);
#2790 = DEFINITIONAL_REPRESENTATION('',(#2791),#2799);
#2791 = ( BOUNDED_CURVE() B_SPLINE_CURVE(2,(#2792,#2793,#2794,#2795,
#2796,#2797,#2798),.UNSPECIFIED.,.T.,.F.) B_SPLINE_CURVE_WITH_KNOTS((1,2
    ,2,2,2,1),(-2.094395102393,0.,2.094395102393,4.188790204786,
6.28318530718,8.377580409573),.UNSPECIFIED.) CURVE() 
GEOMETRIC_REPRESENTATION_ITEM() RATIONAL_B_SPLINE_CURVE((1.,0.5,1.,0.5,
1.,0.5,1.)) REPRESENTATION_ITEM('') );
#2792 = CARTESIAN_POINT('',(-0.5,1.7763568394E-15));
#2793 = CARTESIAN_POINT('',(-0.5,0.866025403784));
#2794 = CARTESIAN_POINT('',(0.25,0.433012701892));
#2795 = CARTESIAN_POINT('',(1.,1.898821519315E-15));
#2796 = CARTESIAN_POINT('',(0.25,-0.433012701892));
#2797 = CARTESIAN_POINT('',(-0.5,-0.866025403784));
#2798 = CARTESIAN_POINT('',(-0.5,1.7763568394E-15));
#2799 = ( GEOMETRIC_REPRESENTATION_CONTEXT(2) 
PARAMETRIC_REPRESENTATION_CONTEXT() REPRESENTATION_CONTEXT('2D SPACE',''
  ) );
#2800 = ORIENTED_EDGE('',*,*,#2745,.F.);
#2801 = ORIENTED_EDGE('',*,*,#2802,.F.);
#2802 = EDGE_CURVE('',#2746,#2746,#2803,.T.);
#2803 = SURFACE_CURVE('',#2804,(#2809,#2816),.PCURVE_S1.);
#2804 = CIRCLE('',#2805,0.5);
#2805 = AXIS2_PLACEMENT_3D('',#2806,#2807,#2808);
#2806 = CARTESIAN_POINT('',(4.051663643225E-15,-12.7,1.6));
#2807 = DIRECTION('',(0.,0.,-1.));
#2808 = DIRECTION('',(1.,-0.,-0.));
#2809 = PCURVE('',#2756,#2810);
#2810 = DEFINITIONAL_REPRESENTATION('',(#2811),#2815);
#2811 = LINE('',#2812,#2813);
#2812 = CARTESIAN_POINT('',(0.,0.));
#2813 = VECTOR('',#2814,1.);
#2814 = DIRECTION('',(1.,0.));
#2815 = ( GEOMETRIC_REPRESENTATION_CONTEXT(2) 
PARAMETRIC_REPRESENTATION_CONTEXT() REPRESENTATION_CONTEXT('2D SPACE',''
  ) );
#2816 = PCURVE('',#2726,#2817);
#2817 = DEFINITIONAL_REPRESENTATION('',(#2818),#2826);
#2818 = ( BOUNDED_CURVE() B_SPLINE_CURVE(2,(#2819,#2820,#2821,#2822,
#2823,#2824,#2825),.UNSPECIFIED.,.T.,.F.) B_SPLINE_CURVE_WITH_KNOTS((1,2
    ,2,2,2,1),(-2.094395102393,0.,2.094395102393,4.188790204786,
6.28318530718,8.377580409573),.UNSPECIFIED.) CURVE() 
GEOMETRIC_REPRESENTATION_ITEM() RATIONAL_B_SPLINE_CURVE((1.,0.5,1.,0.5,
1.,0.5,1.)) REPRESENTATION_ITEM('') );
#2819 = CARTESIAN_POINT('',(-0.5,1.7763568394E-15));
#2820 = CARTESIAN_POINT('',(-0.5,0.866025403784));
#2821 = CARTESIAN_POINT('',(0.25,0.433012701892));
#2822 = CARTESIAN_POINT('',(1.,1.898821519315E-15));
#2823 = CARTESIAN_POINT('',(0.25,-0.433012701892));
#2824 = CARTESIAN_POINT('',(-0.5,-0.866025403784));
#2825 = CARTESIAN_POINT('',(-0.5,1.7763568394E-15));
#2826 = ( GEOMETRIC_REPRESENTATION_CONTEXT(2) 
PARAMETRIC_REPRESENTATION_CONTEXT() REPRESENTATION_CONTEXT('2D SPACE',''
  ) );
#2827 = ADVANCED_FACE('',(#2828,#2831),#2726,.F.);
#2828 = FACE_BOUND('',#2829,.T.);
#2829 = EDGE_LOOP('',(#2830));
#2830 = ORIENTED_EDGE('',*,*,#2711,.T.);
#2831 = FACE_BOUND('',#2832,.T.);
#2832 = EDGE_LOOP('',(#2833));
#2833 = ORIENTED_EDGE('',*,*,#2802,.F.);
#2834 = ADVANCED_FACE('',(#2835,#2838),#2694,.T.);
#2835 = FACE_BOUND('',#2836,.F.);
#2836 = EDGE_LOOP('',(#2837));
#2837 = ORIENTED_EDGE('',*,*,#2679,.T.);
#2838 = FACE_BOUND('',#2839,.F.);
#2839 = EDGE_LOOP('',(#2840));
#2840 = ORIENTED_EDGE('',*,*,#2775,.F.);
#2841 = ( GEOMETRIC_REPRESENTATION_CONTEXT(3) 
GLOBAL_UNCERTAINTY_ASSIGNED_CONTEXT((#2845)) 
GLOBAL_UNIT_ASSIGNED_CONTEXT((#2842,#2843,#2844)) REPRESENTATION_CONTEXT
('Context #1','3D Context with UNIT and UNCERTAINTY') );
#2842 = ( LENGTH_UNIT() NAMED_UNIT(*) SI_UNIT(.MILLI.,.METRE.) );
#2843 = ( NAMED_UNIT(*) PLANE_ANGLE_UNIT() SI_UNIT($,.RADIAN.) );
#2844 = ( NAMED_UNIT(*) SI_UNIT($,.STERADIAN.) SOLID_ANGLE_UNIT() );
#2845 = UNCERTAINTY_MEASURE_WITH_UNIT(LENGTH_MEASURE(1.E-07),#2842,
  'distance_accuracy_value','confusion accuracy');
#2846 = CONTEXT_DEPENDENT_SHAPE_REPRESENTATION(#2847,#2849);
#2847 = ( REPRESENTATION_RELATIONSHIP('','',#2642,#10) 
REPRESENTATION_RELATIONSHIP_WITH_TRANSFORMATION(#2848) 
SHAPE_REPRESENTATION_RELATIONSHIP() );
#2848 = ITEM_DEFINED_TRANSFORMATION('','',#11,#39);
#2849 = PRODUCT_DEFINITION_SHAPE('Placement','Placement of an item',
  #2850);
#2850 = NEXT_ASSEMBLY_USAGE_OCCURRENCE('50','ring5','',#5,#2637,$);
#2851 = PRODUCT_RELATED_PRODUCT_CATEGORY('part',$,(#2639));
#2852 = SHAPE_DEFINITION_REPRESENTATION(#2853,#2859);
#2853 = PRODUCT_DEFINITION_SHAPE('','',#2854);
#2854 = PRODUCT_DEFINITION('design','',#2855,#2858);
#2855 = PRODUCT_DEFINITION_FORMATION('','',#2856);
#2856 = PRODUCT('ring6','ring6','',(#2857));
#2857 = PRODUCT_CONTEXT('',#2,'mechanical');
#2858 = PRODUCT_DEFINITION_CONTEXT('part definition',#2,'design');
#2859 = ADVANCED_BREP_SHAPE_REPRESENTATION('',(#11,#2860),#3058);
#2860 = MANIFOLD_SOLID_BREP('',#2861);
#2861 = CLOSED_SHELL('',(#2862,#2958,#3044,#3051));
#2862 = ADVANCED_FACE('',(#2863),#2877,.T.);
#2863 = FACE_BOUND('',#2864,.T.);
#2864 = EDGE_LOOP('',(#2865,#2895,#2926,#2927));
#2865 = ORIENTED_EDGE('',*,*,#2866,.T.);
#2866 = EDGE_CURVE('',#2867,#2869,#2871,.T.);
#2867 = VERTEX_POINT('',#2868);
#2868 = CARTESIAN_POINT('',(0.85,-15.24,1.6));
#2869 = VERTEX_POINT('',#2870);
#2870 = CARTESIAN_POINT('',(0.85,-15.24,1.65));
#2871 = SEAM_CURVE('',#2872,(#2876,#2888),.PCURVE_S1.);
#2872 = LINE('',#2873,#2874);
#2873 = CARTESIAN_POINT('',(0.85,-15.24,1.6));
#2874 = VECTOR('',#2875,1.);
#2875 = DIRECTION('',(-0.,-0.,1.));
#2876 = PCURVE('',#2877,#2882);
#2877 = CYLINDRICAL_SURFACE('',#2878,0.85);
#2878 = AXIS2_PLACEMENT_3D('',#2879,#2880,#2881);
#2879 = CARTESIAN_POINT('',(0.,-15.24,1.6));
#2880 = DIRECTION('',(-0.,0.,-1.));
#2881 = DIRECTION('',(1.,-0.,-0.));
#2882 = DEFINITIONAL_REPRESENTATION('',(#2883),#2887);
#2883 = LINE('',#2884,#2885);
#2884 = CARTESIAN_POINT('',(0.,0.));
#2885 = VECTOR('',#2886,1.);
#2886 = DIRECTION('',(0.,-1.));
#2887 = ( GEOMETRIC_REPRESENTATION_CONTEXT(2) 
PARAMETRIC_REPRESENTATION_CONTEXT() REPRESENTATION_CONTEXT('2D SPACE',''
  ) );
#2888 = PCURVE('',#2877,#2889);
#2889 = DEFINITIONAL_REPRESENTATION('',(#2890),#2894);
#2890 = LINE('',#2891,#2892);
#2891 = CARTESIAN_POINT('',(6.28318530718,0.));
#2892 = VECTOR('',#2893,1.);
#2893 = DIRECTION('',(0.,-1.));
#2894 = ( GEOMETRIC_REPRESENTATION_CONTEXT(2) 
PARAMETRIC_REPRESENTATION_CONTEXT() REPRESENTATION_CONTEXT('2D SPACE',''
  ) );
#2895 = ORIENTED_EDGE('',*,*,#2896,.T.);
#2896 = EDGE_CURVE('',#2869,#2869,#2897,.T.);
#2897 = SURFACE_CURVE('',#2898,(#2903,#2910),.PCURVE_S1.);
#2898 = CIRCLE('',#2899,0.85);
#2899 = AXIS2_PLACEMENT_3D('',#2900,#2901,#2902);
#2900 = CARTESIAN_POINT('',(0.,-15.24,1.65));
#2901 = DIRECTION('',(0.,0.,-1.));
#2902 = DIRECTION('',(1.,-0.,-0.));
#2903 = PCURVE('',#2877,#2904);
#2904 = DEFINITIONAL_REPRESENTATION('',(#2905),#2909);
#2905 = LINE('',#2906,#2907);
#2906 = CARTESIAN_POINT('',(0.,-5.E-02));
#2907 = VECTOR('',#2908,1.);
#2908 = DIRECTION('',(1.,0.));
#2909 = ( GEOMETRIC_REPRESENTATION_CONTEXT(2) 
PARAMETRIC_REPRESENTATION_CONTEXT() REPRESENTATION_CONTEXT('2D SPACE',''
  ) );
#2910 = PCURVE('',#2911,#2916);
#2911 = PLANE('',#2912);
#2912 = AXIS2_PLACEMENT_3D('',#2913,#2914,#2915);
#2913 = CARTESIAN_POINT('',(2.513676714227E-17,-15.24,1.65));
#2914 = DIRECTION('',(-0.,-0.,1.));
#2915 = DIRECTION('',(-1.,0.,0.));
#2916 = DEFINITIONAL_REPRESENTATION('',(#2917),#2925);
#2917 = ( BOUNDED_CURVE() B_SPLINE_CURVE(2,(#2918,#2919,#2920,#2921,
#2922,#2923,#2924),.UNSPECIFIED.,.T.,.F.) B_SPLINE_CURVE_WITH_KNOTS((1,2
    ,2,2,2,1),(-2.094395102393,0.,2.094395102393,4.188790204786,
6.28318530718,8.377580409573),.UNSPECIFIED.) CURVE() 
GEOMETRIC_REPRESENTATION_ITEM() RATIONAL_B_SPLINE_CURVE((1.,0.5,1.,0.5,
1.,0.5,1.)) REPRESENTATION_ITEM('') );
#2918 = CARTESIAN_POINT('',(-0.85,-1.7763568394E-15));
#2919 = CARTESIAN_POINT('',(-0.85,1.472243186434));
#2920 = CARTESIAN_POINT('',(0.425,0.736121593217));
#2921 = CARTESIAN_POINT('',(1.7,-1.568166883545E-15));
#2922 = CARTESIAN_POINT('',(0.425,-0.736121593217));
#2923 = CARTESIAN_POINT('',(-0.85,-1.472243186434));
#2924 = CARTESIAN_POINT('',(-0.85,-1.7763568394E-15));
#2925 = ( GEOMETRIC_REPRESENTATION_CONTEXT(2) 
PARAMETRIC_REPRESENTATION_CONTEXT() REPRESENTATION_CONTEXT('2D SPACE',''
  ) );
#2926 = ORIENTED_EDGE('',*,*,#2866,.F.);
#2927 = ORIENTED_EDGE('',*,*,#2928,.F.);
#2928 = EDGE_CURVE('',#2867,#2867,#2929,.T.);
#2929 = SURFACE_CURVE('',#2930,(#2935,#2942),.PCURVE_S1.);
#2930 = CIRCLE('',#2931,0.85);
#2931 = AXIS2_PLACEMENT_3D('',#2932,#2933,#2934);
#2932 = CARTESIAN_POINT('',(0.,-15.24,1.6));
#2933 = DIRECTION('',(0.,0.,-1.));
#2934 = DIRECTION('',(1.,-0.,-0.));
#2935 = PCURVE('',#2877,#2936);
#2936 = DEFINITIONAL_REPRESENTATION('',(#2937),#2941);
#2937 = LINE('',#2938,#2939);
#2938 = CARTESIAN_POINT('',(0.,0.));
#2939 = VECTOR('',#2940,1.);
#2940 = DIRECTION('',(1.,0.));
#2941 = ( GEOMETRIC_REPRESENTATION_CONTEXT(2) 
PARAMETRIC_REPRESENTATION_CONTEXT() REPRESENTATION_CONTEXT('2D SPACE',''
  ) );
#2942 = PCURVE('',#2943,#2948);
#2943 = PLANE('',#2944);
#2944 = AXIS2_PLACEMENT_3D('',#2945,#2946,#2947);
#2945 = CARTESIAN_POINT('',(2.513676714227E-17,-15.24,1.6));
#2946 = DIRECTION('',(-0.,-0.,1.));
#2947 = DIRECTION('',(-1.,0.,0.));
#2948 = DEFINITIONAL_REPRESENTATION('',(#2949),#2957);
#2949 = ( BOUNDED_CURVE() B_SPLINE_CURVE(2,(#2950,#2951,#2952,#2953,
#2954,#2955,#2956),.UNSPECIFIED.,.T.,.F.) B_SPLINE_CURVE_WITH_KNOTS((1,2
    ,2,2,2,1),(-2.094395102393,0.,2.094395102393,4.188790204786,
6.28318530718,8.377580409573),.UNSPECIFIED.) CURVE() 
GEOMETRIC_REPRESENTATION_ITEM() RATIONAL_B_SPLINE_CURVE((1.,0.5,1.,0.5,
1.,0.5,1.)) REPRESENTATION_ITEM('') );
#2950 = CARTESIAN_POINT('',(-0.85,-1.7763568394E-15));
#2951 = CARTESIAN_POINT('',(-0.85,1.472243186434));
#2952 = CARTESIAN_POINT('',(0.425,0.736121593217));
#2953 = CARTESIAN_POINT('',(1.7,-1.568166883545E-15));
#2954 = CARTESIAN_POINT('',(0.425,-0.736121593217));
#2955 = CARTESIAN_POINT('',(-0.85,-1.472243186434));
#2956 = CARTESIAN_POINT('',(-0.85,-1.7763568394E-15));
#2957 = ( GEOMETRIC_REPRESENTATION_CONTEXT(2) 
PARAMETRIC_REPRESENTATION_CONTEXT() REPRESENTATION_CONTEXT('2D SPACE',''
  ) );
#2958 = ADVANCED_FACE('',(#2959),#2973,.F.);
#2959 = FACE_BOUND('',#2960,.F.);
#2960 = EDGE_LOOP('',(#2961,#2991,#3017,#3018));
#2961 = ORIENTED_EDGE('',*,*,#2962,.T.);
#2962 = EDGE_CURVE('',#2963,#2965,#2967,.T.);
#2963 = VERTEX_POINT('',#2964);
#2964 = CARTESIAN_POINT('',(0.5,-15.24,1.6));
#2965 = VERTEX_POINT('',#2966);
#2966 = CARTESIAN_POINT('',(0.5,-15.24,1.65));
#2967 = SEAM_CURVE('',#2968,(#2972,#2984),.PCURVE_S1.);
#2968 = LINE('',#2969,#2970);
#2969 = CARTESIAN_POINT('',(0.5,-15.24,1.6));
#2970 = VECTOR('',#2971,1.);
#2971 = DIRECTION('',(-0.,-0.,1.));
#2972 = PCURVE('',#2973,#2978);
#2973 = CYLINDRICAL_SURFACE('',#2974,0.5);
#2974 = AXIS2_PLACEMENT_3D('',#2975,#2976,#2977);
#2975 = CARTESIAN_POINT('',(4.051663643225E-15,-15.24,1.6));
#2976 = DIRECTION('',(-0.,0.,-1.));
#2977 = DIRECTION('',(1.,-0.,-0.));
#2978 = DEFINITIONAL_REPRESENTATION('',(#2979),#2983);
#2979 = LINE('',#2980,#2981);
#2980 = CARTESIAN_POINT('',(0.,0.));
#2981 = VECTOR('',#2982,1.);
#2982 = DIRECTION('',(0.,-1.));
#2983 = ( GEOMETRIC_REPRESENTATION_CONTEXT(2) 
PARAMETRIC_REPRESENTATION_CONTEXT() REPRESENTATION_CONTEXT('2D SPACE',''
  ) );
#2984 = PCURVE('',#2973,#2985);
#2985 = DEFINITIONAL_REPRESENTATION('',(#2986),#2990);
#2986 = LINE('',#2987,#2988);
#2987 = CARTESIAN_POINT('',(6.28318530718,0.));
#2988 = VECTOR('',#2989,1.);
#2989 = DIRECTION('',(0.,-1.));
#2990 = ( GEOMETRIC_REPRESENTATION_CONTEXT(2) 
PARAMETRIC_REPRESENTATION_CONTEXT() REPRESENTATION_CONTEXT('2D SPACE',''
  ) );
#2991 = ORIENTED_EDGE('',*,*,#2992,.T.);
#2992 = EDGE_CURVE('',#2965,#2965,#2993,.T.);
#2993 = SURFACE_CURVE('',#2994,(#2999,#3006),.PCURVE_S1.);
#2994 = CIRCLE('',#2995,0.5);
#2995 = AXIS2_PLACEMENT_3D('',#2996,#2997,#2998);
#2996 = CARTESIAN_POINT('',(4.051663643225E-15,-15.24,1.65));
#2997 = DIRECTION('',(0.,0.,-1.));
#2998 = DIRECTION('',(1.,-0.,-0.));
#2999 = PCURVE('',#2973,#3000);
#3000 = DEFINITIONAL_REPRESENTATION('',(#3001),#3005);
#3001 = LINE('',#3002,#3003);
#3002 = CARTESIAN_POINT('',(0.,-5.E-02));
#3003 = VECTOR('',#3004,1.);
#3004 = DIRECTION('',(1.,0.));
#3005 = ( GEOMETRIC_REPRESENTATION_CONTEXT(2) 
PARAMETRIC_REPRESENTATION_CONTEXT() REPRESENTATION_CONTEXT('2D SPACE',''
  ) );
#3006 = PCURVE('',#2911,#3007);
#3007 = DEFINITIONAL_REPRESENTATION('',(#3008),#3016);
#3008 = ( BOUNDED_CURVE() B_SPLINE_CURVE(2,(#3009,#3010,#3011,#3012,
#3013,#3014,#3015),.UNSPECIFIED.,.T.,.F.) B_SPLINE_CURVE_WITH_KNOTS((1,2
    ,2,2,2,1),(-2.094395102393,0.,2.094395102393,4.188790204786,
6.28318530718,8.377580409573),.UNSPECIFIED.) CURVE() 
GEOMETRIC_REPRESENTATION_ITEM() RATIONAL_B_SPLINE_CURVE((1.,0.5,1.,0.5,
1.,0.5,1.)) REPRESENTATION_ITEM('') );
#3009 = CARTESIAN_POINT('',(-0.5,-1.7763568394E-15));
#3010 = CARTESIAN_POINT('',(-0.5,0.866025403784));
#3011 = CARTESIAN_POINT('',(0.25,0.433012701892));
#3012 = CARTESIAN_POINT('',(1.,-1.653892159486E-15));
#3013 = CARTESIAN_POINT('',(0.25,-0.433012701892));
#3014 = CARTESIAN_POINT('',(-0.5,-0.866025403784));
#3015 = CARTESIAN_POINT('',(-0.5,-1.7763568394E-15));
#3016 = ( GEOMETRIC_REPRESENTATION_CONTEXT(2) 
PARAMETRIC_REPRESENTATION_CONTEXT() REPRESENTATION_CONTEXT('2D SPACE',''
  ) );
#3017 = ORIENTED_EDGE('',*,*,#2962,.F.);
#3018 = ORIENTED_EDGE('',*,*,#3019,.F.);
#3019 = EDGE_CURVE('',#2963,#2963,#3020,.T.);
#3020 = SURFACE_CURVE('',#3021,(#3026,#3033),.PCURVE_S1.);
#3021 = CIRCLE('',#3022,0.5);
#3022 = AXIS2_PLACEMENT_3D('',#3023,#3024,#3025);
#3023 = CARTESIAN_POINT('',(4.051663643225E-15,-15.24,1.6));
#3024 = DIRECTION('',(0.,0.,-1.));
#3025 = DIRECTION('',(1.,-0.,-0.));
#3026 = PCURVE('',#2973,#3027);
#3027 = DEFINITIONAL_REPRESENTATION('',(#3028),#3032);
#3028 = LINE('',#3029,#3030);
#3029 = CARTESIAN_POINT('',(0.,0.));
#3030 = VECTOR('',#3031,1.);
#3031 = DIRECTION('',(1.,0.));
#3032 = ( GEOMETRIC_REPRESENTATION_CONTEXT(2) 
PARAMETRIC_REPRESENTATION_CONTEXT() REPRESENTATION_CONTEXT('2D SPACE',''
  ) );
#3033 = PCURVE('',#2943,#3034);
#3034 = DEFINITIONAL_REPRESENTATION('',(#3035),#3043);
#3035 = ( BOUNDED_CURVE() B_SPLINE_CURVE(2,(#3036,#3037,#3038,#3039,
#3040,#3041,#3042),.UNSPECIFIED.,.T.,.F.) B_SPLINE_CURVE_WITH_KNOTS((1,2
    ,2,2,2,1),(-2.094395102393,0.,2.094395102393,4.188790204786,
6.28318530718,8.377580409573),.UNSPECIFIED.) CURVE() 
GEOMETRIC_REPRESENTATION_ITEM() RATIONAL_B_SPLINE_CURVE((1.,0.5,1.,0.5,
1.,0.5,1.)) REPRESENTATION_ITEM('') );
#3036 = CARTESIAN_POINT('',(-0.5,-1.7763568394E-15));
#3037 = CARTESIAN_POINT('',(-0.5,0.866025403784));
#3038 = CARTESIAN_POINT('',(0.25,0.433012701892));
#3039 = CARTESIAN_POINT('',(1.,-1.653892159486E-15));
#3040 = CARTESIAN_POINT('',(0.25,-0.433012701892));
#3041 = CARTESIAN_POINT('',(-0.5,-0.866025403784));
#3042 = CARTESIAN_POINT('',(-0.5,-1.7763568394E-15));
#3043 = ( GEOMETRIC_REPRESENTATION_CONTEXT(2) 
PARAMETRIC_REPRESENTATION_CONTEXT() REPRESENTATION_CONTEXT('2D SPACE',''
  ) );
#3044 = ADVANCED_FACE('',(#3045,#3048),#2943,.F.);
#3045 = FACE_BOUND('',#3046,.T.);
#3046 = EDGE_LOOP('',(#3047));
#3047 = ORIENTED_EDGE('',*,*,#2928,.T.);
#3048 = FACE_BOUND('',#3049,.T.);
#3049 = EDGE_LOOP('',(#3050));
#3050 = ORIENTED_EDGE('',*,*,#3019,.F.);
#3051 = ADVANCED_FACE('',(#3052,#3055),#2911,.T.);
#3052 = FACE_BOUND('',#3053,.F.);
#3053 = EDGE_LOOP('',(#3054));
#3054 = ORIENTED_EDGE('',*,*,#2896,.T.);
#3055 = FACE_BOUND('',#3056,.F.);
#3056 = EDGE_LOOP('',(#3057));
#3057 = ORIENTED_EDGE('',*,*,#2992,.F.);
#3058 = ( GEOMETRIC_REPRESENTATION_CONTEXT(3) 
GLOBAL_UNCERTAINTY_ASSIGNED_CONTEXT((#3062)) 
GLOBAL_UNIT_ASSIGNED_CONTEXT((#3059,#3060,#3061)) REPRESENTATION_CONTEXT
('Context #1','3D Context with UNIT and UNCERTAINTY') );
#3059 = ( LENGTH_UNIT() NAMED_UNIT(*) SI_UNIT(.MILLI.,.METRE.) );
#3060 = ( NAMED_UNIT(*) PLANE_ANGLE_UNIT() SI_UNIT($,.RADIAN.) );
#3061 = ( NAMED_UNIT(*) SI_UNIT($,.STERADIAN.) SOLID_ANGLE_UNIT() );
#3062 = UNCERTAINTY_MEASURE_WITH_UNIT(LENGTH_MEASURE(1.E-07),#3059,
  'distance_accuracy_value','confusion accuracy');
#3063 = CONTEXT_DEPENDENT_SHAPE_REPRESENTATION(#3064,#3066);
#3064 = ( REPRESENTATION_RELATIONSHIP('','',#2859,#10) 
REPRESENTATION_RELATIONSHIP_WITH_TRANSFORMATION(#3065) 
SHAPE_REPRESENTATION_RELATIONSHIP() );
#3065 = ITEM_DEFINED_TRANSFORMATION('','',#11,#43);
#3066 = PRODUCT_DEFINITION_SHAPE('Placement','Placement of an item',
  #3067);
#3067 = NEXT_ASSEMBLY_USAGE_OCCURRENCE('51','ring6','',#5,#2854,$);
#3068 = PRODUCT_RELATED_PRODUCT_CATEGORY('part',$,(#2856));
#3069 = SHAPE_DEFINITION_REPRESENTATION(#3070,#3076);
#3070 = PRODUCT_DEFINITION_SHAPE('','',#3071);
#3071 = PRODUCT_DEFINITION('design','',#3072,#3075);
#3072 = PRODUCT_DEFINITION_FORMATION('','',#3073);
#3073 = PRODUCT('ring7','ring7','',(#3074));
#3074 = PRODUCT_CONTEXT('',#2,'mechanical');
#3075 = PRODUCT_DEFINITION_CONTEXT('part definition',#2,'design');
#3076 = ADVANCED_BREP_SHAPE_REPRESENTATION('',(#11,#3077),#3275);
#3077 = MANIFOLD_SOLID_BREP('',#3078);
#3078 = CLOSED_SHELL('',(#3079,#3175,#3261,#3268));
#3079 = ADVANCED_FACE('',(#3080),#3094,.T.);
#3080 = FACE_BOUND('',#3081,.T.);
#3081 = EDGE_LOOP('',(#3082,#3112,#3143,#3144));
#3082 = ORIENTED_EDGE('',*,*,#3083,.T.);
#3083 = EDGE_CURVE('',#3084,#3086,#3088,.T.);
#3084 = VERTEX_POINT('',#3085);
#3085 = CARTESIAN_POINT('',(0.85,-17.78,1.6));
#3086 = VERTEX_POINT('',#3087);
#3087 = CARTESIAN_POINT('',(0.85,-17.78,1.65));
#3088 = SEAM_CURVE('',#3089,(#3093,#3105),.PCURVE_S1.);
#3089 = LINE('',#3090,#3091);
#3090 = CARTESIAN_POINT('',(0.85,-17.78,1.6));
#3091 = VECTOR('',#3092,1.);
#3092 = DIRECTION('',(-0.,-0.,1.));
#3093 = PCURVE('',#3094,#3099);
#3094 = CYLINDRICAL_SURFACE('',#3095,0.85);
#3095 = AXIS2_PLACEMENT_3D('',#3096,#3097,#3098);
#3096 = CARTESIAN_POINT('',(0.,-17.78,1.6));
#3097 = DIRECTION('',(-0.,0.,-1.));
#3098 = DIRECTION('',(1.,-0.,-0.));
#3099 = DEFINITIONAL_REPRESENTATION('',(#3100),#3104);
#3100 = LINE('',#3101,#3102);
#3101 = CARTESIAN_POINT('',(0.,0.));
#3102 = VECTOR('',#3103,1.);
#3103 = DIRECTION('',(0.,-1.));
#3104 = ( GEOMETRIC_REPRESENTATION_CONTEXT(2) 
PARAMETRIC_REPRESENTATION_CONTEXT() REPRESENTATION_CONTEXT('2D SPACE',''
  ) );
#3105 = PCURVE('',#3094,#3106);
#3106 = DEFINITIONAL_REPRESENTATION('',(#3107),#3111);
#3107 = LINE('',#3108,#3109);
#3108 = CARTESIAN_POINT('',(6.28318530718,0.));
#3109 = VECTOR('',#3110,1.);
#3110 = DIRECTION('',(0.,-1.));
#3111 = ( GEOMETRIC_REPRESENTATION_CONTEXT(2) 
PARAMETRIC_REPRESENTATION_CONTEXT() REPRESENTATION_CONTEXT('2D SPACE',''
  ) );
#3112 = ORIENTED_EDGE('',*,*,#3113,.T.);
#3113 = EDGE_CURVE('',#3086,#3086,#3114,.T.);
#3114 = SURFACE_CURVE('',#3115,(#3120,#3127),.PCURVE_S1.);
#3115 = CIRCLE('',#3116,0.85);
#3116 = AXIS2_PLACEMENT_3D('',#3117,#3118,#3119);
#3117 = CARTESIAN_POINT('',(0.,-17.78,1.65));
#3118 = DIRECTION('',(0.,0.,-1.));
#3119 = DIRECTION('',(1.,-0.,-0.));
#3120 = PCURVE('',#3094,#3121);
#3121 = DEFINITIONAL_REPRESENTATION('',(#3122),#3126);
#3122 = LINE('',#3123,#3124);
#3123 = CARTESIAN_POINT('',(0.,-5.E-02));
#3124 = VECTOR('',#3125,1.);
#3125 = DIRECTION('',(1.,0.));
#3126 = ( GEOMETRIC_REPRESENTATION_CONTEXT(2) 
PARAMETRIC_REPRESENTATION_CONTEXT() REPRESENTATION_CONTEXT('2D SPACE',''
  ) );
#3127 = PCURVE('',#3128,#3133);
#3128 = PLANE('',#3129);
#3129 = AXIS2_PLACEMENT_3D('',#3130,#3131,#3132);
#3130 = CARTESIAN_POINT('',(2.513676714227E-17,-17.78,1.65));
#3131 = DIRECTION('',(-0.,-0.,1.));
#3132 = DIRECTION('',(-1.,0.,0.));
#3133 = DEFINITIONAL_REPRESENTATION('',(#3134),#3142);
#3134 = ( BOUNDED_CURVE() B_SPLINE_CURVE(2,(#3135,#3136,#3137,#3138,
#3139,#3140,#3141),.UNSPECIFIED.,.T.,.F.) B_SPLINE_CURVE_WITH_KNOTS((1,2
    ,2,2,2,1),(-2.094395102393,0.,2.094395102393,4.188790204786,
6.28318530718,8.377580409573),.UNSPECIFIED.) CURVE() 
GEOMETRIC_REPRESENTATION_ITEM() RATIONAL_B_SPLINE_CURVE((1.,0.5,1.,0.5,
1.,0.5,1.)) REPRESENTATION_ITEM('') );
#3135 = CARTESIAN_POINT('',(-0.85,0.));
#3136 = CARTESIAN_POINT('',(-0.85,1.472243186434));
#3137 = CARTESIAN_POINT('',(0.425,0.736121593217));
#3138 = CARTESIAN_POINT('',(1.7,2.081899558551E-16));
#3139 = CARTESIAN_POINT('',(0.425,-0.736121593217));
#3140 = CARTESIAN_POINT('',(-0.85,-1.472243186434));
#3141 = CARTESIAN_POINT('',(-0.85,0.));
#3142 = ( GEOMETRIC_REPRESENTATION_CONTEXT(2) 
PARAMETRIC_REPRESENTATION_CONTEXT() REPRESENTATION_CONTEXT('2D SPACE',''
  ) );
#3143 = ORIENTED_EDGE('',*,*,#3083,.F.);
#3144 = ORIENTED_EDGE('',*,*,#3145,.F.);
#3145 = EDGE_CURVE('',#3084,#3084,#3146,.T.);
#3146 = SURFACE_CURVE('',#3147,(#3152,#3159),.PCURVE_S1.);
#3147 = CIRCLE('',#3148,0.85);
#3148 = AXIS2_PLACEMENT_3D('',#3149,#3150,#3151);
#3149 = CARTESIAN_POINT('',(0.,-17.78,1.6));
#3150 = DIRECTION('',(0.,0.,-1.));
#3151 = DIRECTION('',(1.,-0.,-0.));
#3152 = PCURVE('',#3094,#3153);
#3153 = DEFINITIONAL_REPRESENTATION('',(#3154),#3158);
#3154 = LINE('',#3155,#3156);
#3155 = CARTESIAN_POINT('',(0.,0.));
#3156 = VECTOR('',#3157,1.);
#3157 = DIRECTION('',(1.,0.));
#3158 = ( GEOMETRIC_REPRESENTATION_CONTEXT(2) 
PARAMETRIC_REPRESENTATION_CONTEXT() REPRESENTATION_CONTEXT('2D SPACE',''
  ) );
#3159 = PCURVE('',#3160,#3165);
#3160 = PLANE('',#3161);
#3161 = AXIS2_PLACEMENT_3D('',#3162,#3163,#3164);
#3162 = CARTESIAN_POINT('',(2.513676714227E-17,-17.78,1.6));
#3163 = DIRECTION('',(-0.,-0.,1.));
#3164 = DIRECTION('',(-1.,0.,0.));
#3165 = DEFINITIONAL_REPRESENTATION('',(#3166),#3174);
#3166 = ( BOUNDED_CURVE() B_SPLINE_CURVE(2,(#3167,#3168,#3169,#3170,
#3171,#3172,#3173),.UNSPECIFIED.,.T.,.F.) B_SPLINE_CURVE_WITH_KNOTS((1,2
    ,2,2,2,1),(-2.094395102393,0.,2.094395102393,4.188790204786,
6.28318530718,8.377580409573),.UNSPECIFIED.) CURVE() 
GEOMETRIC_REPRESENTATION_ITEM() RATIONAL_B_SPLINE_CURVE((1.,0.5,1.,0.5,
1.,0.5,1.)) REPRESENTATION_ITEM('') );
#3167 = CARTESIAN_POINT('',(-0.85,0.));
#3168 = CARTESIAN_POINT('',(-0.85,1.472243186434));
#3169 = CARTESIAN_POINT('',(0.425,0.736121593217));
#3170 = CARTESIAN_POINT('',(1.7,2.081899558551E-16));
#3171 = CARTESIAN_POINT('',(0.425,-0.736121593217));
#3172 = CARTESIAN_POINT('',(-0.85,-1.472243186434));
#3173 = CARTESIAN_POINT('',(-0.85,0.));
#3174 = ( GEOMETRIC_REPRESENTATION_CONTEXT(2) 
PARAMETRIC_REPRESENTATION_CONTEXT() REPRESENTATION_CONTEXT('2D SPACE',''
  ) );
#3175 = ADVANCED_FACE('',(#3176),#3190,.F.);
#3176 = FACE_BOUND('',#3177,.F.);
#3177 = EDGE_LOOP('',(#3178,#3208,#3234,#3235));
#3178 = ORIENTED_EDGE('',*,*,#3179,.T.);
#3179 = EDGE_CURVE('',#3180,#3182,#3184,.T.);
#3180 = VERTEX_POINT('',#3181);
#3181 = CARTESIAN_POINT('',(0.5,-17.78,1.6));
#3182 = VERTEX_POINT('',#3183);
#3183 = CARTESIAN_POINT('',(0.5,-17.78,1.65));
#3184 = SEAM_CURVE('',#3185,(#3189,#3201),.PCURVE_S1.);
#3185 = LINE('',#3186,#3187);
#3186 = CARTESIAN_POINT('',(0.5,-17.78,1.6));
#3187 = VECTOR('',#3188,1.);
#3188 = DIRECTION('',(-0.,-0.,1.));
#3189 = PCURVE('',#3190,#3195);
#3190 = CYLINDRICAL_SURFACE('',#3191,0.5);
#3191 = AXIS2_PLACEMENT_3D('',#3192,#3193,#3194);
#3192 = CARTESIAN_POINT('',(4.051663643225E-15,-17.78,1.6));
#3193 = DIRECTION('',(-0.,0.,-1.));
#3194 = DIRECTION('',(1.,-0.,-0.));
#3195 = DEFINITIONAL_REPRESENTATION('',(#3196),#3200);
#3196 = LINE('',#3197,#3198);
#3197 = CARTESIAN_POINT('',(0.,0.));
#3198 = VECTOR('',#3199,1.);
#3199 = DIRECTION('',(0.,-1.));
#3200 = ( GEOMETRIC_REPRESENTATION_CONTEXT(2) 
PARAMETRIC_REPRESENTATION_CONTEXT() REPRESENTATION_CONTEXT('2D SPACE',''
  ) );
#3201 = PCURVE('',#3190,#3202);
#3202 = DEFINITIONAL_REPRESENTATION('',(#3203),#3207);
#3203 = LINE('',#3204,#3205);
#3204 = CARTESIAN_POINT('',(6.28318530718,0.));
#3205 = VECTOR('',#3206,1.);
#3206 = DIRECTION('',(0.,-1.));
#3207 = ( GEOMETRIC_REPRESENTATION_CONTEXT(2) 
PARAMETRIC_REPRESENTATION_CONTEXT() REPRESENTATION_CONTEXT('2D SPACE',''
  ) );
#3208 = ORIENTED_EDGE('',*,*,#3209,.T.);
#3209 = EDGE_CURVE('',#3182,#3182,#3210,.T.);
#3210 = SURFACE_CURVE('',#3211,(#3216,#3223),.PCURVE_S1.);
#3211 = CIRCLE('',#3212,0.5);
#3212 = AXIS2_PLACEMENT_3D('',#3213,#3214,#3215);
#3213 = CARTESIAN_POINT('',(4.051663643225E-15,-17.78,1.65));
#3214 = DIRECTION('',(0.,0.,-1.));
#3215 = DIRECTION('',(1.,-0.,-0.));
#3216 = PCURVE('',#3190,#3217);
#3217 = DEFINITIONAL_REPRESENTATION('',(#3218),#3222);
#3218 = LINE('',#3219,#3220);
#3219 = CARTESIAN_POINT('',(0.,-5.E-02));
#3220 = VECTOR('',#3221,1.);
#3221 = DIRECTION('',(1.,0.));
#3222 = ( GEOMETRIC_REPRESENTATION_CONTEXT(2) 
PARAMETRIC_REPRESENTATION_CONTEXT() REPRESENTATION_CONTEXT('2D SPACE',''
  ) );
#3223 = PCURVE('',#3128,#3224);
#3224 = DEFINITIONAL_REPRESENTATION('',(#3225),#3233);
#3225 = ( BOUNDED_CURVE() B_SPLINE_CURVE(2,(#3226,#3227,#3228,#3229,
#3230,#3231,#3232),.UNSPECIFIED.,.T.,.F.) B_SPLINE_CURVE_WITH_KNOTS((1,2
    ,2,2,2,1),(-2.094395102393,0.,2.094395102393,4.188790204786,
6.28318530718,8.377580409573),.UNSPECIFIED.) CURVE() 
GEOMETRIC_REPRESENTATION_ITEM() RATIONAL_B_SPLINE_CURVE((1.,0.5,1.,0.5,
1.,0.5,1.)) REPRESENTATION_ITEM('') );
#3226 = CARTESIAN_POINT('',(-0.5,0.));
#3227 = CARTESIAN_POINT('',(-0.5,0.866025403784));
#3228 = CARTESIAN_POINT('',(0.25,0.433012701892));
#3229 = CARTESIAN_POINT('',(1.,1.224646799147E-16));
#3230 = CARTESIAN_POINT('',(0.25,-0.433012701892));
#3231 = CARTESIAN_POINT('',(-0.5,-0.866025403784));
#3232 = CARTESIAN_POINT('',(-0.5,0.));
#3233 = ( GEOMETRIC_REPRESENTATION_CONTEXT(2) 
PARAMETRIC_REPRESENTATION_CONTEXT() REPRESENTATION_CONTEXT('2D SPACE',''
  ) );
#3234 = ORIENTED_EDGE('',*,*,#3179,.F.);
#3235 = ORIENTED_EDGE('',*,*,#3236,.F.);
#3236 = EDGE_CURVE('',#3180,#3180,#3237,.T.);
#3237 = SURFACE_CURVE('',#3238,(#3243,#3250),.PCURVE_S1.);
#3238 = CIRCLE('',#3239,0.5);
#3239 = AXIS2_PLACEMENT_3D('',#3240,#3241,#3242);
#3240 = CARTESIAN_POINT('',(4.051663643225E-15,-17.78,1.6));
#3241 = DIRECTION('',(0.,0.,-1.));
#3242 = DIRECTION('',(1.,-0.,-0.));
#3243 = PCURVE('',#3190,#3244);
#3244 = DEFINITIONAL_REPRESENTATION('',(#3245),#3249);
#3245 = LINE('',#3246,#3247);
#3246 = CARTESIAN_POINT('',(0.,0.));
#3247 = VECTOR('',#3248,1.);
#3248 = DIRECTION('',(1.,0.));
#3249 = ( GEOMETRIC_REPRESENTATION_CONTEXT(2) 
PARAMETRIC_REPRESENTATION_CONTEXT() REPRESENTATION_CONTEXT('2D SPACE',''
  ) );
#3250 = PCURVE('',#3160,#3251);
#3251 = DEFINITIONAL_REPRESENTATION('',(#3252),#3260);
#3252 = ( BOUNDED_CURVE() B_SPLINE_CURVE(2,(#3253,#3254,#3255,#3256,
#3257,#3258,#3259),.UNSPECIFIED.,.T.,.F.) B_SPLINE_CURVE_WITH_KNOTS((1,2
    ,2,2,2,1),(-2.094395102393,0.,2.094395102393,4.188790204786,
6.28318530718,8.377580409573),.UNSPECIFIED.) CURVE() 
GEOMETRIC_REPRESENTATION_ITEM() RATIONAL_B_SPLINE_CURVE((1.,0.5,1.,0.5,
1.,0.5,1.)) REPRESENTATION_ITEM('') );
#3253 = CARTESIAN_POINT('',(-0.5,0.));
#3254 = CARTESIAN_POINT('',(-0.5,0.866025403784));
#3255 = CARTESIAN_POINT('',(0.25,0.433012701892));
#3256 = CARTESIAN_POINT('',(1.,1.224646799147E-16));
#3257 = CARTESIAN_POINT('',(0.25,-0.433012701892));
#3258 = CARTESIAN_POINT('',(-0.5,-0.866025403784));
#3259 = CARTESIAN_POINT('',(-0.5,0.));
#3260 = ( GEOMETRIC_REPRESENTATION_CONTEXT(2) 
PARAMETRIC_REPRESENTATION_CONTEXT() REPRESENTATION_CONTEXT('2D SPACE',''
  ) );
#3261 = ADVANCED_FACE('',(#3262,#3265),#3160,.F.);
#3262 = FACE_BOUND('',#3263,.T.);
#3263 = EDGE_LOOP('',(#3264));
#3264 = ORIENTED_EDGE('',*,*,#3145,.T.);
#3265 = FACE_BOUND('',#3266,.T.);
#3266 = EDGE_LOOP('',(#3267));
#3267 = ORIENTED_EDGE('',*,*,#3236,.F.);
#3268 = ADVANCED_FACE('',(#3269,#3272),#3128,.T.);
#3269 = FACE_BOUND('',#3270,.F.);
#3270 = EDGE_LOOP('',(#3271));
#3271 = ORIENTED_EDGE('',*,*,#3113,.T.);
#3272 = FACE_BOUND('',#3273,.F.);
#3273 = EDGE_LOOP('',(#3274));
#3274 = ORIENTED_EDGE('',*,*,#3209,.F.);
#3275 = ( GEOMETRIC_REPRESENTATION_CONTEXT(3) 
GLOBAL_UNCERTAINTY_ASSIGNED_CONTEXT((#3279)) 
GLOBAL_UNIT_ASSIGNED_CONTEXT((#3276,#3277,#3278)) REPRESENTATION_CONTEXT
('Context #1','3D Context with UNIT and UNCERTAINTY') );
#3276 = ( LENGTH_UNIT() NAMED_UNIT(*) SI_UNIT(.MILLI.,.METRE.) );
#3277 = ( NAMED_UNIT(*) PLANE_ANGLE_UNIT() SI_UNIT($,.RADIAN.) );
#3278 = ( NAMED_UNIT(*) SI_UNIT($,.STERADIAN.) SOLID_ANGLE_UNIT() );
#3279 = UNCERTAINTY_MEASURE_WITH_UNIT(LENGTH_MEASURE(1.E-07),#3276,
  'distance_accuracy_value','confusion accuracy');
#3280 = CONTEXT_DEPENDENT_SHAPE_REPRESENTATION(#3281,#3283);
#3281 = ( REPRESENTATION_RELATIONSHIP('','',#3076,#10) 
REPRESENTATION_RELATIONSHIP_WITH_TRANSFORMATION(#3282) 
SHAPE_REPRESENTATION_RELATIONSHIP() );
#3282 = ITEM_DEFINED_TRANSFORMATION('','',#11,#47);
#3283 = PRODUCT_DEFINITION_SHAPE('Placement','Placement of an item',
  #3284);
#3284 = NEXT_ASSEMBLY_USAGE_OCCURRENCE('52','ring7','',#5,#3071,$);
#3285 = PRODUCT_RELATED_PRODUCT_CATEGORY('part',$,(#3073));
#3286 = SHAPE_DEFINITION_REPRESENTATION(#3287,#3293);
#3287 = PRODUCT_DEFINITION_SHAPE('','',#3288);
#3288 = PRODUCT_DEFINITION('design','',#3289,#3292);
#3289 = PRODUCT_DEFINITION_FORMATION('','',#3290);
#3290 = PRODUCT('ring8','ring8','',(#3291));
#3291 = PRODUCT_CONTEXT('',#2,'mechanical');
#3292 = PRODUCT_DEFINITION_CONTEXT('part definition',#2,'design');
#3293 = ADVANCED_BREP_SHAPE_REPRESENTATION('',(#11,#3294),#3492);
#3294 = MANIFOLD_SOLID_BREP('',#3295);
#3295 = CLOSED_SHELL('',(#3296,#3392,#3478,#3485));
#3296 = ADVANCED_FACE('',(#3297),#3311,.T.);
#3297 = FACE_BOUND('',#3298,.T.);
#3298 = EDGE_LOOP('',(#3299,#3329,#3360,#3361));
#3299 = ORIENTED_EDGE('',*,*,#3300,.T.);
#3300 = EDGE_CURVE('',#3301,#3303,#3305,.T.);
#3301 = VERTEX_POINT('',#3302);
#3302 = CARTESIAN_POINT('',(0.85,-20.32,1.6));
#3303 = VERTEX_POINT('',#3304);
#3304 = CARTESIAN_POINT('',(0.85,-20.32,1.65));
#3305 = SEAM_CURVE('',#3306,(#3310,#3322),.PCURVE_S1.);
#3306 = LINE('',#3307,#3308);
#3307 = CARTESIAN_POINT('',(0.85,-20.32,1.6));
#3308 = VECTOR('',#3309,1.);
#3309 = DIRECTION('',(-0.,-0.,1.));
#3310 = PCURVE('',#3311,#3316);
#3311 = CYLINDRICAL_SURFACE('',#3312,0.85);
#3312 = AXIS2_PLACEMENT_3D('',#3313,#3314,#3315);
#3313 = CARTESIAN_POINT('',(0.,-20.32,1.6));
#3314 = DIRECTION('',(-0.,0.,-1.));
#3315 = DIRECTION('',(1.,-0.,-0.));
#3316 = DEFINITIONAL_REPRESENTATION('',(#3317),#3321);
#3317 = LINE('',#3318,#3319);
#3318 = CARTESIAN_POINT('',(0.,0.));
#3319 = VECTOR('',#3320,1.);
#3320 = DIRECTION('',(0.,-1.));
#3321 = ( GEOMETRIC_REPRESENTATION_CONTEXT(2) 
PARAMETRIC_REPRESENTATION_CONTEXT() REPRESENTATION_CONTEXT('2D SPACE',''
  ) );
#3322 = PCURVE('',#3311,#3323);
#3323 = DEFINITIONAL_REPRESENTATION('',(#3324),#3328);
#3324 = LINE('',#3325,#3326);
#3325 = CARTESIAN_POINT('',(6.28318530718,0.));
#3326 = VECTOR('',#3327,1.);
#3327 = DIRECTION('',(0.,-1.));
#3328 = ( GEOMETRIC_REPRESENTATION_CONTEXT(2) 
PARAMETRIC_REPRESENTATION_CONTEXT() REPRESENTATION_CONTEXT('2D SPACE',''
  ) );
#3329 = ORIENTED_EDGE('',*,*,#3330,.T.);
#3330 = EDGE_CURVE('',#3303,#3303,#3331,.T.);
#3331 = SURFACE_CURVE('',#3332,(#3337,#3344),.PCURVE_S1.);
#3332 = CIRCLE('',#3333,0.85);
#3333 = AXIS2_PLACEMENT_3D('',#3334,#3335,#3336);
#3334 = CARTESIAN_POINT('',(0.,-20.32,1.65));
#3335 = DIRECTION('',(0.,0.,-1.));
#3336 = DIRECTION('',(1.,-0.,-0.));
#3337 = PCURVE('',#3311,#3338);
#3338 = DEFINITIONAL_REPRESENTATION('',(#3339),#3343);
#3339 = LINE('',#3340,#3341);
#3340 = CARTESIAN_POINT('',(0.,-5.E-02));
#3341 = VECTOR('',#3342,1.);
#3342 = DIRECTION('',(1.,0.));
#3343 = ( GEOMETRIC_REPRESENTATION_CONTEXT(2) 
PARAMETRIC_REPRESENTATION_CONTEXT() REPRESENTATION_CONTEXT('2D SPACE',''
  ) );
#3344 = PCURVE('',#3345,#3350);
#3345 = PLANE('',#3346);
#3346 = AXIS2_PLACEMENT_3D('',#3347,#3348,#3349);
#3347 = CARTESIAN_POINT('',(2.513676714227E-17,-20.32,1.65));
#3348 = DIRECTION('',(-0.,-0.,1.));
#3349 = DIRECTION('',(-1.,0.,0.));
#3350 = DEFINITIONAL_REPRESENTATION('',(#3351),#3359);
#3351 = ( BOUNDED_CURVE() B_SPLINE_CURVE(2,(#3352,#3353,#3354,#3355,
#3356,#3357,#3358),.UNSPECIFIED.,.T.,.F.) B_SPLINE_CURVE_WITH_KNOTS((1,2
    ,2,2,2,1),(-2.094395102393,0.,2.094395102393,4.188790204786,
6.28318530718,8.377580409573),.UNSPECIFIED.) CURVE() 
GEOMETRIC_REPRESENTATION_ITEM() RATIONAL_B_SPLINE_CURVE((1.,0.5,1.,0.5,
1.,0.5,1.)) REPRESENTATION_ITEM('') );
#3352 = CARTESIAN_POINT('',(-0.85,0.));
#3353 = CARTESIAN_POINT('',(-0.85,1.472243186434));
#3354 = CARTESIAN_POINT('',(0.425,0.736121593217));
#3355 = CARTESIAN_POINT('',(1.7,2.081899558551E-16));
#3356 = CARTESIAN_POINT('',(0.425,-0.736121593217));
#3357 = CARTESIAN_POINT('',(-0.85,-1.472243186434));
#3358 = CARTESIAN_POINT('',(-0.85,0.));
#3359 = ( GEOMETRIC_REPRESENTATION_CONTEXT(2) 
PARAMETRIC_REPRESENTATION_CONTEXT() REPRESENTATION_CONTEXT('2D SPACE',''
  ) );
#3360 = ORIENTED_EDGE('',*,*,#3300,.F.);
#3361 = ORIENTED_EDGE('',*,*,#3362,.F.);
#3362 = EDGE_CURVE('',#3301,#3301,#3363,.T.);
#3363 = SURFACE_CURVE('',#3364,(#3369,#3376),.PCURVE_S1.);
#3364 = CIRCLE('',#3365,0.85);
#3365 = AXIS2_PLACEMENT_3D('',#3366,#3367,#3368);
#3366 = CARTESIAN_POINT('',(0.,-20.32,1.6));
#3367 = DIRECTION('',(0.,0.,-1.));
#3368 = DIRECTION('',(1.,-0.,-0.));
#3369 = PCURVE('',#3311,#3370);
#3370 = DEFINITIONAL_REPRESENTATION('',(#3371),#3375);
#3371 = LINE('',#3372,#3373);
#3372 = CARTESIAN_POINT('',(0.,0.));
#3373 = VECTOR('',#3374,1.);
#3374 = DIRECTION('',(1.,0.));
#3375 = ( GEOMETRIC_REPRESENTATION_CONTEXT(2) 
PARAMETRIC_REPRESENTATION_CONTEXT() REPRESENTATION_CONTEXT('2D SPACE',''
  ) );
#3376 = PCURVE('',#3377,#3382);
#3377 = PLANE('',#3378);
#3378 = AXIS2_PLACEMENT_3D('',#3379,#3380,#3381);
#3379 = CARTESIAN_POINT('',(2.513676714227E-17,-20.32,1.6));
#3380 = DIRECTION('',(-0.,-0.,1.));
#3381 = DIRECTION('',(-1.,0.,0.));
#3382 = DEFINITIONAL_REPRESENTATION('',(#3383),#3391);
#3383 = ( BOUNDED_CURVE() B_SPLINE_CURVE(2,(#3384,#3385,#3386,#3387,
#3388,#3389,#3390),.UNSPECIFIED.,.T.,.F.) B_SPLINE_CURVE_WITH_KNOTS((1,2
    ,2,2,2,1),(-2.094395102393,0.,2.094395102393,4.188790204786,
6.28318530718,8.377580409573),.UNSPECIFIED.) CURVE() 
GEOMETRIC_REPRESENTATION_ITEM() RATIONAL_B_SPLINE_CURVE((1.,0.5,1.,0.5,
1.,0.5,1.)) REPRESENTATION_ITEM('') );
#3384 = CARTESIAN_POINT('',(-0.85,0.));
#3385 = CARTESIAN_POINT('',(-0.85,1.472243186434));
#3386 = CARTESIAN_POINT('',(0.425,0.736121593217));
#3387 = CARTESIAN_POINT('',(1.7,2.081899558551E-16));
#3388 = CARTESIAN_POINT('',(0.425,-0.736121593217));
#3389 = CARTESIAN_POINT('',(-0.85,-1.472243186434));
#3390 = CARTESIAN_POINT('',(-0.85,0.));
#3391 = ( GEOMETRIC_REPRESENTATION_CONTEXT(2) 
PARAMETRIC_REPRESENTATION_CONTEXT() REPRESENTATION_CONTEXT('2D SPACE',''
  ) );
#3392 = ADVANCED_FACE('',(#3393),#3407,.F.);
#3393 = FACE_BOUND('',#3394,.F.);
#3394 = EDGE_LOOP('',(#3395,#3425,#3451,#3452));
#3395 = ORIENTED_EDGE('',*,*,#3396,.T.);
#3396 = EDGE_CURVE('',#3397,#3399,#3401,.T.);
#3397 = VERTEX_POINT('',#3398);
#3398 = CARTESIAN_POINT('',(0.5,-20.32,1.6));
#3399 = VERTEX_POINT('',#3400);
#3400 = CARTESIAN_POINT('',(0.5,-20.32,1.65));
#3401 = SEAM_CURVE('',#3402,(#3406,#3418),.PCURVE_S1.);
#3402 = LINE('',#3403,#3404);
#3403 = CARTESIAN_POINT('',(0.5,-20.32,1.6));
#3404 = VECTOR('',#3405,1.);
#3405 = DIRECTION('',(-0.,-0.,1.));
#3406 = PCURVE('',#3407,#3412);
#3407 = CYLINDRICAL_SURFACE('',#3408,0.5);
#3408 = AXIS2_PLACEMENT_3D('',#3409,#3410,#3411);
#3409 = CARTESIAN_POINT('',(4.051663643225E-15,-20.32,1.6));
#3410 = DIRECTION('',(-0.,0.,-1.));
#3411 = DIRECTION('',(1.,-0.,-0.));
#3412 = DEFINITIONAL_REPRESENTATION('',(#3413),#3417);
#3413 = LINE('',#3414,#3415);
#3414 = CARTESIAN_POINT('',(0.,0.));
#3415 = VECTOR('',#3416,1.);
#3416 = DIRECTION('',(0.,-1.));
#3417 = ( GEOMETRIC_REPRESENTATION_CONTEXT(2) 
PARAMETRIC_REPRESENTATION_CONTEXT() REPRESENTATION_CONTEXT('2D SPACE',''
  ) );
#3418 = PCURVE('',#3407,#3419);
#3419 = DEFINITIONAL_REPRESENTATION('',(#3420),#3424);
#3420 = LINE('',#3421,#3422);
#3421 = CARTESIAN_POINT('',(6.28318530718,0.));
#3422 = VECTOR('',#3423,1.);
#3423 = DIRECTION('',(0.,-1.));
#3424 = ( GEOMETRIC_REPRESENTATION_CONTEXT(2) 
PARAMETRIC_REPRESENTATION_CONTEXT() REPRESENTATION_CONTEXT('2D SPACE',''
  ) );
#3425 = ORIENTED_EDGE('',*,*,#3426,.T.);
#3426 = EDGE_CURVE('',#3399,#3399,#3427,.T.);
#3427 = SURFACE_CURVE('',#3428,(#3433,#3440),.PCURVE_S1.);
#3428 = CIRCLE('',#3429,0.5);
#3429 = AXIS2_PLACEMENT_3D('',#3430,#3431,#3432);
#3430 = CARTESIAN_POINT('',(4.051663643225E-15,-20.32,1.65));
#3431 = DIRECTION('',(0.,0.,-1.));
#3432 = DIRECTION('',(1.,-0.,-0.));
#3433 = PCURVE('',#3407,#3434);
#3434 = DEFINITIONAL_REPRESENTATION('',(#3435),#3439);
#3435 = LINE('',#3436,#3437);
#3436 = CARTESIAN_POINT('',(0.,-5.E-02));
#3437 = VECTOR('',#3438,1.);
#3438 = DIRECTION('',(1.,0.));
#3439 = ( GEOMETRIC_REPRESENTATION_CONTEXT(2) 
PARAMETRIC_REPRESENTATION_CONTEXT() REPRESENTATION_CONTEXT('2D SPACE',''
  ) );
#3440 = PCURVE('',#3345,#3441);
#3441 = DEFINITIONAL_REPRESENTATION('',(#3442),#3450);
#3442 = ( BOUNDED_CURVE() B_SPLINE_CURVE(2,(#3443,#3444,#3445,#3446,
#3447,#3448,#3449),.UNSPECIFIED.,.T.,.F.) B_SPLINE_CURVE_WITH_KNOTS((1,2
    ,2,2,2,1),(-2.094395102393,0.,2.094395102393,4.188790204786,
6.28318530718,8.377580409573),.UNSPECIFIED.) CURVE() 
GEOMETRIC_REPRESENTATION_ITEM() RATIONAL_B_SPLINE_CURVE((1.,0.5,1.,0.5,
1.,0.5,1.)) REPRESENTATION_ITEM('') );
#3443 = CARTESIAN_POINT('',(-0.5,0.));
#3444 = CARTESIAN_POINT('',(-0.5,0.866025403784));
#3445 = CARTESIAN_POINT('',(0.25,0.433012701892));
#3446 = CARTESIAN_POINT('',(1.,1.224646799147E-16));
#3447 = CARTESIAN_POINT('',(0.25,-0.433012701892));
#3448 = CARTESIAN_POINT('',(-0.5,-0.866025403784));
#3449 = CARTESIAN_POINT('',(-0.5,0.));
#3450 = ( GEOMETRIC_REPRESENTATION_CONTEXT(2) 
PARAMETRIC_REPRESENTATION_CONTEXT() REPRESENTATION_CONTEXT('2D SPACE',''
  ) );
#3451 = ORIENTED_EDGE('',*,*,#3396,.F.);
#3452 = ORIENTED_EDGE('',*,*,#3453,.F.);
#3453 = EDGE_CURVE('',#3397,#3397,#3454,.T.);
#3454 = SURFACE_CURVE('',#3455,(#3460,#3467),.PCURVE_S1.);
#3455 = CIRCLE('',#3456,0.5);
#3456 = AXIS2_PLACEMENT_3D('',#3457,#3458,#3459);
#3457 = CARTESIAN_POINT('',(4.051663643225E-15,-20.32,1.6));
#3458 = DIRECTION('',(0.,0.,-1.));
#3459 = DIRECTION('',(1.,-0.,-0.));
#3460 = PCURVE('',#3407,#3461);
#3461 = DEFINITIONAL_REPRESENTATION('',(#3462),#3466);
#3462 = LINE('',#3463,#3464);
#3463 = CARTESIAN_POINT('',(0.,0.));
#3464 = VECTOR('',#3465,1.);
#3465 = DIRECTION('',(1.,0.));
#3466 = ( GEOMETRIC_REPRESENTATION_CONTEXT(2) 
PARAMETRIC_REPRESENTATION_CONTEXT() REPRESENTATION_CONTEXT('2D SPACE',''
  ) );
#3467 = PCURVE('',#3377,#3468);
#3468 = DEFINITIONAL_REPRESENTATION('',(#3469),#3477);
#3469 = ( BOUNDED_CURVE() B_SPLINE_CURVE(2,(#3470,#3471,#3472,#3473,
#3474,#3475,#3476),.UNSPECIFIED.,.T.,.F.) B_SPLINE_CURVE_WITH_KNOTS((1,2
    ,2,2,2,1),(-2.094395102393,0.,2.094395102393,4.188790204786,
6.28318530718,8.377580409573),.UNSPECIFIED.) CURVE() 
GEOMETRIC_REPRESENTATION_ITEM() RATIONAL_B_SPLINE_CURVE((1.,0.5,1.,0.5,
1.,0.5,1.)) REPRESENTATION_ITEM('') );
#3470 = CARTESIAN_POINT('',(-0.5,0.));
#3471 = CARTESIAN_POINT('',(-0.5,0.866025403784));
#3472 = CARTESIAN_POINT('',(0.25,0.433012701892));
#3473 = CARTESIAN_POINT('',(1.,1.224646799147E-16));
#3474 = CARTESIAN_POINT('',(0.25,-0.433012701892));
#3475 = CARTESIAN_POINT('',(-0.5,-0.866025403784));
#3476 = CARTESIAN_POINT('',(-0.5,0.));
#3477 = ( GEOMETRIC_REPRESENTATION_CONTEXT(2) 
PARAMETRIC_REPRESENTATION_CONTEXT() REPRESENTATION_CONTEXT('2D SPACE',''
  ) );
#3478 = ADVANCED_FACE('',(#3479,#3482),#3377,.F.);
#3479 = FACE_BOUND('',#3480,.T.);
#3480 = EDGE_LOOP('',(#3481));
#3481 = ORIENTED_EDGE('',*,*,#3362,.T.);
#3482 = FACE_BOUND('',#3483,.T.);
#3483 = EDGE_LOOP('',(#3484));
#3484 = ORIENTED_EDGE('',*,*,#3453,.F.);
#3485 = ADVANCED_FACE('',(#3486,#3489),#3345,.T.);
#3486 = FACE_BOUND('',#3487,.F.);
#3487 = EDGE_LOOP('',(#3488));
#3488 = ORIENTED_EDGE('',*,*,#3330,.T.);
#3489 = FACE_BOUND('',#3490,.F.);
#3490 = EDGE_LOOP('',(#3491));
#3491 = ORIENTED_EDGE('',*,*,#3426,.F.);
#3492 = ( GEOMETRIC_REPRESENTATION_CONTEXT(3) 
GLOBAL_UNCERTAINTY_ASSIGNED_CONTEXT((#3496)) 
GLOBAL_UNIT_ASSIGNED_CONTEXT((#3493,#3494,#3495)) REPRESENTATION_CONTEXT
('Context #1','3D Context with UNIT and UNCERTAINTY') );
#3493 = ( LENGTH_UNIT() NAMED_UNIT(*) SI_UNIT(.MILLI.,.METRE.) );
#3494 = ( NAMED_UNIT(*) PLANE_ANGLE_UNIT() SI_UNIT($,.RADIAN.) );
#3495 = ( NAMED_UNIT(*) SI_UNIT($,.STERADIAN.) SOLID_ANGLE_UNIT() );
#3496 = UNCERTAINTY_MEASURE_WITH_UNIT(LENGTH_MEASURE(1.E-07),#3493,
  'distance_accuracy_value','confusion accuracy');
#3497 = CONTEXT_DEPENDENT_SHAPE_REPRESENTATION(#3498,#3500);
#3498 = ( REPRESENTATION_RELATIONSHIP('','',#3293,#10) 
REPRESENTATION_RELATIONSHIP_WITH_TRANSFORMATION(#3499) 
SHAPE_REPRESENTATION_RELATIONSHIP() );
#3499 = ITEM_DEFINED_TRANSFORMATION('','',#11,#51);
#3500 = PRODUCT_DEFINITION_SHAPE('Placement','Placement of an item',
  #3501);
#3501 = NEXT_ASSEMBLY_USAGE_OCCURRENCE('53','ring8','',#5,#3288,$);
#3502 = PRODUCT_RELATED_PRODUCT_CATEGORY('part',$,(#3290));
#3503 = SHAPE_DEFINITION_REPRESENTATION(#3504,#3510);
#3504 = PRODUCT_DEFINITION_SHAPE('','',#3505);
#3505 = PRODUCT_DEFINITION('design','',#3506,#3509);
#3506 = PRODUCT_DEFINITION_FORMATION('','',#3507);
#3507 = PRODUCT('ring9','ring9','',(#3508));
#3508 = PRODUCT_CONTEXT('',#2,'mechanical');
#3509 = PRODUCT_DEFINITION_CONTEXT('part definition',#2,'design');
#3510 = ADVANCED_BREP_SHAPE_REPRESENTATION('',(#11,#3511),#3709);
#3511 = MANIFOLD_SOLID_BREP('',#3512);
#3512 = CLOSED_SHELL('',(#3513,#3609,#3695,#3702));
#3513 = ADVANCED_FACE('',(#3514),#3528,.T.);
#3514 = FACE_BOUND('',#3515,.T.);
#3515 = EDGE_LOOP('',(#3516,#3546,#3577,#3578));
#3516 = ORIENTED_EDGE('',*,*,#3517,.T.);
#3517 = EDGE_CURVE('',#3518,#3520,#3522,.T.);
#3518 = VERTEX_POINT('',#3519);
#3519 = CARTESIAN_POINT('',(0.85,-22.86,1.6));
#3520 = VERTEX_POINT('',#3521);
#3521 = CARTESIAN_POINT('',(0.85,-22.86,1.65));
#3522 = SEAM_CURVE('',#3523,(#3527,#3539),.PCURVE_S1.);
#3523 = LINE('',#3524,#3525);
#3524 = CARTESIAN_POINT('',(0.85,-22.86,1.6));
#3525 = VECTOR('',#3526,1.);
#3526 = DIRECTION('',(-0.,-0.,1.));
#3527 = PCURVE('',#3528,#3533);
#3528 = CYLINDRICAL_SURFACE('',#3529,0.85);
#3529 = AXIS2_PLACEMENT_3D('',#3530,#3531,#3532);
#3530 = CARTESIAN_POINT('',(0.,-22.86,1.6));
#3531 = DIRECTION('',(-0.,0.,-1.));
#3532 = DIRECTION('',(1.,-0.,-0.));
#3533 = DEFINITIONAL_REPRESENTATION('',(#3534),#3538);
#3534 = LINE('',#3535,#3536);
#3535 = CARTESIAN_POINT('',(0.,0.));
#3536 = VECTOR('',#3537,1.);
#3537 = DIRECTION('',(0.,-1.));
#3538 = ( GEOMETRIC_REPRESENTATION_CONTEXT(2) 
PARAMETRIC_REPRESENTATION_CONTEXT() REPRESENTATION_CONTEXT('2D SPACE',''
  ) );
#3539 = PCURVE('',#3528,#3540);
#3540 = DEFINITIONAL_REPRESENTATION('',(#3541),#3545);
#3541 = LINE('',#3542,#3543);
#3542 = CARTESIAN_POINT('',(6.28318530718,0.));
#3543 = VECTOR('',#3544,1.);
#3544 = DIRECTION('',(0.,-1.));
#3545 = ( GEOMETRIC_REPRESENTATION_CONTEXT(2) 
PARAMETRIC_REPRESENTATION_CONTEXT() REPRESENTATION_CONTEXT('2D SPACE',''
  ) );
#3546 = ORIENTED_EDGE('',*,*,#3547,.T.);
#3547 = EDGE_CURVE('',#3520,#3520,#3548,.T.);
#3548 = SURFACE_CURVE('',#3549,(#3554,#3561),.PCURVE_S1.);
#3549 = CIRCLE('',#3550,0.85);
#3550 = AXIS2_PLACEMENT_3D('',#3551,#3552,#3553);
#3551 = CARTESIAN_POINT('',(0.,-22.86,1.65));
#3552 = DIRECTION('',(0.,0.,-1.));
#3553 = DIRECTION('',(1.,-0.,-0.));
#3554 = PCURVE('',#3528,#3555);
#3555 = DEFINITIONAL_REPRESENTATION('',(#3556),#3560);
#3556 = LINE('',#3557,#3558);
#3557 = CARTESIAN_POINT('',(0.,-5.E-02));
#3558 = VECTOR('',#3559,1.);
#3559 = DIRECTION('',(1.,0.));
#3560 = ( GEOMETRIC_REPRESENTATION_CONTEXT(2) 
PARAMETRIC_REPRESENTATION_CONTEXT() REPRESENTATION_CONTEXT('2D SPACE',''
  ) );
#3561 = PCURVE('',#3562,#3567);
#3562 = PLANE('',#3563);
#3563 = AXIS2_PLACEMENT_3D('',#3564,#3565,#3566);
#3564 = CARTESIAN_POINT('',(2.513676714227E-17,-22.86,1.65));
#3565 = DIRECTION('',(-0.,-0.,1.));
#3566 = DIRECTION('',(-1.,0.,0.));
#3567 = DEFINITIONAL_REPRESENTATION('',(#3568),#3576);
#3568 = ( BOUNDED_CURVE() B_SPLINE_CURVE(2,(#3569,#3570,#3571,#3572,
#3573,#3574,#3575),.UNSPECIFIED.,.T.,.F.) B_SPLINE_CURVE_WITH_KNOTS((1,2
    ,2,2,2,1),(-2.094395102393,0.,2.094395102393,4.188790204786,
6.28318530718,8.377580409573),.UNSPECIFIED.) CURVE() 
GEOMETRIC_REPRESENTATION_ITEM() RATIONAL_B_SPLINE_CURVE((1.,0.5,1.,0.5,
1.,0.5,1.)) REPRESENTATION_ITEM('') );
#3569 = CARTESIAN_POINT('',(-0.85,0.));
#3570 = CARTESIAN_POINT('',(-0.85,1.472243186434));
#3571 = CARTESIAN_POINT('',(0.425,0.736121593217));
#3572 = CARTESIAN_POINT('',(1.7,2.081899558551E-16));
#3573 = CARTESIAN_POINT('',(0.425,-0.736121593217));
#3574 = CARTESIAN_POINT('',(-0.85,-1.472243186434));
#3575 = CARTESIAN_POINT('',(-0.85,0.));
#3576 = ( GEOMETRIC_REPRESENTATION_CONTEXT(2) 
PARAMETRIC_REPRESENTATION_CONTEXT() REPRESENTATION_CONTEXT('2D SPACE',''
  ) );
#3577 = ORIENTED_EDGE('',*,*,#3517,.F.);
#3578 = ORIENTED_EDGE('',*,*,#3579,.F.);
#3579 = EDGE_CURVE('',#3518,#3518,#3580,.T.);
#3580 = SURFACE_CURVE('',#3581,(#3586,#3593),.PCURVE_S1.);
#3581 = CIRCLE('',#3582,0.85);
#3582 = AXIS2_PLACEMENT_3D('',#3583,#3584,#3585);
#3583 = CARTESIAN_POINT('',(0.,-22.86,1.6));
#3584 = DIRECTION('',(0.,0.,-1.));
#3585 = DIRECTION('',(1.,-0.,-0.));
#3586 = PCURVE('',#3528,#3587);
#3587 = DEFINITIONAL_REPRESENTATION('',(#3588),#3592);
#3588 = LINE('',#3589,#3590);
#3589 = CARTESIAN_POINT('',(0.,0.));
#3590 = VECTOR('',#3591,1.);
#3591 = DIRECTION('',(1.,0.));
#3592 = ( GEOMETRIC_REPRESENTATION_CONTEXT(2) 
PARAMETRIC_REPRESENTATION_CONTEXT() REPRESENTATION_CONTEXT('2D SPACE',''
  ) );
#3593 = PCURVE('',#3594,#3599);
#3594 = PLANE('',#3595);
#3595 = AXIS2_PLACEMENT_3D('',#3596,#3597,#3598);
#3596 = CARTESIAN_POINT('',(2.513676714227E-17,-22.86,1.6));
#3597 = DIRECTION('',(-0.,-0.,1.));
#3598 = DIRECTION('',(-1.,0.,0.));
#3599 = DEFINITIONAL_REPRESENTATION('',(#3600),#3608);
#3600 = ( BOUNDED_CURVE() B_SPLINE_CURVE(2,(#3601,#3602,#3603,#3604,
#3605,#3606,#3607),.UNSPECIFIED.,.T.,.F.) B_SPLINE_CURVE_WITH_KNOTS((1,2
    ,2,2,2,1),(-2.094395102393,0.,2.094395102393,4.188790204786,
6.28318530718,8.377580409573),.UNSPECIFIED.) CURVE() 
GEOMETRIC_REPRESENTATION_ITEM() RATIONAL_B_SPLINE_CURVE((1.,0.5,1.,0.5,
1.,0.5,1.)) REPRESENTATION_ITEM('') );
#3601 = CARTESIAN_POINT('',(-0.85,0.));
#3602 = CARTESIAN_POINT('',(-0.85,1.472243186434));
#3603 = CARTESIAN_POINT('',(0.425,0.736121593217));
#3604 = CARTESIAN_POINT('',(1.7,2.081899558551E-16));
#3605 = CARTESIAN_POINT('',(0.425,-0.736121593217));
#3606 = CARTESIAN_POINT('',(-0.85,-1.472243186434));
#3607 = CARTESIAN_POINT('',(-0.85,0.));
#3608 = ( GEOMETRIC_REPRESENTATION_CONTEXT(2) 
PARAMETRIC_REPRESENTATION_CONTEXT() REPRESENTATION_CONTEXT('2D SPACE',''
  ) );
#3609 = ADVANCED_FACE('',(#3610),#3624,.F.);
#3610 = FACE_BOUND('',#3611,.F.);
#3611 = EDGE_LOOP('',(#3612,#3642,#3668,#3669));
#3612 = ORIENTED_EDGE('',*,*,#3613,.T.);
#3613 = EDGE_CURVE('',#3614,#3616,#3618,.T.);
#3614 = VERTEX_POINT('',#3615);
#3615 = CARTESIAN_POINT('',(0.5,-22.86,1.6));
#3616 = VERTEX_POINT('',#3617);
#3617 = CARTESIAN_POINT('',(0.5,-22.86,1.65));
#3618 = SEAM_CURVE('',#3619,(#3623,#3635),.PCURVE_S1.);
#3619 = LINE('',#3620,#3621);
#3620 = CARTESIAN_POINT('',(0.5,-22.86,1.6));
#3621 = VECTOR('',#3622,1.);
#3622 = DIRECTION('',(-0.,-0.,1.));
#3623 = PCURVE('',#3624,#3629);
#3624 = CYLINDRICAL_SURFACE('',#3625,0.5);
#3625 = AXIS2_PLACEMENT_3D('',#3626,#3627,#3628);
#3626 = CARTESIAN_POINT('',(4.051663643225E-15,-22.86,1.6));
#3627 = DIRECTION('',(-0.,0.,-1.));
#3628 = DIRECTION('',(1.,-0.,-0.));
#3629 = DEFINITIONAL_REPRESENTATION('',(#3630),#3634);
#3630 = LINE('',#3631,#3632);
#3631 = CARTESIAN_POINT('',(0.,0.));
#3632 = VECTOR('',#3633,1.);
#3633 = DIRECTION('',(0.,-1.));
#3634 = ( GEOMETRIC_REPRESENTATION_CONTEXT(2) 
PARAMETRIC_REPRESENTATION_CONTEXT() REPRESENTATION_CONTEXT('2D SPACE',''
  ) );
#3635 = PCURVE('',#3624,#3636);
#3636 = DEFINITIONAL_REPRESENTATION('',(#3637),#3641);
#3637 = LINE('',#3638,#3639);
#3638 = CARTESIAN_POINT('',(6.28318530718,0.));
#3639 = VECTOR('',#3640,1.);
#3640 = DIRECTION('',(0.,-1.));
#3641 = ( GEOMETRIC_REPRESENTATION_CONTEXT(2) 
PARAMETRIC_REPRESENTATION_CONTEXT() REPRESENTATION_CONTEXT('2D SPACE',''
  ) );
#3642 = ORIENTED_EDGE('',*,*,#3643,.T.);
#3643 = EDGE_CURVE('',#3616,#3616,#3644,.T.);
#3644 = SURFACE_CURVE('',#3645,(#3650,#3657),.PCURVE_S1.);
#3645 = CIRCLE('',#3646,0.5);
#3646 = AXIS2_PLACEMENT_3D('',#3647,#3648,#3649);
#3647 = CARTESIAN_POINT('',(4.051663643225E-15,-22.86,1.65));
#3648 = DIRECTION('',(0.,0.,-1.));
#3649 = DIRECTION('',(1.,-0.,-0.));
#3650 = PCURVE('',#3624,#3651);
#3651 = DEFINITIONAL_REPRESENTATION('',(#3652),#3656);
#3652 = LINE('',#3653,#3654);
#3653 = CARTESIAN_POINT('',(0.,-5.E-02));
#3654 = VECTOR('',#3655,1.);
#3655 = DIRECTION('',(1.,0.));
#3656 = ( GEOMETRIC_REPRESENTATION_CONTEXT(2) 
PARAMETRIC_REPRESENTATION_CONTEXT() REPRESENTATION_CONTEXT('2D SPACE',''
  ) );
#3657 = PCURVE('',#3562,#3658);
#3658 = DEFINITIONAL_REPRESENTATION('',(#3659),#3667);
#3659 = ( BOUNDED_CURVE() B_SPLINE_CURVE(2,(#3660,#3661,#3662,#3663,
#3664,#3665,#3666),.UNSPECIFIED.,.T.,.F.) B_SPLINE_CURVE_WITH_KNOTS((1,2
    ,2,2,2,1),(-2.094395102393,0.,2.094395102393,4.188790204786,
6.28318530718,8.377580409573),.UNSPECIFIED.) CURVE() 
GEOMETRIC_REPRESENTATION_ITEM() RATIONAL_B_SPLINE_CURVE((1.,0.5,1.,0.5,
1.,0.5,1.)) REPRESENTATION_ITEM('') );
#3660 = CARTESIAN_POINT('',(-0.5,0.));
#3661 = CARTESIAN_POINT('',(-0.5,0.866025403784));
#3662 = CARTESIAN_POINT('',(0.25,0.433012701892));
#3663 = CARTESIAN_POINT('',(1.,1.224646799147E-16));
#3664 = CARTESIAN_POINT('',(0.25,-0.433012701892));
#3665 = CARTESIAN_POINT('',(-0.5,-0.866025403784));
#3666 = CARTESIAN_POINT('',(-0.5,0.));
#3667 = ( GEOMETRIC_REPRESENTATION_CONTEXT(2) 
PARAMETRIC_REPRESENTATION_CONTEXT() REPRESENTATION_CONTEXT('2D SPACE',''
  ) );
#3668 = ORIENTED_EDGE('',*,*,#3613,.F.);
#3669 = ORIENTED_EDGE('',*,*,#3670,.F.);
#3670 = EDGE_CURVE('',#3614,#3614,#3671,.T.);
#3671 = SURFACE_CURVE('',#3672,(#3677,#3684),.PCURVE_S1.);
#3672 = CIRCLE('',#3673,0.5);
#3673 = AXIS2_PLACEMENT_3D('',#3674,#3675,#3676);
#3674 = CARTESIAN_POINT('',(4.051663643225E-15,-22.86,1.6));
#3675 = DIRECTION('',(0.,0.,-1.));
#3676 = DIRECTION('',(1.,-0.,-0.));
#3677 = PCURVE('',#3624,#3678);
#3678 = DEFINITIONAL_REPRESENTATION('',(#3679),#3683);
#3679 = LINE('',#3680,#3681);
#3680 = CARTESIAN_POINT('',(0.,0.));
#3681 = VECTOR('',#3682,1.);
#3682 = DIRECTION('',(1.,0.));
#3683 = ( GEOMETRIC_REPRESENTATION_CONTEXT(2) 
PARAMETRIC_REPRESENTATION_CONTEXT() REPRESENTATION_CONTEXT('2D SPACE',''
  ) );
#3684 = PCURVE('',#3594,#3685);
#3685 = DEFINITIONAL_REPRESENTATION('',(#3686),#3694);
#3686 = ( BOUNDED_CURVE() B_SPLINE_CURVE(2,(#3687,#3688,#3689,#3690,
#3691,#3692,#3693),.UNSPECIFIED.,.T.,.F.) B_SPLINE_CURVE_WITH_KNOTS((1,2
    ,2,2,2,1),(-2.094395102393,0.,2.094395102393,4.188790204786,
6.28318530718,8.377580409573),.UNSPECIFIED.) CURVE() 
GEOMETRIC_REPRESENTATION_ITEM() RATIONAL_B_SPLINE_CURVE((1.,0.5,1.,0.5,
1.,0.5,1.)) REPRESENTATION_ITEM('') );
#3687 = CARTESIAN_POINT('',(-0.5,0.));
#3688 = CARTESIAN_POINT('',(-0.5,0.866025403784));
#3689 = CARTESIAN_POINT('',(0.25,0.433012701892));
#3690 = CARTESIAN_POINT('',(1.,1.224646799147E-16));
#3691 = CARTESIAN_POINT('',(0.25,-0.433012701892));
#3692 = CARTESIAN_POINT('',(-0.5,-0.866025403784));
#3693 = CARTESIAN_POINT('',(-0.5,0.));
#3694 = ( GEOMETRIC_REPRESENTATION_CONTEXT(2) 
PARAMETRIC_REPRESENTATION_CONTEXT() REPRESENTATION_CONTEXT('2D SPACE',''
  ) );
#3695 = ADVANCED_FACE('',(#3696,#3699),#3594,.F.);
#3696 = FACE_BOUND('',#3697,.T.);
#3697 = EDGE_LOOP('',(#3698));
#3698 = ORIENTED_EDGE('',*,*,#3579,.T.);
#3699 = FACE_BOUND('',#3700,.T.);
#3700 = EDGE_LOOP('',(#3701));
#3701 = ORIENTED_EDGE('',*,*,#3670,.F.);
#3702 = ADVANCED_FACE('',(#3703,#3706),#3562,.T.);
#3703 = FACE_BOUND('',#3704,.F.);
#3704 = EDGE_LOOP('',(#3705));
#3705 = ORIENTED_EDGE('',*,*,#3547,.T.);
#3706 = FACE_BOUND('',#3707,.F.);
#3707 = EDGE_LOOP('',(#3708));
#3708 = ORIENTED_EDGE('',*,*,#3643,.F.);
#3709 = ( GEOMETRIC_REPRESENTATION_CONTEXT(3) 
GLOBAL_UNCERTAINTY_ASSIGNED_CONTEXT((#3713)) 
GLOBAL_UNIT_ASSIGNED_CONTEXT((#3710,#3711,#3712)) REPRESENTATION_CONTEXT
('Context #1','3D Context with UNIT and UNCERTAINTY') );
#3710 = ( LENGTH_UNIT() NAMED_UNIT(*) SI_UNIT(.MILLI.,.METRE.) );
#3711 = ( NAMED_UNIT(*) PLANE_ANGLE_UNIT() SI_UNIT($,.RADIAN.) );
#3712 = ( NAMED_UNIT(*) SI_UNIT($,.STERADIAN.) SOLID_ANGLE_UNIT() );
#3713 = UNCERTAINTY_MEASURE_WITH_UNIT(LENGTH_MEASURE(1.E-07),#3710,
  'distance_accuracy_value','confusion accuracy');
#3714 = CONTEXT_DEPENDENT_SHAPE_REPRESENTATION(#3715,#3717);
#3715 = ( REPRESENTATION_RELATIONSHIP('','',#3510,#10) 
REPRESENTATION_RELATIONSHIP_WITH_TRANSFORMATION(#3716) 
SHAPE_REPRESENTATION_RELATIONSHIP() );
#3716 = ITEM_DEFINED_TRANSFORMATION('','',#11,#55);
#3717 = PRODUCT_DEFINITION_SHAPE('Placement','Placement of an item',
  #3718);
#3718 = NEXT_ASSEMBLY_USAGE_OCCURRENCE('54','ring9','',#5,#3505,$);
#3719 = PRODUCT_RELATED_PRODUCT_CATEGORY('part',$,(#3507));
#3720 = SHAPE_DEFINITION_REPRESENTATION(#3721,#3727);
#3721 = PRODUCT_DEFINITION_SHAPE('','',#3722);
#3722 = PRODUCT_DEFINITION('design','',#3723,#3726);
#3723 = PRODUCT_DEFINITION_FORMATION('','',#3724);
#3724 = PRODUCT('ring10','ring10','',(#3725));
#3725 = PRODUCT_CONTEXT('',#2,'mechanical');
#3726 = PRODUCT_DEFINITION_CONTEXT('part definition',#2,'design');
#3727 = ADVANCED_BREP_SHAPE_REPRESENTATION('',(#11,#3728),#3926);
#3728 = MANIFOLD_SOLID_BREP('',#3729);
#3729 = CLOSED_SHELL('',(#3730,#3826,#3912,#3919));
#3730 = ADVANCED_FACE('',(#3731),#3745,.T.);
#3731 = FACE_BOUND('',#3732,.T.);
#3732 = EDGE_LOOP('',(#3733,#3763,#3794,#3795));
#3733 = ORIENTED_EDGE('',*,*,#3734,.T.);
#3734 = EDGE_CURVE('',#3735,#3737,#3739,.T.);
#3735 = VERTEX_POINT('',#3736);
#3736 = CARTESIAN_POINT('',(14.45,7.E-02,1.6));
#3737 = VERTEX_POINT('',#3738);
#3738 = CARTESIAN_POINT('',(14.45,7.E-02,1.65));
#3739 = SEAM_CURVE('',#3740,(#3744,#3756),.PCURVE_S1.);
#3740 = LINE('',#3741,#3742);
#3741 = CARTESIAN_POINT('',(14.45,7.E-02,1.6));
#3742 = VECTOR('',#3743,1.);
#3743 = DIRECTION('',(-0.,-0.,1.));
#3744 = PCURVE('',#3745,#3750);
#3745 = CYLINDRICAL_SURFACE('',#3746,2.25);
#3746 = AXIS2_PLACEMENT_3D('',#3747,#3748,#3749);
#3747 = CARTESIAN_POINT('',(12.2,7.E-02,1.6));
#3748 = DIRECTION('',(-0.,0.,-1.));
#3749 = DIRECTION('',(1.,-0.,-0.));
#3750 = DEFINITIONAL_REPRESENTATION('',(#3751),#3755);
#3751 = LINE('',#3752,#3753);
#3752 = CARTESIAN_POINT('',(0.,0.));
#3753 = VECTOR('',#3754,1.);
#3754 = DIRECTION('',(0.,-1.));
#3755 = ( GEOMETRIC_REPRESENTATION_CONTEXT(2) 
PARAMETRIC_REPRESENTATION_CONTEXT() REPRESENTATION_CONTEXT('2D SPACE',''
  ) );
#3756 = PCURVE('',#3745,#3757);
#3757 = DEFINITIONAL_REPRESENTATION('',(#3758),#3762);
#3758 = LINE('',#3759,#3760);
#3759 = CARTESIAN_POINT('',(6.28318530718,0.));
#3760 = VECTOR('',#3761,1.);
#3761 = DIRECTION('',(0.,-1.));
#3762 = ( GEOMETRIC_REPRESENTATION_CONTEXT(2) 
PARAMETRIC_REPRESENTATION_CONTEXT() REPRESENTATION_CONTEXT('2D SPACE',''
  ) );
#3763 = ORIENTED_EDGE('',*,*,#3764,.T.);
#3764 = EDGE_CURVE('',#3737,#3737,#3765,.T.);
#3765 = SURFACE_CURVE('',#3766,(#3771,#3778),.PCURVE_S1.);
#3766 = CIRCLE('',#3767,2.25);
#3767 = AXIS2_PLACEMENT_3D('',#3768,#3769,#3770);
#3768 = CARTESIAN_POINT('',(12.2,7.E-02,1.65));
#3769 = DIRECTION('',(0.,0.,-1.));
#3770 = DIRECTION('',(1.,-0.,-0.));
#3771 = PCURVE('',#3745,#3772);
#3772 = DEFINITIONAL_REPRESENTATION('',(#3773),#3777);
#3773 = LINE('',#3774,#3775);
#3774 = CARTESIAN_POINT('',(0.,-5.E-02));
#3775 = VECTOR('',#3776,1.);
#3776 = DIRECTION('',(1.,0.));
#3777 = ( GEOMETRIC_REPRESENTATION_CONTEXT(2) 
PARAMETRIC_REPRESENTATION_CONTEXT() REPRESENTATION_CONTEXT('2D SPACE',''
  ) );
#3778 = PCURVE('',#3779,#3784);
#3779 = PLANE('',#3780);
#3780 = AXIS2_PLACEMENT_3D('',#3781,#3782,#3783);
#3781 = CARTESIAN_POINT('',(12.2,7.E-02,1.65));
#3782 = DIRECTION('',(-0.,-0.,1.));
#3783 = DIRECTION('',(-1.,0.,0.));
#3784 = DEFINITIONAL_REPRESENTATION('',(#3785),#3793);
#3785 = ( BOUNDED_CURVE() B_SPLINE_CURVE(2,(#3786,#3787,#3788,#3789,
#3790,#3791,#3792),.UNSPECIFIED.,.T.,.F.) B_SPLINE_CURVE_WITH_KNOTS((1,2
    ,2,2,2,1),(-2.094395102393,0.,2.094395102393,4.188790204786,
6.28318530718,8.377580409573),.UNSPECIFIED.) CURVE() 
GEOMETRIC_REPRESENTATION_ITEM() RATIONAL_B_SPLINE_CURVE((1.,0.5,1.,0.5,
1.,0.5,1.)) REPRESENTATION_ITEM('') );
#3786 = CARTESIAN_POINT('',(-2.25,-1.52655665886E-16));
#3787 = CARTESIAN_POINT('',(-2.25,3.89711431703));
#3788 = CARTESIAN_POINT('',(1.125,1.948557158515));
#3789 = CARTESIAN_POINT('',(4.5,3.984353937303E-16));
#3790 = CARTESIAN_POINT('',(1.125,-1.948557158515));
#3791 = CARTESIAN_POINT('',(-2.25,-3.89711431703));
#3792 = CARTESIAN_POINT('',(-2.25,-1.52655665886E-16));
#3793 = ( GEOMETRIC_REPRESENTATION_CONTEXT(2) 
PARAMETRIC_REPRESENTATION_CONTEXT() REPRESENTATION_CONTEXT('2D SPACE',''
  ) );
#3794 = ORIENTED_EDGE('',*,*,#3734,.F.);
#3795 = ORIENTED_EDGE('',*,*,#3796,.F.);
#3796 = EDGE_CURVE('',#3735,#3735,#3797,.T.);
#3797 = SURFACE_CURVE('',#3798,(#3803,#3810),.PCURVE_S1.);
#3798 = CIRCLE('',#3799,2.25);
#3799 = AXIS2_PLACEMENT_3D('',#3800,#3801,#3802);
#3800 = CARTESIAN_POINT('',(12.2,7.E-02,1.6));
#3801 = DIRECTION('',(0.,0.,-1.));
#3802 = DIRECTION('',(1.,-0.,-0.));
#3803 = PCURVE('',#3745,#3804);
#3804 = DEFINITIONAL_REPRESENTATION('',(#3805),#3809);
#3805 = LINE('',#3806,#3807);
#3806 = CARTESIAN_POINT('',(0.,0.));
#3807 = VECTOR('',#3808,1.);
#3808 = DIRECTION('',(1.,0.));
#3809 = ( GEOMETRIC_REPRESENTATION_CONTEXT(2) 
PARAMETRIC_REPRESENTATION_CONTEXT() REPRESENTATION_CONTEXT('2D SPACE',''
  ) );
#3810 = PCURVE('',#3811,#3816);
#3811 = PLANE('',#3812);
#3812 = AXIS2_PLACEMENT_3D('',#3813,#3814,#3815);
#3813 = CARTESIAN_POINT('',(12.2,7.E-02,1.6));
#3814 = DIRECTION('',(-0.,-0.,1.));
#3815 = DIRECTION('',(-1.,0.,0.));
#3816 = DEFINITIONAL_REPRESENTATION('',(#3817),#3825);
#3817 = ( BOUNDED_CURVE() B_SPLINE_CURVE(2,(#3818,#3819,#3820,#3821,
#3822,#3823,#3824),.UNSPECIFIED.,.T.,.F.) B_SPLINE_CURVE_WITH_KNOTS((1,2
    ,2,2,2,1),(-2.094395102393,0.,2.094395102393,4.188790204786,
6.28318530718,8.377580409573),.UNSPECIFIED.) CURVE() 
GEOMETRIC_REPRESENTATION_ITEM() RATIONAL_B_SPLINE_CURVE((1.,0.5,1.,0.5,
1.,0.5,1.)) REPRESENTATION_ITEM('') );
#3818 = CARTESIAN_POINT('',(-2.25,-1.52655665886E-16));
#3819 = CARTESIAN_POINT('',(-2.25,3.89711431703));
#3820 = CARTESIAN_POINT('',(1.125,1.948557158515));
#3821 = CARTESIAN_POINT('',(4.5,3.984353937303E-16));
#3822 = CARTESIAN_POINT('',(1.125,-1.948557158515));
#3823 = CARTESIAN_POINT('',(-2.25,-3.89711431703));
#3824 = CARTESIAN_POINT('',(-2.25,-1.52655665886E-16));
#3825 = ( GEOMETRIC_REPRESENTATION_CONTEXT(2) 
PARAMETRIC_REPRESENTATION_CONTEXT() REPRESENTATION_CONTEXT('2D SPACE',''
  ) );
#3826 = ADVANCED_FACE('',(#3827),#3841,.F.);
#3827 = FACE_BOUND('',#3828,.F.);
#3828 = EDGE_LOOP('',(#3829,#3859,#3885,#3886));
#3829 = ORIENTED_EDGE('',*,*,#3830,.T.);
#3830 = EDGE_CURVE('',#3831,#3833,#3835,.T.);
#3831 = VERTEX_POINT('',#3832);
#3832 = CARTESIAN_POINT('',(13.45,7.E-02,1.6));
#3833 = VERTEX_POINT('',#3834);
#3834 = CARTESIAN_POINT('',(13.45,7.E-02,1.65));
#3835 = SEAM_CURVE('',#3836,(#3840,#3852),.PCURVE_S1.);
#3836 = LINE('',#3837,#3838);
#3837 = CARTESIAN_POINT('',(13.45,7.E-02,1.6));
#3838 = VECTOR('',#3839,1.);
#3839 = DIRECTION('',(-0.,-0.,1.));
#3840 = PCURVE('',#3841,#3846);
#3841 = CYLINDRICAL_SURFACE('',#3842,1.25);
#3842 = AXIS2_PLACEMENT_3D('',#3843,#3844,#3845);
#3843 = CARTESIAN_POINT('',(12.2,7.E-02,1.6));
#3844 = DIRECTION('',(-0.,0.,-1.));
#3845 = DIRECTION('',(1.,-0.,-0.));
#3846 = DEFINITIONAL_REPRESENTATION('',(#3847),#3851);
#3847 = LINE('',#3848,#3849);
#3848 = CARTESIAN_POINT('',(0.,0.));
#3849 = VECTOR('',#3850,1.);
#3850 = DIRECTION('',(0.,-1.));
#3851 = ( GEOMETRIC_REPRESENTATION_CONTEXT(2) 
PARAMETRIC_REPRESENTATION_CONTEXT() REPRESENTATION_CONTEXT('2D SPACE',''
  ) );
#3852 = PCURVE('',#3841,#3853);
#3853 = DEFINITIONAL_REPRESENTATION('',(#3854),#3858);
#3854 = LINE('',#3855,#3856);
#3855 = CARTESIAN_POINT('',(6.28318530718,0.));
#3856 = VECTOR('',#3857,1.);
#3857 = DIRECTION('',(0.,-1.));
#3858 = ( GEOMETRIC_REPRESENTATION_CONTEXT(2) 
PARAMETRIC_REPRESENTATION_CONTEXT() REPRESENTATION_CONTEXT('2D SPACE',''
  ) );
#3859 = ORIENTED_EDGE('',*,*,#3860,.T.);
#3860 = EDGE_CURVE('',#3833,#3833,#3861,.T.);
#3861 = SURFACE_CURVE('',#3862,(#3867,#3874),.PCURVE_S1.);
#3862 = CIRCLE('',#3863,1.25);
#3863 = AXIS2_PLACEMENT_3D('',#3864,#3865,#3866);
#3864 = CARTESIAN_POINT('',(12.2,7.E-02,1.65));
#3865 = DIRECTION('',(0.,0.,-1.));
#3866 = DIRECTION('',(1.,-0.,-0.));
#3867 = PCURVE('',#3841,#3868);
#3868 = DEFINITIONAL_REPRESENTATION('',(#3869),#3873);
#3869 = LINE('',#3870,#3871);
#3870 = CARTESIAN_POINT('',(0.,-5.E-02));
#3871 = VECTOR('',#3872,1.);
#3872 = DIRECTION('',(1.,0.));
#3873 = ( GEOMETRIC_REPRESENTATION_CONTEXT(2) 
PARAMETRIC_REPRESENTATION_CONTEXT() REPRESENTATION_CONTEXT('2D SPACE',''
  ) );
#3874 = PCURVE('',#3779,#3875);
#3875 = DEFINITIONAL_REPRESENTATION('',(#3876),#3884);
#3876 = ( BOUNDED_CURVE() B_SPLINE_CURVE(2,(#3877,#3878,#3879,#3880,
#3881,#3882,#3883),.UNSPECIFIED.,.T.,.F.) B_SPLINE_CURVE_WITH_KNOTS((1,2
    ,2,2,2,1),(-2.094395102393,0.,2.094395102393,4.188790204786,
6.28318530718,8.377580409573),.UNSPECIFIED.) CURVE() 
GEOMETRIC_REPRESENTATION_ITEM() RATIONAL_B_SPLINE_CURVE((1.,0.5,1.,0.5,
1.,0.5,1.)) REPRESENTATION_ITEM('') );
#3877 = CARTESIAN_POINT('',(-1.25,-1.52655665886E-16));
#3878 = CARTESIAN_POINT('',(-1.25,2.165063509461));
#3879 = CARTESIAN_POINT('',(0.625,1.082531754731));
#3880 = CARTESIAN_POINT('',(2.5,1.535060339009E-16));
#3881 = CARTESIAN_POINT('',(0.625,-1.082531754731));
#3882 = CARTESIAN_POINT('',(-1.25,-2.165063509461));
#3883 = CARTESIAN_POINT('',(-1.25,-1.52655665886E-16));
#3884 = ( GEOMETRIC_REPRESENTATION_CONTEXT(2) 
PARAMETRIC_REPRESENTATION_CONTEXT() REPRESENTATION_CONTEXT('2D SPACE',''
  ) );
#3885 = ORIENTED_EDGE('',*,*,#3830,.F.);
#3886 = ORIENTED_EDGE('',*,*,#3887,.F.);
#3887 = EDGE_CURVE('',#3831,#3831,#3888,.T.);
#3888 = SURFACE_CURVE('',#3889,(#3894,#3901),.PCURVE_S1.);
#3889 = CIRCLE('',#3890,1.25);
#3890 = AXIS2_PLACEMENT_3D('',#3891,#3892,#3893);
#3891 = CARTESIAN_POINT('',(12.2,7.E-02,1.6));
#3892 = DIRECTION('',(0.,0.,-1.));
#3893 = DIRECTION('',(1.,-0.,-0.));
#3894 = PCURVE('',#3841,#3895);
#3895 = DEFINITIONAL_REPRESENTATION('',(#3896),#3900);
#3896 = LINE('',#3897,#3898);
#3897 = CARTESIAN_POINT('',(0.,0.));
#3898 = VECTOR('',#3899,1.);
#3899 = DIRECTION('',(1.,0.));
#3900 = ( GEOMETRIC_REPRESENTATION_CONTEXT(2) 
PARAMETRIC_REPRESENTATION_CONTEXT() REPRESENTATION_CONTEXT('2D SPACE',''
  ) );
#3901 = PCURVE('',#3811,#3902);
#3902 = DEFINITIONAL_REPRESENTATION('',(#3903),#3911);
#3903 = ( BOUNDED_CURVE() B_SPLINE_CURVE(2,(#3904,#3905,#3906,#3907,
#3908,#3909,#3910),.UNSPECIFIED.,.T.,.F.) B_SPLINE_CURVE_WITH_KNOTS((1,2
    ,2,2,2,1),(-2.094395102393,0.,2.094395102393,4.188790204786,
6.28318530718,8.377580409573),.UNSPECIFIED.) CURVE() 
GEOMETRIC_REPRESENTATION_ITEM() RATIONAL_B_SPLINE_CURVE((1.,0.5,1.,0.5,
1.,0.5,1.)) REPRESENTATION_ITEM('') );
#3904 = CARTESIAN_POINT('',(-1.25,-1.52655665886E-16));
#3905 = CARTESIAN_POINT('',(-1.25,2.165063509461));
#3906 = CARTESIAN_POINT('',(0.625,1.082531754731));
#3907 = CARTESIAN_POINT('',(2.5,1.535060339009E-16));
#3908 = CARTESIAN_POINT('',(0.625,-1.082531754731));
#3909 = CARTESIAN_POINT('',(-1.25,-2.165063509461));
#3910 = CARTESIAN_POINT('',(-1.25,-1.52655665886E-16));
#3911 = ( GEOMETRIC_REPRESENTATION_CONTEXT(2) 
PARAMETRIC_REPRESENTATION_CONTEXT() REPRESENTATION_CONTEXT('2D SPACE',''
  ) );
#3912 = ADVANCED_FACE('',(#3913,#3916),#3811,.F.);
#3913 = FACE_BOUND('',#3914,.T.);
#3914 = EDGE_LOOP('',(#3915));
#3915 = ORIENTED_EDGE('',*,*,#3796,.T.);
#3916 = FACE_BOUND('',#3917,.T.);
#3917 = EDGE_LOOP('',(#3918));
#3918 = ORIENTED_EDGE('',*,*,#3887,.F.);
#3919 = ADVANCED_FACE('',(#3920,#3923),#3779,.T.);
#3920 = FACE_BOUND('',#3921,.F.);
#3921 = EDGE_LOOP('',(#3922));
#3922 = ORIENTED_EDGE('',*,*,#3764,.T.);
#3923 = FACE_BOUND('',#3924,.F.);
#3924 = EDGE_LOOP('',(#3925));
#3925 = ORIENTED_EDGE('',*,*,#3860,.F.);
#3926 = ( GEOMETRIC_REPRESENTATION_CONTEXT(3) 
GLOBAL_UNCERTAINTY_ASSIGNED_CONTEXT((#3930)) 
GLOBAL_UNIT_ASSIGNED_CONTEXT((#3927,#3928,#3929)) REPRESENTATION_CONTEXT
('Context #1','3D Context with UNIT and UNCERTAINTY') );
#3927 = ( LENGTH_UNIT() NAMED_UNIT(*) SI_UNIT(.MILLI.,.METRE.) );
#3928 = ( NAMED_UNIT(*) PLANE_ANGLE_UNIT() SI_UNIT($,.RADIAN.) );
#3929 = ( NAMED_UNIT(*) SI_UNIT($,.STERADIAN.) SOLID_ANGLE_UNIT() );
#3930 = UNCERTAINTY_MEASURE_WITH_UNIT(LENGTH_MEASURE(1.E-07),#3927,
  'distance_accuracy_value','confusion accuracy');
#3931 = CONTEXT_DEPENDENT_SHAPE_REPRESENTATION(#3932,#3934);
#3932 = ( REPRESENTATION_RELATIONSHIP('','',#3727,#10) 
REPRESENTATION_RELATIONSHIP_WITH_TRANSFORMATION(#3933) 
SHAPE_REPRESENTATION_RELATIONSHIP() );
#3933 = ITEM_DEFINED_TRANSFORMATION('','',#11,#59);
#3934 = PRODUCT_DEFINITION_SHAPE('Placement','Placement of an item',
  #3935);
#3935 = NEXT_ASSEMBLY_USAGE_OCCURRENCE('55','ring10','',#5,#3722,$);
#3936 = PRODUCT_RELATED_PRODUCT_CATEGORY('part',$,(#3724));
#3937 = SHAPE_DEFINITION_REPRESENTATION(#3938,#3944);
#3938 = PRODUCT_DEFINITION_SHAPE('','',#3939);
#3939 = PRODUCT_DEFINITION('design','',#3940,#3943);
#3940 = PRODUCT_DEFINITION_FORMATION('','',#3941);
#3941 = PRODUCT('ring11','ring11','',(#3942));
#3942 = PRODUCT_CONTEXT('',#2,'mechanical');
#3943 = PRODUCT_DEFINITION_CONTEXT('part definition',#2,'design');
#3944 = ADVANCED_BREP_SHAPE_REPRESENTATION('',(#11,#3945),#4143);
#3945 = MANIFOLD_SOLID_BREP('',#3946);
#3946 = CLOSED_SHELL('',(#3947,#4043,#4129,#4136));
#3947 = ADVANCED_FACE('',(#3948),#3962,.T.);
#3948 = FACE_BOUND('',#3949,.T.);
#3949 = EDGE_LOOP('',(#3950,#3980,#4011,#4012));
#3950 = ORIENTED_EDGE('',*,*,#3951,.T.);
#3951 = EDGE_CURVE('',#3952,#3954,#3956,.T.);
#3952 = VERTEX_POINT('',#3953);
#3953 = CARTESIAN_POINT('',(14.45,-22.93,1.6));
#3954 = VERTEX_POINT('',#3955);
#3955 = CARTESIAN_POINT('',(14.45,-22.93,1.65));
#3956 = SEAM_CURVE('',#3957,(#3961,#3973),.PCURVE_S1.);
#3957 = LINE('',#3958,#3959);
#3958 = CARTESIAN_POINT('',(14.45,-22.93,1.6));
#3959 = VECTOR('',#3960,1.);
#3960 = DIRECTION('',(-0.,-0.,1.));
#3961 = PCURVE('',#3962,#3967);
#3962 = CYLINDRICAL_SURFACE('',#3963,2.25);
#3963 = AXIS2_PLACEMENT_3D('',#3964,#3965,#3966);
#3964 = CARTESIAN_POINT('',(12.2,-22.93,1.6));
#3965 = DIRECTION('',(-0.,0.,-1.));
#3966 = DIRECTION('',(1.,-0.,-0.));
#3967 = DEFINITIONAL_REPRESENTATION('',(#3968),#3972);
#3968 = LINE('',#3969,#3970);
#3969 = CARTESIAN_POINT('',(0.,0.));
#3970 = VECTOR('',#3971,1.);
#3971 = DIRECTION('',(0.,-1.));
#3972 = ( GEOMETRIC_REPRESENTATION_CONTEXT(2) 
PARAMETRIC_REPRESENTATION_CONTEXT() REPRESENTATION_CONTEXT('2D SPACE',''
  ) );
#3973 = PCURVE('',#3962,#3974);
#3974 = DEFINITIONAL_REPRESENTATION('',(#3975),#3979);
#3975 = LINE('',#3976,#3977);
#3976 = CARTESIAN_POINT('',(6.28318530718,0.));
#3977 = VECTOR('',#3978,1.);
#3978 = DIRECTION('',(0.,-1.));
#3979 = ( GEOMETRIC_REPRESENTATION_CONTEXT(2) 
PARAMETRIC_REPRESENTATION_CONTEXT() REPRESENTATION_CONTEXT('2D SPACE',''
  ) );
#3980 = ORIENTED_EDGE('',*,*,#3981,.T.);
#3981 = EDGE_CURVE('',#3954,#3954,#3982,.T.);
#3982 = SURFACE_CURVE('',#3983,(#3988,#3995),.PCURVE_S1.);
#3983 = CIRCLE('',#3984,2.25);
#3984 = AXIS2_PLACEMENT_3D('',#3985,#3986,#3987);
#3985 = CARTESIAN_POINT('',(12.2,-22.93,1.65));
#3986 = DIRECTION('',(0.,0.,-1.));
#3987 = DIRECTION('',(1.,-0.,-0.));
#3988 = PCURVE('',#3962,#3989);
#3989 = DEFINITIONAL_REPRESENTATION('',(#3990),#3994);
#3990 = LINE('',#3991,#3992);
#3991 = CARTESIAN_POINT('',(0.,-5.E-02));
#3992 = VECTOR('',#3993,1.);
#3993 = DIRECTION('',(1.,0.));
#3994 = ( GEOMETRIC_REPRESENTATION_CONTEXT(2) 
PARAMETRIC_REPRESENTATION_CONTEXT() REPRESENTATION_CONTEXT('2D SPACE',''
  ) );
#3995 = PCURVE('',#3996,#4001);
#3996 = PLANE('',#3997);
#3997 = AXIS2_PLACEMENT_3D('',#3998,#3999,#4000);
#3998 = CARTESIAN_POINT('',(12.2,-22.93,1.65));
#3999 = DIRECTION('',(-0.,-0.,1.));
#4000 = DIRECTION('',(-1.,0.,0.));
#4001 = DEFINITIONAL_REPRESENTATION('',(#4002),#4010);
#4002 = ( BOUNDED_CURVE() B_SPLINE_CURVE(2,(#4003,#4004,#4005,#4006,
#4007,#4008,#4009),.UNSPECIFIED.,.T.,.F.) B_SPLINE_CURVE_WITH_KNOTS((1,2
    ,2,2,2,1),(-2.094395102393,0.,2.094395102393,4.188790204786,
6.28318530718,8.377580409573),.UNSPECIFIED.) CURVE() 
GEOMETRIC_REPRESENTATION_ITEM() RATIONAL_B_SPLINE_CURVE((1.,0.5,1.,0.5,
1.,0.5,1.)) REPRESENTATION_ITEM('') );
#4003 = CARTESIAN_POINT('',(-2.25,-3.552713678801E-15));
#4004 = CARTESIAN_POINT('',(-2.25,3.89711431703));
#4005 = CARTESIAN_POINT('',(1.125,1.948557158515));
#4006 = CARTESIAN_POINT('',(4.5,-3.001622619184E-15));
#4007 = CARTESIAN_POINT('',(1.125,-1.948557158515));
#4008 = CARTESIAN_POINT('',(-2.25,-3.89711431703));
#4009 = CARTESIAN_POINT('',(-2.25,-3.552713678801E-15));
#4010 = ( GEOMETRIC_REPRESENTATION_CONTEXT(2) 
PARAMETRIC_REPRESENTATION_CONTEXT() REPRESENTATION_CONTEXT('2D SPACE',''
  ) );
#4011 = ORIENTED_EDGE('',*,*,#3951,.F.);
#4012 = ORIENTED_EDGE('',*,*,#4013,.F.);
#4013 = EDGE_CURVE('',#3952,#3952,#4014,.T.);
#4014 = SURFACE_CURVE('',#4015,(#4020,#4027),.PCURVE_S1.);
#4015 = CIRCLE('',#4016,2.25);
#4016 = AXIS2_PLACEMENT_3D('',#4017,#4018,#4019);
#4017 = CARTESIAN_POINT('',(12.2,-22.93,1.6));
#4018 = DIRECTION('',(0.,0.,-1.));
#4019 = DIRECTION('',(1.,-0.,-0.));
#4020 = PCURVE('',#3962,#4021);
#4021 = DEFINITIONAL_REPRESENTATION('',(#4022),#4026);
#4022 = LINE('',#4023,#4024);
#4023 = CARTESIAN_POINT('',(0.,0.));
#4024 = VECTOR('',#4025,1.);
#4025 = DIRECTION('',(1.,0.));
#4026 = ( GEOMETRIC_REPRESENTATION_CONTEXT(2) 
PARAMETRIC_REPRESENTATION_CONTEXT() REPRESENTATION_CONTEXT('2D SPACE',''
  ) );
#4027 = PCURVE('',#4028,#4033);
#4028 = PLANE('',#4029);
#4029 = AXIS2_PLACEMENT_3D('',#4030,#4031,#4032);
#4030 = CARTESIAN_POINT('',(12.2,-22.93,1.6));
#4031 = DIRECTION('',(-0.,-0.,1.));
#4032 = DIRECTION('',(-1.,0.,0.));
#4033 = DEFINITIONAL_REPRESENTATION('',(#4034),#4042);
#4034 = ( BOUNDED_CURVE() B_SPLINE_CURVE(2,(#4035,#4036,#4037,#4038,
#4039,#4040,#4041),.UNSPECIFIED.,.T.,.F.) B_SPLINE_CURVE_WITH_KNOTS((1,2
    ,2,2,2,1),(-2.094395102393,0.,2.094395102393,4.188790204786,
6.28318530718,8.377580409573),.UNSPECIFIED.) CURVE() 
GEOMETRIC_REPRESENTATION_ITEM() RATIONAL_B_SPLINE_CURVE((1.,0.5,1.,0.5,
1.,0.5,1.)) REPRESENTATION_ITEM('') );
#4035 = CARTESIAN_POINT('',(-2.25,-3.552713678801E-15));
#4036 = CARTESIAN_POINT('',(-2.25,3.89711431703));
#4037 = CARTESIAN_POINT('',(1.125,1.948557158515));
#4038 = CARTESIAN_POINT('',(4.5,-3.001622619184E-15));
#4039 = CARTESIAN_POINT('',(1.125,-1.948557158515));
#4040 = CARTESIAN_POINT('',(-2.25,-3.89711431703));
#4041 = CARTESIAN_POINT('',(-2.25,-3.552713678801E-15));
#4042 = ( GEOMETRIC_REPRESENTATION_CONTEXT(2) 
PARAMETRIC_REPRESENTATION_CONTEXT() REPRESENTATION_CONTEXT('2D SPACE',''
  ) );
#4043 = ADVANCED_FACE('',(#4044),#4058,.F.);
#4044 = FACE_BOUND('',#4045,.F.);
#4045 = EDGE_LOOP('',(#4046,#4076,#4102,#4103));
#4046 = ORIENTED_EDGE('',*,*,#4047,.T.);
#4047 = EDGE_CURVE('',#4048,#4050,#4052,.T.);
#4048 = VERTEX_POINT('',#4049);
#4049 = CARTESIAN_POINT('',(13.45,-22.93,1.6));
#4050 = VERTEX_POINT('',#4051);
#4051 = CARTESIAN_POINT('',(13.45,-22.93,1.65));
#4052 = SEAM_CURVE('',#4053,(#4057,#4069),.PCURVE_S1.);
#4053 = LINE('',#4054,#4055);
#4054 = CARTESIAN_POINT('',(13.45,-22.93,1.6));
#4055 = VECTOR('',#4056,1.);
#4056 = DIRECTION('',(-0.,-0.,1.));
#4057 = PCURVE('',#4058,#4063);
#4058 = CYLINDRICAL_SURFACE('',#4059,1.25);
#4059 = AXIS2_PLACEMENT_3D('',#4060,#4061,#4062);
#4060 = CARTESIAN_POINT('',(12.2,-22.93,1.6));
#4061 = DIRECTION('',(-0.,0.,-1.));
#4062 = DIRECTION('',(1.,-0.,-0.));
#4063 = DEFINITIONAL_REPRESENTATION('',(#4064),#4068);
#4064 = LINE('',#4065,#4066);
#4065 = CARTESIAN_POINT('',(0.,0.));
#4066 = VECTOR('',#4067,1.);
#4067 = DIRECTION('',(0.,-1.));
#4068 = ( GEOMETRIC_REPRESENTATION_CONTEXT(2) 
PARAMETRIC_REPRESENTATION_CONTEXT() REPRESENTATION_CONTEXT('2D SPACE',''
  ) );
#4069 = PCURVE('',#4058,#4070);
#4070 = DEFINITIONAL_REPRESENTATION('',(#4071),#4075);
#4071 = LINE('',#4072,#4073);
#4072 = CARTESIAN_POINT('',(6.28318530718,0.));
#4073 = VECTOR('',#4074,1.);
#4074 = DIRECTION('',(0.,-1.));
#4075 = ( GEOMETRIC_REPRESENTATION_CONTEXT(2) 
PARAMETRIC_REPRESENTATION_CONTEXT() REPRESENTATION_CONTEXT('2D SPACE',''
  ) );
#4076 = ORIENTED_EDGE('',*,*,#4077,.T.);
#4077 = EDGE_CURVE('',#4050,#4050,#4078,.T.);
#4078 = SURFACE_CURVE('',#4079,(#4084,#4091),.PCURVE_S1.);
#4079 = CIRCLE('',#4080,1.25);
#4080 = AXIS2_PLACEMENT_3D('',#4081,#4082,#4083);
#4081 = CARTESIAN_POINT('',(12.2,-22.93,1.65));
#4082 = DIRECTION('',(0.,0.,-1.));
#4083 = DIRECTION('',(1.,-0.,-0.));
#4084 = PCURVE('',#4058,#4085);
#4085 = DEFINITIONAL_REPRESENTATION('',(#4086),#4090);
#4086 = LINE('',#4087,#4088);
#4087 = CARTESIAN_POINT('',(0.,-5.E-02));
#4088 = VECTOR('',#4089,1.);
#4089 = DIRECTION('',(1.,0.));
#4090 = ( GEOMETRIC_REPRESENTATION_CONTEXT(2) 
PARAMETRIC_REPRESENTATION_CONTEXT() REPRESENTATION_CONTEXT('2D SPACE',''
  ) );
#4091 = PCURVE('',#3996,#4092);
#4092 = DEFINITIONAL_REPRESENTATION('',(#4093),#4101);
#4093 = ( BOUNDED_CURVE() B_SPLINE_CURVE(2,(#4094,#4095,#4096,#4097,
#4098,#4099,#4100),.UNSPECIFIED.,.T.,.F.) B_SPLINE_CURVE_WITH_KNOTS((1,2
    ,2,2,2,1),(-2.094395102393,0.,2.094395102393,4.188790204786,
6.28318530718,8.377580409573),.UNSPECIFIED.) CURVE() 
GEOMETRIC_REPRESENTATION_ITEM() RATIONAL_B_SPLINE_CURVE((1.,0.5,1.,0.5,
1.,0.5,1.)) REPRESENTATION_ITEM('') );
#4094 = CARTESIAN_POINT('',(-1.25,-3.552713678801E-15));
#4095 = CARTESIAN_POINT('',(-1.25,2.165063509461));
#4096 = CARTESIAN_POINT('',(0.625,1.082531754731));
#4097 = CARTESIAN_POINT('',(2.5,-3.246551979014E-15));
#4098 = CARTESIAN_POINT('',(0.625,-1.082531754731));
#4099 = CARTESIAN_POINT('',(-1.25,-2.165063509461));
#4100 = CARTESIAN_POINT('',(-1.25,-3.552713678801E-15));
#4101 = ( GEOMETRIC_REPRESENTATION_CONTEXT(2) 
PARAMETRIC_REPRESENTATION_CONTEXT() REPRESENTATION_CONTEXT('2D SPACE',''
  ) );
#4102 = ORIENTED_EDGE('',*,*,#4047,.F.);
#4103 = ORIENTED_EDGE('',*,*,#4104,.F.);
#4104 = EDGE_CURVE('',#4048,#4048,#4105,.T.);
#4105 = SURFACE_CURVE('',#4106,(#4111,#4118),.PCURVE_S1.);
#4106 = CIRCLE('',#4107,1.25);
#4107 = AXIS2_PLACEMENT_3D('',#4108,#4109,#4110);
#4108 = CARTESIAN_POINT('',(12.2,-22.93,1.6));
#4109 = DIRECTION('',(0.,0.,-1.));
#4110 = DIRECTION('',(1.,-0.,-0.));
#4111 = PCURVE('',#4058,#4112);
#4112 = DEFINITIONAL_REPRESENTATION('',(#4113),#4117);
#4113 = LINE('',#4114,#4115);
#4114 = CARTESIAN_POINT('',(0.,0.));
#4115 = VECTOR('',#4116,1.);
#4116 = DIRECTION('',(1.,0.));
#4117 = ( GEOMETRIC_REPRESENTATION_CONTEXT(2) 
PARAMETRIC_REPRESENTATION_CONTEXT() REPRESENTATION_CONTEXT('2D SPACE',''
  ) );
#4118 = PCURVE('',#4028,#4119);
#4119 = DEFINITIONAL_REPRESENTATION('',(#4120),#4128);
#4120 = ( BOUNDED_CURVE() B_SPLINE_CURVE(2,(#4121,#4122,#4123,#4124,
#4125,#4126,#4127),.UNSPECIFIED.,.T.,.F.) B_SPLINE_CURVE_WITH_KNOTS((1,2
    ,2,2,2,1),(-2.094395102393,0.,2.094395102393,4.188790204786,
6.28318530718,8.377580409573),.UNSPECIFIED.) CURVE() 
GEOMETRIC_REPRESENTATION_ITEM() RATIONAL_B_SPLINE_CURVE((1.,0.5,1.,0.5,
1.,0.5,1.)) REPRESENTATION_ITEM('') );
#4121 = CARTESIAN_POINT('',(-1.25,-3.552713678801E-15));
#4122 = CARTESIAN_POINT('',(-1.25,2.165063509461));
#4123 = CARTESIAN_POINT('',(0.625,1.082531754731));
#4124 = CARTESIAN_POINT('',(2.5,-3.246551979014E-15));
#4125 = CARTESIAN_POINT('',(0.625,-1.082531754731));
#4126 = CARTESIAN_POINT('',(-1.25,-2.165063509461));
#4127 = CARTESIAN_POINT('',(-1.25,-3.552713678801E-15));
#4128 = ( GEOMETRIC_REPRESENTATION_CONTEXT(2) 
PARAMETRIC_REPRESENTATION_CONTEXT() REPRESENTATION_CONTEXT('2D SPACE',''
  ) );
#4129 = ADVANCED_FACE('',(#4130,#4133),#4028,.F.);
#4130 = FACE_BOUND('',#4131,.T.);
#4131 = EDGE_LOOP('',(#4132));
#4132 = ORIENTED_EDGE('',*,*,#4013,.T.);
#4133 = FACE_BOUND('',#4134,.T.);
#4134 = EDGE_LOOP('',(#4135));
#4135 = ORIENTED_EDGE('',*,*,#4104,.F.);
#4136 = ADVANCED_FACE('',(#4137,#4140),#3996,.T.);
#4137 = FACE_BOUND('',#4138,.F.);
#4138 = EDGE_LOOP('',(#4139));
#4139 = ORIENTED_EDGE('',*,*,#3981,.T.);
#4140 = FACE_BOUND('',#4141,.F.);
#4141 = EDGE_LOOP('',(#4142));
#4142 = ORIENTED_EDGE('',*,*,#4077,.F.);
#4143 = ( GEOMETRIC_REPRESENTATION_CONTEXT(3) 
GLOBAL_UNCERTAINTY_ASSIGNED_CONTEXT((#4147)) 
GLOBAL_UNIT_ASSIGNED_CONTEXT((#4144,#4145,#4146)) REPRESENTATION_CONTEXT
('Context #1','3D Context with UNIT and UNCERTAINTY') );
#4144 = ( LENGTH_UNIT() NAMED_UNIT(*) SI_UNIT(.MILLI.,.METRE.) );
#4145 = ( NAMED_UNIT(*) PLANE_ANGLE_UNIT() SI_UNIT($,.RADIAN.) );
#4146 = ( NAMED_UNIT(*) SI_UNIT($,.STERADIAN.) SOLID_ANGLE_UNIT() );
#4147 = UNCERTAINTY_MEASURE_WITH_UNIT(LENGTH_MEASURE(1.E-07),#4144,
  'distance_accuracy_value','confusion accuracy');
#4148 = CONTEXT_DEPENDENT_SHAPE_REPRESENTATION(#4149,#4151);
#4149 = ( REPRESENTATION_RELATIONSHIP('','',#3944,#10) 
REPRESENTATION_RELATIONSHIP_WITH_TRANSFORMATION(#4150) 
SHAPE_REPRESENTATION_RELATIONSHIP() );
#4150 = ITEM_DEFINED_TRANSFORMATION('','',#11,#63);
#4151 = PRODUCT_DEFINITION_SHAPE('Placement','Placement of an item',
  #4152);
#4152 = NEXT_ASSEMBLY_USAGE_OCCURRENCE('56','ring11','',#5,#3939,$);
#4153 = PRODUCT_RELATED_PRODUCT_CATEGORY('part',$,(#3941));
#4154 = SHAPE_DEFINITION_REPRESENTATION(#4155,#4161);
#4155 = PRODUCT_DEFINITION_SHAPE('','',#4156);
#4156 = PRODUCT_DEFINITION('design','',#4157,#4160);
#4157 = PRODUCT_DEFINITION_FORMATION('','',#4158);
#4158 = PRODUCT('ADS1115','ADS1115','',(#4159));
#4159 = PRODUCT_CONTEXT('',#2,'mechanical');
#4160 = PRODUCT_DEFINITION_CONTEXT('part definition',#2,'design');
#4161 = ADVANCED_BREP_SHAPE_REPRESENTATION('',(#11,#4162),#4836);
#4162 = MANIFOLD_SOLID_BREP('',#4163);
#4163 = CLOSED_SHELL('',(#4164,#4284,#4488,#4538,#4592,#4721,#4748,#4775
    ,#4802,#4829));
#4164 = ADVANCED_FACE('',(#4165),#4179,.F.);
#4165 = FACE_BOUND('',#4166,.T.);
#4166 = EDGE_LOOP('',(#4167,#4202,#4230,#4258));
#4167 = ORIENTED_EDGE('',*,*,#4168,.F.);
#4168 = EDGE_CURVE('',#4169,#4171,#4173,.T.);
#4169 = VERTEX_POINT('',#4170);
#4170 = CARTESIAN_POINT('',(5.74,-9.93,1.6));
#4171 = VERTEX_POINT('',#4172);
#4172 = CARTESIAN_POINT('',(8.26,-9.93,1.6));
#4173 = SURFACE_CURVE('',#4174,(#4178,#4190),.PCURVE_S1.);
#4174 = LINE('',#4175,#4176);
#4175 = CARTESIAN_POINT('',(5.5,-9.93,1.6));
#4176 = VECTOR('',#4177,1.);
#4177 = DIRECTION('',(1.,-0.,-0.));
#4178 = PCURVE('',#4179,#4184);
#4179 = PLANE('',#4180);
#4180 = AXIS2_PLACEMENT_3D('',#4181,#4182,#4183);
#4181 = CARTESIAN_POINT('',(5.5,-9.93,1.6));
#4182 = DIRECTION('',(-0.,-1.,-0.));
#4183 = DIRECTION('',(-1.,0.,0.));
#4184 = DEFINITIONAL_REPRESENTATION('',(#4185),#4189);
#4185 = LINE('',#4186,#4187);
#4186 = CARTESIAN_POINT('',(-0.,-0.));
#4187 = VECTOR('',#4188,1.);
#4188 = DIRECTION('',(-1.,-0.));
#4189 = ( GEOMETRIC_REPRESENTATION_CONTEXT(2) 
PARAMETRIC_REPRESENTATION_CONTEXT() REPRESENTATION_CONTEXT('2D SPACE',''
  ) );
#4190 = PCURVE('',#4191,#4196);
#4191 = PLANE('',#4192);
#4192 = AXIS2_PLACEMENT_3D('',#4193,#4194,#4195);
#4193 = CARTESIAN_POINT('',(7.,-11.43,1.6));
#4194 = DIRECTION('',(-0.,-0.,1.));
#4195 = DIRECTION('',(-1.,0.,0.));
#4196 = DEFINITIONAL_REPRESENTATION('',(#4197),#4201);
#4197 = LINE('',#4198,#4199);
#4198 = CARTESIAN_POINT('',(1.5,-1.5));
#4199 = VECTOR('',#4200,1.);
#4200 = DIRECTION('',(-1.,0.));
#4201 = ( GEOMETRIC_REPRESENTATION_CONTEXT(2) 
PARAMETRIC_REPRESENTATION_CONTEXT() REPRESENTATION_CONTEXT('2D SPACE',''
  ) );
#4202 = ORIENTED_EDGE('',*,*,#4203,.T.);
#4203 = EDGE_CURVE('',#4169,#4204,#4206,.T.);
#4204 = VERTEX_POINT('',#4205);
#4205 = CARTESIAN_POINT('',(5.74,-9.93,2.7));
#4206 = SURFACE_CURVE('',#4207,(#4211,#4218),.PCURVE_S1.);
#4207 = LINE('',#4208,#4209);
#4208 = CARTESIAN_POINT('',(5.74,-9.93,1.6));
#4209 = VECTOR('',#4210,1.);
#4210 = DIRECTION('',(-0.,-0.,1.));
#4211 = PCURVE('',#4179,#4212);
#4212 = DEFINITIONAL_REPRESENTATION('',(#4213),#4217);
#4213 = LINE('',#4214,#4215);
#4214 = CARTESIAN_POINT('',(-0.24,-0.));
#4215 = VECTOR('',#4216,1.);
#4216 = DIRECTION('',(-0.,-1.));
#4217 = ( GEOMETRIC_REPRESENTATION_CONTEXT(2) 
PARAMETRIC_REPRESENTATION_CONTEXT() REPRESENTATION_CONTEXT('2D SPACE',''
  ) );
#4218 = PCURVE('',#4219,#4224);
#4219 = CYLINDRICAL_SURFACE('',#4220,0.24);
#4220 = AXIS2_PLACEMENT_3D('',#4221,#4222,#4223);
#4221 = CARTESIAN_POINT('',(5.74,-10.17,1.6));
#4222 = DIRECTION('',(-0.,-0.,1.));
#4223 = DIRECTION('',(-0.,1.,-0.));
#4224 = DEFINITIONAL_REPRESENTATION('',(#4225),#4229);
#4225 = LINE('',#4226,#4227);
#4226 = CARTESIAN_POINT('',(0.,0.));
#4227 = VECTOR('',#4228,1.);
#4228 = DIRECTION('',(0.,1.));
#4229 = ( GEOMETRIC_REPRESENTATION_CONTEXT(2) 
PARAMETRIC_REPRESENTATION_CONTEXT() REPRESENTATION_CONTEXT('2D SPACE',''
  ) );
#4230 = ORIENTED_EDGE('',*,*,#4231,.T.);
#4231 = EDGE_CURVE('',#4204,#4232,#4234,.T.);
#4232 = VERTEX_POINT('',#4233);
#4233 = CARTESIAN_POINT('',(8.26,-9.93,2.7));
#4234 = SURFACE_CURVE('',#4235,(#4239,#4246),.PCURVE_S1.);
#4235 = LINE('',#4236,#4237);
#4236 = CARTESIAN_POINT('',(5.5,-9.93,2.7));
#4237 = VECTOR('',#4238,1.);
#4238 = DIRECTION('',(1.,-0.,-0.));
#4239 = PCURVE('',#4179,#4240);
#4240 = DEFINITIONAL_REPRESENTATION('',(#4241),#4245);
#4241 = LINE('',#4242,#4243);
#4242 = CARTESIAN_POINT('',(-0.,-1.1));
#4243 = VECTOR('',#4244,1.);
#4244 = DIRECTION('',(-1.,-0.));
#4245 = ( GEOMETRIC_REPRESENTATION_CONTEXT(2) 
PARAMETRIC_REPRESENTATION_CONTEXT() REPRESENTATION_CONTEXT('2D SPACE',''
  ) );
#4246 = PCURVE('',#4247,#4252);
#4247 = PLANE('',#4248);
#4248 = AXIS2_PLACEMENT_3D('',#4249,#4250,#4251);
#4249 = CARTESIAN_POINT('',(7.,-11.43,2.7));
#4250 = DIRECTION('',(-0.,-0.,1.));
#4251 = DIRECTION('',(-1.,0.,0.));
#4252 = DEFINITIONAL_REPRESENTATION('',(#4253),#4257);
#4253 = LINE('',#4254,#4255);
#4254 = CARTESIAN_POINT('',(1.5,-1.5));
#4255 = VECTOR('',#4256,1.);
#4256 = DIRECTION('',(-1.,0.));
#4257 = ( GEOMETRIC_REPRESENTATION_CONTEXT(2) 
PARAMETRIC_REPRESENTATION_CONTEXT() REPRESENTATION_CONTEXT('2D SPACE',''
  ) );
#4258 = ORIENTED_EDGE('',*,*,#4259,.F.);
#4259 = EDGE_CURVE('',#4171,#4232,#4260,.T.);
#4260 = SURFACE_CURVE('',#4261,(#4265,#4272),.PCURVE_S1.);
#4261 = LINE('',#4262,#4263);
#4262 = CARTESIAN_POINT('',(8.26,-9.93,1.6));
#4263 = VECTOR('',#4264,1.);
#4264 = DIRECTION('',(-0.,-0.,1.));
#4265 = PCURVE('',#4179,#4266);
#4266 = DEFINITIONAL_REPRESENTATION('',(#4267),#4271);
#4267 = LINE('',#4268,#4269);
#4268 = CARTESIAN_POINT('',(-2.76,-0.));
#4269 = VECTOR('',#4270,1.);
#4270 = DIRECTION('',(-0.,-1.));
#4271 = ( GEOMETRIC_REPRESENTATION_CONTEXT(2) 
PARAMETRIC_REPRESENTATION_CONTEXT() REPRESENTATION_CONTEXT('2D SPACE',''
  ) );
#4272 = PCURVE('',#4273,#4278);
#4273 = CYLINDRICAL_SURFACE('',#4274,0.24);
#4274 = AXIS2_PLACEMENT_3D('',#4275,#4276,#4277);
#4275 = CARTESIAN_POINT('',(8.26,-10.17,1.6));
#4276 = DIRECTION('',(-0.,-0.,1.));
#4277 = DIRECTION('',(-0.,1.,-0.));
#4278 = DEFINITIONAL_REPRESENTATION('',(#4279),#4283);
#4279 = LINE('',#4280,#4281);
#4280 = CARTESIAN_POINT('',(-0.,0.));
#4281 = VECTOR('',#4282,1.);
#4282 = DIRECTION('',(-0.,1.));
#4283 = ( GEOMETRIC_REPRESENTATION_CONTEXT(2) 
PARAMETRIC_REPRESENTATION_CONTEXT() REPRESENTATION_CONTEXT('2D SPACE',''
  ) );
#4284 = ADVANCED_FACE('',(#4285),#4191,.F.);
#4285 = FACE_BOUND('',#4286,.T.);
#4286 = EDGE_LOOP('',(#4287,#4288,#4316,#4344,#4377,#4405,#4438,#4466));
#4287 = ORIENTED_EDGE('',*,*,#4168,.T.);
#4288 = ORIENTED_EDGE('',*,*,#4289,.T.);
#4289 = EDGE_CURVE('',#4171,#4290,#4292,.T.);
#4290 = VERTEX_POINT('',#4291);
#4291 = CARTESIAN_POINT('',(8.5,-10.17,1.6));
#4292 = SURFACE_CURVE('',#4293,(#4298,#4309),.PCURVE_S1.);
#4293 = CIRCLE('',#4294,0.24);
#4294 = AXIS2_PLACEMENT_3D('',#4295,#4296,#4297);
#4295 = CARTESIAN_POINT('',(8.26,-10.17,1.6));
#4296 = DIRECTION('',(-0.,-0.,-1.));
#4297 = DIRECTION('',(-0.,1.,-0.));
#4298 = PCURVE('',#4191,#4299);
#4299 = DEFINITIONAL_REPRESENTATION('',(#4300),#4308);
#4300 = ( BOUNDED_CURVE() B_SPLINE_CURVE(2,(#4301,#4302,#4303,#4304,
#4305,#4306,#4307),.UNSPECIFIED.,.T.,.F.) B_SPLINE_CURVE_WITH_KNOTS((1,2
    ,2,2,2,1),(-2.094395102393,0.,2.094395102393,4.188790204786,
6.28318530718,8.377580409573),.UNSPECIFIED.) CURVE() 
GEOMETRIC_REPRESENTATION_ITEM() RATIONAL_B_SPLINE_CURVE((1.,0.5,1.,0.5,
1.,0.5,1.)) REPRESENTATION_ITEM('') );
#4301 = CARTESIAN_POINT('',(-1.26,-1.5));
#4302 = CARTESIAN_POINT('',(-1.675692193817,-1.5));
#4303 = CARTESIAN_POINT('',(-1.467846096908,-1.14));
#4304 = CARTESIAN_POINT('',(-1.26,-0.78));
#4305 = CARTESIAN_POINT('',(-1.052153903092,-1.14));
#4306 = CARTESIAN_POINT('',(-0.844307806183,-1.5));
#4307 = CARTESIAN_POINT('',(-1.26,-1.5));
#4308 = ( GEOMETRIC_REPRESENTATION_CONTEXT(2) 
PARAMETRIC_REPRESENTATION_CONTEXT() REPRESENTATION_CONTEXT('2D SPACE',''
  ) );
#4309 = PCURVE('',#4273,#4310);
#4310 = DEFINITIONAL_REPRESENTATION('',(#4311),#4315);
#4311 = LINE('',#4312,#4313);
#4312 = CARTESIAN_POINT('',(-0.,2.22044604925E-16));
#4313 = VECTOR('',#4314,1.);
#4314 = DIRECTION('',(-1.,0.));
#4315 = ( GEOMETRIC_REPRESENTATION_CONTEXT(2) 
PARAMETRIC_REPRESENTATION_CONTEXT() REPRESENTATION_CONTEXT('2D SPACE',''
  ) );
#4316 = ORIENTED_EDGE('',*,*,#4317,.T.);
#4317 = EDGE_CURVE('',#4290,#4318,#4320,.T.);
#4318 = VERTEX_POINT('',#4319);
#4319 = CARTESIAN_POINT('',(8.5,-12.69,1.6));
#4320 = SURFACE_CURVE('',#4321,(#4325,#4332),.PCURVE_S1.);
#4321 = LINE('',#4322,#4323);
#4322 = CARTESIAN_POINT('',(8.5,-9.93,1.6));
#4323 = VECTOR('',#4324,1.);
#4324 = DIRECTION('',(-0.,-1.,-0.));
#4325 = PCURVE('',#4191,#4326);
#4326 = DEFINITIONAL_REPRESENTATION('',(#4327),#4331);
#4327 = LINE('',#4328,#4329);
#4328 = CARTESIAN_POINT('',(-1.5,-1.5));
#4329 = VECTOR('',#4330,1.);
#4330 = DIRECTION('',(-0.,1.));
#4331 = ( GEOMETRIC_REPRESENTATION_CONTEXT(2) 
PARAMETRIC_REPRESENTATION_CONTEXT() REPRESENTATION_CONTEXT('2D SPACE',''
  ) );
#4332 = PCURVE('',#4333,#4338);
#4333 = PLANE('',#4334);
#4334 = AXIS2_PLACEMENT_3D('',#4335,#4336,#4337);
#4335 = CARTESIAN_POINT('',(8.5,-9.93,1.6));
#4336 = DIRECTION('',(-1.,-0.,-0.));
#4337 = DIRECTION('',(0.,1.,0.));
#4338 = DEFINITIONAL_REPRESENTATION('',(#4339),#4343);
#4339 = LINE('',#4340,#4341);
#4340 = CARTESIAN_POINT('',(-0.,-0.));
#4341 = VECTOR('',#4342,1.);
#4342 = DIRECTION('',(-1.,0.));
#4343 = ( GEOMETRIC_REPRESENTATION_CONTEXT(2) 
PARAMETRIC_REPRESENTATION_CONTEXT() REPRESENTATION_CONTEXT('2D SPACE',''
  ) );
#4344 = ORIENTED_EDGE('',*,*,#4345,.T.);
#4345 = EDGE_CURVE('',#4318,#4346,#4348,.T.);
#4346 = VERTEX_POINT('',#4347);
#4347 = CARTESIAN_POINT('',(8.26,-12.93,1.6));
#4348 = SURFACE_CURVE('',#4349,(#4354,#4365),.PCURVE_S1.);
#4349 = CIRCLE('',#4350,0.24);
#4350 = AXIS2_PLACEMENT_3D('',#4351,#4352,#4353);
#4351 = CARTESIAN_POINT('',(8.26,-12.69,1.6));
#4352 = DIRECTION('',(-0.,-0.,-1.));
#4353 = DIRECTION('',(-0.,1.,-0.));
#4354 = PCURVE('',#4191,#4355);
#4355 = DEFINITIONAL_REPRESENTATION('',(#4356),#4364);
#4356 = ( BOUNDED_CURVE() B_SPLINE_CURVE(2,(#4357,#4358,#4359,#4360,
#4361,#4362,#4363),.UNSPECIFIED.,.T.,.F.) B_SPLINE_CURVE_WITH_KNOTS((1,2
    ,2,2,2,1),(-2.094395102393,0.,2.094395102393,4.188790204786,
6.28318530718,8.377580409573),.UNSPECIFIED.) CURVE() 
GEOMETRIC_REPRESENTATION_ITEM() RATIONAL_B_SPLINE_CURVE((1.,0.5,1.,0.5,
1.,0.5,1.)) REPRESENTATION_ITEM('') );
#4357 = CARTESIAN_POINT('',(-1.26,1.02));
#4358 = CARTESIAN_POINT('',(-1.675692193817,1.02));
#4359 = CARTESIAN_POINT('',(-1.467846096908,1.38));
#4360 = CARTESIAN_POINT('',(-1.26,1.74));
#4361 = CARTESIAN_POINT('',(-1.052153903092,1.38));
#4362 = CARTESIAN_POINT('',(-0.844307806183,1.02));
#4363 = CARTESIAN_POINT('',(-1.26,1.02));
#4364 = ( GEOMETRIC_REPRESENTATION_CONTEXT(2) 
PARAMETRIC_REPRESENTATION_CONTEXT() REPRESENTATION_CONTEXT('2D SPACE',''
  ) );
#4365 = PCURVE('',#4366,#4371);
#4366 = CYLINDRICAL_SURFACE('',#4367,0.24);
#4367 = AXIS2_PLACEMENT_3D('',#4368,#4369,#4370);
#4368 = CARTESIAN_POINT('',(8.26,-12.69,1.6));
#4369 = DIRECTION('',(-0.,-0.,1.));
#4370 = DIRECTION('',(1.,-0.,-0.));
#4371 = DEFINITIONAL_REPRESENTATION('',(#4372),#4376);
#4372 = LINE('',#4373,#4374);
#4373 = CARTESIAN_POINT('',(1.570796326795,2.22044604925E-16));
#4374 = VECTOR('',#4375,1.);
#4375 = DIRECTION('',(-1.,0.));
#4376 = ( GEOMETRIC_REPRESENTATION_CONTEXT(2) 
PARAMETRIC_REPRESENTATION_CONTEXT() REPRESENTATION_CONTEXT('2D SPACE',''
  ) );
#4377 = ORIENTED_EDGE('',*,*,#4378,.T.);
#4378 = EDGE_CURVE('',#4346,#4379,#4381,.T.);
#4379 = VERTEX_POINT('',#4380);
#4380 = CARTESIAN_POINT('',(5.74,-12.93,1.6));
#4381 = SURFACE_CURVE('',#4382,(#4386,#4393),.PCURVE_S1.);
#4382 = LINE('',#4383,#4384);
#4383 = CARTESIAN_POINT('',(8.5,-12.93,1.6));
#4384 = VECTOR('',#4385,1.);
#4385 = DIRECTION('',(-1.,-0.,-0.));
#4386 = PCURVE('',#4191,#4387);
#4387 = DEFINITIONAL_REPRESENTATION('',(#4388),#4392);
#4388 = LINE('',#4389,#4390);
#4389 = CARTESIAN_POINT('',(-1.5,1.5));
#4390 = VECTOR('',#4391,1.);
#4391 = DIRECTION('',(1.,-0.));
#4392 = ( GEOMETRIC_REPRESENTATION_CONTEXT(2) 
PARAMETRIC_REPRESENTATION_CONTEXT() REPRESENTATION_CONTEXT('2D SPACE',''
  ) );
#4393 = PCURVE('',#4394,#4399);
#4394 = PLANE('',#4395);
#4395 = AXIS2_PLACEMENT_3D('',#4396,#4397,#4398);
#4396 = CARTESIAN_POINT('',(8.5,-12.93,1.6));
#4397 = DIRECTION('',(-0.,1.,-0.));
#4398 = DIRECTION('',(1.,0.,0.));
#4399 = DEFINITIONAL_REPRESENTATION('',(#4400),#4404);
#4400 = LINE('',#4401,#4402);
#4401 = CARTESIAN_POINT('',(0.,-0.));
#4402 = VECTOR('',#4403,1.);
#4403 = DIRECTION('',(-1.,0.));
#4404 = ( GEOMETRIC_REPRESENTATION_CONTEXT(2) 
PARAMETRIC_REPRESENTATION_CONTEXT() REPRESENTATION_CONTEXT('2D SPACE',''
  ) );
#4405 = ORIENTED_EDGE('',*,*,#4406,.T.);
#4406 = EDGE_CURVE('',#4379,#4407,#4409,.T.);
#4407 = VERTEX_POINT('',#4408);
#4408 = CARTESIAN_POINT('',(5.5,-12.69,1.6));
#4409 = SURFACE_CURVE('',#4410,(#4415,#4426),.PCURVE_S1.);
#4410 = CIRCLE('',#4411,0.24);
#4411 = AXIS2_PLACEMENT_3D('',#4412,#4413,#4414);
#4412 = CARTESIAN_POINT('',(5.74,-12.69,1.6));
#4413 = DIRECTION('',(-0.,-0.,-1.));
#4414 = DIRECTION('',(-0.,1.,-0.));
#4415 = PCURVE('',#4191,#4416);
#4416 = DEFINITIONAL_REPRESENTATION('',(#4417),#4425);
#4417 = ( BOUNDED_CURVE() B_SPLINE_CURVE(2,(#4418,#4419,#4420,#4421,
#4422,#4423,#4424),.UNSPECIFIED.,.T.,.F.) B_SPLINE_CURVE_WITH_KNOTS((1,2
    ,2,2,2,1),(-2.094395102393,0.,2.094395102393,4.188790204786,
6.28318530718,8.377580409573),.UNSPECIFIED.) CURVE() 
GEOMETRIC_REPRESENTATION_ITEM() RATIONAL_B_SPLINE_CURVE((1.,0.5,1.,0.5,
1.,0.5,1.)) REPRESENTATION_ITEM('') );
#4418 = CARTESIAN_POINT('',(1.26,1.02));
#4419 = CARTESIAN_POINT('',(0.844307806183,1.02));
#4420 = CARTESIAN_POINT('',(1.052153903092,1.38));
#4421 = CARTESIAN_POINT('',(1.26,1.74));
#4422 = CARTESIAN_POINT('',(1.467846096908,1.38));
#4423 = CARTESIAN_POINT('',(1.675692193817,1.02));
#4424 = CARTESIAN_POINT('',(1.26,1.02));
#4425 = ( GEOMETRIC_REPRESENTATION_CONTEXT(2) 
PARAMETRIC_REPRESENTATION_CONTEXT() REPRESENTATION_CONTEXT('2D SPACE',''
  ) );
#4426 = PCURVE('',#4427,#4432);
#4427 = CYLINDRICAL_SURFACE('',#4428,0.24);
#4428 = AXIS2_PLACEMENT_3D('',#4429,#4430,#4431);
#4429 = CARTESIAN_POINT('',(5.74,-12.69,1.6));
#4430 = DIRECTION('',(-0.,-0.,1.));
#4431 = DIRECTION('',(-0.,-1.,-0.));
#4432 = DEFINITIONAL_REPRESENTATION('',(#4433),#4437);
#4433 = LINE('',#4434,#4435);
#4434 = CARTESIAN_POINT('',(3.14159265359,2.22044604925E-16));
#4435 = VECTOR('',#4436,1.);
#4436 = DIRECTION('',(-1.,0.));
#4437 = ( GEOMETRIC_REPRESENTATION_CONTEXT(2) 
PARAMETRIC_REPRESENTATION_CONTEXT() REPRESENTATION_CONTEXT('2D SPACE',''
  ) );
#4438 = ORIENTED_EDGE('',*,*,#4439,.T.);
#4439 = EDGE_CURVE('',#4407,#4440,#4442,.T.);
#4440 = VERTEX_POINT('',#4441);
#4441 = CARTESIAN_POINT('',(5.5,-10.17,1.6));
#4442 = SURFACE_CURVE('',#4443,(#4447,#4454),.PCURVE_S1.);
#4443 = LINE('',#4444,#4445);
#4444 = CARTESIAN_POINT('',(5.5,-12.93,1.6));
#4445 = VECTOR('',#4446,1.);
#4446 = DIRECTION('',(-0.,1.,-0.));
#4447 = PCURVE('',#4191,#4448);
#4448 = DEFINITIONAL_REPRESENTATION('',(#4449),#4453);
#4449 = LINE('',#4450,#4451);
#4450 = CARTESIAN_POINT('',(1.5,1.5));
#4451 = VECTOR('',#4452,1.);
#4452 = DIRECTION('',(-0.,-1.));
#4453 = ( GEOMETRIC_REPRESENTATION_CONTEXT(2) 
PARAMETRIC_REPRESENTATION_CONTEXT() REPRESENTATION_CONTEXT('2D SPACE',''
  ) );
#4454 = PCURVE('',#4455,#4460);
#4455 = PLANE('',#4456);
#4456 = AXIS2_PLACEMENT_3D('',#4457,#4458,#4459);
#4457 = CARTESIAN_POINT('',(5.5,-12.93,1.6));
#4458 = DIRECTION('',(1.,-0.,-0.));
#4459 = DIRECTION('',(0.,-1.,0.));
#4460 = DEFINITIONAL_REPRESENTATION('',(#4461),#4465);
#4461 = LINE('',#4462,#4463);
#4462 = CARTESIAN_POINT('',(-0.,0.));
#4463 = VECTOR('',#4464,1.);
#4464 = DIRECTION('',(-1.,-0.));
#4465 = ( GEOMETRIC_REPRESENTATION_CONTEXT(2) 
PARAMETRIC_REPRESENTATION_CONTEXT() REPRESENTATION_CONTEXT('2D SPACE',''
  ) );
#4466 = ORIENTED_EDGE('',*,*,#4467,.F.);
#4467 = EDGE_CURVE('',#4169,#4440,#4468,.T.);
#4468 = SURFACE_CURVE('',#4469,(#4474,#4481),.PCURVE_S1.);
#4469 = CIRCLE('',#4470,0.24);
#4470 = AXIS2_PLACEMENT_3D('',#4471,#4472,#4473);
#4471 = CARTESIAN_POINT('',(5.74,-10.17,1.6));
#4472 = DIRECTION('',(-0.,0.,1.));
#4473 = DIRECTION('',(-0.,1.,-0.));
#4474 = PCURVE('',#4191,#4475);
#4475 = DEFINITIONAL_REPRESENTATION('',(#4476),#4480);
#4476 = CIRCLE('',#4477,0.24);
#4477 = AXIS2_PLACEMENT_2D('',#4478,#4479);
#4478 = CARTESIAN_POINT('',(1.26,-1.26));
#4479 = DIRECTION('',(-0.,-1.));
#4480 = ( GEOMETRIC_REPRESENTATION_CONTEXT(2) 
PARAMETRIC_REPRESENTATION_CONTEXT() REPRESENTATION_CONTEXT('2D SPACE',''
  ) );
#4481 = PCURVE('',#4219,#4482);
#4482 = DEFINITIONAL_REPRESENTATION('',(#4483),#4487);
#4483 = LINE('',#4484,#4485);
#4484 = CARTESIAN_POINT('',(0.,2.22044604925E-16));
#4485 = VECTOR('',#4486,1.);
#4486 = DIRECTION('',(1.,0.));
#4487 = ( GEOMETRIC_REPRESENTATION_CONTEXT(2) 
PARAMETRIC_REPRESENTATION_CONTEXT() REPRESENTATION_CONTEXT('2D SPACE',''
  ) );
#4488 = ADVANCED_FACE('',(#4489),#4219,.T.);
#4489 = FACE_BOUND('',#4490,.T.);
#4490 = EDGE_LOOP('',(#4491,#4492,#4515,#4537));
#4491 = ORIENTED_EDGE('',*,*,#4467,.T.);
#4492 = ORIENTED_EDGE('',*,*,#4493,.T.);
#4493 = EDGE_CURVE('',#4440,#4494,#4496,.T.);
#4494 = VERTEX_POINT('',#4495);
#4495 = CARTESIAN_POINT('',(5.5,-10.17,2.7));
#4496 = SURFACE_CURVE('',#4497,(#4501,#4508),.PCURVE_S1.);
#4497 = LINE('',#4498,#4499);
#4498 = CARTESIAN_POINT('',(5.5,-10.17,1.6));
#4499 = VECTOR('',#4500,1.);
#4500 = DIRECTION('',(-0.,-0.,1.));
#4501 = PCURVE('',#4219,#4502);
#4502 = DEFINITIONAL_REPRESENTATION('',(#4503),#4507);
#4503 = LINE('',#4504,#4505);
#4504 = CARTESIAN_POINT('',(1.570796326795,0.));
#4505 = VECTOR('',#4506,1.);
#4506 = DIRECTION('',(0.,1.));
#4507 = ( GEOMETRIC_REPRESENTATION_CONTEXT(2) 
PARAMETRIC_REPRESENTATION_CONTEXT() REPRESENTATION_CONTEXT('2D SPACE',''
  ) );
#4508 = PCURVE('',#4455,#4509);
#4509 = DEFINITIONAL_REPRESENTATION('',(#4510),#4514);
#4510 = LINE('',#4511,#4512);
#4511 = CARTESIAN_POINT('',(-2.76,0.));
#4512 = VECTOR('',#4513,1.);
#4513 = DIRECTION('',(-0.,-1.));
#4514 = ( GEOMETRIC_REPRESENTATION_CONTEXT(2) 
PARAMETRIC_REPRESENTATION_CONTEXT() REPRESENTATION_CONTEXT('2D SPACE',''
  ) );
#4515 = ORIENTED_EDGE('',*,*,#4516,.F.);
#4516 = EDGE_CURVE('',#4204,#4494,#4517,.T.);
#4517 = SURFACE_CURVE('',#4518,(#4523,#4530),.PCURVE_S1.);
#4518 = CIRCLE('',#4519,0.24);
#4519 = AXIS2_PLACEMENT_3D('',#4520,#4521,#4522);
#4520 = CARTESIAN_POINT('',(5.74,-10.17,2.7));
#4521 = DIRECTION('',(-0.,0.,1.));
#4522 = DIRECTION('',(-0.,1.,-0.));
#4523 = PCURVE('',#4219,#4524);
#4524 = DEFINITIONAL_REPRESENTATION('',(#4525),#4529);
#4525 = LINE('',#4526,#4527);
#4526 = CARTESIAN_POINT('',(0.,1.1));
#4527 = VECTOR('',#4528,1.);
#4528 = DIRECTION('',(1.,0.));
#4529 = ( GEOMETRIC_REPRESENTATION_CONTEXT(2) 
PARAMETRIC_REPRESENTATION_CONTEXT() REPRESENTATION_CONTEXT('2D SPACE',''
  ) );
#4530 = PCURVE('',#4247,#4531);
#4531 = DEFINITIONAL_REPRESENTATION('',(#4532),#4536);
#4532 = CIRCLE('',#4533,0.24);
#4533 = AXIS2_PLACEMENT_2D('',#4534,#4535);
#4534 = CARTESIAN_POINT('',(1.26,-1.26));
#4535 = DIRECTION('',(-0.,-1.));
#4536 = ( GEOMETRIC_REPRESENTATION_CONTEXT(2) 
PARAMETRIC_REPRESENTATION_CONTEXT() REPRESENTATION_CONTEXT('2D SPACE',''
  ) );
#4537 = ORIENTED_EDGE('',*,*,#4203,.F.);
#4538 = ADVANCED_FACE('',(#4539),#4273,.T.);
#4539 = FACE_BOUND('',#4540,.F.);
#4540 = EDGE_LOOP('',(#4541,#4542,#4565,#4591));
#4541 = ORIENTED_EDGE('',*,*,#4289,.T.);
#4542 = ORIENTED_EDGE('',*,*,#4543,.T.);
#4543 = EDGE_CURVE('',#4290,#4544,#4546,.T.);
#4544 = VERTEX_POINT('',#4545);
#4545 = CARTESIAN_POINT('',(8.5,-10.17,2.7));
#4546 = SURFACE_CURVE('',#4547,(#4551,#4558),.PCURVE_S1.);
#4547 = LINE('',#4548,#4549);
#4548 = CARTESIAN_POINT('',(8.5,-10.17,1.6));
#4549 = VECTOR('',#4550,1.);
#4550 = DIRECTION('',(-0.,-0.,1.));
#4551 = PCURVE('',#4273,#4552);
#4552 = DEFINITIONAL_REPRESENTATION('',(#4553),#4557);
#4553 = LINE('',#4554,#4555);
#4554 = CARTESIAN_POINT('',(-1.570796326795,0.));
#4555 = VECTOR('',#4556,1.);
#4556 = DIRECTION('',(-0.,1.));
#4557 = ( GEOMETRIC_REPRESENTATION_CONTEXT(2) 
PARAMETRIC_REPRESENTATION_CONTEXT() REPRESENTATION_CONTEXT('2D SPACE',''
  ) );
#4558 = PCURVE('',#4333,#4559);
#4559 = DEFINITIONAL_REPRESENTATION('',(#4560),#4564);
#4560 = LINE('',#4561,#4562);
#4561 = CARTESIAN_POINT('',(-0.24,0.));
#4562 = VECTOR('',#4563,1.);
#4563 = DIRECTION('',(-0.,-1.));
#4564 = ( GEOMETRIC_REPRESENTATION_CONTEXT(2) 
PARAMETRIC_REPRESENTATION_CONTEXT() REPRESENTATION_CONTEXT('2D SPACE',''
  ) );
#4565 = ORIENTED_EDGE('',*,*,#4566,.F.);
#4566 = EDGE_CURVE('',#4232,#4544,#4567,.T.);
#4567 = SURFACE_CURVE('',#4568,(#4573,#4580),.PCURVE_S1.);
#4568 = CIRCLE('',#4569,0.24);
#4569 = AXIS2_PLACEMENT_3D('',#4570,#4571,#4572);
#4570 = CARTESIAN_POINT('',(8.26,-10.17,2.7));
#4571 = DIRECTION('',(-0.,-0.,-1.));
#4572 = DIRECTION('',(-0.,1.,-0.));
#4573 = PCURVE('',#4273,#4574);
#4574 = DEFINITIONAL_REPRESENTATION('',(#4575),#4579);
#4575 = LINE('',#4576,#4577);
#4576 = CARTESIAN_POINT('',(-0.,1.1));
#4577 = VECTOR('',#4578,1.);
#4578 = DIRECTION('',(-1.,0.));
#4579 = ( GEOMETRIC_REPRESENTATION_CONTEXT(2) 
PARAMETRIC_REPRESENTATION_CONTEXT() REPRESENTATION_CONTEXT('2D SPACE',''
  ) );
#4580 = PCURVE('',#4247,#4581);
#4581 = DEFINITIONAL_REPRESENTATION('',(#4582),#4590);
#4582 = ( BOUNDED_CURVE() B_SPLINE_CURVE(2,(#4583,#4584,#4585,#4586,
#4587,#4588,#4589),.UNSPECIFIED.,.T.,.F.) B_SPLINE_CURVE_WITH_KNOTS((1,2
    ,2,2,2,1),(-2.094395102393,0.,2.094395102393,4.188790204786,
6.28318530718,8.377580409573),.UNSPECIFIED.) CURVE() 
GEOMETRIC_REPRESENTATION_ITEM() RATIONAL_B_SPLINE_CURVE((1.,0.5,1.,0.5,
1.,0.5,1.)) REPRESENTATION_ITEM('') );
#4583 = CARTESIAN_POINT('',(-1.26,-1.5));
#4584 = CARTESIAN_POINT('',(-1.675692193817,-1.5));
#4585 = CARTESIAN_POINT('',(-1.467846096908,-1.14));
#4586 = CARTESIAN_POINT('',(-1.26,-0.78));
#4587 = CARTESIAN_POINT('',(-1.052153903092,-1.14));
#4588 = CARTESIAN_POINT('',(-0.844307806183,-1.5));
#4589 = CARTESIAN_POINT('',(-1.26,-1.5));
#4590 = ( GEOMETRIC_REPRESENTATION_CONTEXT(2) 
PARAMETRIC_REPRESENTATION_CONTEXT() REPRESENTATION_CONTEXT('2D SPACE',''
  ) );
#4591 = ORIENTED_EDGE('',*,*,#4259,.F.);
#4592 = ADVANCED_FACE('',(#4593),#4247,.T.);
#4593 = FACE_BOUND('',#4594,.F.);
#4594 = EDGE_LOOP('',(#4595,#4596,#4597,#4620,#4648,#4671,#4699,#4720));
#4595 = ORIENTED_EDGE('',*,*,#4231,.T.);
#4596 = ORIENTED_EDGE('',*,*,#4566,.T.);
#4597 = ORIENTED_EDGE('',*,*,#4598,.T.);
#4598 = EDGE_CURVE('',#4544,#4599,#4601,.T.);
#4599 = VERTEX_POINT('',#4600);
#4600 = CARTESIAN_POINT('',(8.5,-12.69,2.7));
#4601 = SURFACE_CURVE('',#4602,(#4606,#4613),.PCURVE_S1.);
#4602 = LINE('',#4603,#4604);
#4603 = CARTESIAN_POINT('',(8.5,-9.93,2.7));
#4604 = VECTOR('',#4605,1.);
#4605 = DIRECTION('',(-0.,-1.,-0.));
#4606 = PCURVE('',#4247,#4607);
#4607 = DEFINITIONAL_REPRESENTATION('',(#4608),#4612);
#4608 = LINE('',#4609,#4610);
#4609 = CARTESIAN_POINT('',(-1.5,-1.5));
#4610 = VECTOR('',#4611,1.);
#4611 = DIRECTION('',(-0.,1.));
#4612 = ( GEOMETRIC_REPRESENTATION_CONTEXT(2) 
PARAMETRIC_REPRESENTATION_CONTEXT() REPRESENTATION_CONTEXT('2D SPACE',''
  ) );
#4613 = PCURVE('',#4333,#4614);
#4614 = DEFINITIONAL_REPRESENTATION('',(#4615),#4619);
#4615 = LINE('',#4616,#4617);
#4616 = CARTESIAN_POINT('',(-0.,-1.1));
#4617 = VECTOR('',#4618,1.);
#4618 = DIRECTION('',(-1.,0.));
#4619 = ( GEOMETRIC_REPRESENTATION_CONTEXT(2) 
PARAMETRIC_REPRESENTATION_CONTEXT() REPRESENTATION_CONTEXT('2D SPACE',''
  ) );
#4620 = ORIENTED_EDGE('',*,*,#4621,.T.);
#4621 = EDGE_CURVE('',#4599,#4622,#4624,.T.);
#4622 = VERTEX_POINT('',#4623);
#4623 = CARTESIAN_POINT('',(8.26,-12.93,2.7));
#4624 = SURFACE_CURVE('',#4625,(#4630,#4641),.PCURVE_S1.);
#4625 = CIRCLE('',#4626,0.24);
#4626 = AXIS2_PLACEMENT_3D('',#4627,#4628,#4629);
#4627 = CARTESIAN_POINT('',(8.26,-12.69,2.7));
#4628 = DIRECTION('',(-0.,-0.,-1.));
#4629 = DIRECTION('',(-0.,1.,-0.));
#4630 = PCURVE('',#4247,#4631);
#4631 = DEFINITIONAL_REPRESENTATION('',(#4632),#4640);
#4632 = ( BOUNDED_CURVE() B_SPLINE_CURVE(2,(#4633,#4634,#4635,#4636,
#4637,#4638,#4639),.UNSPECIFIED.,.T.,.F.) B_SPLINE_CURVE_WITH_KNOTS((1,2
    ,2,2,2,1),(-2.094395102393,0.,2.094395102393,4.188790204786,
6.28318530718,8.377580409573),.UNSPECIFIED.) CURVE() 
GEOMETRIC_REPRESENTATION_ITEM() RATIONAL_B_SPLINE_CURVE((1.,0.5,1.,0.5,
1.,0.5,1.)) REPRESENTATION_ITEM('') );
#4633 = CARTESIAN_POINT('',(-1.26,1.02));
#4634 = CARTESIAN_POINT('',(-1.675692193817,1.02));
#4635 = CARTESIAN_POINT('',(-1.467846096908,1.38));
#4636 = CARTESIAN_POINT('',(-1.26,1.74));
#4637 = CARTESIAN_POINT('',(-1.052153903092,1.38));
#4638 = CARTESIAN_POINT('',(-0.844307806183,1.02));
#4639 = CARTESIAN_POINT('',(-1.26,1.02));
#4640 = ( GEOMETRIC_REPRESENTATION_CONTEXT(2) 
PARAMETRIC_REPRESENTATION_CONTEXT() REPRESENTATION_CONTEXT('2D SPACE',''
  ) );
#4641 = PCURVE('',#4366,#4642);
#4642 = DEFINITIONAL_REPRESENTATION('',(#4643),#4647);
#4643 = LINE('',#4644,#4645);
#4644 = CARTESIAN_POINT('',(1.570796326795,1.1));
#4645 = VECTOR('',#4646,1.);
#4646 = DIRECTION('',(-1.,0.));
#4647 = ( GEOMETRIC_REPRESENTATION_CONTEXT(2) 
PARAMETRIC_REPRESENTATION_CONTEXT() REPRESENTATION_CONTEXT('2D SPACE',''
  ) );
#4648 = ORIENTED_EDGE('',*,*,#4649,.T.);
#4649 = EDGE_CURVE('',#4622,#4650,#4652,.T.);
#4650 = VERTEX_POINT('',#4651);
#4651 = CARTESIAN_POINT('',(5.74,-12.93,2.7));
#4652 = SURFACE_CURVE('',#4653,(#4657,#4664),.PCURVE_S1.);
#4653 = LINE('',#4654,#4655);
#4654 = CARTESIAN_POINT('',(8.5,-12.93,2.7));
#4655 = VECTOR('',#4656,1.);
#4656 = DIRECTION('',(-1.,-0.,-0.));
#4657 = PCURVE('',#4247,#4658);
#4658 = DEFINITIONAL_REPRESENTATION('',(#4659),#4663);
#4659 = LINE('',#4660,#4661);
#4660 = CARTESIAN_POINT('',(-1.5,1.5));
#4661 = VECTOR('',#4662,1.);
#4662 = DIRECTION('',(1.,-0.));
#4663 = ( GEOMETRIC_REPRESENTATION_CONTEXT(2) 
PARAMETRIC_REPRESENTATION_CONTEXT() REPRESENTATION_CONTEXT('2D SPACE',''
  ) );
#4664 = PCURVE('',#4394,#4665);
#4665 = DEFINITIONAL_REPRESENTATION('',(#4666),#4670);
#4666 = LINE('',#4667,#4668);
#4667 = CARTESIAN_POINT('',(-0.,-1.1));
#4668 = VECTOR('',#4669,1.);
#4669 = DIRECTION('',(-1.,0.));
#4670 = ( GEOMETRIC_REPRESENTATION_CONTEXT(2) 
PARAMETRIC_REPRESENTATION_CONTEXT() REPRESENTATION_CONTEXT('2D SPACE',''
  ) );
#4671 = ORIENTED_EDGE('',*,*,#4672,.T.);
#4672 = EDGE_CURVE('',#4650,#4673,#4675,.T.);
#4673 = VERTEX_POINT('',#4674);
#4674 = CARTESIAN_POINT('',(5.5,-12.69,2.7));
#4675 = SURFACE_CURVE('',#4676,(#4681,#4692),.PCURVE_S1.);
#4676 = CIRCLE('',#4677,0.24);
#4677 = AXIS2_PLACEMENT_3D('',#4678,#4679,#4680);
#4678 = CARTESIAN_POINT('',(5.74,-12.69,2.7));
#4679 = DIRECTION('',(-0.,-0.,-1.));
#4680 = DIRECTION('',(-0.,1.,-0.));
#4681 = PCURVE('',#4247,#4682);
#4682 = DEFINITIONAL_REPRESENTATION('',(#4683),#4691);
#4683 = ( BOUNDED_CURVE() B_SPLINE_CURVE(2,(#4684,#4685,#4686,#4687,
#4688,#4689,#4690),.UNSPECIFIED.,.T.,.F.) B_SPLINE_CURVE_WITH_KNOTS((1,2
    ,2,2,2,1),(-2.094395102393,0.,2.094395102393,4.188790204786,
6.28318530718,8.377580409573),.UNSPECIFIED.) CURVE() 
GEOMETRIC_REPRESENTATION_ITEM() RATIONAL_B_SPLINE_CURVE((1.,0.5,1.,0.5,
1.,0.5,1.)) REPRESENTATION_ITEM('') );
#4684 = CARTESIAN_POINT('',(1.26,1.02));
#4685 = CARTESIAN_POINT('',(0.844307806183,1.02));
#4686 = CARTESIAN_POINT('',(1.052153903092,1.38));
#4687 = CARTESIAN_POINT('',(1.26,1.74));
#4688 = CARTESIAN_POINT('',(1.467846096908,1.38));
#4689 = CARTESIAN_POINT('',(1.675692193817,1.02));
#4690 = CARTESIAN_POINT('',(1.26,1.02));
#4691 = ( GEOMETRIC_REPRESENTATION_CONTEXT(2) 
PARAMETRIC_REPRESENTATION_CONTEXT() REPRESENTATION_CONTEXT('2D SPACE',''
  ) );
#4692 = PCURVE('',#4427,#4693);
#4693 = DEFINITIONAL_REPRESENTATION('',(#4694),#4698);
#4694 = LINE('',#4695,#4696);
#4695 = CARTESIAN_POINT('',(3.14159265359,1.1));
#4696 = VECTOR('',#4697,1.);
#4697 = DIRECTION('',(-1.,0.));
#4698 = ( GEOMETRIC_REPRESENTATION_CONTEXT(2) 
PARAMETRIC_REPRESENTATION_CONTEXT() REPRESENTATION_CONTEXT('2D SPACE',''
  ) );
#4699 = ORIENTED_EDGE('',*,*,#4700,.T.);
#4700 = EDGE_CURVE('',#4673,#4494,#4701,.T.);
#4701 = SURFACE_CURVE('',#4702,(#4706,#4713),.PCURVE_S1.);
#4702 = LINE('',#4703,#4704);
#4703 = CARTESIAN_POINT('',(5.5,-12.93,2.7));
#4704 = VECTOR('',#4705,1.);
#4705 = DIRECTION('',(-0.,1.,-0.));
#4706 = PCURVE('',#4247,#4707);
#4707 = DEFINITIONAL_REPRESENTATION('',(#4708),#4712);
#4708 = LINE('',#4709,#4710);
#4709 = CARTESIAN_POINT('',(1.5,1.5));
#4710 = VECTOR('',#4711,1.);
#4711 = DIRECTION('',(-0.,-1.));
#4712 = ( GEOMETRIC_REPRESENTATION_CONTEXT(2) 
PARAMETRIC_REPRESENTATION_CONTEXT() REPRESENTATION_CONTEXT('2D SPACE',''
  ) );
#4713 = PCURVE('',#4455,#4714);
#4714 = DEFINITIONAL_REPRESENTATION('',(#4715),#4719);
#4715 = LINE('',#4716,#4717);
#4716 = CARTESIAN_POINT('',(-0.,-1.1));
#4717 = VECTOR('',#4718,1.);
#4718 = DIRECTION('',(-1.,-0.));
#4719 = ( GEOMETRIC_REPRESENTATION_CONTEXT(2) 
PARAMETRIC_REPRESENTATION_CONTEXT() REPRESENTATION_CONTEXT('2D SPACE',''
  ) );
#4720 = ORIENTED_EDGE('',*,*,#4516,.F.);
#4721 = ADVANCED_FACE('',(#4722),#4455,.F.);
#4722 = FACE_BOUND('',#4723,.T.);
#4723 = EDGE_LOOP('',(#4724,#4725,#4746,#4747));
#4724 = ORIENTED_EDGE('',*,*,#4439,.F.);
#4725 = ORIENTED_EDGE('',*,*,#4726,.T.);
#4726 = EDGE_CURVE('',#4407,#4673,#4727,.T.);
#4727 = SURFACE_CURVE('',#4728,(#4732,#4739),.PCURVE_S1.);
#4728 = LINE('',#4729,#4730);
#4729 = CARTESIAN_POINT('',(5.5,-12.69,1.6));
#4730 = VECTOR('',#4731,1.);
#4731 = DIRECTION('',(-0.,-0.,1.));
#4732 = PCURVE('',#4455,#4733);
#4733 = DEFINITIONAL_REPRESENTATION('',(#4734),#4738);
#4734 = LINE('',#4735,#4736);
#4735 = CARTESIAN_POINT('',(-0.24,0.));
#4736 = VECTOR('',#4737,1.);
#4737 = DIRECTION('',(-0.,-1.));
#4738 = ( GEOMETRIC_REPRESENTATION_CONTEXT(2) 
PARAMETRIC_REPRESENTATION_CONTEXT() REPRESENTATION_CONTEXT('2D SPACE',''
  ) );
#4739 = PCURVE('',#4427,#4740);
#4740 = DEFINITIONAL_REPRESENTATION('',(#4741),#4745);
#4741 = LINE('',#4742,#4743);
#4742 = CARTESIAN_POINT('',(-1.570796326795,0.));
#4743 = VECTOR('',#4744,1.);
#4744 = DIRECTION('',(-0.,1.));
#4745 = ( GEOMETRIC_REPRESENTATION_CONTEXT(2) 
PARAMETRIC_REPRESENTATION_CONTEXT() REPRESENTATION_CONTEXT('2D SPACE',''
  ) );
#4746 = ORIENTED_EDGE('',*,*,#4700,.T.);
#4747 = ORIENTED_EDGE('',*,*,#4493,.F.);
#4748 = ADVANCED_FACE('',(#4749),#4333,.F.);
#4749 = FACE_BOUND('',#4750,.T.);
#4750 = EDGE_LOOP('',(#4751,#4752,#4753,#4754));
#4751 = ORIENTED_EDGE('',*,*,#4317,.F.);
#4752 = ORIENTED_EDGE('',*,*,#4543,.T.);
#4753 = ORIENTED_EDGE('',*,*,#4598,.T.);
#4754 = ORIENTED_EDGE('',*,*,#4755,.F.);
#4755 = EDGE_CURVE('',#4318,#4599,#4756,.T.);
#4756 = SURFACE_CURVE('',#4757,(#4761,#4768),.PCURVE_S1.);
#4757 = LINE('',#4758,#4759);
#4758 = CARTESIAN_POINT('',(8.5,-12.69,1.6));
#4759 = VECTOR('',#4760,1.);
#4760 = DIRECTION('',(-0.,-0.,1.));
#4761 = PCURVE('',#4333,#4762);
#4762 = DEFINITIONAL_REPRESENTATION('',(#4763),#4767);
#4763 = LINE('',#4764,#4765);
#4764 = CARTESIAN_POINT('',(-2.76,0.));
#4765 = VECTOR('',#4766,1.);
#4766 = DIRECTION('',(-0.,-1.));
#4767 = ( GEOMETRIC_REPRESENTATION_CONTEXT(2) 
PARAMETRIC_REPRESENTATION_CONTEXT() REPRESENTATION_CONTEXT('2D SPACE',''
  ) );
#4768 = PCURVE('',#4366,#4769);
#4769 = DEFINITIONAL_REPRESENTATION('',(#4770),#4774);
#4770 = LINE('',#4771,#4772);
#4771 = CARTESIAN_POINT('',(-0.,0.));
#4772 = VECTOR('',#4773,1.);
#4773 = DIRECTION('',(-0.,1.));
#4774 = ( GEOMETRIC_REPRESENTATION_CONTEXT(2) 
PARAMETRIC_REPRESENTATION_CONTEXT() REPRESENTATION_CONTEXT('2D SPACE',''
  ) );
#4775 = ADVANCED_FACE('',(#4776),#4427,.T.);
#4776 = FACE_BOUND('',#4777,.F.);
#4777 = EDGE_LOOP('',(#4778,#4779,#4780,#4781));
#4778 = ORIENTED_EDGE('',*,*,#4406,.T.);
#4779 = ORIENTED_EDGE('',*,*,#4726,.T.);
#4780 = ORIENTED_EDGE('',*,*,#4672,.F.);
#4781 = ORIENTED_EDGE('',*,*,#4782,.F.);
#4782 = EDGE_CURVE('',#4379,#4650,#4783,.T.);
#4783 = SURFACE_CURVE('',#4784,(#4788,#4795),.PCURVE_S1.);
#4784 = LINE('',#4785,#4786);
#4785 = CARTESIAN_POINT('',(5.74,-12.93,1.6));
#4786 = VECTOR('',#4787,1.);
#4787 = DIRECTION('',(-0.,-0.,1.));
#4788 = PCURVE('',#4427,#4789);
#4789 = DEFINITIONAL_REPRESENTATION('',(#4790),#4794);
#4790 = LINE('',#4791,#4792);
#4791 = CARTESIAN_POINT('',(-0.,0.));
#4792 = VECTOR('',#4793,1.);
#4793 = DIRECTION('',(-0.,1.));
#4794 = ( GEOMETRIC_REPRESENTATION_CONTEXT(2) 
PARAMETRIC_REPRESENTATION_CONTEXT() REPRESENTATION_CONTEXT('2D SPACE',''
  ) );
#4795 = PCURVE('',#4394,#4796);
#4796 = DEFINITIONAL_REPRESENTATION('',(#4797),#4801);
#4797 = LINE('',#4798,#4799);
#4798 = CARTESIAN_POINT('',(-2.76,0.));
#4799 = VECTOR('',#4800,1.);
#4800 = DIRECTION('',(-0.,-1.));
#4801 = ( GEOMETRIC_REPRESENTATION_CONTEXT(2) 
PARAMETRIC_REPRESENTATION_CONTEXT() REPRESENTATION_CONTEXT('2D SPACE',''
  ) );
#4802 = ADVANCED_FACE('',(#4803),#4366,.T.);
#4803 = FACE_BOUND('',#4804,.F.);
#4804 = EDGE_LOOP('',(#4805,#4806,#4827,#4828));
#4805 = ORIENTED_EDGE('',*,*,#4345,.T.);
#4806 = ORIENTED_EDGE('',*,*,#4807,.T.);
#4807 = EDGE_CURVE('',#4346,#4622,#4808,.T.);
#4808 = SURFACE_CURVE('',#4809,(#4813,#4820),.PCURVE_S1.);
#4809 = LINE('',#4810,#4811);
#4810 = CARTESIAN_POINT('',(8.26,-12.93,1.6));
#4811 = VECTOR('',#4812,1.);
#4812 = DIRECTION('',(-0.,-0.,1.));
#4813 = PCURVE('',#4366,#4814);
#4814 = DEFINITIONAL_REPRESENTATION('',(#4815),#4819);
#4815 = LINE('',#4816,#4817);
#4816 = CARTESIAN_POINT('',(-1.570796326795,0.));
#4817 = VECTOR('',#4818,1.);
#4818 = DIRECTION('',(-0.,1.));
#4819 = ( GEOMETRIC_REPRESENTATION_CONTEXT(2) 
PARAMETRIC_REPRESENTATION_CONTEXT() REPRESENTATION_CONTEXT('2D SPACE',''
  ) );
#4820 = PCURVE('',#4394,#4821);
#4821 = DEFINITIONAL_REPRESENTATION('',(#4822),#4826);
#4822 = LINE('',#4823,#4824);
#4823 = CARTESIAN_POINT('',(-0.24,0.));
#4824 = VECTOR('',#4825,1.);
#4825 = DIRECTION('',(-0.,-1.));
#4826 = ( GEOMETRIC_REPRESENTATION_CONTEXT(2) 
PARAMETRIC_REPRESENTATION_CONTEXT() REPRESENTATION_CONTEXT('2D SPACE',''
  ) );
#4827 = ORIENTED_EDGE('',*,*,#4621,.F.);
#4828 = ORIENTED_EDGE('',*,*,#4755,.F.);
#4829 = ADVANCED_FACE('',(#4830),#4394,.F.);
#4830 = FACE_BOUND('',#4831,.T.);
#4831 = EDGE_LOOP('',(#4832,#4833,#4834,#4835));
#4832 = ORIENTED_EDGE('',*,*,#4378,.F.);
#4833 = ORIENTED_EDGE('',*,*,#4807,.T.);
#4834 = ORIENTED_EDGE('',*,*,#4649,.T.);
#4835 = ORIENTED_EDGE('',*,*,#4782,.F.);
#4836 = ( GEOMETRIC_REPRESENTATION_CONTEXT(3) 
GLOBAL_UNCERTAINTY_ASSIGNED_CONTEXT((#4840)) 
GLOBAL_UNIT_ASSIGNED_CONTEXT((#4837,#4838,#4839)) REPRESENTATION_CONTEXT
('Context #1','3D Context with UNIT and UNCERTAINTY') );
#4837 = ( LENGTH_UNIT() NAMED_UNIT(*) SI_UNIT(.MILLI.,.METRE.) );
#4838 = ( NAMED_UNIT(*) PLANE_ANGLE_UNIT() SI_UNIT($,.RADIAN.) );
#4839 = ( NAMED_UNIT(*) SI_UNIT($,.STERADIAN.) SOLID_ANGLE_UNIT() );
#4840 = UNCERTAINTY_MEASURE_WITH_UNIT(LENGTH_MEASURE(1.E-07),#4837,
  'distance_accuracy_value','confusion accuracy');
#4841 = CONTEXT_DEPENDENT_SHAPE_REPRESENTATION(#4842,#4844);
#4842 = ( REPRESENTATION_RELATIONSHIP('','',#4161,#10) 
REPRESENTATION_RELATIONSHIP_WITH_TRANSFORMATION(#4843) 
SHAPE_REPRESENTATION_RELATIONSHIP() );
#4843 = ITEM_DEFINED_TRANSFORMATION('','',#11,#67);
#4844 = PRODUCT_DEFINITION_SHAPE('Placement','Placement of an item',
  #4845);
#4845 = NEXT_ASSEMBLY_USAGE_OCCURRENCE('57','ADS1115','',#5,#4156,$);
#4846 = PRODUCT_RELATED_PRODUCT_CATEGORY('part',$,(#4158));
#4847 = SHAPE_DEFINITION_REPRESENTATION(#4848,#4854);
#4848 = PRODUCT_DEFINITION_SHAPE('','',#4849);
#4849 = PRODUCT_DEFINITION('design','',#4850,#4853);
#4850 = PRODUCT_DEFINITION_FORMATION('','',#4851);
#4851 = PRODUCT('R0','R0','',(#4852));
#4852 = PRODUCT_CONTEXT('',#2,'mechanical');
#4853 = PRODUCT_DEFINITION_CONTEXT('part definition',#2,'design');
#4854 = ADVANCED_BREP_SHAPE_REPRESENTATION('',(#11,#4855),#5529);
#4855 = MANIFOLD_SOLID_BREP('',#4856);
#4856 = CLOSED_SHELL('',(#4857,#4977,#5181,#5231,#5285,#5414,#5441,#5468
    ,#5495,#5522));
#4857 = ADVANCED_FACE('',(#4858),#4872,.F.);
#4858 = FACE_BOUND('',#4859,.T.);
#4859 = EDGE_LOOP('',(#4860,#4895,#4923,#4951));
#4860 = ORIENTED_EDGE('',*,*,#4861,.F.);
#4861 = EDGE_CURVE('',#4862,#4864,#4866,.T.);
#4862 = VERTEX_POINT('',#4863);
#4863 = CARTESIAN_POINT('',(3.164,-4.2,1.6));
#4864 = VERTEX_POINT('',#4865);
#4865 = CARTESIAN_POINT('',(3.836,-4.2,1.6));
#4866 = SURFACE_CURVE('',#4867,(#4871,#4883),.PCURVE_S1.);
#4867 = LINE('',#4868,#4869);
#4868 = CARTESIAN_POINT('',(3.1,-4.2,1.6));
#4869 = VECTOR('',#4870,1.);
#4870 = DIRECTION('',(1.,-0.,-0.));
#4871 = PCURVE('',#4872,#4877);
#4872 = PLANE('',#4873);
#4873 = AXIS2_PLACEMENT_3D('',#4874,#4875,#4876);
#4874 = CARTESIAN_POINT('',(3.1,-4.2,1.6));
#4875 = DIRECTION('',(-0.,-1.,-0.));
#4876 = DIRECTION('',(-1.,0.,0.));
#4877 = DEFINITIONAL_REPRESENTATION('',(#4878),#4882);
#4878 = LINE('',#4879,#4880);
#4879 = CARTESIAN_POINT('',(-0.,-0.));
#4880 = VECTOR('',#4881,1.);
#4881 = DIRECTION('',(-1.,-0.));
#4882 = ( GEOMETRIC_REPRESENTATION_CONTEXT(2) 
PARAMETRIC_REPRESENTATION_CONTEXT() REPRESENTATION_CONTEXT('2D SPACE',''
  ) );
#4883 = PCURVE('',#4884,#4889);
#4884 = PLANE('',#4885);
#4885 = AXIS2_PLACEMENT_3D('',#4886,#4887,#4888);
#4886 = CARTESIAN_POINT('',(3.5,-5.,1.6));
#4887 = DIRECTION('',(-0.,-0.,1.));
#4888 = DIRECTION('',(-1.,0.,0.));
#4889 = DEFINITIONAL_REPRESENTATION('',(#4890),#4894);
#4890 = LINE('',#4891,#4892);
#4891 = CARTESIAN_POINT('',(0.4,-0.8));
#4892 = VECTOR('',#4893,1.);
#4893 = DIRECTION('',(-1.,0.));
#4894 = ( GEOMETRIC_REPRESENTATION_CONTEXT(2) 
PARAMETRIC_REPRESENTATION_CONTEXT() REPRESENTATION_CONTEXT('2D SPACE',''
  ) );
#4895 = ORIENTED_EDGE('',*,*,#4896,.T.);
#4896 = EDGE_CURVE('',#4862,#4897,#4899,.T.);
#4897 = VERTEX_POINT('',#4898);
#4898 = CARTESIAN_POINT('',(3.164,-4.2,2.05));
#4899 = SURFACE_CURVE('',#4900,(#4904,#4911),.PCURVE_S1.);
#4900 = LINE('',#4901,#4902);
#4901 = CARTESIAN_POINT('',(3.164,-4.2,1.6));
#4902 = VECTOR('',#4903,1.);
#4903 = DIRECTION('',(-0.,-0.,1.));
#4904 = PCURVE('',#4872,#4905);
#4905 = DEFINITIONAL_REPRESENTATION('',(#4906),#4910);
#4906 = LINE('',#4907,#4908);
#4907 = CARTESIAN_POINT('',(-6.4E-02,-0.));
#4908 = VECTOR('',#4909,1.);
#4909 = DIRECTION('',(-0.,-1.));
#4910 = ( GEOMETRIC_REPRESENTATION_CONTEXT(2) 
PARAMETRIC_REPRESENTATION_CONTEXT() REPRESENTATION_CONTEXT('2D SPACE',''
  ) );
#4911 = PCURVE('',#4912,#4917);
#4912 = CYLINDRICAL_SURFACE('',#4913,6.4E-02);
#4913 = AXIS2_PLACEMENT_3D('',#4914,#4915,#4916);
#4914 = CARTESIAN_POINT('',(3.164,-4.264,1.6));
#4915 = DIRECTION('',(-0.,-0.,1.));
#4916 = DIRECTION('',(-0.,1.,-0.));
#4917 = DEFINITIONAL_REPRESENTATION('',(#4918),#4922);
#4918 = LINE('',#4919,#4920);
#4919 = CARTESIAN_POINT('',(0.,0.));
#4920 = VECTOR('',#4921,1.);
#4921 = DIRECTION('',(0.,1.));
#4922 = ( GEOMETRIC_REPRESENTATION_CONTEXT(2) 
PARAMETRIC_REPRESENTATION_CONTEXT() REPRESENTATION_CONTEXT('2D SPACE',''
  ) );
#4923 = ORIENTED_EDGE('',*,*,#4924,.T.);
#4924 = EDGE_CURVE('',#4897,#4925,#4927,.T.);
#4925 = VERTEX_POINT('',#4926);
#4926 = CARTESIAN_POINT('',(3.836,-4.2,2.05));
#4927 = SURFACE_CURVE('',#4928,(#4932,#4939),.PCURVE_S1.);
#4928 = LINE('',#4929,#4930);
#4929 = CARTESIAN_POINT('',(3.1,-4.2,2.05));
#4930 = VECTOR('',#4931,1.);
#4931 = DIRECTION('',(1.,-0.,-0.));
#4932 = PCURVE('',#4872,#4933);
#4933 = DEFINITIONAL_REPRESENTATION('',(#4934),#4938);
#4934 = LINE('',#4935,#4936);
#4935 = CARTESIAN_POINT('',(-0.,-0.45));
#4936 = VECTOR('',#4937,1.);
#4937 = DIRECTION('',(-1.,-0.));
#4938 = ( GEOMETRIC_REPRESENTATION_CONTEXT(2) 
PARAMETRIC_REPRESENTATION_CONTEXT() REPRESENTATION_CONTEXT('2D SPACE',''
  ) );
#4939 = PCURVE('',#4940,#4945);
#4940 = PLANE('',#4941);
#4941 = AXIS2_PLACEMENT_3D('',#4942,#4943,#4944);
#4942 = CARTESIAN_POINT('',(3.5,-5.,2.05));
#4943 = DIRECTION('',(-0.,-0.,1.));
#4944 = DIRECTION('',(-1.,0.,0.));
#4945 = DEFINITIONAL_REPRESENTATION('',(#4946),#4950);
#4946 = LINE('',#4947,#4948);
#4947 = CARTESIAN_POINT('',(0.4,-0.8));
#4948 = VECTOR('',#4949,1.);
#4949 = DIRECTION('',(-1.,0.));
#4950 = ( GEOMETRIC_REPRESENTATION_CONTEXT(2) 
PARAMETRIC_REPRESENTATION_CONTEXT() REPRESENTATION_CONTEXT('2D SPACE',''
  ) );
#4951 = ORIENTED_EDGE('',*,*,#4952,.F.);
#4952 = EDGE_CURVE('',#4864,#4925,#4953,.T.);
#4953 = SURFACE_CURVE('',#4954,(#4958,#4965),.PCURVE_S1.);
#4954 = LINE('',#4955,#4956);
#4955 = CARTESIAN_POINT('',(3.836,-4.2,1.6));
#4956 = VECTOR('',#4957,1.);
#4957 = DIRECTION('',(-0.,-0.,1.));
#4958 = PCURVE('',#4872,#4959);
#4959 = DEFINITIONAL_REPRESENTATION('',(#4960),#4964);
#4960 = LINE('',#4961,#4962);
#4961 = CARTESIAN_POINT('',(-0.736,-0.));
#4962 = VECTOR('',#4963,1.);
#4963 = DIRECTION('',(-0.,-1.));
#4964 = ( GEOMETRIC_REPRESENTATION_CONTEXT(2) 
PARAMETRIC_REPRESENTATION_CONTEXT() REPRESENTATION_CONTEXT('2D SPACE',''
  ) );
#4965 = PCURVE('',#4966,#4971);
#4966 = CYLINDRICAL_SURFACE('',#4967,6.4E-02);
#4967 = AXIS2_PLACEMENT_3D('',#4968,#4969,#4970);
#4968 = CARTESIAN_POINT('',(3.836,-4.264,1.6));
#4969 = DIRECTION('',(-0.,-0.,1.));
#4970 = DIRECTION('',(-0.,1.,-0.));
#4971 = DEFINITIONAL_REPRESENTATION('',(#4972),#4976);
#4972 = LINE('',#4973,#4974);
#4973 = CARTESIAN_POINT('',(-0.,0.));
#4974 = VECTOR('',#4975,1.);
#4975 = DIRECTION('',(-0.,1.));
#4976 = ( GEOMETRIC_REPRESENTATION_CONTEXT(2) 
PARAMETRIC_REPRESENTATION_CONTEXT() REPRESENTATION_CONTEXT('2D SPACE',''
  ) );
#4977 = ADVANCED_FACE('',(#4978),#4884,.F.);
#4978 = FACE_BOUND('',#4979,.T.);
#4979 = EDGE_LOOP('',(#4980,#4981,#5009,#5037,#5070,#5098,#5131,#5159));
#4980 = ORIENTED_EDGE('',*,*,#4861,.T.);
#4981 = ORIENTED_EDGE('',*,*,#4982,.T.);
#4982 = EDGE_CURVE('',#4864,#4983,#4985,.T.);
#4983 = VERTEX_POINT('',#4984);
#4984 = CARTESIAN_POINT('',(3.9,-4.264,1.6));
#4985 = SURFACE_CURVE('',#4986,(#4991,#5002),.PCURVE_S1.);
#4986 = CIRCLE('',#4987,6.4E-02);
#4987 = AXIS2_PLACEMENT_3D('',#4988,#4989,#4990);
#4988 = CARTESIAN_POINT('',(3.836,-4.264,1.6));
#4989 = DIRECTION('',(-0.,-0.,-1.));
#4990 = DIRECTION('',(-0.,1.,-0.));
#4991 = PCURVE('',#4884,#4992);
#4992 = DEFINITIONAL_REPRESENTATION('',(#4993),#5001);
#4993 = ( BOUNDED_CURVE() B_SPLINE_CURVE(2,(#4994,#4995,#4996,#4997,
#4998,#4999,#5000),.UNSPECIFIED.,.T.,.F.) B_SPLINE_CURVE_WITH_KNOTS((1,2
    ,2,2,2,1),(-2.094395102393,0.,2.094395102393,4.188790204786,
6.28318530718,8.377580409573),.UNSPECIFIED.) CURVE() 
GEOMETRIC_REPRESENTATION_ITEM() RATIONAL_B_SPLINE_CURVE((1.,0.5,1.,0.5,
1.,0.5,1.)) REPRESENTATION_ITEM('') );
#4994 = CARTESIAN_POINT('',(-0.336,-0.8));
#4995 = CARTESIAN_POINT('',(-0.446851251684,-0.8));
#4996 = CARTESIAN_POINT('',(-0.391425625842,-0.704));
#4997 = CARTESIAN_POINT('',(-0.336,-0.608));
#4998 = CARTESIAN_POINT('',(-0.280574374158,-0.704));
#4999 = CARTESIAN_POINT('',(-0.225148748316,-0.8));
#5000 = CARTESIAN_POINT('',(-0.336,-0.8));
#5001 = ( GEOMETRIC_REPRESENTATION_CONTEXT(2) 
PARAMETRIC_REPRESENTATION_CONTEXT() REPRESENTATION_CONTEXT('2D SPACE',''
  ) );
#5002 = PCURVE('',#4966,#5003);
#5003 = DEFINITIONAL_REPRESENTATION('',(#5004),#5008);
#5004 = LINE('',#5005,#5006);
#5005 = CARTESIAN_POINT('',(-0.,-2.22044604925E-16));
#5006 = VECTOR('',#5007,1.);
#5007 = DIRECTION('',(-1.,0.));
#5008 = ( GEOMETRIC_REPRESENTATION_CONTEXT(2) 
PARAMETRIC_REPRESENTATION_CONTEXT() REPRESENTATION_CONTEXT('2D SPACE',''
  ) );
#5009 = ORIENTED_EDGE('',*,*,#5010,.T.);
#5010 = EDGE_CURVE('',#4983,#5011,#5013,.T.);
#5011 = VERTEX_POINT('',#5012);
#5012 = CARTESIAN_POINT('',(3.9,-5.736,1.6));
#5013 = SURFACE_CURVE('',#5014,(#5018,#5025),.PCURVE_S1.);
#5014 = LINE('',#5015,#5016);
#5015 = CARTESIAN_POINT('',(3.9,-4.2,1.6));
#5016 = VECTOR('',#5017,1.);
#5017 = DIRECTION('',(-0.,-1.,-0.));
#5018 = PCURVE('',#4884,#5019);
#5019 = DEFINITIONAL_REPRESENTATION('',(#5020),#5024);
#5020 = LINE('',#5021,#5022);
#5021 = CARTESIAN_POINT('',(-0.4,-0.8));
#5022 = VECTOR('',#5023,1.);
#5023 = DIRECTION('',(-0.,1.));
#5024 = ( GEOMETRIC_REPRESENTATION_CONTEXT(2) 
PARAMETRIC_REPRESENTATION_CONTEXT() REPRESENTATION_CONTEXT('2D SPACE',''
  ) );
#5025 = PCURVE('',#5026,#5031);
#5026 = PLANE('',#5027);
#5027 = AXIS2_PLACEMENT_3D('',#5028,#5029,#5030);
#5028 = CARTESIAN_POINT('',(3.9,-4.2,1.6));
#5029 = DIRECTION('',(-1.,-0.,-0.));
#5030 = DIRECTION('',(0.,1.,0.));
#5031 = DEFINITIONAL_REPRESENTATION('',(#5032),#5036);
#5032 = LINE('',#5033,#5034);
#5033 = CARTESIAN_POINT('',(-0.,-0.));
#5034 = VECTOR('',#5035,1.);
#5035 = DIRECTION('',(-1.,0.));
#5036 = ( GEOMETRIC_REPRESENTATION_CONTEXT(2) 
PARAMETRIC_REPRESENTATION_CONTEXT() REPRESENTATION_CONTEXT('2D SPACE',''
  ) );
#5037 = ORIENTED_EDGE('',*,*,#5038,.T.);
#5038 = EDGE_CURVE('',#5011,#5039,#5041,.T.);
#5039 = VERTEX_POINT('',#5040);
#5040 = CARTESIAN_POINT('',(3.836,-5.8,1.6));
#5041 = SURFACE_CURVE('',#5042,(#5047,#5058),.PCURVE_S1.);
#5042 = CIRCLE('',#5043,6.4E-02);
#5043 = AXIS2_PLACEMENT_3D('',#5044,#5045,#5046);
#5044 = CARTESIAN_POINT('',(3.836,-5.736,1.6));
#5045 = DIRECTION('',(-0.,-0.,-1.));
#5046 = DIRECTION('',(-0.,1.,-0.));
#5047 = PCURVE('',#4884,#5048);
#5048 = DEFINITIONAL_REPRESENTATION('',(#5049),#5057);
#5049 = ( BOUNDED_CURVE() B_SPLINE_CURVE(2,(#5050,#5051,#5052,#5053,
#5054,#5055,#5056),.UNSPECIFIED.,.T.,.F.) B_SPLINE_CURVE_WITH_KNOTS((1,2
    ,2,2,2,1),(-2.094395102393,0.,2.094395102393,4.188790204786,
6.28318530718,8.377580409573),.UNSPECIFIED.) CURVE() 
GEOMETRIC_REPRESENTATION_ITEM() RATIONAL_B_SPLINE_CURVE((1.,0.5,1.,0.5,
1.,0.5,1.)) REPRESENTATION_ITEM('') );
#5050 = CARTESIAN_POINT('',(-0.336,0.672));
#5051 = CARTESIAN_POINT('',(-0.446851251684,0.672));
#5052 = CARTESIAN_POINT('',(-0.391425625842,0.768));
#5053 = CARTESIAN_POINT('',(-0.336,0.864));
#5054 = CARTESIAN_POINT('',(-0.280574374158,0.768));
#5055 = CARTESIAN_POINT('',(-0.225148748316,0.672));
#5056 = CARTESIAN_POINT('',(-0.336,0.672));
#5057 = ( GEOMETRIC_REPRESENTATION_CONTEXT(2) 
PARAMETRIC_REPRESENTATION_CONTEXT() REPRESENTATION_CONTEXT('2D SPACE',''
  ) );
#5058 = PCURVE('',#5059,#5064);
#5059 = CYLINDRICAL_SURFACE('',#5060,6.4E-02);
#5060 = AXIS2_PLACEMENT_3D('',#5061,#5062,#5063);
#5061 = CARTESIAN_POINT('',(3.836,-5.736,1.6));
#5062 = DIRECTION('',(-0.,-0.,1.));
#5063 = DIRECTION('',(1.,-0.,-0.));
#5064 = DEFINITIONAL_REPRESENTATION('',(#5065),#5069);
#5065 = LINE('',#5066,#5067);
#5066 = CARTESIAN_POINT('',(1.570796326795,-2.22044604925E-16));
#5067 = VECTOR('',#5068,1.);
#5068 = DIRECTION('',(-1.,0.));
#5069 = ( GEOMETRIC_REPRESENTATION_CONTEXT(2) 
PARAMETRIC_REPRESENTATION_CONTEXT() REPRESENTATION_CONTEXT('2D SPACE',''
  ) );
#5070 = ORIENTED_EDGE('',*,*,#5071,.T.);
#5071 = EDGE_CURVE('',#5039,#5072,#5074,.T.);
#5072 = VERTEX_POINT('',#5073);
#5073 = CARTESIAN_POINT('',(3.164,-5.8,1.6));
#5074 = SURFACE_CURVE('',#5075,(#5079,#5086),.PCURVE_S1.);
#5075 = LINE('',#5076,#5077);
#5076 = CARTESIAN_POINT('',(3.9,-5.8,1.6));
#5077 = VECTOR('',#5078,1.);
#5078 = DIRECTION('',(-1.,-0.,-0.));
#5079 = PCURVE('',#4884,#5080);
#5080 = DEFINITIONAL_REPRESENTATION('',(#5081),#5085);
#5081 = LINE('',#5082,#5083);
#5082 = CARTESIAN_POINT('',(-0.4,0.8));
#5083 = VECTOR('',#5084,1.);
#5084 = DIRECTION('',(1.,-0.));
#5085 = ( GEOMETRIC_REPRESENTATION_CONTEXT(2) 
PARAMETRIC_REPRESENTATION_CONTEXT() REPRESENTATION_CONTEXT('2D SPACE',''
  ) );
#5086 = PCURVE('',#5087,#5092);
#5087 = PLANE('',#5088);
#5088 = AXIS2_PLACEMENT_3D('',#5089,#5090,#5091);
#5089 = CARTESIAN_POINT('',(3.9,-5.8,1.6));
#5090 = DIRECTION('',(-0.,1.,-0.));
#5091 = DIRECTION('',(1.,0.,0.));
#5092 = DEFINITIONAL_REPRESENTATION('',(#5093),#5097);
#5093 = LINE('',#5094,#5095);
#5094 = CARTESIAN_POINT('',(0.,-0.));
#5095 = VECTOR('',#5096,1.);
#5096 = DIRECTION('',(-1.,0.));
#5097 = ( GEOMETRIC_REPRESENTATION_CONTEXT(2) 
PARAMETRIC_REPRESENTATION_CONTEXT() REPRESENTATION_CONTEXT('2D SPACE',''
  ) );
#5098 = ORIENTED_EDGE('',*,*,#5099,.T.);
#5099 = EDGE_CURVE('',#5072,#5100,#5102,.T.);
#5100 = VERTEX_POINT('',#5101);
#5101 = CARTESIAN_POINT('',(3.1,-5.736,1.6));
#5102 = SURFACE_CURVE('',#5103,(#5108,#5119),.PCURVE_S1.);
#5103 = CIRCLE('',#5104,6.4E-02);
#5104 = AXIS2_PLACEMENT_3D('',#5105,#5106,#5107);
#5105 = CARTESIAN_POINT('',(3.164,-5.736,1.6));
#5106 = DIRECTION('',(-0.,-0.,-1.));
#5107 = DIRECTION('',(-0.,1.,-0.));
#5108 = PCURVE('',#4884,#5109);
#5109 = DEFINITIONAL_REPRESENTATION('',(#5110),#5118);
#5110 = ( BOUNDED_CURVE() B_SPLINE_CURVE(2,(#5111,#5112,#5113,#5114,
#5115,#5116,#5117),.UNSPECIFIED.,.T.,.F.) B_SPLINE_CURVE_WITH_KNOTS((1,2
    ,2,2,2,1),(-2.094395102393,0.,2.094395102393,4.188790204786,
6.28318530718,8.377580409573),.UNSPECIFIED.) CURVE() 
GEOMETRIC_REPRESENTATION_ITEM() RATIONAL_B_SPLINE_CURVE((1.,0.5,1.,0.5,
1.,0.5,1.)) REPRESENTATION_ITEM('') );
#5111 = CARTESIAN_POINT('',(0.336,0.672));
#5112 = CARTESIAN_POINT('',(0.225148748316,0.672));
#5113 = CARTESIAN_POINT('',(0.280574374158,0.768));
#5114 = CARTESIAN_POINT('',(0.336,0.864));
#5115 = CARTESIAN_POINT('',(0.391425625842,0.768));
#5116 = CARTESIAN_POINT('',(0.446851251684,0.672));
#5117 = CARTESIAN_POINT('',(0.336,0.672));
#5118 = ( GEOMETRIC_REPRESENTATION_CONTEXT(2) 
PARAMETRIC_REPRESENTATION_CONTEXT() REPRESENTATION_CONTEXT('2D SPACE',''
  ) );
#5119 = PCURVE('',#5120,#5125);
#5120 = CYLINDRICAL_SURFACE('',#5121,6.4E-02);
#5121 = AXIS2_PLACEMENT_3D('',#5122,#5123,#5124);
#5122 = CARTESIAN_POINT('',(3.164,-5.736,1.6));
#5123 = DIRECTION('',(-0.,-0.,1.));
#5124 = DIRECTION('',(-0.,-1.,-0.));
#5125 = DEFINITIONAL_REPRESENTATION('',(#5126),#5130);
#5126 = LINE('',#5127,#5128);
#5127 = CARTESIAN_POINT('',(3.14159265359,-2.22044604925E-16));
#5128 = VECTOR('',#5129,1.);
#5129 = DIRECTION('',(-1.,0.));
#5130 = ( GEOMETRIC_REPRESENTATION_CONTEXT(2) 
PARAMETRIC_REPRESENTATION_CONTEXT() REPRESENTATION_CONTEXT('2D SPACE',''
  ) );
#5131 = ORIENTED_EDGE('',*,*,#5132,.T.);
#5132 = EDGE_CURVE('',#5100,#5133,#5135,.T.);
#5133 = VERTEX_POINT('',#5134);
#5134 = CARTESIAN_POINT('',(3.1,-4.264,1.6));
#5135 = SURFACE_CURVE('',#5136,(#5140,#5147),.PCURVE_S1.);
#5136 = LINE('',#5137,#5138);
#5137 = CARTESIAN_POINT('',(3.1,-5.8,1.6));
#5138 = VECTOR('',#5139,1.);
#5139 = DIRECTION('',(-0.,1.,-0.));
#5140 = PCURVE('',#4884,#5141);
#5141 = DEFINITIONAL_REPRESENTATION('',(#5142),#5146);
#5142 = LINE('',#5143,#5144);
#5143 = CARTESIAN_POINT('',(0.4,0.8));
#5144 = VECTOR('',#5145,1.);
#5145 = DIRECTION('',(-0.,-1.));
#5146 = ( GEOMETRIC_REPRESENTATION_CONTEXT(2) 
PARAMETRIC_REPRESENTATION_CONTEXT() REPRESENTATION_CONTEXT('2D SPACE',''
  ) );
#5147 = PCURVE('',#5148,#5153);
#5148 = PLANE('',#5149);
#5149 = AXIS2_PLACEMENT_3D('',#5150,#5151,#5152);
#5150 = CARTESIAN_POINT('',(3.1,-5.8,1.6));
#5151 = DIRECTION('',(1.,-0.,-0.));
#5152 = DIRECTION('',(0.,-1.,0.));
#5153 = DEFINITIONAL_REPRESENTATION('',(#5154),#5158);
#5154 = LINE('',#5155,#5156);
#5155 = CARTESIAN_POINT('',(-0.,0.));
#5156 = VECTOR('',#5157,1.);
#5157 = DIRECTION('',(-1.,-0.));
#5158 = ( GEOMETRIC_REPRESENTATION_CONTEXT(2) 
PARAMETRIC_REPRESENTATION_CONTEXT() REPRESENTATION_CONTEXT('2D SPACE',''
  ) );
#5159 = ORIENTED_EDGE('',*,*,#5160,.F.);
#5160 = EDGE_CURVE('',#4862,#5133,#5161,.T.);
#5161 = SURFACE_CURVE('',#5162,(#5167,#5174),.PCURVE_S1.);
#5162 = CIRCLE('',#5163,6.4E-02);
#5163 = AXIS2_PLACEMENT_3D('',#5164,#5165,#5166);
#5164 = CARTESIAN_POINT('',(3.164,-4.264,1.6));
#5165 = DIRECTION('',(-0.,0.,1.));
#5166 = DIRECTION('',(-0.,1.,-0.));
#5167 = PCURVE('',#4884,#5168);
#5168 = DEFINITIONAL_REPRESENTATION('',(#5169),#5173);
#5169 = CIRCLE('',#5170,6.4E-02);
#5170 = AXIS2_PLACEMENT_2D('',#5171,#5172);
#5171 = CARTESIAN_POINT('',(0.336,-0.736));
#5172 = DIRECTION('',(-0.,-1.));
#5173 = ( GEOMETRIC_REPRESENTATION_CONTEXT(2) 
PARAMETRIC_REPRESENTATION_CONTEXT() REPRESENTATION_CONTEXT('2D SPACE',''
  ) );
#5174 = PCURVE('',#4912,#5175);
#5175 = DEFINITIONAL_REPRESENTATION('',(#5176),#5180);
#5176 = LINE('',#5177,#5178);
#5177 = CARTESIAN_POINT('',(0.,-2.22044604925E-16));
#5178 = VECTOR('',#5179,1.);
#5179 = DIRECTION('',(1.,0.));
#5180 = ( GEOMETRIC_REPRESENTATION_CONTEXT(2) 
PARAMETRIC_REPRESENTATION_CONTEXT() REPRESENTATION_CONTEXT('2D SPACE',''
  ) );
#5181 = ADVANCED_FACE('',(#5182),#4912,.T.);
#5182 = FACE_BOUND('',#5183,.T.);
#5183 = EDGE_LOOP('',(#5184,#5185,#5208,#5230));
#5184 = ORIENTED_EDGE('',*,*,#5160,.T.);
#5185 = ORIENTED_EDGE('',*,*,#5186,.T.);
#5186 = EDGE_CURVE('',#5133,#5187,#5189,.T.);
#5187 = VERTEX_POINT('',#5188);
#5188 = CARTESIAN_POINT('',(3.1,-4.264,2.05));
#5189 = SURFACE_CURVE('',#5190,(#5194,#5201),.PCURVE_S1.);
#5190 = LINE('',#5191,#5192);
#5191 = CARTESIAN_POINT('',(3.1,-4.264,1.6));
#5192 = VECTOR('',#5193,1.);
#5193 = DIRECTION('',(-0.,-0.,1.));
#5194 = PCURVE('',#4912,#5195);
#5195 = DEFINITIONAL_REPRESENTATION('',(#5196),#5200);
#5196 = LINE('',#5197,#5198);
#5197 = CARTESIAN_POINT('',(1.570796326795,0.));
#5198 = VECTOR('',#5199,1.);
#5199 = DIRECTION('',(0.,1.));
#5200 = ( GEOMETRIC_REPRESENTATION_CONTEXT(2) 
PARAMETRIC_REPRESENTATION_CONTEXT() REPRESENTATION_CONTEXT('2D SPACE',''
  ) );
#5201 = PCURVE('',#5148,#5202);
#5202 = DEFINITIONAL_REPRESENTATION('',(#5203),#5207);
#5203 = LINE('',#5204,#5205);
#5204 = CARTESIAN_POINT('',(-1.536,0.));
#5205 = VECTOR('',#5206,1.);
#5206 = DIRECTION('',(-0.,-1.));
#5207 = ( GEOMETRIC_REPRESENTATION_CONTEXT(2) 
PARAMETRIC_REPRESENTATION_CONTEXT() REPRESENTATION_CONTEXT('2D SPACE',''
  ) );
#5208 = ORIENTED_EDGE('',*,*,#5209,.F.);
#5209 = EDGE_CURVE('',#4897,#5187,#5210,.T.);
#5210 = SURFACE_CURVE('',#5211,(#5216,#5223),.PCURVE_S1.);
#5211 = CIRCLE('',#5212,6.4E-02);
#5212 = AXIS2_PLACEMENT_3D('',#5213,#5214,#5215);
#5213 = CARTESIAN_POINT('',(3.164,-4.264,2.05));
#5214 = DIRECTION('',(-0.,0.,1.));
#5215 = DIRECTION('',(-0.,1.,-0.));
#5216 = PCURVE('',#4912,#5217);
#5217 = DEFINITIONAL_REPRESENTATION('',(#5218),#5222);
#5218 = LINE('',#5219,#5220);
#5219 = CARTESIAN_POINT('',(0.,0.45));
#5220 = VECTOR('',#5221,1.);
#5221 = DIRECTION('',(1.,0.));
#5222 = ( GEOMETRIC_REPRESENTATION_CONTEXT(2) 
PARAMETRIC_REPRESENTATION_CONTEXT() REPRESENTATION_CONTEXT('2D SPACE',''
  ) );
#5223 = PCURVE('',#4940,#5224);
#5224 = DEFINITIONAL_REPRESENTATION('',(#5225),#5229);
#5225 = CIRCLE('',#5226,6.4E-02);
#5226 = AXIS2_PLACEMENT_2D('',#5227,#5228);
#5227 = CARTESIAN_POINT('',(0.336,-0.736));
#5228 = DIRECTION('',(-0.,-1.));
#5229 = ( GEOMETRIC_REPRESENTATION_CONTEXT(2) 
PARAMETRIC_REPRESENTATION_CONTEXT() REPRESENTATION_CONTEXT('2D SPACE',''
  ) );
#5230 = ORIENTED_EDGE('',*,*,#4896,.F.);
#5231 = ADVANCED_FACE('',(#5232),#4966,.T.);
#5232 = FACE_BOUND('',#5233,.F.);
#5233 = EDGE_LOOP('',(#5234,#5235,#5258,#5284));
#5234 = ORIENTED_EDGE('',*,*,#4982,.T.);
#5235 = ORIENTED_EDGE('',*,*,#5236,.T.);
#5236 = EDGE_CURVE('',#4983,#5237,#5239,.T.);
#5237 = VERTEX_POINT('',#5238);
#5238 = CARTESIAN_POINT('',(3.9,-4.264,2.05));
#5239 = SURFACE_CURVE('',#5240,(#5244,#5251),.PCURVE_S1.);
#5240 = LINE('',#5241,#5242);
#5241 = CARTESIAN_POINT('',(3.9,-4.264,1.6));
#5242 = VECTOR('',#5243,1.);
#5243 = DIRECTION('',(-0.,-0.,1.));
#5244 = PCURVE('',#4966,#5245);
#5245 = DEFINITIONAL_REPRESENTATION('',(#5246),#5250);
#5246 = LINE('',#5247,#5248);
#5247 = CARTESIAN_POINT('',(-1.570796326795,0.));
#5248 = VECTOR('',#5249,1.);
#5249 = DIRECTION('',(-0.,1.));
#5250 = ( GEOMETRIC_REPRESENTATION_CONTEXT(2) 
PARAMETRIC_REPRESENTATION_CONTEXT() REPRESENTATION_CONTEXT('2D SPACE',''
  ) );
#5251 = PCURVE('',#5026,#5252);
#5252 = DEFINITIONAL_REPRESENTATION('',(#5253),#5257);
#5253 = LINE('',#5254,#5255);
#5254 = CARTESIAN_POINT('',(-6.4E-02,0.));
#5255 = VECTOR('',#5256,1.);
#5256 = DIRECTION('',(-0.,-1.));
#5257 = ( GEOMETRIC_REPRESENTATION_CONTEXT(2) 
PARAMETRIC_REPRESENTATION_CONTEXT() REPRESENTATION_CONTEXT('2D SPACE',''
  ) );
#5258 = ORIENTED_EDGE('',*,*,#5259,.F.);
#5259 = EDGE_CURVE('',#4925,#5237,#5260,.T.);
#5260 = SURFACE_CURVE('',#5261,(#5266,#5273),.PCURVE_S1.);
#5261 = CIRCLE('',#5262,6.4E-02);
#5262 = AXIS2_PLACEMENT_3D('',#5263,#5264,#5265);
#5263 = CARTESIAN_POINT('',(3.836,-4.264,2.05));
#5264 = DIRECTION('',(-0.,-0.,-1.));
#5265 = DIRECTION('',(-0.,1.,-0.));
#5266 = PCURVE('',#4966,#5267);
#5267 = DEFINITIONAL_REPRESENTATION('',(#5268),#5272);
#5268 = LINE('',#5269,#5270);
#5269 = CARTESIAN_POINT('',(-0.,0.45));
#5270 = VECTOR('',#5271,1.);
#5271 = DIRECTION('',(-1.,0.));
#5272 = ( GEOMETRIC_REPRESENTATION_CONTEXT(2) 
PARAMETRIC_REPRESENTATION_CONTEXT() REPRESENTATION_CONTEXT('2D SPACE',''
  ) );
#5273 = PCURVE('',#4940,#5274);
#5274 = DEFINITIONAL_REPRESENTATION('',(#5275),#5283);
#5275 = ( BOUNDED_CURVE() B_SPLINE_CURVE(2,(#5276,#5277,#5278,#5279,
#5280,#5281,#5282),.UNSPECIFIED.,.T.,.F.) B_SPLINE_CURVE_WITH_KNOTS((1,2
    ,2,2,2,1),(-2.094395102393,0.,2.094395102393,4.188790204786,
6.28318530718,8.377580409573),.UNSPECIFIED.) CURVE() 
GEOMETRIC_REPRESENTATION_ITEM() RATIONAL_B_SPLINE_CURVE((1.,0.5,1.,0.5,
1.,0.5,1.)) REPRESENTATION_ITEM('') );
#5276 = CARTESIAN_POINT('',(-0.336,-0.8));
#5277 = CARTESIAN_POINT('',(-0.446851251684,-0.8));
#5278 = CARTESIAN_POINT('',(-0.391425625842,-0.704));
#5279 = CARTESIAN_POINT('',(-0.336,-0.608));
#5280 = CARTESIAN_POINT('',(-0.280574374158,-0.704));
#5281 = CARTESIAN_POINT('',(-0.225148748316,-0.8));
#5282 = CARTESIAN_POINT('',(-0.336,-0.8));
#5283 = ( GEOMETRIC_REPRESENTATION_CONTEXT(2) 
PARAMETRIC_REPRESENTATION_CONTEXT() REPRESENTATION_CONTEXT('2D SPACE',''
  ) );
#5284 = ORIENTED_EDGE('',*,*,#4952,.F.);
#5285 = ADVANCED_FACE('',(#5286),#4940,.T.);
#5286 = FACE_BOUND('',#5287,.F.);
#5287 = EDGE_LOOP('',(#5288,#5289,#5290,#5313,#5341,#5364,#5392,#5413));
#5288 = ORIENTED_EDGE('',*,*,#4924,.T.);
#5289 = ORIENTED_EDGE('',*,*,#5259,.T.);
#5290 = ORIENTED_EDGE('',*,*,#5291,.T.);
#5291 = EDGE_CURVE('',#5237,#5292,#5294,.T.);
#5292 = VERTEX_POINT('',#5293);
#5293 = CARTESIAN_POINT('',(3.9,-5.736,2.05));
#5294 = SURFACE_CURVE('',#5295,(#5299,#5306),.PCURVE_S1.);
#5295 = LINE('',#5296,#5297);
#5296 = CARTESIAN_POINT('',(3.9,-4.2,2.05));
#5297 = VECTOR('',#5298,1.);
#5298 = DIRECTION('',(-0.,-1.,-0.));
#5299 = PCURVE('',#4940,#5300);
#5300 = DEFINITIONAL_REPRESENTATION('',(#5301),#5305);
#5301 = LINE('',#5302,#5303);
#5302 = CARTESIAN_POINT('',(-0.4,-0.8));
#5303 = VECTOR('',#5304,1.);
#5304 = DIRECTION('',(-0.,1.));
#5305 = ( GEOMETRIC_REPRESENTATION_CONTEXT(2) 
PARAMETRIC_REPRESENTATION_CONTEXT() REPRESENTATION_CONTEXT('2D SPACE',''
  ) );
#5306 = PCURVE('',#5026,#5307);
#5307 = DEFINITIONAL_REPRESENTATION('',(#5308),#5312);
#5308 = LINE('',#5309,#5310);
#5309 = CARTESIAN_POINT('',(-0.,-0.45));
#5310 = VECTOR('',#5311,1.);
#5311 = DIRECTION('',(-1.,0.));
#5312 = ( GEOMETRIC_REPRESENTATION_CONTEXT(2) 
PARAMETRIC_REPRESENTATION_CONTEXT() REPRESENTATION_CONTEXT('2D SPACE',''
  ) );
#5313 = ORIENTED_EDGE('',*,*,#5314,.T.);
#5314 = EDGE_CURVE('',#5292,#5315,#5317,.T.);
#5315 = VERTEX_POINT('',#5316);
#5316 = CARTESIAN_POINT('',(3.836,-5.8,2.05));
#5317 = SURFACE_CURVE('',#5318,(#5323,#5334),.PCURVE_S1.);
#5318 = CIRCLE('',#5319,6.4E-02);
#5319 = AXIS2_PLACEMENT_3D('',#5320,#5321,#5322);
#5320 = CARTESIAN_POINT('',(3.836,-5.736,2.05));
#5321 = DIRECTION('',(-0.,-0.,-1.));
#5322 = DIRECTION('',(-0.,1.,-0.));
#5323 = PCURVE('',#4940,#5324);
#5324 = DEFINITIONAL_REPRESENTATION('',(#5325),#5333);
#5325 = ( BOUNDED_CURVE() B_SPLINE_CURVE(2,(#5326,#5327,#5328,#5329,
#5330,#5331,#5332),.UNSPECIFIED.,.T.,.F.) B_SPLINE_CURVE_WITH_KNOTS((1,2
    ,2,2,2,1),(-2.094395102393,0.,2.094395102393,4.188790204786,
6.28318530718,8.377580409573),.UNSPECIFIED.) CURVE() 
GEOMETRIC_REPRESENTATION_ITEM() RATIONAL_B_SPLINE_CURVE((1.,0.5,1.,0.5,
1.,0.5,1.)) REPRESENTATION_ITEM('') );
#5326 = CARTESIAN_POINT('',(-0.336,0.672));
#5327 = CARTESIAN_POINT('',(-0.446851251684,0.672));
#5328 = CARTESIAN_POINT('',(-0.391425625842,0.768));
#5329 = CARTESIAN_POINT('',(-0.336,0.864));
#5330 = CARTESIAN_POINT('',(-0.280574374158,0.768));
#5331 = CARTESIAN_POINT('',(-0.225148748316,0.672));
#5332 = CARTESIAN_POINT('',(-0.336,0.672));
#5333 = ( GEOMETRIC_REPRESENTATION_CONTEXT(2) 
PARAMETRIC_REPRESENTATION_CONTEXT() REPRESENTATION_CONTEXT('2D SPACE',''
  ) );
#5334 = PCURVE('',#5059,#5335);
#5335 = DEFINITIONAL_REPRESENTATION('',(#5336),#5340);
#5336 = LINE('',#5337,#5338);
#5337 = CARTESIAN_POINT('',(1.570796326795,0.45));
#5338 = VECTOR('',#5339,1.);
#5339 = DIRECTION('',(-1.,0.));
#5340 = ( GEOMETRIC_REPRESENTATION_CONTEXT(2) 
PARAMETRIC_REPRESENTATION_CONTEXT() REPRESENTATION_CONTEXT('2D SPACE',''
  ) );
#5341 = ORIENTED_EDGE('',*,*,#5342,.T.);
#5342 = EDGE_CURVE('',#5315,#5343,#5345,.T.);
#5343 = VERTEX_POINT('',#5344);
#5344 = CARTESIAN_POINT('',(3.164,-5.8,2.05));
#5345 = SURFACE_CURVE('',#5346,(#5350,#5357),.PCURVE_S1.);
#5346 = LINE('',#5347,#5348);
#5347 = CARTESIAN_POINT('',(3.9,-5.8,2.05));
#5348 = VECTOR('',#5349,1.);
#5349 = DIRECTION('',(-1.,-0.,-0.));
#5350 = PCURVE('',#4940,#5351);
#5351 = DEFINITIONAL_REPRESENTATION('',(#5352),#5356);
#5352 = LINE('',#5353,#5354);
#5353 = CARTESIAN_POINT('',(-0.4,0.8));
#5354 = VECTOR('',#5355,1.);
#5355 = DIRECTION('',(1.,-0.));
#5356 = ( GEOMETRIC_REPRESENTATION_CONTEXT(2) 
PARAMETRIC_REPRESENTATION_CONTEXT() REPRESENTATION_CONTEXT('2D SPACE',''
  ) );
#5357 = PCURVE('',#5087,#5358);
#5358 = DEFINITIONAL_REPRESENTATION('',(#5359),#5363);
#5359 = LINE('',#5360,#5361);
#5360 = CARTESIAN_POINT('',(-0.,-0.45));
#5361 = VECTOR('',#5362,1.);
#5362 = DIRECTION('',(-1.,0.));
#5363 = ( GEOMETRIC_REPRESENTATION_CONTEXT(2) 
PARAMETRIC_REPRESENTATION_CONTEXT() REPRESENTATION_CONTEXT('2D SPACE',''
  ) );
#5364 = ORIENTED_EDGE('',*,*,#5365,.T.);
#5365 = EDGE_CURVE('',#5343,#5366,#5368,.T.);
#5366 = VERTEX_POINT('',#5367);
#5367 = CARTESIAN_POINT('',(3.1,-5.736,2.05));
#5368 = SURFACE_CURVE('',#5369,(#5374,#5385),.PCURVE_S1.);
#5369 = CIRCLE('',#5370,6.4E-02);
#5370 = AXIS2_PLACEMENT_3D('',#5371,#5372,#5373);
#5371 = CARTESIAN_POINT('',(3.164,-5.736,2.05));
#5372 = DIRECTION('',(-0.,-0.,-1.));
#5373 = DIRECTION('',(-0.,1.,-0.));
#5374 = PCURVE('',#4940,#5375);
#5375 = DEFINITIONAL_REPRESENTATION('',(#5376),#5384);
#5376 = ( BOUNDED_CURVE() B_SPLINE_CURVE(2,(#5377,#5378,#5379,#5380,
#5381,#5382,#5383),.UNSPECIFIED.,.T.,.F.) B_SPLINE_CURVE_WITH_KNOTS((1,2
    ,2,2,2,1),(-2.094395102393,0.,2.094395102393,4.188790204786,
6.28318530718,8.377580409573),.UNSPECIFIED.) CURVE() 
GEOMETRIC_REPRESENTATION_ITEM() RATIONAL_B_SPLINE_CURVE((1.,0.5,1.,0.5,
1.,0.5,1.)) REPRESENTATION_ITEM('') );
#5377 = CARTESIAN_POINT('',(0.336,0.672));
#5378 = CARTESIAN_POINT('',(0.225148748316,0.672));
#5379 = CARTESIAN_POINT('',(0.280574374158,0.768));
#5380 = CARTESIAN_POINT('',(0.336,0.864));
#5381 = CARTESIAN_POINT('',(0.391425625842,0.768));
#5382 = CARTESIAN_POINT('',(0.446851251684,0.672));
#5383 = CARTESIAN_POINT('',(0.336,0.672));
#5384 = ( GEOMETRIC_REPRESENTATION_CONTEXT(2) 
PARAMETRIC_REPRESENTATION_CONTEXT() REPRESENTATION_CONTEXT('2D SPACE',''
  ) );
#5385 = PCURVE('',#5120,#5386);
#5386 = DEFINITIONAL_REPRESENTATION('',(#5387),#5391);
#5387 = LINE('',#5388,#5389);
#5388 = CARTESIAN_POINT('',(3.14159265359,0.45));
#5389 = VECTOR('',#5390,1.);
#5390 = DIRECTION('',(-1.,0.));
#5391 = ( GEOMETRIC_REPRESENTATION_CONTEXT(2) 
PARAMETRIC_REPRESENTATION_CONTEXT() REPRESENTATION_CONTEXT('2D SPACE',''
  ) );
#5392 = ORIENTED_EDGE('',*,*,#5393,.T.);
#5393 = EDGE_CURVE('',#5366,#5187,#5394,.T.);
#5394 = SURFACE_CURVE('',#5395,(#5399,#5406),.PCURVE_S1.);
#5395 = LINE('',#5396,#5397);
#5396 = CARTESIAN_POINT('',(3.1,-5.8,2.05));
#5397 = VECTOR('',#5398,1.);
#5398 = DIRECTION('',(-0.,1.,-0.));
#5399 = PCURVE('',#4940,#5400);
#5400 = DEFINITIONAL_REPRESENTATION('',(#5401),#5405);
#5401 = LINE('',#5402,#5403);
#5402 = CARTESIAN_POINT('',(0.4,0.8));
#5403 = VECTOR('',#5404,1.);
#5404 = DIRECTION('',(-0.,-1.));
#5405 = ( GEOMETRIC_REPRESENTATION_CONTEXT(2) 
PARAMETRIC_REPRESENTATION_CONTEXT() REPRESENTATION_CONTEXT('2D SPACE',''
  ) );
#5406 = PCURVE('',#5148,#5407);
#5407 = DEFINITIONAL_REPRESENTATION('',(#5408),#5412);
#5408 = LINE('',#5409,#5410);
#5409 = CARTESIAN_POINT('',(-0.,-0.45));
#5410 = VECTOR('',#5411,1.);
#5411 = DIRECTION('',(-1.,-0.));
#5412 = ( GEOMETRIC_REPRESENTATION_CONTEXT(2) 
PARAMETRIC_REPRESENTATION_CONTEXT() REPRESENTATION_CONTEXT('2D SPACE',''
  ) );
#5413 = ORIENTED_EDGE('',*,*,#5209,.F.);
#5414 = ADVANCED_FACE('',(#5415),#5148,.F.);
#5415 = FACE_BOUND('',#5416,.T.);
#5416 = EDGE_LOOP('',(#5417,#5418,#5439,#5440));
#5417 = ORIENTED_EDGE('',*,*,#5132,.F.);
#5418 = ORIENTED_EDGE('',*,*,#5419,.T.);
#5419 = EDGE_CURVE('',#5100,#5366,#5420,.T.);
#5420 = SURFACE_CURVE('',#5421,(#5425,#5432),.PCURVE_S1.);
#5421 = LINE('',#5422,#5423);
#5422 = CARTESIAN_POINT('',(3.1,-5.736,1.6));
#5423 = VECTOR('',#5424,1.);
#5424 = DIRECTION('',(-0.,-0.,1.));
#5425 = PCURVE('',#5148,#5426);
#5426 = DEFINITIONAL_REPRESENTATION('',(#5427),#5431);
#5427 = LINE('',#5428,#5429);
#5428 = CARTESIAN_POINT('',(-6.4E-02,0.));
#5429 = VECTOR('',#5430,1.);
#5430 = DIRECTION('',(-0.,-1.));
#5431 = ( GEOMETRIC_REPRESENTATION_CONTEXT(2) 
PARAMETRIC_REPRESENTATION_CONTEXT() REPRESENTATION_CONTEXT('2D SPACE',''
  ) );
#5432 = PCURVE('',#5120,#5433);
#5433 = DEFINITIONAL_REPRESENTATION('',(#5434),#5438);
#5434 = LINE('',#5435,#5436);
#5435 = CARTESIAN_POINT('',(-1.570796326795,0.));
#5436 = VECTOR('',#5437,1.);
#5437 = DIRECTION('',(-0.,1.));
#5438 = ( GEOMETRIC_REPRESENTATION_CONTEXT(2) 
PARAMETRIC_REPRESENTATION_CONTEXT() REPRESENTATION_CONTEXT('2D SPACE',''
  ) );
#5439 = ORIENTED_EDGE('',*,*,#5393,.T.);
#5440 = ORIENTED_EDGE('',*,*,#5186,.F.);
#5441 = ADVANCED_FACE('',(#5442),#5026,.F.);
#5442 = FACE_BOUND('',#5443,.T.);
#5443 = EDGE_LOOP('',(#5444,#5445,#5446,#5447));
#5444 = ORIENTED_EDGE('',*,*,#5010,.F.);
#5445 = ORIENTED_EDGE('',*,*,#5236,.T.);
#5446 = ORIENTED_EDGE('',*,*,#5291,.T.);
#5447 = ORIENTED_EDGE('',*,*,#5448,.F.);
#5448 = EDGE_CURVE('',#5011,#5292,#5449,.T.);
#5449 = SURFACE_CURVE('',#5450,(#5454,#5461),.PCURVE_S1.);
#5450 = LINE('',#5451,#5452);
#5451 = CARTESIAN_POINT('',(3.9,-5.736,1.6));
#5452 = VECTOR('',#5453,1.);
#5453 = DIRECTION('',(-0.,-0.,1.));
#5454 = PCURVE('',#5026,#5455);
#5455 = DEFINITIONAL_REPRESENTATION('',(#5456),#5460);
#5456 = LINE('',#5457,#5458);
#5457 = CARTESIAN_POINT('',(-1.536,0.));
#5458 = VECTOR('',#5459,1.);
#5459 = DIRECTION('',(-0.,-1.));
#5460 = ( GEOMETRIC_REPRESENTATION_CONTEXT(2) 
PARAMETRIC_REPRESENTATION_CONTEXT() REPRESENTATION_CONTEXT('2D SPACE',''
  ) );
#5461 = PCURVE('',#5059,#5462);
#5462 = DEFINITIONAL_REPRESENTATION('',(#5463),#5467);
#5463 = LINE('',#5464,#5465);
#5464 = CARTESIAN_POINT('',(-0.,0.));
#5465 = VECTOR('',#5466,1.);
#5466 = DIRECTION('',(-0.,1.));
#5467 = ( GEOMETRIC_REPRESENTATION_CONTEXT(2) 
PARAMETRIC_REPRESENTATION_CONTEXT() REPRESENTATION_CONTEXT('2D SPACE',''
  ) );
#5468 = ADVANCED_FACE('',(#5469),#5120,.T.);
#5469 = FACE_BOUND('',#5470,.F.);
#5470 = EDGE_LOOP('',(#5471,#5472,#5473,#5474));
#5471 = ORIENTED_EDGE('',*,*,#5099,.T.);
#5472 = ORIENTED_EDGE('',*,*,#5419,.T.);
#5473 = ORIENTED_EDGE('',*,*,#5365,.F.);
#5474 = ORIENTED_EDGE('',*,*,#5475,.F.);
#5475 = EDGE_CURVE('',#5072,#5343,#5476,.T.);
#5476 = SURFACE_CURVE('',#5477,(#5481,#5488),.PCURVE_S1.);
#5477 = LINE('',#5478,#5479);
#5478 = CARTESIAN_POINT('',(3.164,-5.8,1.6));
#5479 = VECTOR('',#5480,1.);
#5480 = DIRECTION('',(-0.,-0.,1.));
#5481 = PCURVE('',#5120,#5482);
#5482 = DEFINITIONAL_REPRESENTATION('',(#5483),#5487);
#5483 = LINE('',#5484,#5485);
#5484 = CARTESIAN_POINT('',(-0.,0.));
#5485 = VECTOR('',#5486,1.);
#5486 = DIRECTION('',(-0.,1.));
#5487 = ( GEOMETRIC_REPRESENTATION_CONTEXT(2) 
PARAMETRIC_REPRESENTATION_CONTEXT() REPRESENTATION_CONTEXT('2D SPACE',''
  ) );
#5488 = PCURVE('',#5087,#5489);
#5489 = DEFINITIONAL_REPRESENTATION('',(#5490),#5494);
#5490 = LINE('',#5491,#5492);
#5491 = CARTESIAN_POINT('',(-0.736,0.));
#5492 = VECTOR('',#5493,1.);
#5493 = DIRECTION('',(-0.,-1.));
#5494 = ( GEOMETRIC_REPRESENTATION_CONTEXT(2) 
PARAMETRIC_REPRESENTATION_CONTEXT() REPRESENTATION_CONTEXT('2D SPACE',''
  ) );
#5495 = ADVANCED_FACE('',(#5496),#5059,.T.);
#5496 = FACE_BOUND('',#5497,.F.);
#5497 = EDGE_LOOP('',(#5498,#5499,#5520,#5521));
#5498 = ORIENTED_EDGE('',*,*,#5038,.T.);
#5499 = ORIENTED_EDGE('',*,*,#5500,.T.);
#5500 = EDGE_CURVE('',#5039,#5315,#5501,.T.);
#5501 = SURFACE_CURVE('',#5502,(#5506,#5513),.PCURVE_S1.);
#5502 = LINE('',#5503,#5504);
#5503 = CARTESIAN_POINT('',(3.836,-5.8,1.6));
#5504 = VECTOR('',#5505,1.);
#5505 = DIRECTION('',(-0.,-0.,1.));
#5506 = PCURVE('',#5059,#5507);
#5507 = DEFINITIONAL_REPRESENTATION('',(#5508),#5512);
#5508 = LINE('',#5509,#5510);
#5509 = CARTESIAN_POINT('',(-1.570796326795,0.));
#5510 = VECTOR('',#5511,1.);
#5511 = DIRECTION('',(-0.,1.));
#5512 = ( GEOMETRIC_REPRESENTATION_CONTEXT(2) 
PARAMETRIC_REPRESENTATION_CONTEXT() REPRESENTATION_CONTEXT('2D SPACE',''
  ) );
#5513 = PCURVE('',#5087,#5514);
#5514 = DEFINITIONAL_REPRESENTATION('',(#5515),#5519);
#5515 = LINE('',#5516,#5517);
#5516 = CARTESIAN_POINT('',(-6.4E-02,0.));
#5517 = VECTOR('',#5518,1.);
#5518 = DIRECTION('',(-0.,-1.));
#5519 = ( GEOMETRIC_REPRESENTATION_CONTEXT(2) 
PARAMETRIC_REPRESENTATION_CONTEXT() REPRESENTATION_CONTEXT('2D SPACE',''
  ) );
#5520 = ORIENTED_EDGE('',*,*,#5314,.F.);
#5521 = ORIENTED_EDGE('',*,*,#5448,.F.);
#5522 = ADVANCED_FACE('',(#5523),#5087,.F.);
#5523 = FACE_BOUND('',#5524,.T.);
#5524 = EDGE_LOOP('',(#5525,#5526,#5527,#5528));
#5525 = ORIENTED_EDGE('',*,*,#5071,.F.);
#5526 = ORIENTED_EDGE('',*,*,#5500,.T.);
#5527 = ORIENTED_EDGE('',*,*,#5342,.T.);
#5528 = ORIENTED_EDGE('',*,*,#5475,.F.);
#5529 = ( GEOMETRIC_REPRESENTATION_CONTEXT(3) 
GLOBAL_UNCERTAINTY_ASSIGNED_CONTEXT((#5533)) 
GLOBAL_UNIT_ASSIGNED_CONTEXT((#5530,#5531,#5532)) REPRESENTATION_CONTEXT
('Context #1','3D Context with UNIT and UNCERTAINTY') );
#5530 = ( LENGTH_UNIT() NAMED_UNIT(*) SI_UNIT(.MILLI.,.METRE.) );
#5531 = ( NAMED_UNIT(*) PLANE_ANGLE_UNIT() SI_UNIT($,.RADIAN.) );
#5532 = ( NAMED_UNIT(*) SI_UNIT($,.STERADIAN.) SOLID_ANGLE_UNIT() );
#5533 = UNCERTAINTY_MEASURE_WITH_UNIT(LENGTH_MEASURE(1.E-07),#5530,
  'distance_accuracy_value','confusion accuracy');
#5534 = CONTEXT_DEPENDENT_SHAPE_REPRESENTATION(#5535,#5537);
#5535 = ( REPRESENTATION_RELATIONSHIP('','',#4854,#10) 
REPRESENTATION_RELATIONSHIP_WITH_TRANSFORMATION(#5536) 
SHAPE_REPRESENTATION_RELATIONSHIP() );
#5536 = ITEM_DEFINED_TRANSFORMATION('','',#11,#71);
#5537 = PRODUCT_DEFINITION_SHAPE('Placement','Placement of an item',
  #5538);
#5538 = NEXT_ASSEMBLY_USAGE_OCCURRENCE('58','R0','',#5,#4849,$);
#5539 = PRODUCT_RELATED_PRODUCT_CATEGORY('part',$,(#4851));
#5540 = SHAPE_DEFINITION_REPRESENTATION(#5541,#5547);
#5541 = PRODUCT_DEFINITION_SHAPE('','',#5542);
#5542 = PRODUCT_DEFINITION('design','',#5543,#5546);
#5543 = PRODUCT_DEFINITION_FORMATION('','',#5544);
#5544 = PRODUCT('R1','R1','',(#5545));
#5545 = PRODUCT_CONTEXT('',#2,'mechanical');
#5546 = PRODUCT_DEFINITION_CONTEXT('part definition',#2,'design');
#5547 = ADVANCED_BREP_SHAPE_REPRESENTATION('',(#11,#5548),#6222);
#5548 = MANIFOLD_SOLID_BREP('',#5549);
#5549 = CLOSED_SHELL('',(#5550,#5670,#5874,#5924,#5978,#6107,#6134,#6161
    ,#6188,#6215));
#5550 = ADVANCED_FACE('',(#5551),#5565,.F.);
#5551 = FACE_BOUND('',#5552,.T.);
#5552 = EDGE_LOOP('',(#5553,#5588,#5616,#5644));
#5553 = ORIENTED_EDGE('',*,*,#5554,.F.);
#5554 = EDGE_CURVE('',#5555,#5557,#5559,.T.);
#5555 = VERTEX_POINT('',#5556);
#5556 = CARTESIAN_POINT('',(3.164,-6.2,1.6));
#5557 = VERTEX_POINT('',#5558);
#5558 = CARTESIAN_POINT('',(3.836,-6.2,1.6));
#5559 = SURFACE_CURVE('',#5560,(#5564,#5576),.PCURVE_S1.);
#5560 = LINE('',#5561,#5562);
#5561 = CARTESIAN_POINT('',(3.1,-6.2,1.6));
#5562 = VECTOR('',#5563,1.);
#5563 = DIRECTION('',(1.,-0.,-0.));
#5564 = PCURVE('',#5565,#5570);
#5565 = PLANE('',#5566);
#5566 = AXIS2_PLACEMENT_3D('',#5567,#5568,#5569);
#5567 = CARTESIAN_POINT('',(3.1,-6.2,1.6));
#5568 = DIRECTION('',(-0.,-1.,-0.));
#5569 = DIRECTION('',(-1.,0.,0.));
#5570 = DEFINITIONAL_REPRESENTATION('',(#5571),#5575);
#5571 = LINE('',#5572,#5573);
#5572 = CARTESIAN_POINT('',(-0.,-0.));
#5573 = VECTOR('',#5574,1.);
#5574 = DIRECTION('',(-1.,-0.));
#5575 = ( GEOMETRIC_REPRESENTATION_CONTEXT(2) 
PARAMETRIC_REPRESENTATION_CONTEXT() REPRESENTATION_CONTEXT('2D SPACE',''
  ) );
#5576 = PCURVE('',#5577,#5582);
#5577 = PLANE('',#5578);
#5578 = AXIS2_PLACEMENT_3D('',#5579,#5580,#5581);
#5579 = CARTESIAN_POINT('',(3.5,-7.,1.6));
#5580 = DIRECTION('',(-0.,-0.,1.));
#5581 = DIRECTION('',(-1.,0.,0.));
#5582 = DEFINITIONAL_REPRESENTATION('',(#5583),#5587);
#5583 = LINE('',#5584,#5585);
#5584 = CARTESIAN_POINT('',(0.4,-0.8));
#5585 = VECTOR('',#5586,1.);
#5586 = DIRECTION('',(-1.,0.));
#5587 = ( GEOMETRIC_REPRESENTATION_CONTEXT(2) 
PARAMETRIC_REPRESENTATION_CONTEXT() REPRESENTATION_CONTEXT('2D SPACE',''
  ) );
#5588 = ORIENTED_EDGE('',*,*,#5589,.T.);
#5589 = EDGE_CURVE('',#5555,#5590,#5592,.T.);
#5590 = VERTEX_POINT('',#5591);
#5591 = CARTESIAN_POINT('',(3.164,-6.2,2.05));
#5592 = SURFACE_CURVE('',#5593,(#5597,#5604),.PCURVE_S1.);
#5593 = LINE('',#5594,#5595);
#5594 = CARTESIAN_POINT('',(3.164,-6.2,1.6));
#5595 = VECTOR('',#5596,1.);
#5596 = DIRECTION('',(-0.,-0.,1.));
#5597 = PCURVE('',#5565,#5598);
#5598 = DEFINITIONAL_REPRESENTATION('',(#5599),#5603);
#5599 = LINE('',#5600,#5601);
#5600 = CARTESIAN_POINT('',(-6.4E-02,-0.));
#5601 = VECTOR('',#5602,1.);
#5602 = DIRECTION('',(-0.,-1.));
#5603 = ( GEOMETRIC_REPRESENTATION_CONTEXT(2) 
PARAMETRIC_REPRESENTATION_CONTEXT() REPRESENTATION_CONTEXT('2D SPACE',''
  ) );
#5604 = PCURVE('',#5605,#5610);
#5605 = CYLINDRICAL_SURFACE('',#5606,6.4E-02);
#5606 = AXIS2_PLACEMENT_3D('',#5607,#5608,#5609);
#5607 = CARTESIAN_POINT('',(3.164,-6.264,1.6));
#5608 = DIRECTION('',(-0.,-0.,1.));
#5609 = DIRECTION('',(-0.,1.,-0.));
#5610 = DEFINITIONAL_REPRESENTATION('',(#5611),#5615);
#5611 = LINE('',#5612,#5613);
#5612 = CARTESIAN_POINT('',(0.,0.));
#5613 = VECTOR('',#5614,1.);
#5614 = DIRECTION('',(0.,1.));
#5615 = ( GEOMETRIC_REPRESENTATION_CONTEXT(2) 
PARAMETRIC_REPRESENTATION_CONTEXT() REPRESENTATION_CONTEXT('2D SPACE',''
  ) );
#5616 = ORIENTED_EDGE('',*,*,#5617,.T.);
#5617 = EDGE_CURVE('',#5590,#5618,#5620,.T.);
#5618 = VERTEX_POINT('',#5619);
#5619 = CARTESIAN_POINT('',(3.836,-6.2,2.05));
#5620 = SURFACE_CURVE('',#5621,(#5625,#5632),.PCURVE_S1.);
#5621 = LINE('',#5622,#5623);
#5622 = CARTESIAN_POINT('',(3.1,-6.2,2.05));
#5623 = VECTOR('',#5624,1.);
#5624 = DIRECTION('',(1.,-0.,-0.));
#5625 = PCURVE('',#5565,#5626);
#5626 = DEFINITIONAL_REPRESENTATION('',(#5627),#5631);
#5627 = LINE('',#5628,#5629);
#5628 = CARTESIAN_POINT('',(-0.,-0.45));
#5629 = VECTOR('',#5630,1.);
#5630 = DIRECTION('',(-1.,-0.));
#5631 = ( GEOMETRIC_REPRESENTATION_CONTEXT(2) 
PARAMETRIC_REPRESENTATION_CONTEXT() REPRESENTATION_CONTEXT('2D SPACE',''
  ) );
#5632 = PCURVE('',#5633,#5638);
#5633 = PLANE('',#5634);
#5634 = AXIS2_PLACEMENT_3D('',#5635,#5636,#5637);
#5635 = CARTESIAN_POINT('',(3.5,-7.,2.05));
#5636 = DIRECTION('',(-0.,-0.,1.));
#5637 = DIRECTION('',(-1.,0.,0.));
#5638 = DEFINITIONAL_REPRESENTATION('',(#5639),#5643);
#5639 = LINE('',#5640,#5641);
#5640 = CARTESIAN_POINT('',(0.4,-0.8));
#5641 = VECTOR('',#5642,1.);
#5642 = DIRECTION('',(-1.,0.));
#5643 = ( GEOMETRIC_REPRESENTATION_CONTEXT(2) 
PARAMETRIC_REPRESENTATION_CONTEXT() REPRESENTATION_CONTEXT('2D SPACE',''
  ) );
#5644 = ORIENTED_EDGE('',*,*,#5645,.F.);
#5645 = EDGE_CURVE('',#5557,#5618,#5646,.T.);
#5646 = SURFACE_CURVE('',#5647,(#5651,#5658),.PCURVE_S1.);
#5647 = LINE('',#5648,#5649);
#5648 = CARTESIAN_POINT('',(3.836,-6.2,1.6));
#5649 = VECTOR('',#5650,1.);
#5650 = DIRECTION('',(-0.,-0.,1.));
#5651 = PCURVE('',#5565,#5652);
#5652 = DEFINITIONAL_REPRESENTATION('',(#5653),#5657);
#5653 = LINE('',#5654,#5655);
#5654 = CARTESIAN_POINT('',(-0.736,-0.));
#5655 = VECTOR('',#5656,1.);
#5656 = DIRECTION('',(-0.,-1.));
#5657 = ( GEOMETRIC_REPRESENTATION_CONTEXT(2) 
PARAMETRIC_REPRESENTATION_CONTEXT() REPRESENTATION_CONTEXT('2D SPACE',''
  ) );
#5658 = PCURVE('',#5659,#5664);
#5659 = CYLINDRICAL_SURFACE('',#5660,6.4E-02);
#5660 = AXIS2_PLACEMENT_3D('',#5661,#5662,#5663);
#5661 = CARTESIAN_POINT('',(3.836,-6.264,1.6));
#5662 = DIRECTION('',(-0.,-0.,1.));
#5663 = DIRECTION('',(-0.,1.,-0.));
#5664 = DEFINITIONAL_REPRESENTATION('',(#5665),#5669);
#5665 = LINE('',#5666,#5667);
#5666 = CARTESIAN_POINT('',(-0.,0.));
#5667 = VECTOR('',#5668,1.);
#5668 = DIRECTION('',(-0.,1.));
#5669 = ( GEOMETRIC_REPRESENTATION_CONTEXT(2) 
PARAMETRIC_REPRESENTATION_CONTEXT() REPRESENTATION_CONTEXT('2D SPACE',''
  ) );
#5670 = ADVANCED_FACE('',(#5671),#5577,.F.);
#5671 = FACE_BOUND('',#5672,.T.);
#5672 = EDGE_LOOP('',(#5673,#5674,#5702,#5730,#5763,#5791,#5824,#5852));
#5673 = ORIENTED_EDGE('',*,*,#5554,.T.);
#5674 = ORIENTED_EDGE('',*,*,#5675,.T.);
#5675 = EDGE_CURVE('',#5557,#5676,#5678,.T.);
#5676 = VERTEX_POINT('',#5677);
#5677 = CARTESIAN_POINT('',(3.9,-6.264,1.6));
#5678 = SURFACE_CURVE('',#5679,(#5684,#5695),.PCURVE_S1.);
#5679 = CIRCLE('',#5680,6.4E-02);
#5680 = AXIS2_PLACEMENT_3D('',#5681,#5682,#5683);
#5681 = CARTESIAN_POINT('',(3.836,-6.264,1.6));
#5682 = DIRECTION('',(-0.,-0.,-1.));
#5683 = DIRECTION('',(-0.,1.,-0.));
#5684 = PCURVE('',#5577,#5685);
#5685 = DEFINITIONAL_REPRESENTATION('',(#5686),#5694);
#5686 = ( BOUNDED_CURVE() B_SPLINE_CURVE(2,(#5687,#5688,#5689,#5690,
#5691,#5692,#5693),.UNSPECIFIED.,.T.,.F.) B_SPLINE_CURVE_WITH_KNOTS((1,2
    ,2,2,2,1),(-2.094395102393,0.,2.094395102393,4.188790204786,
6.28318530718,8.377580409573),.UNSPECIFIED.) CURVE() 
GEOMETRIC_REPRESENTATION_ITEM() RATIONAL_B_SPLINE_CURVE((1.,0.5,1.,0.5,
1.,0.5,1.)) REPRESENTATION_ITEM('') );
#5687 = CARTESIAN_POINT('',(-0.336,-0.8));
#5688 = CARTESIAN_POINT('',(-0.446851251684,-0.8));
#5689 = CARTESIAN_POINT('',(-0.391425625842,-0.704));
#5690 = CARTESIAN_POINT('',(-0.336,-0.608));
#5691 = CARTESIAN_POINT('',(-0.280574374158,-0.704));
#5692 = CARTESIAN_POINT('',(-0.225148748316,-0.8));
#5693 = CARTESIAN_POINT('',(-0.336,-0.8));
#5694 = ( GEOMETRIC_REPRESENTATION_CONTEXT(2) 
PARAMETRIC_REPRESENTATION_CONTEXT() REPRESENTATION_CONTEXT('2D SPACE',''
  ) );
#5695 = PCURVE('',#5659,#5696);
#5696 = DEFINITIONAL_REPRESENTATION('',(#5697),#5701);
#5697 = LINE('',#5698,#5699);
#5698 = CARTESIAN_POINT('',(-0.,-2.22044604925E-16));
#5699 = VECTOR('',#5700,1.);
#5700 = DIRECTION('',(-1.,0.));
#5701 = ( GEOMETRIC_REPRESENTATION_CONTEXT(2) 
PARAMETRIC_REPRESENTATION_CONTEXT() REPRESENTATION_CONTEXT('2D SPACE',''
  ) );
#5702 = ORIENTED_EDGE('',*,*,#5703,.T.);
#5703 = EDGE_CURVE('',#5676,#5704,#5706,.T.);
#5704 = VERTEX_POINT('',#5705);
#5705 = CARTESIAN_POINT('',(3.9,-7.736,1.6));
#5706 = SURFACE_CURVE('',#5707,(#5711,#5718),.PCURVE_S1.);
#5707 = LINE('',#5708,#5709);
#5708 = CARTESIAN_POINT('',(3.9,-6.2,1.6));
#5709 = VECTOR('',#5710,1.);
#5710 = DIRECTION('',(-0.,-1.,-0.));
#5711 = PCURVE('',#5577,#5712);
#5712 = DEFINITIONAL_REPRESENTATION('',(#5713),#5717);
#5713 = LINE('',#5714,#5715);
#5714 = CARTESIAN_POINT('',(-0.4,-0.8));
#5715 = VECTOR('',#5716,1.);
#5716 = DIRECTION('',(-0.,1.));
#5717 = ( GEOMETRIC_REPRESENTATION_CONTEXT(2) 
PARAMETRIC_REPRESENTATION_CONTEXT() REPRESENTATION_CONTEXT('2D SPACE',''
  ) );
#5718 = PCURVE('',#5719,#5724);
#5719 = PLANE('',#5720);
#5720 = AXIS2_PLACEMENT_3D('',#5721,#5722,#5723);
#5721 = CARTESIAN_POINT('',(3.9,-6.2,1.6));
#5722 = DIRECTION('',(-1.,-0.,-0.));
#5723 = DIRECTION('',(0.,1.,0.));
#5724 = DEFINITIONAL_REPRESENTATION('',(#5725),#5729);
#5725 = LINE('',#5726,#5727);
#5726 = CARTESIAN_POINT('',(-0.,-0.));
#5727 = VECTOR('',#5728,1.);
#5728 = DIRECTION('',(-1.,0.));
#5729 = ( GEOMETRIC_REPRESENTATION_CONTEXT(2) 
PARAMETRIC_REPRESENTATION_CONTEXT() REPRESENTATION_CONTEXT('2D SPACE',''
  ) );
#5730 = ORIENTED_EDGE('',*,*,#5731,.T.);
#5731 = EDGE_CURVE('',#5704,#5732,#5734,.T.);
#5732 = VERTEX_POINT('',#5733);
#5733 = CARTESIAN_POINT('',(3.836,-7.8,1.6));
#5734 = SURFACE_CURVE('',#5735,(#5740,#5751),.PCURVE_S1.);
#5735 = CIRCLE('',#5736,6.4E-02);
#5736 = AXIS2_PLACEMENT_3D('',#5737,#5738,#5739);
#5737 = CARTESIAN_POINT('',(3.836,-7.736,1.6));
#5738 = DIRECTION('',(-0.,-0.,-1.));
#5739 = DIRECTION('',(-0.,1.,-0.));
#5740 = PCURVE('',#5577,#5741);
#5741 = DEFINITIONAL_REPRESENTATION('',(#5742),#5750);
#5742 = ( BOUNDED_CURVE() B_SPLINE_CURVE(2,(#5743,#5744,#5745,#5746,
#5747,#5748,#5749),.UNSPECIFIED.,.T.,.F.) B_SPLINE_CURVE_WITH_KNOTS((1,2
    ,2,2,2,1),(-2.094395102393,0.,2.094395102393,4.188790204786,
6.28318530718,8.377580409573),.UNSPECIFIED.) CURVE() 
GEOMETRIC_REPRESENTATION_ITEM() RATIONAL_B_SPLINE_CURVE((1.,0.5,1.,0.5,
1.,0.5,1.)) REPRESENTATION_ITEM('') );
#5743 = CARTESIAN_POINT('',(-0.336,0.672));
#5744 = CARTESIAN_POINT('',(-0.446851251684,0.672));
#5745 = CARTESIAN_POINT('',(-0.391425625842,0.768));
#5746 = CARTESIAN_POINT('',(-0.336,0.864));
#5747 = CARTESIAN_POINT('',(-0.280574374158,0.768));
#5748 = CARTESIAN_POINT('',(-0.225148748316,0.672));
#5749 = CARTESIAN_POINT('',(-0.336,0.672));
#5750 = ( GEOMETRIC_REPRESENTATION_CONTEXT(2) 
PARAMETRIC_REPRESENTATION_CONTEXT() REPRESENTATION_CONTEXT('2D SPACE',''
  ) );
#5751 = PCURVE('',#5752,#5757);
#5752 = CYLINDRICAL_SURFACE('',#5753,6.4E-02);
#5753 = AXIS2_PLACEMENT_3D('',#5754,#5755,#5756);
#5754 = CARTESIAN_POINT('',(3.836,-7.736,1.6));
#5755 = DIRECTION('',(-0.,-0.,1.));
#5756 = DIRECTION('',(1.,-0.,-0.));
#5757 = DEFINITIONAL_REPRESENTATION('',(#5758),#5762);
#5758 = LINE('',#5759,#5760);
#5759 = CARTESIAN_POINT('',(1.570796326795,-2.22044604925E-16));
#5760 = VECTOR('',#5761,1.);
#5761 = DIRECTION('',(-1.,0.));
#5762 = ( GEOMETRIC_REPRESENTATION_CONTEXT(2) 
PARAMETRIC_REPRESENTATION_CONTEXT() REPRESENTATION_CONTEXT('2D SPACE',''
  ) );
#5763 = ORIENTED_EDGE('',*,*,#5764,.T.);
#5764 = EDGE_CURVE('',#5732,#5765,#5767,.T.);
#5765 = VERTEX_POINT('',#5766);
#5766 = CARTESIAN_POINT('',(3.164,-7.8,1.6));
#5767 = SURFACE_CURVE('',#5768,(#5772,#5779),.PCURVE_S1.);
#5768 = LINE('',#5769,#5770);
#5769 = CARTESIAN_POINT('',(3.9,-7.8,1.6));
#5770 = VECTOR('',#5771,1.);
#5771 = DIRECTION('',(-1.,-0.,-0.));
#5772 = PCURVE('',#5577,#5773);
#5773 = DEFINITIONAL_REPRESENTATION('',(#5774),#5778);
#5774 = LINE('',#5775,#5776);
#5775 = CARTESIAN_POINT('',(-0.4,0.8));
#5776 = VECTOR('',#5777,1.);
#5777 = DIRECTION('',(1.,-0.));
#5778 = ( GEOMETRIC_REPRESENTATION_CONTEXT(2) 
PARAMETRIC_REPRESENTATION_CONTEXT() REPRESENTATION_CONTEXT('2D SPACE',''
  ) );
#5779 = PCURVE('',#5780,#5785);
#5780 = PLANE('',#5781);
#5781 = AXIS2_PLACEMENT_3D('',#5782,#5783,#5784);
#5782 = CARTESIAN_POINT('',(3.9,-7.8,1.6));
#5783 = DIRECTION('',(-0.,1.,-0.));
#5784 = DIRECTION('',(1.,0.,0.));
#5785 = DEFINITIONAL_REPRESENTATION('',(#5786),#5790);
#5786 = LINE('',#5787,#5788);
#5787 = CARTESIAN_POINT('',(0.,-0.));
#5788 = VECTOR('',#5789,1.);
#5789 = DIRECTION('',(-1.,0.));
#5790 = ( GEOMETRIC_REPRESENTATION_CONTEXT(2) 
PARAMETRIC_REPRESENTATION_CONTEXT() REPRESENTATION_CONTEXT('2D SPACE',''
  ) );
#5791 = ORIENTED_EDGE('',*,*,#5792,.T.);
#5792 = EDGE_CURVE('',#5765,#5793,#5795,.T.);
#5793 = VERTEX_POINT('',#5794);
#5794 = CARTESIAN_POINT('',(3.1,-7.736,1.6));
#5795 = SURFACE_CURVE('',#5796,(#5801,#5812),.PCURVE_S1.);
#5796 = CIRCLE('',#5797,6.4E-02);
#5797 = AXIS2_PLACEMENT_3D('',#5798,#5799,#5800);
#5798 = CARTESIAN_POINT('',(3.164,-7.736,1.6));
#5799 = DIRECTION('',(-0.,-0.,-1.));
#5800 = DIRECTION('',(-0.,1.,-0.));
#5801 = PCURVE('',#5577,#5802);
#5802 = DEFINITIONAL_REPRESENTATION('',(#5803),#5811);
#5803 = ( BOUNDED_CURVE() B_SPLINE_CURVE(2,(#5804,#5805,#5806,#5807,
#5808,#5809,#5810),.UNSPECIFIED.,.T.,.F.) B_SPLINE_CURVE_WITH_KNOTS((1,2
    ,2,2,2,1),(-2.094395102393,0.,2.094395102393,4.188790204786,
6.28318530718,8.377580409573),.UNSPECIFIED.) CURVE() 
GEOMETRIC_REPRESENTATION_ITEM() RATIONAL_B_SPLINE_CURVE((1.,0.5,1.,0.5,
1.,0.5,1.)) REPRESENTATION_ITEM('') );
#5804 = CARTESIAN_POINT('',(0.336,0.672));
#5805 = CARTESIAN_POINT('',(0.225148748316,0.672));
#5806 = CARTESIAN_POINT('',(0.280574374158,0.768));
#5807 = CARTESIAN_POINT('',(0.336,0.864));
#5808 = CARTESIAN_POINT('',(0.391425625842,0.768));
#5809 = CARTESIAN_POINT('',(0.446851251684,0.672));
#5810 = CARTESIAN_POINT('',(0.336,0.672));
#5811 = ( GEOMETRIC_REPRESENTATION_CONTEXT(2) 
PARAMETRIC_REPRESENTATION_CONTEXT() REPRESENTATION_CONTEXT('2D SPACE',''
  ) );
#5812 = PCURVE('',#5813,#5818);
#5813 = CYLINDRICAL_SURFACE('',#5814,6.4E-02);
#5814 = AXIS2_PLACEMENT_3D('',#5815,#5816,#5817);
#5815 = CARTESIAN_POINT('',(3.164,-7.736,1.6));
#5816 = DIRECTION('',(-0.,-0.,1.));
#5817 = DIRECTION('',(-0.,-1.,-0.));
#5818 = DEFINITIONAL_REPRESENTATION('',(#5819),#5823);
#5819 = LINE('',#5820,#5821);
#5820 = CARTESIAN_POINT('',(3.14159265359,-2.22044604925E-16));
#5821 = VECTOR('',#5822,1.);
#5822 = DIRECTION('',(-1.,0.));
#5823 = ( GEOMETRIC_REPRESENTATION_CONTEXT(2) 
PARAMETRIC_REPRESENTATION_CONTEXT() REPRESENTATION_CONTEXT('2D SPACE',''
  ) );
#5824 = ORIENTED_EDGE('',*,*,#5825,.T.);
#5825 = EDGE_CURVE('',#5793,#5826,#5828,.T.);
#5826 = VERTEX_POINT('',#5827);
#5827 = CARTESIAN_POINT('',(3.1,-6.264,1.6));
#5828 = SURFACE_CURVE('',#5829,(#5833,#5840),.PCURVE_S1.);
#5829 = LINE('',#5830,#5831);
#5830 = CARTESIAN_POINT('',(3.1,-7.8,1.6));
#5831 = VECTOR('',#5832,1.);
#5832 = DIRECTION('',(-0.,1.,-0.));
#5833 = PCURVE('',#5577,#5834);
#5834 = DEFINITIONAL_REPRESENTATION('',(#5835),#5839);
#5835 = LINE('',#5836,#5837);
#5836 = CARTESIAN_POINT('',(0.4,0.8));
#5837 = VECTOR('',#5838,1.);
#5838 = DIRECTION('',(-0.,-1.));
#5839 = ( GEOMETRIC_REPRESENTATION_CONTEXT(2) 
PARAMETRIC_REPRESENTATION_CONTEXT() REPRESENTATION_CONTEXT('2D SPACE',''
  ) );
#5840 = PCURVE('',#5841,#5846);
#5841 = PLANE('',#5842);
#5842 = AXIS2_PLACEMENT_3D('',#5843,#5844,#5845);
#5843 = CARTESIAN_POINT('',(3.1,-7.8,1.6));
#5844 = DIRECTION('',(1.,-0.,-0.));
#5845 = DIRECTION('',(0.,-1.,0.));
#5846 = DEFINITIONAL_REPRESENTATION('',(#5847),#5851);
#5847 = LINE('',#5848,#5849);
#5848 = CARTESIAN_POINT('',(-0.,0.));
#5849 = VECTOR('',#5850,1.);
#5850 = DIRECTION('',(-1.,-0.));
#5851 = ( GEOMETRIC_REPRESENTATION_CONTEXT(2) 
PARAMETRIC_REPRESENTATION_CONTEXT() REPRESENTATION_CONTEXT('2D SPACE',''
  ) );
#5852 = ORIENTED_EDGE('',*,*,#5853,.F.);
#5853 = EDGE_CURVE('',#5555,#5826,#5854,.T.);
#5854 = SURFACE_CURVE('',#5855,(#5860,#5867),.PCURVE_S1.);
#5855 = CIRCLE('',#5856,6.4E-02);
#5856 = AXIS2_PLACEMENT_3D('',#5857,#5858,#5859);
#5857 = CARTESIAN_POINT('',(3.164,-6.264,1.6));
#5858 = DIRECTION('',(-0.,0.,1.));
#5859 = DIRECTION('',(-0.,1.,-0.));
#5860 = PCURVE('',#5577,#5861);
#5861 = DEFINITIONAL_REPRESENTATION('',(#5862),#5866);
#5862 = CIRCLE('',#5863,6.4E-02);
#5863 = AXIS2_PLACEMENT_2D('',#5864,#5865);
#5864 = CARTESIAN_POINT('',(0.336,-0.736));
#5865 = DIRECTION('',(-0.,-1.));
#5866 = ( GEOMETRIC_REPRESENTATION_CONTEXT(2) 
PARAMETRIC_REPRESENTATION_CONTEXT() REPRESENTATION_CONTEXT('2D SPACE',''
  ) );
#5867 = PCURVE('',#5605,#5868);
#5868 = DEFINITIONAL_REPRESENTATION('',(#5869),#5873);
#5869 = LINE('',#5870,#5871);
#5870 = CARTESIAN_POINT('',(0.,-2.22044604925E-16));
#5871 = VECTOR('',#5872,1.);
#5872 = DIRECTION('',(1.,0.));
#5873 = ( GEOMETRIC_REPRESENTATION_CONTEXT(2) 
PARAMETRIC_REPRESENTATION_CONTEXT() REPRESENTATION_CONTEXT('2D SPACE',''
  ) );
#5874 = ADVANCED_FACE('',(#5875),#5605,.T.);
#5875 = FACE_BOUND('',#5876,.T.);
#5876 = EDGE_LOOP('',(#5877,#5878,#5901,#5923));
#5877 = ORIENTED_EDGE('',*,*,#5853,.T.);
#5878 = ORIENTED_EDGE('',*,*,#5879,.T.);
#5879 = EDGE_CURVE('',#5826,#5880,#5882,.T.);
#5880 = VERTEX_POINT('',#5881);
#5881 = CARTESIAN_POINT('',(3.1,-6.264,2.05));
#5882 = SURFACE_CURVE('',#5883,(#5887,#5894),.PCURVE_S1.);
#5883 = LINE('',#5884,#5885);
#5884 = CARTESIAN_POINT('',(3.1,-6.264,1.6));
#5885 = VECTOR('',#5886,1.);
#5886 = DIRECTION('',(-0.,-0.,1.));
#5887 = PCURVE('',#5605,#5888);
#5888 = DEFINITIONAL_REPRESENTATION('',(#5889),#5893);
#5889 = LINE('',#5890,#5891);
#5890 = CARTESIAN_POINT('',(1.570796326795,0.));
#5891 = VECTOR('',#5892,1.);
#5892 = DIRECTION('',(0.,1.));
#5893 = ( GEOMETRIC_REPRESENTATION_CONTEXT(2) 
PARAMETRIC_REPRESENTATION_CONTEXT() REPRESENTATION_CONTEXT('2D SPACE',''
  ) );
#5894 = PCURVE('',#5841,#5895);
#5895 = DEFINITIONAL_REPRESENTATION('',(#5896),#5900);
#5896 = LINE('',#5897,#5898);
#5897 = CARTESIAN_POINT('',(-1.536,0.));
#5898 = VECTOR('',#5899,1.);
#5899 = DIRECTION('',(-0.,-1.));
#5900 = ( GEOMETRIC_REPRESENTATION_CONTEXT(2) 
PARAMETRIC_REPRESENTATION_CONTEXT() REPRESENTATION_CONTEXT('2D SPACE',''
  ) );
#5901 = ORIENTED_EDGE('',*,*,#5902,.F.);
#5902 = EDGE_CURVE('',#5590,#5880,#5903,.T.);
#5903 = SURFACE_CURVE('',#5904,(#5909,#5916),.PCURVE_S1.);
#5904 = CIRCLE('',#5905,6.4E-02);
#5905 = AXIS2_PLACEMENT_3D('',#5906,#5907,#5908);
#5906 = CARTESIAN_POINT('',(3.164,-6.264,2.05));
#5907 = DIRECTION('',(-0.,0.,1.));
#5908 = DIRECTION('',(-0.,1.,-0.));
#5909 = PCURVE('',#5605,#5910);
#5910 = DEFINITIONAL_REPRESENTATION('',(#5911),#5915);
#5911 = LINE('',#5912,#5913);
#5912 = CARTESIAN_POINT('',(0.,0.45));
#5913 = VECTOR('',#5914,1.);
#5914 = DIRECTION('',(1.,0.));
#5915 = ( GEOMETRIC_REPRESENTATION_CONTEXT(2) 
PARAMETRIC_REPRESENTATION_CONTEXT() REPRESENTATION_CONTEXT('2D SPACE',''
  ) );
#5916 = PCURVE('',#5633,#5917);
#5917 = DEFINITIONAL_REPRESENTATION('',(#5918),#5922);
#5918 = CIRCLE('',#5919,6.4E-02);
#5919 = AXIS2_PLACEMENT_2D('',#5920,#5921);
#5920 = CARTESIAN_POINT('',(0.336,-0.736));
#5921 = DIRECTION('',(-0.,-1.));
#5922 = ( GEOMETRIC_REPRESENTATION_CONTEXT(2) 
PARAMETRIC_REPRESENTATION_CONTEXT() REPRESENTATION_CONTEXT('2D SPACE',''
  ) );
#5923 = ORIENTED_EDGE('',*,*,#5589,.F.);
#5924 = ADVANCED_FACE('',(#5925),#5659,.T.);
#5925 = FACE_BOUND('',#5926,.F.);
#5926 = EDGE_LOOP('',(#5927,#5928,#5951,#5977));
#5927 = ORIENTED_EDGE('',*,*,#5675,.T.);
#5928 = ORIENTED_EDGE('',*,*,#5929,.T.);
#5929 = EDGE_CURVE('',#5676,#5930,#5932,.T.);
#5930 = VERTEX_POINT('',#5931);
#5931 = CARTESIAN_POINT('',(3.9,-6.264,2.05));
#5932 = SURFACE_CURVE('',#5933,(#5937,#5944),.PCURVE_S1.);
#5933 = LINE('',#5934,#5935);
#5934 = CARTESIAN_POINT('',(3.9,-6.264,1.6));
#5935 = VECTOR('',#5936,1.);
#5936 = DIRECTION('',(-0.,-0.,1.));
#5937 = PCURVE('',#5659,#5938);
#5938 = DEFINITIONAL_REPRESENTATION('',(#5939),#5943);
#5939 = LINE('',#5940,#5941);
#5940 = CARTESIAN_POINT('',(-1.570796326795,0.));
#5941 = VECTOR('',#5942,1.);
#5942 = DIRECTION('',(-0.,1.));
#5943 = ( GEOMETRIC_REPRESENTATION_CONTEXT(2) 
PARAMETRIC_REPRESENTATION_CONTEXT() REPRESENTATION_CONTEXT('2D SPACE',''
  ) );
#5944 = PCURVE('',#5719,#5945);
#5945 = DEFINITIONAL_REPRESENTATION('',(#5946),#5950);
#5946 = LINE('',#5947,#5948);
#5947 = CARTESIAN_POINT('',(-6.4E-02,0.));
#5948 = VECTOR('',#5949,1.);
#5949 = DIRECTION('',(-0.,-1.));
#5950 = ( GEOMETRIC_REPRESENTATION_CONTEXT(2) 
PARAMETRIC_REPRESENTATION_CONTEXT() REPRESENTATION_CONTEXT('2D SPACE',''
  ) );
#5951 = ORIENTED_EDGE('',*,*,#5952,.F.);
#5952 = EDGE_CURVE('',#5618,#5930,#5953,.T.);
#5953 = SURFACE_CURVE('',#5954,(#5959,#5966),.PCURVE_S1.);
#5954 = CIRCLE('',#5955,6.4E-02);
#5955 = AXIS2_PLACEMENT_3D('',#5956,#5957,#5958);
#5956 = CARTESIAN_POINT('',(3.836,-6.264,2.05));
#5957 = DIRECTION('',(-0.,-0.,-1.));
#5958 = DIRECTION('',(-0.,1.,-0.));
#5959 = PCURVE('',#5659,#5960);
#5960 = DEFINITIONAL_REPRESENTATION('',(#5961),#5965);
#5961 = LINE('',#5962,#5963);
#5962 = CARTESIAN_POINT('',(-0.,0.45));
#5963 = VECTOR('',#5964,1.);
#5964 = DIRECTION('',(-1.,0.));
#5965 = ( GEOMETRIC_REPRESENTATION_CONTEXT(2) 
PARAMETRIC_REPRESENTATION_CONTEXT() REPRESENTATION_CONTEXT('2D SPACE',''
  ) );
#5966 = PCURVE('',#5633,#5967);
#5967 = DEFINITIONAL_REPRESENTATION('',(#5968),#5976);
#5968 = ( BOUNDED_CURVE() B_SPLINE_CURVE(2,(#5969,#5970,#5971,#5972,
#5973,#5974,#5975),.UNSPECIFIED.,.T.,.F.) B_SPLINE_CURVE_WITH_KNOTS((1,2
    ,2,2,2,1),(-2.094395102393,0.,2.094395102393,4.188790204786,
6.28318530718,8.377580409573),.UNSPECIFIED.) CURVE() 
GEOMETRIC_REPRESENTATION_ITEM() RATIONAL_B_SPLINE_CURVE((1.,0.5,1.,0.5,
1.,0.5,1.)) REPRESENTATION_ITEM('') );
#5969 = CARTESIAN_POINT('',(-0.336,-0.8));
#5970 = CARTESIAN_POINT('',(-0.446851251684,-0.8));
#5971 = CARTESIAN_POINT('',(-0.391425625842,-0.704));
#5972 = CARTESIAN_POINT('',(-0.336,-0.608));
#5973 = CARTESIAN_POINT('',(-0.280574374158,-0.704));
#5974 = CARTESIAN_POINT('',(-0.225148748316,-0.8));
#5975 = CARTESIAN_POINT('',(-0.336,-0.8));
#5976 = ( GEOMETRIC_REPRESENTATION_CONTEXT(2) 
PARAMETRIC_REPRESENTATION_CONTEXT() REPRESENTATION_CONTEXT('2D SPACE',''
  ) );
#5977 = ORIENTED_EDGE('',*,*,#5645,.F.);
#5978 = ADVANCED_FACE('',(#5979),#5633,.T.);
#5979 = FACE_BOUND('',#5980,.F.);
#5980 = EDGE_LOOP('',(#5981,#5982,#5983,#6006,#6034,#6057,#6085,#6106));
#5981 = ORIENTED_EDGE('',*,*,#5617,.T.);
#5982 = ORIENTED_EDGE('',*,*,#5952,.T.);
#5983 = ORIENTED_EDGE('',*,*,#5984,.T.);
#5984 = EDGE_CURVE('',#5930,#5985,#5987,.T.);
#5985 = VERTEX_POINT('',#5986);
#5986 = CARTESIAN_POINT('',(3.9,-7.736,2.05));
#5987 = SURFACE_CURVE('',#5988,(#5992,#5999),.PCURVE_S1.);
#5988 = LINE('',#5989,#5990);
#5989 = CARTESIAN_POINT('',(3.9,-6.2,2.05));
#5990 = VECTOR('',#5991,1.);
#5991 = DIRECTION('',(-0.,-1.,-0.));
#5992 = PCURVE('',#5633,#5993);
#5993 = DEFINITIONAL_REPRESENTATION('',(#5994),#5998);
#5994 = LINE('',#5995,#5996);
#5995 = CARTESIAN_POINT('',(-0.4,-0.8));
#5996 = VECTOR('',#5997,1.);
#5997 = DIRECTION('',(-0.,1.));
#5998 = ( GEOMETRIC_REPRESENTATION_CONTEXT(2) 
PARAMETRIC_REPRESENTATION_CONTEXT() REPRESENTATION_CONTEXT('2D SPACE',''
  ) );
#5999 = PCURVE('',#5719,#6000);
#6000 = DEFINITIONAL_REPRESENTATION('',(#6001),#6005);
#6001 = LINE('',#6002,#6003);
#6002 = CARTESIAN_POINT('',(-0.,-0.45));
#6003 = VECTOR('',#6004,1.);
#6004 = DIRECTION('',(-1.,0.));
#6005 = ( GEOMETRIC_REPRESENTATION_CONTEXT(2) 
PARAMETRIC_REPRESENTATION_CONTEXT() REPRESENTATION_CONTEXT('2D SPACE',''
  ) );
#6006 = ORIENTED_EDGE('',*,*,#6007,.T.);
#6007 = EDGE_CURVE('',#5985,#6008,#6010,.T.);
#6008 = VERTEX_POINT('',#6009);
#6009 = CARTESIAN_POINT('',(3.836,-7.8,2.05));
#6010 = SURFACE_CURVE('',#6011,(#6016,#6027),.PCURVE_S1.);
#6011 = CIRCLE('',#6012,6.4E-02);
#6012 = AXIS2_PLACEMENT_3D('',#6013,#6014,#6015);
#6013 = CARTESIAN_POINT('',(3.836,-7.736,2.05));
#6014 = DIRECTION('',(-0.,-0.,-1.));
#6015 = DIRECTION('',(-0.,1.,-0.));
#6016 = PCURVE('',#5633,#6017);
#6017 = DEFINITIONAL_REPRESENTATION('',(#6018),#6026);
#6018 = ( BOUNDED_CURVE() B_SPLINE_CURVE(2,(#6019,#6020,#6021,#6022,
#6023,#6024,#6025),.UNSPECIFIED.,.T.,.F.) B_SPLINE_CURVE_WITH_KNOTS((1,2
    ,2,2,2,1),(-2.094395102393,0.,2.094395102393,4.188790204786,
6.28318530718,8.377580409573),.UNSPECIFIED.) CURVE() 
GEOMETRIC_REPRESENTATION_ITEM() RATIONAL_B_SPLINE_CURVE((1.,0.5,1.,0.5,
1.,0.5,1.)) REPRESENTATION_ITEM('') );
#6019 = CARTESIAN_POINT('',(-0.336,0.672));
#6020 = CARTESIAN_POINT('',(-0.446851251684,0.672));
#6021 = CARTESIAN_POINT('',(-0.391425625842,0.768));
#6022 = CARTESIAN_POINT('',(-0.336,0.864));
#6023 = CARTESIAN_POINT('',(-0.280574374158,0.768));
#6024 = CARTESIAN_POINT('',(-0.225148748316,0.672));
#6025 = CARTESIAN_POINT('',(-0.336,0.672));
#6026 = ( GEOMETRIC_REPRESENTATION_CONTEXT(2) 
PARAMETRIC_REPRESENTATION_CONTEXT() REPRESENTATION_CONTEXT('2D SPACE',''
  ) );
#6027 = PCURVE('',#5752,#6028);
#6028 = DEFINITIONAL_REPRESENTATION('',(#6029),#6033);
#6029 = LINE('',#6030,#6031);
#6030 = CARTESIAN_POINT('',(1.570796326795,0.45));
#6031 = VECTOR('',#6032,1.);
#6032 = DIRECTION('',(-1.,0.));
#6033 = ( GEOMETRIC_REPRESENTATION_CONTEXT(2) 
PARAMETRIC_REPRESENTATION_CONTEXT() REPRESENTATION_CONTEXT('2D SPACE',''
  ) );
#6034 = ORIENTED_EDGE('',*,*,#6035,.T.);
#6035 = EDGE_CURVE('',#6008,#6036,#6038,.T.);
#6036 = VERTEX_POINT('',#6037);
#6037 = CARTESIAN_POINT('',(3.164,-7.8,2.05));
#6038 = SURFACE_CURVE('',#6039,(#6043,#6050),.PCURVE_S1.);
#6039 = LINE('',#6040,#6041);
#6040 = CARTESIAN_POINT('',(3.9,-7.8,2.05));
#6041 = VECTOR('',#6042,1.);
#6042 = DIRECTION('',(-1.,-0.,-0.));
#6043 = PCURVE('',#5633,#6044);
#6044 = DEFINITIONAL_REPRESENTATION('',(#6045),#6049);
#6045 = LINE('',#6046,#6047);
#6046 = CARTESIAN_POINT('',(-0.4,0.8));
#6047 = VECTOR('',#6048,1.);
#6048 = DIRECTION('',(1.,-0.));
#6049 = ( GEOMETRIC_REPRESENTATION_CONTEXT(2) 
PARAMETRIC_REPRESENTATION_CONTEXT() REPRESENTATION_CONTEXT('2D SPACE',''
  ) );
#6050 = PCURVE('',#5780,#6051);
#6051 = DEFINITIONAL_REPRESENTATION('',(#6052),#6056);
#6052 = LINE('',#6053,#6054);
#6053 = CARTESIAN_POINT('',(-0.,-0.45));
#6054 = VECTOR('',#6055,1.);
#6055 = DIRECTION('',(-1.,0.));
#6056 = ( GEOMETRIC_REPRESENTATION_CONTEXT(2) 
PARAMETRIC_REPRESENTATION_CONTEXT() REPRESENTATION_CONTEXT('2D SPACE',''
  ) );
#6057 = ORIENTED_EDGE('',*,*,#6058,.T.);
#6058 = EDGE_CURVE('',#6036,#6059,#6061,.T.);
#6059 = VERTEX_POINT('',#6060);
#6060 = CARTESIAN_POINT('',(3.1,-7.736,2.05));
#6061 = SURFACE_CURVE('',#6062,(#6067,#6078),.PCURVE_S1.);
#6062 = CIRCLE('',#6063,6.4E-02);
#6063 = AXIS2_PLACEMENT_3D('',#6064,#6065,#6066);
#6064 = CARTESIAN_POINT('',(3.164,-7.736,2.05));
#6065 = DIRECTION('',(-0.,-0.,-1.));
#6066 = DIRECTION('',(-0.,1.,-0.));
#6067 = PCURVE('',#5633,#6068);
#6068 = DEFINITIONAL_REPRESENTATION('',(#6069),#6077);
#6069 = ( BOUNDED_CURVE() B_SPLINE_CURVE(2,(#6070,#6071,#6072,#6073,
#6074,#6075,#6076),.UNSPECIFIED.,.T.,.F.) B_SPLINE_CURVE_WITH_KNOTS((1,2
    ,2,2,2,1),(-2.094395102393,0.,2.094395102393,4.188790204786,
6.28318530718,8.377580409573),.UNSPECIFIED.) CURVE() 
GEOMETRIC_REPRESENTATION_ITEM() RATIONAL_B_SPLINE_CURVE((1.,0.5,1.,0.5,
1.,0.5,1.)) REPRESENTATION_ITEM('') );
#6070 = CARTESIAN_POINT('',(0.336,0.672));
#6071 = CARTESIAN_POINT('',(0.225148748316,0.672));
#6072 = CARTESIAN_POINT('',(0.280574374158,0.768));
#6073 = CARTESIAN_POINT('',(0.336,0.864));
#6074 = CARTESIAN_POINT('',(0.391425625842,0.768));
#6075 = CARTESIAN_POINT('',(0.446851251684,0.672));
#6076 = CARTESIAN_POINT('',(0.336,0.672));
#6077 = ( GEOMETRIC_REPRESENTATION_CONTEXT(2) 
PARAMETRIC_REPRESENTATION_CONTEXT() REPRESENTATION_CONTEXT('2D SPACE',''
  ) );
#6078 = PCURVE('',#5813,#6079);
#6079 = DEFINITIONAL_REPRESENTATION('',(#6080),#6084);
#6080 = LINE('',#6081,#6082);
#6081 = CARTESIAN_POINT('',(3.14159265359,0.45));
#6082 = VECTOR('',#6083,1.);
#6083 = DIRECTION('',(-1.,0.));
#6084 = ( GEOMETRIC_REPRESENTATION_CONTEXT(2) 
PARAMETRIC_REPRESENTATION_CONTEXT() REPRESENTATION_CONTEXT('2D SPACE',''
  ) );
#6085 = ORIENTED_EDGE('',*,*,#6086,.T.);
#6086 = EDGE_CURVE('',#6059,#5880,#6087,.T.);
#6087 = SURFACE_CURVE('',#6088,(#6092,#6099),.PCURVE_S1.);
#6088 = LINE('',#6089,#6090);
#6089 = CARTESIAN_POINT('',(3.1,-7.8,2.05));
#6090 = VECTOR('',#6091,1.);
#6091 = DIRECTION('',(-0.,1.,-0.));
#6092 = PCURVE('',#5633,#6093);
#6093 = DEFINITIONAL_REPRESENTATION('',(#6094),#6098);
#6094 = LINE('',#6095,#6096);
#6095 = CARTESIAN_POINT('',(0.4,0.8));
#6096 = VECTOR('',#6097,1.);
#6097 = DIRECTION('',(-0.,-1.));
#6098 = ( GEOMETRIC_REPRESENTATION_CONTEXT(2) 
PARAMETRIC_REPRESENTATION_CONTEXT() REPRESENTATION_CONTEXT('2D SPACE',''
  ) );
#6099 = PCURVE('',#5841,#6100);
#6100 = DEFINITIONAL_REPRESENTATION('',(#6101),#6105);
#6101 = LINE('',#6102,#6103);
#6102 = CARTESIAN_POINT('',(-0.,-0.45));
#6103 = VECTOR('',#6104,1.);
#6104 = DIRECTION('',(-1.,-0.));
#6105 = ( GEOMETRIC_REPRESENTATION_CONTEXT(2) 
PARAMETRIC_REPRESENTATION_CONTEXT() REPRESENTATION_CONTEXT('2D SPACE',''
  ) );
#6106 = ORIENTED_EDGE('',*,*,#5902,.F.);
#6107 = ADVANCED_FACE('',(#6108),#5841,.F.);
#6108 = FACE_BOUND('',#6109,.T.);
#6109 = EDGE_LOOP('',(#6110,#6111,#6132,#6133));
#6110 = ORIENTED_EDGE('',*,*,#5825,.F.);
#6111 = ORIENTED_EDGE('',*,*,#6112,.T.);
#6112 = EDGE_CURVE('',#5793,#6059,#6113,.T.);
#6113 = SURFACE_CURVE('',#6114,(#6118,#6125),.PCURVE_S1.);
#6114 = LINE('',#6115,#6116);
#6115 = CARTESIAN_POINT('',(3.1,-7.736,1.6));
#6116 = VECTOR('',#6117,1.);
#6117 = DIRECTION('',(-0.,-0.,1.));
#6118 = PCURVE('',#5841,#6119);
#6119 = DEFINITIONAL_REPRESENTATION('',(#6120),#6124);
#6120 = LINE('',#6121,#6122);
#6121 = CARTESIAN_POINT('',(-6.4E-02,0.));
#6122 = VECTOR('',#6123,1.);
#6123 = DIRECTION('',(-0.,-1.));
#6124 = ( GEOMETRIC_REPRESENTATION_CONTEXT(2) 
PARAMETRIC_REPRESENTATION_CONTEXT() REPRESENTATION_CONTEXT('2D SPACE',''
  ) );
#6125 = PCURVE('',#5813,#6126);
#6126 = DEFINITIONAL_REPRESENTATION('',(#6127),#6131);
#6127 = LINE('',#6128,#6129);
#6128 = CARTESIAN_POINT('',(-1.570796326795,0.));
#6129 = VECTOR('',#6130,1.);
#6130 = DIRECTION('',(-0.,1.));
#6131 = ( GEOMETRIC_REPRESENTATION_CONTEXT(2) 
PARAMETRIC_REPRESENTATION_CONTEXT() REPRESENTATION_CONTEXT('2D SPACE',''
  ) );
#6132 = ORIENTED_EDGE('',*,*,#6086,.T.);
#6133 = ORIENTED_EDGE('',*,*,#5879,.F.);
#6134 = ADVANCED_FACE('',(#6135),#5719,.F.);
#6135 = FACE_BOUND('',#6136,.T.);
#6136 = EDGE_LOOP('',(#6137,#6138,#6139,#6140));
#6137 = ORIENTED_EDGE('',*,*,#5703,.F.);
#6138 = ORIENTED_EDGE('',*,*,#5929,.T.);
#6139 = ORIENTED_EDGE('',*,*,#5984,.T.);
#6140 = ORIENTED_EDGE('',*,*,#6141,.F.);
#6141 = EDGE_CURVE('',#5704,#5985,#6142,.T.);
#6142 = SURFACE_CURVE('',#6143,(#6147,#6154),.PCURVE_S1.);
#6143 = LINE('',#6144,#6145);
#6144 = CARTESIAN_POINT('',(3.9,-7.736,1.6));
#6145 = VECTOR('',#6146,1.);
#6146 = DIRECTION('',(-0.,-0.,1.));
#6147 = PCURVE('',#5719,#6148);
#6148 = DEFINITIONAL_REPRESENTATION('',(#6149),#6153);
#6149 = LINE('',#6150,#6151);
#6150 = CARTESIAN_POINT('',(-1.536,0.));
#6151 = VECTOR('',#6152,1.);
#6152 = DIRECTION('',(-0.,-1.));
#6153 = ( GEOMETRIC_REPRESENTATION_CONTEXT(2) 
PARAMETRIC_REPRESENTATION_CONTEXT() REPRESENTATION_CONTEXT('2D SPACE',''
  ) );
#6154 = PCURVE('',#5752,#6155);
#6155 = DEFINITIONAL_REPRESENTATION('',(#6156),#6160);
#6156 = LINE('',#6157,#6158);
#6157 = CARTESIAN_POINT('',(-0.,0.));
#6158 = VECTOR('',#6159,1.);
#6159 = DIRECTION('',(-0.,1.));
#6160 = ( GEOMETRIC_REPRESENTATION_CONTEXT(2) 
PARAMETRIC_REPRESENTATION_CONTEXT() REPRESENTATION_CONTEXT('2D SPACE',''
  ) );
#6161 = ADVANCED_FACE('',(#6162),#5813,.T.);
#6162 = FACE_BOUND('',#6163,.F.);
#6163 = EDGE_LOOP('',(#6164,#6165,#6166,#6167));
#6164 = ORIENTED_EDGE('',*,*,#5792,.T.);
#6165 = ORIENTED_EDGE('',*,*,#6112,.T.);
#6166 = ORIENTED_EDGE('',*,*,#6058,.F.);
#6167 = ORIENTED_EDGE('',*,*,#6168,.F.);
#6168 = EDGE_CURVE('',#5765,#6036,#6169,.T.);
#6169 = SURFACE_CURVE('',#6170,(#6174,#6181),.PCURVE_S1.);
#6170 = LINE('',#6171,#6172);
#6171 = CARTESIAN_POINT('',(3.164,-7.8,1.6));
#6172 = VECTOR('',#6173,1.);
#6173 = DIRECTION('',(-0.,-0.,1.));
#6174 = PCURVE('',#5813,#6175);
#6175 = DEFINITIONAL_REPRESENTATION('',(#6176),#6180);
#6176 = LINE('',#6177,#6178);
#6177 = CARTESIAN_POINT('',(-0.,0.));
#6178 = VECTOR('',#6179,1.);
#6179 = DIRECTION('',(-0.,1.));
#6180 = ( GEOMETRIC_REPRESENTATION_CONTEXT(2) 
PARAMETRIC_REPRESENTATION_CONTEXT() REPRESENTATION_CONTEXT('2D SPACE',''
  ) );
#6181 = PCURVE('',#5780,#6182);
#6182 = DEFINITIONAL_REPRESENTATION('',(#6183),#6187);
#6183 = LINE('',#6184,#6185);
#6184 = CARTESIAN_POINT('',(-0.736,0.));
#6185 = VECTOR('',#6186,1.);
#6186 = DIRECTION('',(-0.,-1.));
#6187 = ( GEOMETRIC_REPRESENTATION_CONTEXT(2) 
PARAMETRIC_REPRESENTATION_CONTEXT() REPRESENTATION_CONTEXT('2D SPACE',''
  ) );
#6188 = ADVANCED_FACE('',(#6189),#5752,.T.);
#6189 = FACE_BOUND('',#6190,.F.);
#6190 = EDGE_LOOP('',(#6191,#6192,#6213,#6214));
#6191 = ORIENTED_EDGE('',*,*,#5731,.T.);
#6192 = ORIENTED_EDGE('',*,*,#6193,.T.);
#6193 = EDGE_CURVE('',#5732,#6008,#6194,.T.);
#6194 = SURFACE_CURVE('',#6195,(#6199,#6206),.PCURVE_S1.);
#6195 = LINE('',#6196,#6197);
#6196 = CARTESIAN_POINT('',(3.836,-7.8,1.6));
#6197 = VECTOR('',#6198,1.);
#6198 = DIRECTION('',(-0.,-0.,1.));
#6199 = PCURVE('',#5752,#6200);
#6200 = DEFINITIONAL_REPRESENTATION('',(#6201),#6205);
#6201 = LINE('',#6202,#6203);
#6202 = CARTESIAN_POINT('',(-1.570796326795,0.));
#6203 = VECTOR('',#6204,1.);
#6204 = DIRECTION('',(-0.,1.));
#6205 = ( GEOMETRIC_REPRESENTATION_CONTEXT(2) 
PARAMETRIC_REPRESENTATION_CONTEXT() REPRESENTATION_CONTEXT('2D SPACE',''
  ) );
#6206 = PCURVE('',#5780,#6207);
#6207 = DEFINITIONAL_REPRESENTATION('',(#6208),#6212);
#6208 = LINE('',#6209,#6210);
#6209 = CARTESIAN_POINT('',(-6.4E-02,0.));
#6210 = VECTOR('',#6211,1.);
#6211 = DIRECTION('',(-0.,-1.));
#6212 = ( GEOMETRIC_REPRESENTATION_CONTEXT(2) 
PARAMETRIC_REPRESENTATION_CONTEXT() REPRESENTATION_CONTEXT('2D SPACE',''
  ) );
#6213 = ORIENTED_EDGE('',*,*,#6007,.F.);
#6214 = ORIENTED_EDGE('',*,*,#6141,.F.);
#6215 = ADVANCED_FACE('',(#6216),#5780,.F.);
#6216 = FACE_BOUND('',#6217,.T.);
#6217 = EDGE_LOOP('',(#6218,#6219,#6220,#6221));
#6218 = ORIENTED_EDGE('',*,*,#5764,.F.);
#6219 = ORIENTED_EDGE('',*,*,#6193,.T.);
#6220 = ORIENTED_EDGE('',*,*,#6035,.T.);
#6221 = ORIENTED_EDGE('',*,*,#6168,.F.);
#6222 = ( GEOMETRIC_REPRESENTATION_CONTEXT(3) 
GLOBAL_UNCERTAINTY_ASSIGNED_CONTEXT((#6226)) 
GLOBAL_UNIT_ASSIGNED_CONTEXT((#6223,#6224,#6225)) REPRESENTATION_CONTEXT
('Context #1','3D Context with UNIT and UNCERTAINTY') );
#6223 = ( LENGTH_UNIT() NAMED_UNIT(*) SI_UNIT(.MILLI.,.METRE.) );
#6224 = ( NAMED_UNIT(*) PLANE_ANGLE_UNIT() SI_UNIT($,.RADIAN.) );
#6225 = ( NAMED_UNIT(*) SI_UNIT($,.STERADIAN.) SOLID_ANGLE_UNIT() );
#6226 = UNCERTAINTY_MEASURE_WITH_UNIT(LENGTH_MEASURE(1.E-07),#6223,
  'distance_accuracy_value','confusion accuracy');
#6227 = CONTEXT_DEPENDENT_SHAPE_REPRESENTATION(#6228,#6230);
#6228 = ( REPRESENTATION_RELATIONSHIP('','',#5547,#10) 
REPRESENTATION_RELATIONSHIP_WITH_TRANSFORMATION(#6229) 
SHAPE_REPRESENTATION_RELATIONSHIP() );
#6229 = ITEM_DEFINED_TRANSFORMATION('','',#11,#75);
#6230 = PRODUCT_DEFINITION_SHAPE('Placement','Placement of an item',
  #6231);
#6231 = NEXT_ASSEMBLY_USAGE_OCCURRENCE('59','R1','',#5,#5542,$);
#6232 = PRODUCT_RELATED_PRODUCT_CATEGORY('part',$,(#5544));
#6233 = SHAPE_DEFINITION_REPRESENTATION(#6234,#6240);
#6234 = PRODUCT_DEFINITION_SHAPE('','',#6235);
#6235 = PRODUCT_DEFINITION('design','',#6236,#6239);
#6236 = PRODUCT_DEFINITION_FORMATION('','',#6237);
#6237 = PRODUCT('R2','R2','',(#6238));
#6238 = PRODUCT_CONTEXT('',#2,'mechanical');
#6239 = PRODUCT_DEFINITION_CONTEXT('part definition',#2,'design');
#6240 = ADVANCED_BREP_SHAPE_REPRESENTATION('',(#11,#6241),#6915);
#6241 = MANIFOLD_SOLID_BREP('',#6242);
#6242 = CLOSED_SHELL('',(#6243,#6363,#6567,#6617,#6671,#6800,#6827,#6854
    ,#6881,#6908));
#6243 = ADVANCED_FACE('',(#6244),#6258,.F.);
#6244 = FACE_BOUND('',#6245,.T.);
#6245 = EDGE_LOOP('',(#6246,#6281,#6309,#6337));
#6246 = ORIENTED_EDGE('',*,*,#6247,.F.);
#6247 = EDGE_CURVE('',#6248,#6250,#6252,.T.);
#6248 = VERTEX_POINT('',#6249);
#6249 = CARTESIAN_POINT('',(3.164,-14.2,1.6));
#6250 = VERTEX_POINT('',#6251);
#6251 = CARTESIAN_POINT('',(3.836,-14.2,1.6));
#6252 = SURFACE_CURVE('',#6253,(#6257,#6269),.PCURVE_S1.);
#6253 = LINE('',#6254,#6255);
#6254 = CARTESIAN_POINT('',(3.1,-14.2,1.6));
#6255 = VECTOR('',#6256,1.);
#6256 = DIRECTION('',(1.,-0.,-0.));
#6257 = PCURVE('',#6258,#6263);
#6258 = PLANE('',#6259);
#6259 = AXIS2_PLACEMENT_3D('',#6260,#6261,#6262);
#6260 = CARTESIAN_POINT('',(3.1,-14.2,1.6));
#6261 = DIRECTION('',(-0.,-1.,-0.));
#6262 = DIRECTION('',(-1.,0.,0.));
#6263 = DEFINITIONAL_REPRESENTATION('',(#6264),#6268);
#6264 = LINE('',#6265,#6266);
#6265 = CARTESIAN_POINT('',(-0.,-0.));
#6266 = VECTOR('',#6267,1.);
#6267 = DIRECTION('',(-1.,-0.));
#6268 = ( GEOMETRIC_REPRESENTATION_CONTEXT(2) 
PARAMETRIC_REPRESENTATION_CONTEXT() REPRESENTATION_CONTEXT('2D SPACE',''
  ) );
#6269 = PCURVE('',#6270,#6275);
#6270 = PLANE('',#6271);
#6271 = AXIS2_PLACEMENT_3D('',#6272,#6273,#6274);
#6272 = CARTESIAN_POINT('',(3.5,-15.,1.6));
#6273 = DIRECTION('',(-0.,-0.,1.));
#6274 = DIRECTION('',(-1.,0.,0.));
#6275 = DEFINITIONAL_REPRESENTATION('',(#6276),#6280);
#6276 = LINE('',#6277,#6278);
#6277 = CARTESIAN_POINT('',(0.4,-0.8));
#6278 = VECTOR('',#6279,1.);
#6279 = DIRECTION('',(-1.,0.));
#6280 = ( GEOMETRIC_REPRESENTATION_CONTEXT(2) 
PARAMETRIC_REPRESENTATION_CONTEXT() REPRESENTATION_CONTEXT('2D SPACE',''
  ) );
#6281 = ORIENTED_EDGE('',*,*,#6282,.T.);
#6282 = EDGE_CURVE('',#6248,#6283,#6285,.T.);
#6283 = VERTEX_POINT('',#6284);
#6284 = CARTESIAN_POINT('',(3.164,-14.2,2.05));
#6285 = SURFACE_CURVE('',#6286,(#6290,#6297),.PCURVE_S1.);
#6286 = LINE('',#6287,#6288);
#6287 = CARTESIAN_POINT('',(3.164,-14.2,1.6));
#6288 = VECTOR('',#6289,1.);
#6289 = DIRECTION('',(-0.,-0.,1.));
#6290 = PCURVE('',#6258,#6291);
#6291 = DEFINITIONAL_REPRESENTATION('',(#6292),#6296);
#6292 = LINE('',#6293,#6294);
#6293 = CARTESIAN_POINT('',(-6.4E-02,-0.));
#6294 = VECTOR('',#6295,1.);
#6295 = DIRECTION('',(-0.,-1.));
#6296 = ( GEOMETRIC_REPRESENTATION_CONTEXT(2) 
PARAMETRIC_REPRESENTATION_CONTEXT() REPRESENTATION_CONTEXT('2D SPACE',''
  ) );
#6297 = PCURVE('',#6298,#6303);
#6298 = CYLINDRICAL_SURFACE('',#6299,6.4E-02);
#6299 = AXIS2_PLACEMENT_3D('',#6300,#6301,#6302);
#6300 = CARTESIAN_POINT('',(3.164,-14.264,1.6));
#6301 = DIRECTION('',(-0.,-0.,1.));
#6302 = DIRECTION('',(-0.,1.,-0.));
#6303 = DEFINITIONAL_REPRESENTATION('',(#6304),#6308);
#6304 = LINE('',#6305,#6306);
#6305 = CARTESIAN_POINT('',(0.,0.));
#6306 = VECTOR('',#6307,1.);
#6307 = DIRECTION('',(0.,1.));
#6308 = ( GEOMETRIC_REPRESENTATION_CONTEXT(2) 
PARAMETRIC_REPRESENTATION_CONTEXT() REPRESENTATION_CONTEXT('2D SPACE',''
  ) );
#6309 = ORIENTED_EDGE('',*,*,#6310,.T.);
#6310 = EDGE_CURVE('',#6283,#6311,#6313,.T.);
#6311 = VERTEX_POINT('',#6312);
#6312 = CARTESIAN_POINT('',(3.836,-14.2,2.05));
#6313 = SURFACE_CURVE('',#6314,(#6318,#6325),.PCURVE_S1.);
#6314 = LINE('',#6315,#6316);
#6315 = CARTESIAN_POINT('',(3.1,-14.2,2.05));
#6316 = VECTOR('',#6317,1.);
#6317 = DIRECTION('',(1.,-0.,-0.));
#6318 = PCURVE('',#6258,#6319);
#6319 = DEFINITIONAL_REPRESENTATION('',(#6320),#6324);
#6320 = LINE('',#6321,#6322);
#6321 = CARTESIAN_POINT('',(-0.,-0.45));
#6322 = VECTOR('',#6323,1.);
#6323 = DIRECTION('',(-1.,-0.));
#6324 = ( GEOMETRIC_REPRESENTATION_CONTEXT(2) 
PARAMETRIC_REPRESENTATION_CONTEXT() REPRESENTATION_CONTEXT('2D SPACE',''
  ) );
#6325 = PCURVE('',#6326,#6331);
#6326 = PLANE('',#6327);
#6327 = AXIS2_PLACEMENT_3D('',#6328,#6329,#6330);
#6328 = CARTESIAN_POINT('',(3.5,-15.,2.05));
#6329 = DIRECTION('',(-0.,-0.,1.));
#6330 = DIRECTION('',(-1.,0.,0.));
#6331 = DEFINITIONAL_REPRESENTATION('',(#6332),#6336);
#6332 = LINE('',#6333,#6334);
#6333 = CARTESIAN_POINT('',(0.4,-0.8));
#6334 = VECTOR('',#6335,1.);
#6335 = DIRECTION('',(-1.,0.));
#6336 = ( GEOMETRIC_REPRESENTATION_CONTEXT(2) 
PARAMETRIC_REPRESENTATION_CONTEXT() REPRESENTATION_CONTEXT('2D SPACE',''
  ) );
#6337 = ORIENTED_EDGE('',*,*,#6338,.F.);
#6338 = EDGE_CURVE('',#6250,#6311,#6339,.T.);
#6339 = SURFACE_CURVE('',#6340,(#6344,#6351),.PCURVE_S1.);
#6340 = LINE('',#6341,#6342);
#6341 = CARTESIAN_POINT('',(3.836,-14.2,1.6));
#6342 = VECTOR('',#6343,1.);
#6343 = DIRECTION('',(-0.,-0.,1.));
#6344 = PCURVE('',#6258,#6345);
#6345 = DEFINITIONAL_REPRESENTATION('',(#6346),#6350);
#6346 = LINE('',#6347,#6348);
#6347 = CARTESIAN_POINT('',(-0.736,-0.));
#6348 = VECTOR('',#6349,1.);
#6349 = DIRECTION('',(-0.,-1.));
#6350 = ( GEOMETRIC_REPRESENTATION_CONTEXT(2) 
PARAMETRIC_REPRESENTATION_CONTEXT() REPRESENTATION_CONTEXT('2D SPACE',''
  ) );
#6351 = PCURVE('',#6352,#6357);
#6352 = CYLINDRICAL_SURFACE('',#6353,6.4E-02);
#6353 = AXIS2_PLACEMENT_3D('',#6354,#6355,#6356);
#6354 = CARTESIAN_POINT('',(3.836,-14.264,1.6));
#6355 = DIRECTION('',(-0.,-0.,1.));
#6356 = DIRECTION('',(-0.,1.,-0.));
#6357 = DEFINITIONAL_REPRESENTATION('',(#6358),#6362);
#6358 = LINE('',#6359,#6360);
#6359 = CARTESIAN_POINT('',(-0.,0.));
#6360 = VECTOR('',#6361,1.);
#6361 = DIRECTION('',(-0.,1.));
#6362 = ( GEOMETRIC_REPRESENTATION_CONTEXT(2) 
PARAMETRIC_REPRESENTATION_CONTEXT() REPRESENTATION_CONTEXT('2D SPACE',''
  ) );
#6363 = ADVANCED_FACE('',(#6364),#6270,.F.);
#6364 = FACE_BOUND('',#6365,.T.);
#6365 = EDGE_LOOP('',(#6366,#6367,#6395,#6423,#6456,#6484,#6517,#6545));
#6366 = ORIENTED_EDGE('',*,*,#6247,.T.);
#6367 = ORIENTED_EDGE('',*,*,#6368,.T.);
#6368 = EDGE_CURVE('',#6250,#6369,#6371,.T.);
#6369 = VERTEX_POINT('',#6370);
#6370 = CARTESIAN_POINT('',(3.9,-14.264,1.6));
#6371 = SURFACE_CURVE('',#6372,(#6377,#6388),.PCURVE_S1.);
#6372 = CIRCLE('',#6373,6.4E-02);
#6373 = AXIS2_PLACEMENT_3D('',#6374,#6375,#6376);
#6374 = CARTESIAN_POINT('',(3.836,-14.264,1.6));
#6375 = DIRECTION('',(-0.,-0.,-1.));
#6376 = DIRECTION('',(-0.,1.,-0.));
#6377 = PCURVE('',#6270,#6378);
#6378 = DEFINITIONAL_REPRESENTATION('',(#6379),#6387);
#6379 = ( BOUNDED_CURVE() B_SPLINE_CURVE(2,(#6380,#6381,#6382,#6383,
#6384,#6385,#6386),.UNSPECIFIED.,.T.,.F.) B_SPLINE_CURVE_WITH_KNOTS((1,2
    ,2,2,2,1),(-2.094395102393,0.,2.094395102393,4.188790204786,
6.28318530718,8.377580409573),.UNSPECIFIED.) CURVE() 
GEOMETRIC_REPRESENTATION_ITEM() RATIONAL_B_SPLINE_CURVE((1.,0.5,1.,0.5,
1.,0.5,1.)) REPRESENTATION_ITEM('') );
#6380 = CARTESIAN_POINT('',(-0.336,-0.8));
#6381 = CARTESIAN_POINT('',(-0.446851251684,-0.8));
#6382 = CARTESIAN_POINT('',(-0.391425625842,-0.704));
#6383 = CARTESIAN_POINT('',(-0.336,-0.608));
#6384 = CARTESIAN_POINT('',(-0.280574374158,-0.704));
#6385 = CARTESIAN_POINT('',(-0.225148748316,-0.8));
#6386 = CARTESIAN_POINT('',(-0.336,-0.8));
#6387 = ( GEOMETRIC_REPRESENTATION_CONTEXT(2) 
PARAMETRIC_REPRESENTATION_CONTEXT() REPRESENTATION_CONTEXT('2D SPACE',''
  ) );
#6388 = PCURVE('',#6352,#6389);
#6389 = DEFINITIONAL_REPRESENTATION('',(#6390),#6394);
#6390 = LINE('',#6391,#6392);
#6391 = CARTESIAN_POINT('',(-0.,0.));
#6392 = VECTOR('',#6393,1.);
#6393 = DIRECTION('',(-1.,0.));
#6394 = ( GEOMETRIC_REPRESENTATION_CONTEXT(2) 
PARAMETRIC_REPRESENTATION_CONTEXT() REPRESENTATION_CONTEXT('2D SPACE',''
  ) );
#6395 = ORIENTED_EDGE('',*,*,#6396,.T.);
#6396 = EDGE_CURVE('',#6369,#6397,#6399,.T.);
#6397 = VERTEX_POINT('',#6398);
#6398 = CARTESIAN_POINT('',(3.9,-15.736,1.6));
#6399 = SURFACE_CURVE('',#6400,(#6404,#6411),.PCURVE_S1.);
#6400 = LINE('',#6401,#6402);
#6401 = CARTESIAN_POINT('',(3.9,-14.2,1.6));
#6402 = VECTOR('',#6403,1.);
#6403 = DIRECTION('',(-0.,-1.,-0.));
#6404 = PCURVE('',#6270,#6405);
#6405 = DEFINITIONAL_REPRESENTATION('',(#6406),#6410);
#6406 = LINE('',#6407,#6408);
#6407 = CARTESIAN_POINT('',(-0.4,-0.8));
#6408 = VECTOR('',#6409,1.);
#6409 = DIRECTION('',(-0.,1.));
#6410 = ( GEOMETRIC_REPRESENTATION_CONTEXT(2) 
PARAMETRIC_REPRESENTATION_CONTEXT() REPRESENTATION_CONTEXT('2D SPACE',''
  ) );
#6411 = PCURVE('',#6412,#6417);
#6412 = PLANE('',#6413);
#6413 = AXIS2_PLACEMENT_3D('',#6414,#6415,#6416);
#6414 = CARTESIAN_POINT('',(3.9,-14.2,1.6));
#6415 = DIRECTION('',(-1.,-0.,-0.));
#6416 = DIRECTION('',(0.,1.,0.));
#6417 = DEFINITIONAL_REPRESENTATION('',(#6418),#6422);
#6418 = LINE('',#6419,#6420);
#6419 = CARTESIAN_POINT('',(-0.,-0.));
#6420 = VECTOR('',#6421,1.);
#6421 = DIRECTION('',(-1.,0.));
#6422 = ( GEOMETRIC_REPRESENTATION_CONTEXT(2) 
PARAMETRIC_REPRESENTATION_CONTEXT() REPRESENTATION_CONTEXT('2D SPACE',''
  ) );
#6423 = ORIENTED_EDGE('',*,*,#6424,.T.);
#6424 = EDGE_CURVE('',#6397,#6425,#6427,.T.);
#6425 = VERTEX_POINT('',#6426);
#6426 = CARTESIAN_POINT('',(3.836,-15.8,1.6));
#6427 = SURFACE_CURVE('',#6428,(#6433,#6444),.PCURVE_S1.);
#6428 = CIRCLE('',#6429,6.4E-02);
#6429 = AXIS2_PLACEMENT_3D('',#6430,#6431,#6432);
#6430 = CARTESIAN_POINT('',(3.836,-15.736,1.6));
#6431 = DIRECTION('',(-0.,-0.,-1.));
#6432 = DIRECTION('',(-0.,1.,-0.));
#6433 = PCURVE('',#6270,#6434);
#6434 = DEFINITIONAL_REPRESENTATION('',(#6435),#6443);
#6435 = ( BOUNDED_CURVE() B_SPLINE_CURVE(2,(#6436,#6437,#6438,#6439,
#6440,#6441,#6442),.UNSPECIFIED.,.T.,.F.) B_SPLINE_CURVE_WITH_KNOTS((1,2
    ,2,2,2,1),(-2.094395102393,0.,2.094395102393,4.188790204786,
6.28318530718,8.377580409573),.UNSPECIFIED.) CURVE() 
GEOMETRIC_REPRESENTATION_ITEM() RATIONAL_B_SPLINE_CURVE((1.,0.5,1.,0.5,
1.,0.5,1.)) REPRESENTATION_ITEM('') );
#6436 = CARTESIAN_POINT('',(-0.336,0.672));
#6437 = CARTESIAN_POINT('',(-0.446851251684,0.672));
#6438 = CARTESIAN_POINT('',(-0.391425625842,0.768));
#6439 = CARTESIAN_POINT('',(-0.336,0.864));
#6440 = CARTESIAN_POINT('',(-0.280574374158,0.768));
#6441 = CARTESIAN_POINT('',(-0.225148748316,0.672));
#6442 = CARTESIAN_POINT('',(-0.336,0.672));
#6443 = ( GEOMETRIC_REPRESENTATION_CONTEXT(2) 
PARAMETRIC_REPRESENTATION_CONTEXT() REPRESENTATION_CONTEXT('2D SPACE',''
  ) );
#6444 = PCURVE('',#6445,#6450);
#6445 = CYLINDRICAL_SURFACE('',#6446,6.4E-02);
#6446 = AXIS2_PLACEMENT_3D('',#6447,#6448,#6449);
#6447 = CARTESIAN_POINT('',(3.836,-15.736,1.6));
#6448 = DIRECTION('',(-0.,-0.,1.));
#6449 = DIRECTION('',(1.,-0.,-0.));
#6450 = DEFINITIONAL_REPRESENTATION('',(#6451),#6455);
#6451 = LINE('',#6452,#6453);
#6452 = CARTESIAN_POINT('',(1.570796326795,-0.));
#6453 = VECTOR('',#6454,1.);
#6454 = DIRECTION('',(-1.,0.));
#6455 = ( GEOMETRIC_REPRESENTATION_CONTEXT(2) 
PARAMETRIC_REPRESENTATION_CONTEXT() REPRESENTATION_CONTEXT('2D SPACE',''
  ) );
#6456 = ORIENTED_EDGE('',*,*,#6457,.T.);
#6457 = EDGE_CURVE('',#6425,#6458,#6460,.T.);
#6458 = VERTEX_POINT('',#6459);
#6459 = CARTESIAN_POINT('',(3.164,-15.8,1.6));
#6460 = SURFACE_CURVE('',#6461,(#6465,#6472),.PCURVE_S1.);
#6461 = LINE('',#6462,#6463);
#6462 = CARTESIAN_POINT('',(3.9,-15.8,1.6));
#6463 = VECTOR('',#6464,1.);
#6464 = DIRECTION('',(-1.,-0.,-0.));
#6465 = PCURVE('',#6270,#6466);
#6466 = DEFINITIONAL_REPRESENTATION('',(#6467),#6471);
#6467 = LINE('',#6468,#6469);
#6468 = CARTESIAN_POINT('',(-0.4,0.8));
#6469 = VECTOR('',#6470,1.);
#6470 = DIRECTION('',(1.,-0.));
#6471 = ( GEOMETRIC_REPRESENTATION_CONTEXT(2) 
PARAMETRIC_REPRESENTATION_CONTEXT() REPRESENTATION_CONTEXT('2D SPACE',''
  ) );
#6472 = PCURVE('',#6473,#6478);
#6473 = PLANE('',#6474);
#6474 = AXIS2_PLACEMENT_3D('',#6475,#6476,#6477);
#6475 = CARTESIAN_POINT('',(3.9,-15.8,1.6));
#6476 = DIRECTION('',(-0.,1.,-0.));
#6477 = DIRECTION('',(1.,0.,0.));
#6478 = DEFINITIONAL_REPRESENTATION('',(#6479),#6483);
#6479 = LINE('',#6480,#6481);
#6480 = CARTESIAN_POINT('',(0.,-0.));
#6481 = VECTOR('',#6482,1.);
#6482 = DIRECTION('',(-1.,0.));
#6483 = ( GEOMETRIC_REPRESENTATION_CONTEXT(2) 
PARAMETRIC_REPRESENTATION_CONTEXT() REPRESENTATION_CONTEXT('2D SPACE',''
  ) );
#6484 = ORIENTED_EDGE('',*,*,#6485,.T.);
#6485 = EDGE_CURVE('',#6458,#6486,#6488,.T.);
#6486 = VERTEX_POINT('',#6487);
#6487 = CARTESIAN_POINT('',(3.1,-15.736,1.6));
#6488 = SURFACE_CURVE('',#6489,(#6494,#6505),.PCURVE_S1.);
#6489 = CIRCLE('',#6490,6.4E-02);
#6490 = AXIS2_PLACEMENT_3D('',#6491,#6492,#6493);
#6491 = CARTESIAN_POINT('',(3.164,-15.736,1.6));
#6492 = DIRECTION('',(-0.,-0.,-1.));
#6493 = DIRECTION('',(-0.,1.,-0.));
#6494 = PCURVE('',#6270,#6495);
#6495 = DEFINITIONAL_REPRESENTATION('',(#6496),#6504);
#6496 = ( BOUNDED_CURVE() B_SPLINE_CURVE(2,(#6497,#6498,#6499,#6500,
#6501,#6502,#6503),.UNSPECIFIED.,.T.,.F.) B_SPLINE_CURVE_WITH_KNOTS((1,2
    ,2,2,2,1),(-2.094395102393,0.,2.094395102393,4.188790204786,
6.28318530718,8.377580409573),.UNSPECIFIED.) CURVE() 
GEOMETRIC_REPRESENTATION_ITEM() RATIONAL_B_SPLINE_CURVE((1.,0.5,1.,0.5,
1.,0.5,1.)) REPRESENTATION_ITEM('') );
#6497 = CARTESIAN_POINT('',(0.336,0.672));
#6498 = CARTESIAN_POINT('',(0.225148748316,0.672));
#6499 = CARTESIAN_POINT('',(0.280574374158,0.768));
#6500 = CARTESIAN_POINT('',(0.336,0.864));
#6501 = CARTESIAN_POINT('',(0.391425625842,0.768));
#6502 = CARTESIAN_POINT('',(0.446851251684,0.672));
#6503 = CARTESIAN_POINT('',(0.336,0.672));
#6504 = ( GEOMETRIC_REPRESENTATION_CONTEXT(2) 
PARAMETRIC_REPRESENTATION_CONTEXT() REPRESENTATION_CONTEXT('2D SPACE',''
  ) );
#6505 = PCURVE('',#6506,#6511);
#6506 = CYLINDRICAL_SURFACE('',#6507,6.4E-02);
#6507 = AXIS2_PLACEMENT_3D('',#6508,#6509,#6510);
#6508 = CARTESIAN_POINT('',(3.164,-15.736,1.6));
#6509 = DIRECTION('',(-0.,-0.,1.));
#6510 = DIRECTION('',(-0.,-1.,-0.));
#6511 = DEFINITIONAL_REPRESENTATION('',(#6512),#6516);
#6512 = LINE('',#6513,#6514);
#6513 = CARTESIAN_POINT('',(3.14159265359,-0.));
#6514 = VECTOR('',#6515,1.);
#6515 = DIRECTION('',(-1.,0.));
#6516 = ( GEOMETRIC_REPRESENTATION_CONTEXT(2) 
PARAMETRIC_REPRESENTATION_CONTEXT() REPRESENTATION_CONTEXT('2D SPACE',''
  ) );
#6517 = ORIENTED_EDGE('',*,*,#6518,.T.);
#6518 = EDGE_CURVE('',#6486,#6519,#6521,.T.);
#6519 = VERTEX_POINT('',#6520);
#6520 = CARTESIAN_POINT('',(3.1,-14.264,1.6));
#6521 = SURFACE_CURVE('',#6522,(#6526,#6533),.PCURVE_S1.);
#6522 = LINE('',#6523,#6524);
#6523 = CARTESIAN_POINT('',(3.1,-15.8,1.6));
#6524 = VECTOR('',#6525,1.);
#6525 = DIRECTION('',(-0.,1.,-0.));
#6526 = PCURVE('',#6270,#6527);
#6527 = DEFINITIONAL_REPRESENTATION('',(#6528),#6532);
#6528 = LINE('',#6529,#6530);
#6529 = CARTESIAN_POINT('',(0.4,0.8));
#6530 = VECTOR('',#6531,1.);
#6531 = DIRECTION('',(-0.,-1.));
#6532 = ( GEOMETRIC_REPRESENTATION_CONTEXT(2) 
PARAMETRIC_REPRESENTATION_CONTEXT() REPRESENTATION_CONTEXT('2D SPACE',''
  ) );
#6533 = PCURVE('',#6534,#6539);
#6534 = PLANE('',#6535);
#6535 = AXIS2_PLACEMENT_3D('',#6536,#6537,#6538);
#6536 = CARTESIAN_POINT('',(3.1,-15.8,1.6));
#6537 = DIRECTION('',(1.,-0.,-0.));
#6538 = DIRECTION('',(0.,-1.,0.));
#6539 = DEFINITIONAL_REPRESENTATION('',(#6540),#6544);
#6540 = LINE('',#6541,#6542);
#6541 = CARTESIAN_POINT('',(-0.,0.));
#6542 = VECTOR('',#6543,1.);
#6543 = DIRECTION('',(-1.,-0.));
#6544 = ( GEOMETRIC_REPRESENTATION_CONTEXT(2) 
PARAMETRIC_REPRESENTATION_CONTEXT() REPRESENTATION_CONTEXT('2D SPACE',''
  ) );
#6545 = ORIENTED_EDGE('',*,*,#6546,.F.);
#6546 = EDGE_CURVE('',#6248,#6519,#6547,.T.);
#6547 = SURFACE_CURVE('',#6548,(#6553,#6560),.PCURVE_S1.);
#6548 = CIRCLE('',#6549,6.4E-02);
#6549 = AXIS2_PLACEMENT_3D('',#6550,#6551,#6552);
#6550 = CARTESIAN_POINT('',(3.164,-14.264,1.6));
#6551 = DIRECTION('',(-0.,0.,1.));
#6552 = DIRECTION('',(-0.,1.,-0.));
#6553 = PCURVE('',#6270,#6554);
#6554 = DEFINITIONAL_REPRESENTATION('',(#6555),#6559);
#6555 = CIRCLE('',#6556,6.4E-02);
#6556 = AXIS2_PLACEMENT_2D('',#6557,#6558);
#6557 = CARTESIAN_POINT('',(0.336,-0.736));
#6558 = DIRECTION('',(-0.,-1.));
#6559 = ( GEOMETRIC_REPRESENTATION_CONTEXT(2) 
PARAMETRIC_REPRESENTATION_CONTEXT() REPRESENTATION_CONTEXT('2D SPACE',''
  ) );
#6560 = PCURVE('',#6298,#6561);
#6561 = DEFINITIONAL_REPRESENTATION('',(#6562),#6566);
#6562 = LINE('',#6563,#6564);
#6563 = CARTESIAN_POINT('',(0.,0.));
#6564 = VECTOR('',#6565,1.);
#6565 = DIRECTION('',(1.,0.));
#6566 = ( GEOMETRIC_REPRESENTATION_CONTEXT(2) 
PARAMETRIC_REPRESENTATION_CONTEXT() REPRESENTATION_CONTEXT('2D SPACE',''
  ) );
#6567 = ADVANCED_FACE('',(#6568),#6298,.T.);
#6568 = FACE_BOUND('',#6569,.T.);
#6569 = EDGE_LOOP('',(#6570,#6571,#6594,#6616));
#6570 = ORIENTED_EDGE('',*,*,#6546,.T.);
#6571 = ORIENTED_EDGE('',*,*,#6572,.T.);
#6572 = EDGE_CURVE('',#6519,#6573,#6575,.T.);
#6573 = VERTEX_POINT('',#6574);
#6574 = CARTESIAN_POINT('',(3.1,-14.264,2.05));
#6575 = SURFACE_CURVE('',#6576,(#6580,#6587),.PCURVE_S1.);
#6576 = LINE('',#6577,#6578);
#6577 = CARTESIAN_POINT('',(3.1,-14.264,1.6));
#6578 = VECTOR('',#6579,1.);
#6579 = DIRECTION('',(-0.,-0.,1.));
#6580 = PCURVE('',#6298,#6581);
#6581 = DEFINITIONAL_REPRESENTATION('',(#6582),#6586);
#6582 = LINE('',#6583,#6584);
#6583 = CARTESIAN_POINT('',(1.570796326795,0.));
#6584 = VECTOR('',#6585,1.);
#6585 = DIRECTION('',(0.,1.));
#6586 = ( GEOMETRIC_REPRESENTATION_CONTEXT(2) 
PARAMETRIC_REPRESENTATION_CONTEXT() REPRESENTATION_CONTEXT('2D SPACE',''
  ) );
#6587 = PCURVE('',#6534,#6588);
#6588 = DEFINITIONAL_REPRESENTATION('',(#6589),#6593);
#6589 = LINE('',#6590,#6591);
#6590 = CARTESIAN_POINT('',(-1.536,0.));
#6591 = VECTOR('',#6592,1.);
#6592 = DIRECTION('',(-0.,-1.));
#6593 = ( GEOMETRIC_REPRESENTATION_CONTEXT(2) 
PARAMETRIC_REPRESENTATION_CONTEXT() REPRESENTATION_CONTEXT('2D SPACE',''
  ) );
#6594 = ORIENTED_EDGE('',*,*,#6595,.F.);
#6595 = EDGE_CURVE('',#6283,#6573,#6596,.T.);
#6596 = SURFACE_CURVE('',#6597,(#6602,#6609),.PCURVE_S1.);
#6597 = CIRCLE('',#6598,6.4E-02);
#6598 = AXIS2_PLACEMENT_3D('',#6599,#6600,#6601);
#6599 = CARTESIAN_POINT('',(3.164,-14.264,2.05));
#6600 = DIRECTION('',(-0.,0.,1.));
#6601 = DIRECTION('',(-0.,1.,-0.));
#6602 = PCURVE('',#6298,#6603);
#6603 = DEFINITIONAL_REPRESENTATION('',(#6604),#6608);
#6604 = LINE('',#6605,#6606);
#6605 = CARTESIAN_POINT('',(0.,0.45));
#6606 = VECTOR('',#6607,1.);
#6607 = DIRECTION('',(1.,0.));
#6608 = ( GEOMETRIC_REPRESENTATION_CONTEXT(2) 
PARAMETRIC_REPRESENTATION_CONTEXT() REPRESENTATION_CONTEXT('2D SPACE',''
  ) );
#6609 = PCURVE('',#6326,#6610);
#6610 = DEFINITIONAL_REPRESENTATION('',(#6611),#6615);
#6611 = CIRCLE('',#6612,6.4E-02);
#6612 = AXIS2_PLACEMENT_2D('',#6613,#6614);
#6613 = CARTESIAN_POINT('',(0.336,-0.736));
#6614 = DIRECTION('',(-0.,-1.));
#6615 = ( GEOMETRIC_REPRESENTATION_CONTEXT(2) 
PARAMETRIC_REPRESENTATION_CONTEXT() REPRESENTATION_CONTEXT('2D SPACE',''
  ) );
#6616 = ORIENTED_EDGE('',*,*,#6282,.F.);
#6617 = ADVANCED_FACE('',(#6618),#6352,.T.);
#6618 = FACE_BOUND('',#6619,.F.);
#6619 = EDGE_LOOP('',(#6620,#6621,#6644,#6670));
#6620 = ORIENTED_EDGE('',*,*,#6368,.T.);
#6621 = ORIENTED_EDGE('',*,*,#6622,.T.);
#6622 = EDGE_CURVE('',#6369,#6623,#6625,.T.);
#6623 = VERTEX_POINT('',#6624);
#6624 = CARTESIAN_POINT('',(3.9,-14.264,2.05));
#6625 = SURFACE_CURVE('',#6626,(#6630,#6637),.PCURVE_S1.);
#6626 = LINE('',#6627,#6628);
#6627 = CARTESIAN_POINT('',(3.9,-14.264,1.6));
#6628 = VECTOR('',#6629,1.);
#6629 = DIRECTION('',(-0.,-0.,1.));
#6630 = PCURVE('',#6352,#6631);
#6631 = DEFINITIONAL_REPRESENTATION('',(#6632),#6636);
#6632 = LINE('',#6633,#6634);
#6633 = CARTESIAN_POINT('',(-1.570796326795,0.));
#6634 = VECTOR('',#6635,1.);
#6635 = DIRECTION('',(-0.,1.));
#6636 = ( GEOMETRIC_REPRESENTATION_CONTEXT(2) 
PARAMETRIC_REPRESENTATION_CONTEXT() REPRESENTATION_CONTEXT('2D SPACE',''
  ) );
#6637 = PCURVE('',#6412,#6638);
#6638 = DEFINITIONAL_REPRESENTATION('',(#6639),#6643);
#6639 = LINE('',#6640,#6641);
#6640 = CARTESIAN_POINT('',(-6.4E-02,0.));
#6641 = VECTOR('',#6642,1.);
#6642 = DIRECTION('',(-0.,-1.));
#6643 = ( GEOMETRIC_REPRESENTATION_CONTEXT(2) 
PARAMETRIC_REPRESENTATION_CONTEXT() REPRESENTATION_CONTEXT('2D SPACE',''
  ) );
#6644 = ORIENTED_EDGE('',*,*,#6645,.F.);
#6645 = EDGE_CURVE('',#6311,#6623,#6646,.T.);
#6646 = SURFACE_CURVE('',#6647,(#6652,#6659),.PCURVE_S1.);
#6647 = CIRCLE('',#6648,6.4E-02);
#6648 = AXIS2_PLACEMENT_3D('',#6649,#6650,#6651);
#6649 = CARTESIAN_POINT('',(3.836,-14.264,2.05));
#6650 = DIRECTION('',(-0.,-0.,-1.));
#6651 = DIRECTION('',(-0.,1.,-0.));
#6652 = PCURVE('',#6352,#6653);
#6653 = DEFINITIONAL_REPRESENTATION('',(#6654),#6658);
#6654 = LINE('',#6655,#6656);
#6655 = CARTESIAN_POINT('',(-0.,0.45));
#6656 = VECTOR('',#6657,1.);
#6657 = DIRECTION('',(-1.,0.));
#6658 = ( GEOMETRIC_REPRESENTATION_CONTEXT(2) 
PARAMETRIC_REPRESENTATION_CONTEXT() REPRESENTATION_CONTEXT('2D SPACE',''
  ) );
#6659 = PCURVE('',#6326,#6660);
#6660 = DEFINITIONAL_REPRESENTATION('',(#6661),#6669);
#6661 = ( BOUNDED_CURVE() B_SPLINE_CURVE(2,(#6662,#6663,#6664,#6665,
#6666,#6667,#6668),.UNSPECIFIED.,.T.,.F.) B_SPLINE_CURVE_WITH_KNOTS((1,2
    ,2,2,2,1),(-2.094395102393,0.,2.094395102393,4.188790204786,
6.28318530718,8.377580409573),.UNSPECIFIED.) CURVE() 
GEOMETRIC_REPRESENTATION_ITEM() RATIONAL_B_SPLINE_CURVE((1.,0.5,1.,0.5,
1.,0.5,1.)) REPRESENTATION_ITEM('') );
#6662 = CARTESIAN_POINT('',(-0.336,-0.8));
#6663 = CARTESIAN_POINT('',(-0.446851251684,-0.8));
#6664 = CARTESIAN_POINT('',(-0.391425625842,-0.704));
#6665 = CARTESIAN_POINT('',(-0.336,-0.608));
#6666 = CARTESIAN_POINT('',(-0.280574374158,-0.704));
#6667 = CARTESIAN_POINT('',(-0.225148748316,-0.8));
#6668 = CARTESIAN_POINT('',(-0.336,-0.8));
#6669 = ( GEOMETRIC_REPRESENTATION_CONTEXT(2) 
PARAMETRIC_REPRESENTATION_CONTEXT() REPRESENTATION_CONTEXT('2D SPACE',''
  ) );
#6670 = ORIENTED_EDGE('',*,*,#6338,.F.);
#6671 = ADVANCED_FACE('',(#6672),#6326,.T.);
#6672 = FACE_BOUND('',#6673,.F.);
#6673 = EDGE_LOOP('',(#6674,#6675,#6676,#6699,#6727,#6750,#6778,#6799));
#6674 = ORIENTED_EDGE('',*,*,#6310,.T.);
#6675 = ORIENTED_EDGE('',*,*,#6645,.T.);
#6676 = ORIENTED_EDGE('',*,*,#6677,.T.);
#6677 = EDGE_CURVE('',#6623,#6678,#6680,.T.);
#6678 = VERTEX_POINT('',#6679);
#6679 = CARTESIAN_POINT('',(3.9,-15.736,2.05));
#6680 = SURFACE_CURVE('',#6681,(#6685,#6692),.PCURVE_S1.);
#6681 = LINE('',#6682,#6683);
#6682 = CARTESIAN_POINT('',(3.9,-14.2,2.05));
#6683 = VECTOR('',#6684,1.);
#6684 = DIRECTION('',(-0.,-1.,-0.));
#6685 = PCURVE('',#6326,#6686);
#6686 = DEFINITIONAL_REPRESENTATION('',(#6687),#6691);
#6687 = LINE('',#6688,#6689);
#6688 = CARTESIAN_POINT('',(-0.4,-0.8));
#6689 = VECTOR('',#6690,1.);
#6690 = DIRECTION('',(-0.,1.));
#6691 = ( GEOMETRIC_REPRESENTATION_CONTEXT(2) 
PARAMETRIC_REPRESENTATION_CONTEXT() REPRESENTATION_CONTEXT('2D SPACE',''
  ) );
#6692 = PCURVE('',#6412,#6693);
#6693 = DEFINITIONAL_REPRESENTATION('',(#6694),#6698);
#6694 = LINE('',#6695,#6696);
#6695 = CARTESIAN_POINT('',(-0.,-0.45));
#6696 = VECTOR('',#6697,1.);
#6697 = DIRECTION('',(-1.,0.));
#6698 = ( GEOMETRIC_REPRESENTATION_CONTEXT(2) 
PARAMETRIC_REPRESENTATION_CONTEXT() REPRESENTATION_CONTEXT('2D SPACE',''
  ) );
#6699 = ORIENTED_EDGE('',*,*,#6700,.T.);
#6700 = EDGE_CURVE('',#6678,#6701,#6703,.T.);
#6701 = VERTEX_POINT('',#6702);
#6702 = CARTESIAN_POINT('',(3.836,-15.8,2.05));
#6703 = SURFACE_CURVE('',#6704,(#6709,#6720),.PCURVE_S1.);
#6704 = CIRCLE('',#6705,6.4E-02);
#6705 = AXIS2_PLACEMENT_3D('',#6706,#6707,#6708);
#6706 = CARTESIAN_POINT('',(3.836,-15.736,2.05));
#6707 = DIRECTION('',(-0.,-0.,-1.));
#6708 = DIRECTION('',(-0.,1.,-0.));
#6709 = PCURVE('',#6326,#6710);
#6710 = DEFINITIONAL_REPRESENTATION('',(#6711),#6719);
#6711 = ( BOUNDED_CURVE() B_SPLINE_CURVE(2,(#6712,#6713,#6714,#6715,
#6716,#6717,#6718),.UNSPECIFIED.,.T.,.F.) B_SPLINE_CURVE_WITH_KNOTS((1,2
    ,2,2,2,1),(-2.094395102393,0.,2.094395102393,4.188790204786,
6.28318530718,8.377580409573),.UNSPECIFIED.) CURVE() 
GEOMETRIC_REPRESENTATION_ITEM() RATIONAL_B_SPLINE_CURVE((1.,0.5,1.,0.5,
1.,0.5,1.)) REPRESENTATION_ITEM('') );
#6712 = CARTESIAN_POINT('',(-0.336,0.672));
#6713 = CARTESIAN_POINT('',(-0.446851251684,0.672));
#6714 = CARTESIAN_POINT('',(-0.391425625842,0.768));
#6715 = CARTESIAN_POINT('',(-0.336,0.864));
#6716 = CARTESIAN_POINT('',(-0.280574374158,0.768));
#6717 = CARTESIAN_POINT('',(-0.225148748316,0.672));
#6718 = CARTESIAN_POINT('',(-0.336,0.672));
#6719 = ( GEOMETRIC_REPRESENTATION_CONTEXT(2) 
PARAMETRIC_REPRESENTATION_CONTEXT() REPRESENTATION_CONTEXT('2D SPACE',''
  ) );
#6720 = PCURVE('',#6445,#6721);
#6721 = DEFINITIONAL_REPRESENTATION('',(#6722),#6726);
#6722 = LINE('',#6723,#6724);
#6723 = CARTESIAN_POINT('',(1.570796326795,0.45));
#6724 = VECTOR('',#6725,1.);
#6725 = DIRECTION('',(-1.,0.));
#6726 = ( GEOMETRIC_REPRESENTATION_CONTEXT(2) 
PARAMETRIC_REPRESENTATION_CONTEXT() REPRESENTATION_CONTEXT('2D SPACE',''
  ) );
#6727 = ORIENTED_EDGE('',*,*,#6728,.T.);
#6728 = EDGE_CURVE('',#6701,#6729,#6731,.T.);
#6729 = VERTEX_POINT('',#6730);
#6730 = CARTESIAN_POINT('',(3.164,-15.8,2.05));
#6731 = SURFACE_CURVE('',#6732,(#6736,#6743),.PCURVE_S1.);
#6732 = LINE('',#6733,#6734);
#6733 = CARTESIAN_POINT('',(3.9,-15.8,2.05));
#6734 = VECTOR('',#6735,1.);
#6735 = DIRECTION('',(-1.,-0.,-0.));
#6736 = PCURVE('',#6326,#6737);
#6737 = DEFINITIONAL_REPRESENTATION('',(#6738),#6742);
#6738 = LINE('',#6739,#6740);
#6739 = CARTESIAN_POINT('',(-0.4,0.8));
#6740 = VECTOR('',#6741,1.);
#6741 = DIRECTION('',(1.,-0.));
#6742 = ( GEOMETRIC_REPRESENTATION_CONTEXT(2) 
PARAMETRIC_REPRESENTATION_CONTEXT() REPRESENTATION_CONTEXT('2D SPACE',''
  ) );
#6743 = PCURVE('',#6473,#6744);
#6744 = DEFINITIONAL_REPRESENTATION('',(#6745),#6749);
#6745 = LINE('',#6746,#6747);
#6746 = CARTESIAN_POINT('',(-0.,-0.45));
#6747 = VECTOR('',#6748,1.);
#6748 = DIRECTION('',(-1.,0.));
#6749 = ( GEOMETRIC_REPRESENTATION_CONTEXT(2) 
PARAMETRIC_REPRESENTATION_CONTEXT() REPRESENTATION_CONTEXT('2D SPACE',''
  ) );
#6750 = ORIENTED_EDGE('',*,*,#6751,.T.);
#6751 = EDGE_CURVE('',#6729,#6752,#6754,.T.);
#6752 = VERTEX_POINT('',#6753);
#6753 = CARTESIAN_POINT('',(3.1,-15.736,2.05));
#6754 = SURFACE_CURVE('',#6755,(#6760,#6771),.PCURVE_S1.);
#6755 = CIRCLE('',#6756,6.4E-02);
#6756 = AXIS2_PLACEMENT_3D('',#6757,#6758,#6759);
#6757 = CARTESIAN_POINT('',(3.164,-15.736,2.05));
#6758 = DIRECTION('',(-0.,-0.,-1.));
#6759 = DIRECTION('',(-0.,1.,-0.));
#6760 = PCURVE('',#6326,#6761);
#6761 = DEFINITIONAL_REPRESENTATION('',(#6762),#6770);
#6762 = ( BOUNDED_CURVE() B_SPLINE_CURVE(2,(#6763,#6764,#6765,#6766,
#6767,#6768,#6769),.UNSPECIFIED.,.T.,.F.) B_SPLINE_CURVE_WITH_KNOTS((1,2
    ,2,2,2,1),(-2.094395102393,0.,2.094395102393,4.188790204786,
6.28318530718,8.377580409573),.UNSPECIFIED.) CURVE() 
GEOMETRIC_REPRESENTATION_ITEM() RATIONAL_B_SPLINE_CURVE((1.,0.5,1.,0.5,
1.,0.5,1.)) REPRESENTATION_ITEM('') );
#6763 = CARTESIAN_POINT('',(0.336,0.672));
#6764 = CARTESIAN_POINT('',(0.225148748316,0.672));
#6765 = CARTESIAN_POINT('',(0.280574374158,0.768));
#6766 = CARTESIAN_POINT('',(0.336,0.864));
#6767 = CARTESIAN_POINT('',(0.391425625842,0.768));
#6768 = CARTESIAN_POINT('',(0.446851251684,0.672));
#6769 = CARTESIAN_POINT('',(0.336,0.672));
#6770 = ( GEOMETRIC_REPRESENTATION_CONTEXT(2) 
PARAMETRIC_REPRESENTATION_CONTEXT() REPRESENTATION_CONTEXT('2D SPACE',''
  ) );
#6771 = PCURVE('',#6506,#6772);
#6772 = DEFINITIONAL_REPRESENTATION('',(#6773),#6777);
#6773 = LINE('',#6774,#6775);
#6774 = CARTESIAN_POINT('',(3.14159265359,0.45));
#6775 = VECTOR('',#6776,1.);
#6776 = DIRECTION('',(-1.,0.));
#6777 = ( GEOMETRIC_REPRESENTATION_CONTEXT(2) 
PARAMETRIC_REPRESENTATION_CONTEXT() REPRESENTATION_CONTEXT('2D SPACE',''
  ) );
#6778 = ORIENTED_EDGE('',*,*,#6779,.T.);
#6779 = EDGE_CURVE('',#6752,#6573,#6780,.T.);
#6780 = SURFACE_CURVE('',#6781,(#6785,#6792),.PCURVE_S1.);
#6781 = LINE('',#6782,#6783);
#6782 = CARTESIAN_POINT('',(3.1,-15.8,2.05));
#6783 = VECTOR('',#6784,1.);
#6784 = DIRECTION('',(-0.,1.,-0.));
#6785 = PCURVE('',#6326,#6786);
#6786 = DEFINITIONAL_REPRESENTATION('',(#6787),#6791);
#6787 = LINE('',#6788,#6789);
#6788 = CARTESIAN_POINT('',(0.4,0.8));
#6789 = VECTOR('',#6790,1.);
#6790 = DIRECTION('',(-0.,-1.));
#6791 = ( GEOMETRIC_REPRESENTATION_CONTEXT(2) 
PARAMETRIC_REPRESENTATION_CONTEXT() REPRESENTATION_CONTEXT('2D SPACE',''
  ) );
#6792 = PCURVE('',#6534,#6793);
#6793 = DEFINITIONAL_REPRESENTATION('',(#6794),#6798);
#6794 = LINE('',#6795,#6796);
#6795 = CARTESIAN_POINT('',(-0.,-0.45));
#6796 = VECTOR('',#6797,1.);
#6797 = DIRECTION('',(-1.,-0.));
#6798 = ( GEOMETRIC_REPRESENTATION_CONTEXT(2) 
PARAMETRIC_REPRESENTATION_CONTEXT() REPRESENTATION_CONTEXT('2D SPACE',''
  ) );
#6799 = ORIENTED_EDGE('',*,*,#6595,.F.);
#6800 = ADVANCED_FACE('',(#6801),#6534,.F.);
#6801 = FACE_BOUND('',#6802,.T.);
#6802 = EDGE_LOOP('',(#6803,#6804,#6825,#6826));
#6803 = ORIENTED_EDGE('',*,*,#6518,.F.);
#6804 = ORIENTED_EDGE('',*,*,#6805,.T.);
#6805 = EDGE_CURVE('',#6486,#6752,#6806,.T.);
#6806 = SURFACE_CURVE('',#6807,(#6811,#6818),.PCURVE_S1.);
#6807 = LINE('',#6808,#6809);
#6808 = CARTESIAN_POINT('',(3.1,-15.736,1.6));
#6809 = VECTOR('',#6810,1.);
#6810 = DIRECTION('',(-0.,-0.,1.));
#6811 = PCURVE('',#6534,#6812);
#6812 = DEFINITIONAL_REPRESENTATION('',(#6813),#6817);
#6813 = LINE('',#6814,#6815);
#6814 = CARTESIAN_POINT('',(-6.4E-02,0.));
#6815 = VECTOR('',#6816,1.);
#6816 = DIRECTION('',(-0.,-1.));
#6817 = ( GEOMETRIC_REPRESENTATION_CONTEXT(2) 
PARAMETRIC_REPRESENTATION_CONTEXT() REPRESENTATION_CONTEXT('2D SPACE',''
  ) );
#6818 = PCURVE('',#6506,#6819);
#6819 = DEFINITIONAL_REPRESENTATION('',(#6820),#6824);
#6820 = LINE('',#6821,#6822);
#6821 = CARTESIAN_POINT('',(-1.570796326795,0.));
#6822 = VECTOR('',#6823,1.);
#6823 = DIRECTION('',(-0.,1.));
#6824 = ( GEOMETRIC_REPRESENTATION_CONTEXT(2) 
PARAMETRIC_REPRESENTATION_CONTEXT() REPRESENTATION_CONTEXT('2D SPACE',''
  ) );
#6825 = ORIENTED_EDGE('',*,*,#6779,.T.);
#6826 = ORIENTED_EDGE('',*,*,#6572,.F.);
#6827 = ADVANCED_FACE('',(#6828),#6412,.F.);
#6828 = FACE_BOUND('',#6829,.T.);
#6829 = EDGE_LOOP('',(#6830,#6831,#6832,#6833));
#6830 = ORIENTED_EDGE('',*,*,#6396,.F.);
#6831 = ORIENTED_EDGE('',*,*,#6622,.T.);
#6832 = ORIENTED_EDGE('',*,*,#6677,.T.);
#6833 = ORIENTED_EDGE('',*,*,#6834,.F.);
#6834 = EDGE_CURVE('',#6397,#6678,#6835,.T.);
#6835 = SURFACE_CURVE('',#6836,(#6840,#6847),.PCURVE_S1.);
#6836 = LINE('',#6837,#6838);
#6837 = CARTESIAN_POINT('',(3.9,-15.736,1.6));
#6838 = VECTOR('',#6839,1.);
#6839 = DIRECTION('',(-0.,-0.,1.));
#6840 = PCURVE('',#6412,#6841);
#6841 = DEFINITIONAL_REPRESENTATION('',(#6842),#6846);
#6842 = LINE('',#6843,#6844);
#6843 = CARTESIAN_POINT('',(-1.536,0.));
#6844 = VECTOR('',#6845,1.);
#6845 = DIRECTION('',(-0.,-1.));
#6846 = ( GEOMETRIC_REPRESENTATION_CONTEXT(2) 
PARAMETRIC_REPRESENTATION_CONTEXT() REPRESENTATION_CONTEXT('2D SPACE',''
  ) );
#6847 = PCURVE('',#6445,#6848);
#6848 = DEFINITIONAL_REPRESENTATION('',(#6849),#6853);
#6849 = LINE('',#6850,#6851);
#6850 = CARTESIAN_POINT('',(-0.,0.));
#6851 = VECTOR('',#6852,1.);
#6852 = DIRECTION('',(-0.,1.));
#6853 = ( GEOMETRIC_REPRESENTATION_CONTEXT(2) 
PARAMETRIC_REPRESENTATION_CONTEXT() REPRESENTATION_CONTEXT('2D SPACE',''
  ) );
#6854 = ADVANCED_FACE('',(#6855),#6506,.T.);
#6855 = FACE_BOUND('',#6856,.F.);
#6856 = EDGE_LOOP('',(#6857,#6858,#6859,#6860));
#6857 = ORIENTED_EDGE('',*,*,#6485,.T.);
#6858 = ORIENTED_EDGE('',*,*,#6805,.T.);
#6859 = ORIENTED_EDGE('',*,*,#6751,.F.);
#6860 = ORIENTED_EDGE('',*,*,#6861,.F.);
#6861 = EDGE_CURVE('',#6458,#6729,#6862,.T.);
#6862 = SURFACE_CURVE('',#6863,(#6867,#6874),.PCURVE_S1.);
#6863 = LINE('',#6864,#6865);
#6864 = CARTESIAN_POINT('',(3.164,-15.8,1.6));
#6865 = VECTOR('',#6866,1.);
#6866 = DIRECTION('',(-0.,-0.,1.));
#6867 = PCURVE('',#6506,#6868);
#6868 = DEFINITIONAL_REPRESENTATION('',(#6869),#6873);
#6869 = LINE('',#6870,#6871);
#6870 = CARTESIAN_POINT('',(-0.,0.));
#6871 = VECTOR('',#6872,1.);
#6872 = DIRECTION('',(-0.,1.));
#6873 = ( GEOMETRIC_REPRESENTATION_CONTEXT(2) 
PARAMETRIC_REPRESENTATION_CONTEXT() REPRESENTATION_CONTEXT('2D SPACE',''
  ) );
#6874 = PCURVE('',#6473,#6875);
#6875 = DEFINITIONAL_REPRESENTATION('',(#6876),#6880);
#6876 = LINE('',#6877,#6878);
#6877 = CARTESIAN_POINT('',(-0.736,0.));
#6878 = VECTOR('',#6879,1.);
#6879 = DIRECTION('',(-0.,-1.));
#6880 = ( GEOMETRIC_REPRESENTATION_CONTEXT(2) 
PARAMETRIC_REPRESENTATION_CONTEXT() REPRESENTATION_CONTEXT('2D SPACE',''
  ) );
#6881 = ADVANCED_FACE('',(#6882),#6445,.T.);
#6882 = FACE_BOUND('',#6883,.F.);
#6883 = EDGE_LOOP('',(#6884,#6885,#6906,#6907));
#6884 = ORIENTED_EDGE('',*,*,#6424,.T.);
#6885 = ORIENTED_EDGE('',*,*,#6886,.T.);
#6886 = EDGE_CURVE('',#6425,#6701,#6887,.T.);
#6887 = SURFACE_CURVE('',#6888,(#6892,#6899),.PCURVE_S1.);
#6888 = LINE('',#6889,#6890);
#6889 = CARTESIAN_POINT('',(3.836,-15.8,1.6));
#6890 = VECTOR('',#6891,1.);
#6891 = DIRECTION('',(-0.,-0.,1.));
#6892 = PCURVE('',#6445,#6893);
#6893 = DEFINITIONAL_REPRESENTATION('',(#6894),#6898);
#6894 = LINE('',#6895,#6896);
#6895 = CARTESIAN_POINT('',(-1.570796326795,0.));
#6896 = VECTOR('',#6897,1.);
#6897 = DIRECTION('',(-0.,1.));
#6898 = ( GEOMETRIC_REPRESENTATION_CONTEXT(2) 
PARAMETRIC_REPRESENTATION_CONTEXT() REPRESENTATION_CONTEXT('2D SPACE',''
  ) );
#6899 = PCURVE('',#6473,#6900);
#6900 = DEFINITIONAL_REPRESENTATION('',(#6901),#6905);
#6901 = LINE('',#6902,#6903);
#6902 = CARTESIAN_POINT('',(-6.4E-02,0.));
#6903 = VECTOR('',#6904,1.);
#6904 = DIRECTION('',(-0.,-1.));
#6905 = ( GEOMETRIC_REPRESENTATION_CONTEXT(2) 
PARAMETRIC_REPRESENTATION_CONTEXT() REPRESENTATION_CONTEXT('2D SPACE',''
  ) );
#6906 = ORIENTED_EDGE('',*,*,#6700,.F.);
#6907 = ORIENTED_EDGE('',*,*,#6834,.F.);
#6908 = ADVANCED_FACE('',(#6909),#6473,.F.);
#6909 = FACE_BOUND('',#6910,.T.);
#6910 = EDGE_LOOP('',(#6911,#6912,#6913,#6914));
#6911 = ORIENTED_EDGE('',*,*,#6457,.F.);
#6912 = ORIENTED_EDGE('',*,*,#6886,.T.);
#6913 = ORIENTED_EDGE('',*,*,#6728,.T.);
#6914 = ORIENTED_EDGE('',*,*,#6861,.F.);
#6915 = ( GEOMETRIC_REPRESENTATION_CONTEXT(3) 
GLOBAL_UNCERTAINTY_ASSIGNED_CONTEXT((#6919)) 
GLOBAL_UNIT_ASSIGNED_CONTEXT((#6916,#6917,#6918)) REPRESENTATION_CONTEXT
('Context #1','3D Context with UNIT and UNCERTAINTY') );
#6916 = ( LENGTH_UNIT() NAMED_UNIT(*) SI_UNIT(.MILLI.,.METRE.) );
#6917 = ( NAMED_UNIT(*) PLANE_ANGLE_UNIT() SI_UNIT($,.RADIAN.) );
#6918 = ( NAMED_UNIT(*) SI_UNIT($,.STERADIAN.) SOLID_ANGLE_UNIT() );
#6919 = UNCERTAINTY_MEASURE_WITH_UNIT(LENGTH_MEASURE(1.E-07),#6916,
  'distance_accuracy_value','confusion accuracy');
#6920 = CONTEXT_DEPENDENT_SHAPE_REPRESENTATION(#6921,#6923);
#6921 = ( REPRESENTATION_RELATIONSHIP('','',#6240,#10) 
REPRESENTATION_RELATIONSHIP_WITH_TRANSFORMATION(#6922) 
SHAPE_REPRESENTATION_RELATIONSHIP() );
#6922 = ITEM_DEFINED_TRANSFORMATION('','',#11,#79);
#6923 = PRODUCT_DEFINITION_SHAPE('Placement','Placement of an item',
  #6924);
#6924 = NEXT_ASSEMBLY_USAGE_OCCURRENCE('60','R2','',#5,#6235,$);
#6925 = PRODUCT_RELATED_PRODUCT_CATEGORY('part',$,(#6237));
#6926 = SHAPE_DEFINITION_REPRESENTATION(#6927,#6933);
#6927 = PRODUCT_DEFINITION_SHAPE('','',#6928);
#6928 = PRODUCT_DEFINITION('design','',#6929,#6932);
#6929 = PRODUCT_DEFINITION_FORMATION('','',#6930);
#6930 = PRODUCT('R3','R3','',(#6931));
#6931 = PRODUCT_CONTEXT('',#2,'mechanical');
#6932 = PRODUCT_DEFINITION_CONTEXT('part definition',#2,'design');
#6933 = ADVANCED_BREP_SHAPE_REPRESENTATION('',(#11,#6934),#7608);
#6934 = MANIFOLD_SOLID_BREP('',#6935);
#6935 = CLOSED_SHELL('',(#6936,#7056,#7260,#7310,#7364,#7493,#7520,#7547
    ,#7574,#7601));
#6936 = ADVANCED_FACE('',(#6937),#6951,.F.);
#6937 = FACE_BOUND('',#6938,.T.);
#6938 = EDGE_LOOP('',(#6939,#6974,#7002,#7030));
#6939 = ORIENTED_EDGE('',*,*,#6940,.F.);
#6940 = EDGE_CURVE('',#6941,#6943,#6945,.T.);
#6941 = VERTEX_POINT('',#6942);
#6942 = CARTESIAN_POINT('',(3.164,-16.2,1.6));
#6943 = VERTEX_POINT('',#6944);
#6944 = CARTESIAN_POINT('',(3.836,-16.2,1.6));
#6945 = SURFACE_CURVE('',#6946,(#6950,#6962),.PCURVE_S1.);
#6946 = LINE('',#6947,#6948);
#6947 = CARTESIAN_POINT('',(3.1,-16.2,1.6));
#6948 = VECTOR('',#6949,1.);
#6949 = DIRECTION('',(1.,-0.,-0.));
#6950 = PCURVE('',#6951,#6956);
#6951 = PLANE('',#6952);
#6952 = AXIS2_PLACEMENT_3D('',#6953,#6954,#6955);
#6953 = CARTESIAN_POINT('',(3.1,-16.2,1.6));
#6954 = DIRECTION('',(-0.,-1.,-0.));
#6955 = DIRECTION('',(-1.,0.,0.));
#6956 = DEFINITIONAL_REPRESENTATION('',(#6957),#6961);
#6957 = LINE('',#6958,#6959);
#6958 = CARTESIAN_POINT('',(-0.,-0.));
#6959 = VECTOR('',#6960,1.);
#6960 = DIRECTION('',(-1.,-0.));
#6961 = ( GEOMETRIC_REPRESENTATION_CONTEXT(2) 
PARAMETRIC_REPRESENTATION_CONTEXT() REPRESENTATION_CONTEXT('2D SPACE',''
  ) );
#6962 = PCURVE('',#6963,#6968);
#6963 = PLANE('',#6964);
#6964 = AXIS2_PLACEMENT_3D('',#6965,#6966,#6967);
#6965 = CARTESIAN_POINT('',(3.5,-17.,1.6));
#6966 = DIRECTION('',(-0.,-0.,1.));
#6967 = DIRECTION('',(-1.,0.,0.));
#6968 = DEFINITIONAL_REPRESENTATION('',(#6969),#6973);
#6969 = LINE('',#6970,#6971);
#6970 = CARTESIAN_POINT('',(0.4,-0.8));
#6971 = VECTOR('',#6972,1.);
#6972 = DIRECTION('',(-1.,0.));
#6973 = ( GEOMETRIC_REPRESENTATION_CONTEXT(2) 
PARAMETRIC_REPRESENTATION_CONTEXT() REPRESENTATION_CONTEXT('2D SPACE',''
  ) );
#6974 = ORIENTED_EDGE('',*,*,#6975,.T.);
#6975 = EDGE_CURVE('',#6941,#6976,#6978,.T.);
#6976 = VERTEX_POINT('',#6977);
#6977 = CARTESIAN_POINT('',(3.164,-16.2,2.05));
#6978 = SURFACE_CURVE('',#6979,(#6983,#6990),.PCURVE_S1.);
#6979 = LINE('',#6980,#6981);
#6980 = CARTESIAN_POINT('',(3.164,-16.2,1.6));
#6981 = VECTOR('',#6982,1.);
#6982 = DIRECTION('',(-0.,-0.,1.));
#6983 = PCURVE('',#6951,#6984);
#6984 = DEFINITIONAL_REPRESENTATION('',(#6985),#6989);
#6985 = LINE('',#6986,#6987);
#6986 = CARTESIAN_POINT('',(-6.4E-02,-0.));
#6987 = VECTOR('',#6988,1.);
#6988 = DIRECTION('',(-0.,-1.));
#6989 = ( GEOMETRIC_REPRESENTATION_CONTEXT(2) 
PARAMETRIC_REPRESENTATION_CONTEXT() REPRESENTATION_CONTEXT('2D SPACE',''
  ) );
#6990 = PCURVE('',#6991,#6996);
#6991 = CYLINDRICAL_SURFACE('',#6992,6.4E-02);
#6992 = AXIS2_PLACEMENT_3D('',#6993,#6994,#6995);
#6993 = CARTESIAN_POINT('',(3.164,-16.264,1.6));
#6994 = DIRECTION('',(-0.,-0.,1.));
#6995 = DIRECTION('',(-0.,1.,-0.));
#6996 = DEFINITIONAL_REPRESENTATION('',(#6997),#7001);
#6997 = LINE('',#6998,#6999);
#6998 = CARTESIAN_POINT('',(0.,0.));
#6999 = VECTOR('',#7000,1.);
#7000 = DIRECTION('',(0.,1.));
#7001 = ( GEOMETRIC_REPRESENTATION_CONTEXT(2) 
PARAMETRIC_REPRESENTATION_CONTEXT() REPRESENTATION_CONTEXT('2D SPACE',''
  ) );
#7002 = ORIENTED_EDGE('',*,*,#7003,.T.);
#7003 = EDGE_CURVE('',#6976,#7004,#7006,.T.);
#7004 = VERTEX_POINT('',#7005);
#7005 = CARTESIAN_POINT('',(3.836,-16.2,2.05));
#7006 = SURFACE_CURVE('',#7007,(#7011,#7018),.PCURVE_S1.);
#7007 = LINE('',#7008,#7009);
#7008 = CARTESIAN_POINT('',(3.1,-16.2,2.05));
#7009 = VECTOR('',#7010,1.);
#7010 = DIRECTION('',(1.,-0.,-0.));
#7011 = PCURVE('',#6951,#7012);
#7012 = DEFINITIONAL_REPRESENTATION('',(#7013),#7017);
#7013 = LINE('',#7014,#7015);
#7014 = CARTESIAN_POINT('',(-0.,-0.45));
#7015 = VECTOR('',#7016,1.);
#7016 = DIRECTION('',(-1.,-0.));
#7017 = ( GEOMETRIC_REPRESENTATION_CONTEXT(2) 
PARAMETRIC_REPRESENTATION_CONTEXT() REPRESENTATION_CONTEXT('2D SPACE',''
  ) );
#7018 = PCURVE('',#7019,#7024);
#7019 = PLANE('',#7020);
#7020 = AXIS2_PLACEMENT_3D('',#7021,#7022,#7023);
#7021 = CARTESIAN_POINT('',(3.5,-17.,2.05));
#7022 = DIRECTION('',(-0.,-0.,1.));
#7023 = DIRECTION('',(-1.,0.,0.));
#7024 = DEFINITIONAL_REPRESENTATION('',(#7025),#7029);
#7025 = LINE('',#7026,#7027);
#7026 = CARTESIAN_POINT('',(0.4,-0.8));
#7027 = VECTOR('',#7028,1.);
#7028 = DIRECTION('',(-1.,0.));
#7029 = ( GEOMETRIC_REPRESENTATION_CONTEXT(2) 
PARAMETRIC_REPRESENTATION_CONTEXT() REPRESENTATION_CONTEXT('2D SPACE',''
  ) );
#7030 = ORIENTED_EDGE('',*,*,#7031,.F.);
#7031 = EDGE_CURVE('',#6943,#7004,#7032,.T.);
#7032 = SURFACE_CURVE('',#7033,(#7037,#7044),.PCURVE_S1.);
#7033 = LINE('',#7034,#7035);
#7034 = CARTESIAN_POINT('',(3.836,-16.2,1.6));
#7035 = VECTOR('',#7036,1.);
#7036 = DIRECTION('',(-0.,-0.,1.));
#7037 = PCURVE('',#6951,#7038);
#7038 = DEFINITIONAL_REPRESENTATION('',(#7039),#7043);
#7039 = LINE('',#7040,#7041);
#7040 = CARTESIAN_POINT('',(-0.736,-0.));
#7041 = VECTOR('',#7042,1.);
#7042 = DIRECTION('',(-0.,-1.));
#7043 = ( GEOMETRIC_REPRESENTATION_CONTEXT(2) 
PARAMETRIC_REPRESENTATION_CONTEXT() REPRESENTATION_CONTEXT('2D SPACE',''
  ) );
#7044 = PCURVE('',#7045,#7050);
#7045 = CYLINDRICAL_SURFACE('',#7046,6.4E-02);
#7046 = AXIS2_PLACEMENT_3D('',#7047,#7048,#7049);
#7047 = CARTESIAN_POINT('',(3.836,-16.264,1.6));
#7048 = DIRECTION('',(-0.,-0.,1.));
#7049 = DIRECTION('',(-0.,1.,-0.));
#7050 = DEFINITIONAL_REPRESENTATION('',(#7051),#7055);
#7051 = LINE('',#7052,#7053);
#7052 = CARTESIAN_POINT('',(-0.,0.));
#7053 = VECTOR('',#7054,1.);
#7054 = DIRECTION('',(-0.,1.));
#7055 = ( GEOMETRIC_REPRESENTATION_CONTEXT(2) 
PARAMETRIC_REPRESENTATION_CONTEXT() REPRESENTATION_CONTEXT('2D SPACE',''
  ) );
#7056 = ADVANCED_FACE('',(#7057),#6963,.F.);
#7057 = FACE_BOUND('',#7058,.T.);
#7058 = EDGE_LOOP('',(#7059,#7060,#7088,#7116,#7149,#7177,#7210,#7238));
#7059 = ORIENTED_EDGE('',*,*,#6940,.T.);
#7060 = ORIENTED_EDGE('',*,*,#7061,.T.);
#7061 = EDGE_CURVE('',#6943,#7062,#7064,.T.);
#7062 = VERTEX_POINT('',#7063);
#7063 = CARTESIAN_POINT('',(3.9,-16.264,1.6));
#7064 = SURFACE_CURVE('',#7065,(#7070,#7081),.PCURVE_S1.);
#7065 = CIRCLE('',#7066,6.4E-02);
#7066 = AXIS2_PLACEMENT_3D('',#7067,#7068,#7069);
#7067 = CARTESIAN_POINT('',(3.836,-16.264,1.6));
#7068 = DIRECTION('',(-0.,-0.,-1.));
#7069 = DIRECTION('',(-0.,1.,-0.));
#7070 = PCURVE('',#6963,#7071);
#7071 = DEFINITIONAL_REPRESENTATION('',(#7072),#7080);
#7072 = ( BOUNDED_CURVE() B_SPLINE_CURVE(2,(#7073,#7074,#7075,#7076,
#7077,#7078,#7079),.UNSPECIFIED.,.T.,.F.) B_SPLINE_CURVE_WITH_KNOTS((1,2
    ,2,2,2,1),(-2.094395102393,0.,2.094395102393,4.188790204786,
6.28318530718,8.377580409573),.UNSPECIFIED.) CURVE() 
GEOMETRIC_REPRESENTATION_ITEM() RATIONAL_B_SPLINE_CURVE((1.,0.5,1.,0.5,
1.,0.5,1.)) REPRESENTATION_ITEM('') );
#7073 = CARTESIAN_POINT('',(-0.336,-0.8));
#7074 = CARTESIAN_POINT('',(-0.446851251684,-0.8));
#7075 = CARTESIAN_POINT('',(-0.391425625842,-0.704));
#7076 = CARTESIAN_POINT('',(-0.336,-0.608));
#7077 = CARTESIAN_POINT('',(-0.280574374158,-0.704));
#7078 = CARTESIAN_POINT('',(-0.225148748316,-0.8));
#7079 = CARTESIAN_POINT('',(-0.336,-0.8));
#7080 = ( GEOMETRIC_REPRESENTATION_CONTEXT(2) 
PARAMETRIC_REPRESENTATION_CONTEXT() REPRESENTATION_CONTEXT('2D SPACE',''
  ) );
#7081 = PCURVE('',#7045,#7082);
#7082 = DEFINITIONAL_REPRESENTATION('',(#7083),#7087);
#7083 = LINE('',#7084,#7085);
#7084 = CARTESIAN_POINT('',(-0.,0.));
#7085 = VECTOR('',#7086,1.);
#7086 = DIRECTION('',(-1.,0.));
#7087 = ( GEOMETRIC_REPRESENTATION_CONTEXT(2) 
PARAMETRIC_REPRESENTATION_CONTEXT() REPRESENTATION_CONTEXT('2D SPACE',''
  ) );
#7088 = ORIENTED_EDGE('',*,*,#7089,.T.);
#7089 = EDGE_CURVE('',#7062,#7090,#7092,.T.);
#7090 = VERTEX_POINT('',#7091);
#7091 = CARTESIAN_POINT('',(3.9,-17.736,1.6));
#7092 = SURFACE_CURVE('',#7093,(#7097,#7104),.PCURVE_S1.);
#7093 = LINE('',#7094,#7095);
#7094 = CARTESIAN_POINT('',(3.9,-16.2,1.6));
#7095 = VECTOR('',#7096,1.);
#7096 = DIRECTION('',(-0.,-1.,-0.));
#7097 = PCURVE('',#6963,#7098);
#7098 = DEFINITIONAL_REPRESENTATION('',(#7099),#7103);
#7099 = LINE('',#7100,#7101);
#7100 = CARTESIAN_POINT('',(-0.4,-0.8));
#7101 = VECTOR('',#7102,1.);
#7102 = DIRECTION('',(-0.,1.));
#7103 = ( GEOMETRIC_REPRESENTATION_CONTEXT(2) 
PARAMETRIC_REPRESENTATION_CONTEXT() REPRESENTATION_CONTEXT('2D SPACE',''
  ) );
#7104 = PCURVE('',#7105,#7110);
#7105 = PLANE('',#7106);
#7106 = AXIS2_PLACEMENT_3D('',#7107,#7108,#7109);
#7107 = CARTESIAN_POINT('',(3.9,-16.2,1.6));
#7108 = DIRECTION('',(-1.,-0.,-0.));
#7109 = DIRECTION('',(0.,1.,0.));
#7110 = DEFINITIONAL_REPRESENTATION('',(#7111),#7115);
#7111 = LINE('',#7112,#7113);
#7112 = CARTESIAN_POINT('',(-0.,-0.));
#7113 = VECTOR('',#7114,1.);
#7114 = DIRECTION('',(-1.,0.));
#7115 = ( GEOMETRIC_REPRESENTATION_CONTEXT(2) 
PARAMETRIC_REPRESENTATION_CONTEXT() REPRESENTATION_CONTEXT('2D SPACE',''
  ) );
#7116 = ORIENTED_EDGE('',*,*,#7117,.T.);
#7117 = EDGE_CURVE('',#7090,#7118,#7120,.T.);
#7118 = VERTEX_POINT('',#7119);
#7119 = CARTESIAN_POINT('',(3.836,-17.8,1.6));
#7120 = SURFACE_CURVE('',#7121,(#7126,#7137),.PCURVE_S1.);
#7121 = CIRCLE('',#7122,6.4E-02);
#7122 = AXIS2_PLACEMENT_3D('',#7123,#7124,#7125);
#7123 = CARTESIAN_POINT('',(3.836,-17.736,1.6));
#7124 = DIRECTION('',(-0.,-0.,-1.));
#7125 = DIRECTION('',(-0.,1.,-0.));
#7126 = PCURVE('',#6963,#7127);
#7127 = DEFINITIONAL_REPRESENTATION('',(#7128),#7136);
#7128 = ( BOUNDED_CURVE() B_SPLINE_CURVE(2,(#7129,#7130,#7131,#7132,
#7133,#7134,#7135),.UNSPECIFIED.,.T.,.F.) B_SPLINE_CURVE_WITH_KNOTS((1,2
    ,2,2,2,1),(-2.094395102393,0.,2.094395102393,4.188790204786,
6.28318530718,8.377580409573),.UNSPECIFIED.) CURVE() 
GEOMETRIC_REPRESENTATION_ITEM() RATIONAL_B_SPLINE_CURVE((1.,0.5,1.,0.5,
1.,0.5,1.)) REPRESENTATION_ITEM('') );
#7129 = CARTESIAN_POINT('',(-0.336,0.672));
#7130 = CARTESIAN_POINT('',(-0.446851251684,0.672));
#7131 = CARTESIAN_POINT('',(-0.391425625842,0.768));
#7132 = CARTESIAN_POINT('',(-0.336,0.864));
#7133 = CARTESIAN_POINT('',(-0.280574374158,0.768));
#7134 = CARTESIAN_POINT('',(-0.225148748316,0.672));
#7135 = CARTESIAN_POINT('',(-0.336,0.672));
#7136 = ( GEOMETRIC_REPRESENTATION_CONTEXT(2) 
PARAMETRIC_REPRESENTATION_CONTEXT() REPRESENTATION_CONTEXT('2D SPACE',''
  ) );
#7137 = PCURVE('',#7138,#7143);
#7138 = CYLINDRICAL_SURFACE('',#7139,6.4E-02);
#7139 = AXIS2_PLACEMENT_3D('',#7140,#7141,#7142);
#7140 = CARTESIAN_POINT('',(3.836,-17.736,1.6));
#7141 = DIRECTION('',(-0.,-0.,1.));
#7142 = DIRECTION('',(1.,-0.,-0.));
#7143 = DEFINITIONAL_REPRESENTATION('',(#7144),#7148);
#7144 = LINE('',#7145,#7146);
#7145 = CARTESIAN_POINT('',(1.570796326795,-0.));
#7146 = VECTOR('',#7147,1.);
#7147 = DIRECTION('',(-1.,0.));
#7148 = ( GEOMETRIC_REPRESENTATION_CONTEXT(2) 
PARAMETRIC_REPRESENTATION_CONTEXT() REPRESENTATION_CONTEXT('2D SPACE',''
  ) );
#7149 = ORIENTED_EDGE('',*,*,#7150,.T.);
#7150 = EDGE_CURVE('',#7118,#7151,#7153,.T.);
#7151 = VERTEX_POINT('',#7152);
#7152 = CARTESIAN_POINT('',(3.164,-17.8,1.6));
#7153 = SURFACE_CURVE('',#7154,(#7158,#7165),.PCURVE_S1.);
#7154 = LINE('',#7155,#7156);
#7155 = CARTESIAN_POINT('',(3.9,-17.8,1.6));
#7156 = VECTOR('',#7157,1.);
#7157 = DIRECTION('',(-1.,-0.,-0.));
#7158 = PCURVE('',#6963,#7159);
#7159 = DEFINITIONAL_REPRESENTATION('',(#7160),#7164);
#7160 = LINE('',#7161,#7162);
#7161 = CARTESIAN_POINT('',(-0.4,0.8));
#7162 = VECTOR('',#7163,1.);
#7163 = DIRECTION('',(1.,-0.));
#7164 = ( GEOMETRIC_REPRESENTATION_CONTEXT(2) 
PARAMETRIC_REPRESENTATION_CONTEXT() REPRESENTATION_CONTEXT('2D SPACE',''
  ) );
#7165 = PCURVE('',#7166,#7171);
#7166 = PLANE('',#7167);
#7167 = AXIS2_PLACEMENT_3D('',#7168,#7169,#7170);
#7168 = CARTESIAN_POINT('',(3.9,-17.8,1.6));
#7169 = DIRECTION('',(-0.,1.,-0.));
#7170 = DIRECTION('',(1.,0.,0.));
#7171 = DEFINITIONAL_REPRESENTATION('',(#7172),#7176);
#7172 = LINE('',#7173,#7174);
#7173 = CARTESIAN_POINT('',(0.,-0.));
#7174 = VECTOR('',#7175,1.);
#7175 = DIRECTION('',(-1.,0.));
#7176 = ( GEOMETRIC_REPRESENTATION_CONTEXT(2) 
PARAMETRIC_REPRESENTATION_CONTEXT() REPRESENTATION_CONTEXT('2D SPACE',''
  ) );
#7177 = ORIENTED_EDGE('',*,*,#7178,.T.);
#7178 = EDGE_CURVE('',#7151,#7179,#7181,.T.);
#7179 = VERTEX_POINT('',#7180);
#7180 = CARTESIAN_POINT('',(3.1,-17.736,1.6));
#7181 = SURFACE_CURVE('',#7182,(#7187,#7198),.PCURVE_S1.);
#7182 = CIRCLE('',#7183,6.4E-02);
#7183 = AXIS2_PLACEMENT_3D('',#7184,#7185,#7186);
#7184 = CARTESIAN_POINT('',(3.164,-17.736,1.6));
#7185 = DIRECTION('',(-0.,-0.,-1.));
#7186 = DIRECTION('',(-0.,1.,-0.));
#7187 = PCURVE('',#6963,#7188);
#7188 = DEFINITIONAL_REPRESENTATION('',(#7189),#7197);
#7189 = ( BOUNDED_CURVE() B_SPLINE_CURVE(2,(#7190,#7191,#7192,#7193,
#7194,#7195,#7196),.UNSPECIFIED.,.T.,.F.) B_SPLINE_CURVE_WITH_KNOTS((1,2
    ,2,2,2,1),(-2.094395102393,0.,2.094395102393,4.188790204786,
6.28318530718,8.377580409573),.UNSPECIFIED.) CURVE() 
GEOMETRIC_REPRESENTATION_ITEM() RATIONAL_B_SPLINE_CURVE((1.,0.5,1.,0.5,
1.,0.5,1.)) REPRESENTATION_ITEM('') );
#7190 = CARTESIAN_POINT('',(0.336,0.672));
#7191 = CARTESIAN_POINT('',(0.225148748316,0.672));
#7192 = CARTESIAN_POINT('',(0.280574374158,0.768));
#7193 = CARTESIAN_POINT('',(0.336,0.864));
#7194 = CARTESIAN_POINT('',(0.391425625842,0.768));
#7195 = CARTESIAN_POINT('',(0.446851251684,0.672));
#7196 = CARTESIAN_POINT('',(0.336,0.672));
#7197 = ( GEOMETRIC_REPRESENTATION_CONTEXT(2) 
PARAMETRIC_REPRESENTATION_CONTEXT() REPRESENTATION_CONTEXT('2D SPACE',''
  ) );
#7198 = PCURVE('',#7199,#7204);
#7199 = CYLINDRICAL_SURFACE('',#7200,6.4E-02);
#7200 = AXIS2_PLACEMENT_3D('',#7201,#7202,#7203);
#7201 = CARTESIAN_POINT('',(3.164,-17.736,1.6));
#7202 = DIRECTION('',(-0.,-0.,1.));
#7203 = DIRECTION('',(-0.,-1.,-0.));
#7204 = DEFINITIONAL_REPRESENTATION('',(#7205),#7209);
#7205 = LINE('',#7206,#7207);
#7206 = CARTESIAN_POINT('',(3.14159265359,-0.));
#7207 = VECTOR('',#7208,1.);
#7208 = DIRECTION('',(-1.,0.));
#7209 = ( GEOMETRIC_REPRESENTATION_CONTEXT(2) 
PARAMETRIC_REPRESENTATION_CONTEXT() REPRESENTATION_CONTEXT('2D SPACE',''
  ) );
#7210 = ORIENTED_EDGE('',*,*,#7211,.T.);
#7211 = EDGE_CURVE('',#7179,#7212,#7214,.T.);
#7212 = VERTEX_POINT('',#7213);
#7213 = CARTESIAN_POINT('',(3.1,-16.264,1.6));
#7214 = SURFACE_CURVE('',#7215,(#7219,#7226),.PCURVE_S1.);
#7215 = LINE('',#7216,#7217);
#7216 = CARTESIAN_POINT('',(3.1,-17.8,1.6));
#7217 = VECTOR('',#7218,1.);
#7218 = DIRECTION('',(-0.,1.,-0.));
#7219 = PCURVE('',#6963,#7220);
#7220 = DEFINITIONAL_REPRESENTATION('',(#7221),#7225);
#7221 = LINE('',#7222,#7223);
#7222 = CARTESIAN_POINT('',(0.4,0.8));
#7223 = VECTOR('',#7224,1.);
#7224 = DIRECTION('',(-0.,-1.));
#7225 = ( GEOMETRIC_REPRESENTATION_CONTEXT(2) 
PARAMETRIC_REPRESENTATION_CONTEXT() REPRESENTATION_CONTEXT('2D SPACE',''
  ) );
#7226 = PCURVE('',#7227,#7232);
#7227 = PLANE('',#7228);
#7228 = AXIS2_PLACEMENT_3D('',#7229,#7230,#7231);
#7229 = CARTESIAN_POINT('',(3.1,-17.8,1.6));
#7230 = DIRECTION('',(1.,-0.,-0.));
#7231 = DIRECTION('',(0.,-1.,0.));
#7232 = DEFINITIONAL_REPRESENTATION('',(#7233),#7237);
#7233 = LINE('',#7234,#7235);
#7234 = CARTESIAN_POINT('',(-0.,0.));
#7235 = VECTOR('',#7236,1.);
#7236 = DIRECTION('',(-1.,-0.));
#7237 = ( GEOMETRIC_REPRESENTATION_CONTEXT(2) 
PARAMETRIC_REPRESENTATION_CONTEXT() REPRESENTATION_CONTEXT('2D SPACE',''
  ) );
#7238 = ORIENTED_EDGE('',*,*,#7239,.F.);
#7239 = EDGE_CURVE('',#6941,#7212,#7240,.T.);
#7240 = SURFACE_CURVE('',#7241,(#7246,#7253),.PCURVE_S1.);
#7241 = CIRCLE('',#7242,6.4E-02);
#7242 = AXIS2_PLACEMENT_3D('',#7243,#7244,#7245);
#7243 = CARTESIAN_POINT('',(3.164,-16.264,1.6));
#7244 = DIRECTION('',(-0.,0.,1.));
#7245 = DIRECTION('',(-0.,1.,-0.));
#7246 = PCURVE('',#6963,#7247);
#7247 = DEFINITIONAL_REPRESENTATION('',(#7248),#7252);
#7248 = CIRCLE('',#7249,6.4E-02);
#7249 = AXIS2_PLACEMENT_2D('',#7250,#7251);
#7250 = CARTESIAN_POINT('',(0.336,-0.736));
#7251 = DIRECTION('',(-0.,-1.));
#7252 = ( GEOMETRIC_REPRESENTATION_CONTEXT(2) 
PARAMETRIC_REPRESENTATION_CONTEXT() REPRESENTATION_CONTEXT('2D SPACE',''
  ) );
#7253 = PCURVE('',#6991,#7254);
#7254 = DEFINITIONAL_REPRESENTATION('',(#7255),#7259);
#7255 = LINE('',#7256,#7257);
#7256 = CARTESIAN_POINT('',(0.,0.));
#7257 = VECTOR('',#7258,1.);
#7258 = DIRECTION('',(1.,0.));
#7259 = ( GEOMETRIC_REPRESENTATION_CONTEXT(2) 
PARAMETRIC_REPRESENTATION_CONTEXT() REPRESENTATION_CONTEXT('2D SPACE',''
  ) );
#7260 = ADVANCED_FACE('',(#7261),#6991,.T.);
#7261 = FACE_BOUND('',#7262,.T.);
#7262 = EDGE_LOOP('',(#7263,#7264,#7287,#7309));
#7263 = ORIENTED_EDGE('',*,*,#7239,.T.);
#7264 = ORIENTED_EDGE('',*,*,#7265,.T.);
#7265 = EDGE_CURVE('',#7212,#7266,#7268,.T.);
#7266 = VERTEX_POINT('',#7267);
#7267 = CARTESIAN_POINT('',(3.1,-16.264,2.05));
#7268 = SURFACE_CURVE('',#7269,(#7273,#7280),.PCURVE_S1.);
#7269 = LINE('',#7270,#7271);
#7270 = CARTESIAN_POINT('',(3.1,-16.264,1.6));
#7271 = VECTOR('',#7272,1.);
#7272 = DIRECTION('',(-0.,-0.,1.));
#7273 = PCURVE('',#6991,#7274);
#7274 = DEFINITIONAL_REPRESENTATION('',(#7275),#7279);
#7275 = LINE('',#7276,#7277);
#7276 = CARTESIAN_POINT('',(1.570796326795,0.));
#7277 = VECTOR('',#7278,1.);
#7278 = DIRECTION('',(0.,1.));
#7279 = ( GEOMETRIC_REPRESENTATION_CONTEXT(2) 
PARAMETRIC_REPRESENTATION_CONTEXT() REPRESENTATION_CONTEXT('2D SPACE',''
  ) );
#7280 = PCURVE('',#7227,#7281);
#7281 = DEFINITIONAL_REPRESENTATION('',(#7282),#7286);
#7282 = LINE('',#7283,#7284);
#7283 = CARTESIAN_POINT('',(-1.536,0.));
#7284 = VECTOR('',#7285,1.);
#7285 = DIRECTION('',(-0.,-1.));
#7286 = ( GEOMETRIC_REPRESENTATION_CONTEXT(2) 
PARAMETRIC_REPRESENTATION_CONTEXT() REPRESENTATION_CONTEXT('2D SPACE',''
  ) );
#7287 = ORIENTED_EDGE('',*,*,#7288,.F.);
#7288 = EDGE_CURVE('',#6976,#7266,#7289,.T.);
#7289 = SURFACE_CURVE('',#7290,(#7295,#7302),.PCURVE_S1.);
#7290 = CIRCLE('',#7291,6.4E-02);
#7291 = AXIS2_PLACEMENT_3D('',#7292,#7293,#7294);
#7292 = CARTESIAN_POINT('',(3.164,-16.264,2.05));
#7293 = DIRECTION('',(-0.,0.,1.));
#7294 = DIRECTION('',(-0.,1.,-0.));
#7295 = PCURVE('',#6991,#7296);
#7296 = DEFINITIONAL_REPRESENTATION('',(#7297),#7301);
#7297 = LINE('',#7298,#7299);
#7298 = CARTESIAN_POINT('',(0.,0.45));
#7299 = VECTOR('',#7300,1.);
#7300 = DIRECTION('',(1.,0.));
#7301 = ( GEOMETRIC_REPRESENTATION_CONTEXT(2) 
PARAMETRIC_REPRESENTATION_CONTEXT() REPRESENTATION_CONTEXT('2D SPACE',''
  ) );
#7302 = PCURVE('',#7019,#7303);
#7303 = DEFINITIONAL_REPRESENTATION('',(#7304),#7308);
#7304 = CIRCLE('',#7305,6.4E-02);
#7305 = AXIS2_PLACEMENT_2D('',#7306,#7307);
#7306 = CARTESIAN_POINT('',(0.336,-0.736));
#7307 = DIRECTION('',(-0.,-1.));
#7308 = ( GEOMETRIC_REPRESENTATION_CONTEXT(2) 
PARAMETRIC_REPRESENTATION_CONTEXT() REPRESENTATION_CONTEXT('2D SPACE',''
  ) );
#7309 = ORIENTED_EDGE('',*,*,#6975,.F.);
#7310 = ADVANCED_FACE('',(#7311),#7045,.T.);
#7311 = FACE_BOUND('',#7312,.F.);
#7312 = EDGE_LOOP('',(#7313,#7314,#7337,#7363));
#7313 = ORIENTED_EDGE('',*,*,#7061,.T.);
#7314 = ORIENTED_EDGE('',*,*,#7315,.T.);
#7315 = EDGE_CURVE('',#7062,#7316,#7318,.T.);
#7316 = VERTEX_POINT('',#7317);
#7317 = CARTESIAN_POINT('',(3.9,-16.264,2.05));
#7318 = SURFACE_CURVE('',#7319,(#7323,#7330),.PCURVE_S1.);
#7319 = LINE('',#7320,#7321);
#7320 = CARTESIAN_POINT('',(3.9,-16.264,1.6));
#7321 = VECTOR('',#7322,1.);
#7322 = DIRECTION('',(-0.,-0.,1.));
#7323 = PCURVE('',#7045,#7324);
#7324 = DEFINITIONAL_REPRESENTATION('',(#7325),#7329);
#7325 = LINE('',#7326,#7327);
#7326 = CARTESIAN_POINT('',(-1.570796326795,0.));
#7327 = VECTOR('',#7328,1.);
#7328 = DIRECTION('',(-0.,1.));
#7329 = ( GEOMETRIC_REPRESENTATION_CONTEXT(2) 
PARAMETRIC_REPRESENTATION_CONTEXT() REPRESENTATION_CONTEXT('2D SPACE',''
  ) );
#7330 = PCURVE('',#7105,#7331);
#7331 = DEFINITIONAL_REPRESENTATION('',(#7332),#7336);
#7332 = LINE('',#7333,#7334);
#7333 = CARTESIAN_POINT('',(-6.4E-02,0.));
#7334 = VECTOR('',#7335,1.);
#7335 = DIRECTION('',(-0.,-1.));
#7336 = ( GEOMETRIC_REPRESENTATION_CONTEXT(2) 
PARAMETRIC_REPRESENTATION_CONTEXT() REPRESENTATION_CONTEXT('2D SPACE',''
  ) );
#7337 = ORIENTED_EDGE('',*,*,#7338,.F.);
#7338 = EDGE_CURVE('',#7004,#7316,#7339,.T.);
#7339 = SURFACE_CURVE('',#7340,(#7345,#7352),.PCURVE_S1.);
#7340 = CIRCLE('',#7341,6.4E-02);
#7341 = AXIS2_PLACEMENT_3D('',#7342,#7343,#7344);
#7342 = CARTESIAN_POINT('',(3.836,-16.264,2.05));
#7343 = DIRECTION('',(-0.,-0.,-1.));
#7344 = DIRECTION('',(-0.,1.,-0.));
#7345 = PCURVE('',#7045,#7346);
#7346 = DEFINITIONAL_REPRESENTATION('',(#7347),#7351);
#7347 = LINE('',#7348,#7349);
#7348 = CARTESIAN_POINT('',(-0.,0.45));
#7349 = VECTOR('',#7350,1.);
#7350 = DIRECTION('',(-1.,0.));
#7351 = ( GEOMETRIC_REPRESENTATION_CONTEXT(2) 
PARAMETRIC_REPRESENTATION_CONTEXT() REPRESENTATION_CONTEXT('2D SPACE',''
  ) );
#7352 = PCURVE('',#7019,#7353);
#7353 = DEFINITIONAL_REPRESENTATION('',(#7354),#7362);
#7354 = ( BOUNDED_CURVE() B_SPLINE_CURVE(2,(#7355,#7356,#7357,#7358,
#7359,#7360,#7361),.UNSPECIFIED.,.T.,.F.) B_SPLINE_CURVE_WITH_KNOTS((1,2
    ,2,2,2,1),(-2.094395102393,0.,2.094395102393,4.188790204786,
6.28318530718,8.377580409573),.UNSPECIFIED.) CURVE() 
GEOMETRIC_REPRESENTATION_ITEM() RATIONAL_B_SPLINE_CURVE((1.,0.5,1.,0.5,
1.,0.5,1.)) REPRESENTATION_ITEM('') );
#7355 = CARTESIAN_POINT('',(-0.336,-0.8));
#7356 = CARTESIAN_POINT('',(-0.446851251684,-0.8));
#7357 = CARTESIAN_POINT('',(-0.391425625842,-0.704));
#7358 = CARTESIAN_POINT('',(-0.336,-0.608));
#7359 = CARTESIAN_POINT('',(-0.280574374158,-0.704));
#7360 = CARTESIAN_POINT('',(-0.225148748316,-0.8));
#7361 = CARTESIAN_POINT('',(-0.336,-0.8));
#7362 = ( GEOMETRIC_REPRESENTATION_CONTEXT(2) 
PARAMETRIC_REPRESENTATION_CONTEXT() REPRESENTATION_CONTEXT('2D SPACE',''
  ) );
#7363 = ORIENTED_EDGE('',*,*,#7031,.F.);
#7364 = ADVANCED_FACE('',(#7365),#7019,.T.);
#7365 = FACE_BOUND('',#7366,.F.);
#7366 = EDGE_LOOP('',(#7367,#7368,#7369,#7392,#7420,#7443,#7471,#7492));
#7367 = ORIENTED_EDGE('',*,*,#7003,.T.);
#7368 = ORIENTED_EDGE('',*,*,#7338,.T.);
#7369 = ORIENTED_EDGE('',*,*,#7370,.T.);
#7370 = EDGE_CURVE('',#7316,#7371,#7373,.T.);
#7371 = VERTEX_POINT('',#7372);
#7372 = CARTESIAN_POINT('',(3.9,-17.736,2.05));
#7373 = SURFACE_CURVE('',#7374,(#7378,#7385),.PCURVE_S1.);
#7374 = LINE('',#7375,#7376);
#7375 = CARTESIAN_POINT('',(3.9,-16.2,2.05));
#7376 = VECTOR('',#7377,1.);
#7377 = DIRECTION('',(-0.,-1.,-0.));
#7378 = PCURVE('',#7019,#7379);
#7379 = DEFINITIONAL_REPRESENTATION('',(#7380),#7384);
#7380 = LINE('',#7381,#7382);
#7381 = CARTESIAN_POINT('',(-0.4,-0.8));
#7382 = VECTOR('',#7383,1.);
#7383 = DIRECTION('',(-0.,1.));
#7384 = ( GEOMETRIC_REPRESENTATION_CONTEXT(2) 
PARAMETRIC_REPRESENTATION_CONTEXT() REPRESENTATION_CONTEXT('2D SPACE',''
  ) );
#7385 = PCURVE('',#7105,#7386);
#7386 = DEFINITIONAL_REPRESENTATION('',(#7387),#7391);
#7387 = LINE('',#7388,#7389);
#7388 = CARTESIAN_POINT('',(-0.,-0.45));
#7389 = VECTOR('',#7390,1.);
#7390 = DIRECTION('',(-1.,0.));
#7391 = ( GEOMETRIC_REPRESENTATION_CONTEXT(2) 
PARAMETRIC_REPRESENTATION_CONTEXT() REPRESENTATION_CONTEXT('2D SPACE',''
  ) );
#7392 = ORIENTED_EDGE('',*,*,#7393,.T.);
#7393 = EDGE_CURVE('',#7371,#7394,#7396,.T.);
#7394 = VERTEX_POINT('',#7395);
#7395 = CARTESIAN_POINT('',(3.836,-17.8,2.05));
#7396 = SURFACE_CURVE('',#7397,(#7402,#7413),.PCURVE_S1.);
#7397 = CIRCLE('',#7398,6.4E-02);
#7398 = AXIS2_PLACEMENT_3D('',#7399,#7400,#7401);
#7399 = CARTESIAN_POINT('',(3.836,-17.736,2.05));
#7400 = DIRECTION('',(-0.,-0.,-1.));
#7401 = DIRECTION('',(-0.,1.,-0.));
#7402 = PCURVE('',#7019,#7403);
#7403 = DEFINITIONAL_REPRESENTATION('',(#7404),#7412);
#7404 = ( BOUNDED_CURVE() B_SPLINE_CURVE(2,(#7405,#7406,#7407,#7408,
#7409,#7410,#7411),.UNSPECIFIED.,.T.,.F.) B_SPLINE_CURVE_WITH_KNOTS((1,2
    ,2,2,2,1),(-2.094395102393,0.,2.094395102393,4.188790204786,
6.28318530718,8.377580409573),.UNSPECIFIED.) CURVE() 
GEOMETRIC_REPRESENTATION_ITEM() RATIONAL_B_SPLINE_CURVE((1.,0.5,1.,0.5,
1.,0.5,1.)) REPRESENTATION_ITEM('') );
#7405 = CARTESIAN_POINT('',(-0.336,0.672));
#7406 = CARTESIAN_POINT('',(-0.446851251684,0.672));
#7407 = CARTESIAN_POINT('',(-0.391425625842,0.768));
#7408 = CARTESIAN_POINT('',(-0.336,0.864));
#7409 = CARTESIAN_POINT('',(-0.280574374158,0.768));
#7410 = CARTESIAN_POINT('',(-0.225148748316,0.672));
#7411 = CARTESIAN_POINT('',(-0.336,0.672));
#7412 = ( GEOMETRIC_REPRESENTATION_CONTEXT(2) 
PARAMETRIC_REPRESENTATION_CONTEXT() REPRESENTATION_CONTEXT('2D SPACE',''
  ) );
#7413 = PCURVE('',#7138,#7414);
#7414 = DEFINITIONAL_REPRESENTATION('',(#7415),#7419);
#7415 = LINE('',#7416,#7417);
#7416 = CARTESIAN_POINT('',(1.570796326795,0.45));
#7417 = VECTOR('',#7418,1.);
#7418 = DIRECTION('',(-1.,0.));
#7419 = ( GEOMETRIC_REPRESENTATION_CONTEXT(2) 
PARAMETRIC_REPRESENTATION_CONTEXT() REPRESENTATION_CONTEXT('2D SPACE',''
  ) );
#7420 = ORIENTED_EDGE('',*,*,#7421,.T.);
#7421 = EDGE_CURVE('',#7394,#7422,#7424,.T.);
#7422 = VERTEX_POINT('',#7423);
#7423 = CARTESIAN_POINT('',(3.164,-17.8,2.05));
#7424 = SURFACE_CURVE('',#7425,(#7429,#7436),.PCURVE_S1.);
#7425 = LINE('',#7426,#7427);
#7426 = CARTESIAN_POINT('',(3.9,-17.8,2.05));
#7427 = VECTOR('',#7428,1.);
#7428 = DIRECTION('',(-1.,-0.,-0.));
#7429 = PCURVE('',#7019,#7430);
#7430 = DEFINITIONAL_REPRESENTATION('',(#7431),#7435);
#7431 = LINE('',#7432,#7433);
#7432 = CARTESIAN_POINT('',(-0.4,0.8));
#7433 = VECTOR('',#7434,1.);
#7434 = DIRECTION('',(1.,-0.));
#7435 = ( GEOMETRIC_REPRESENTATION_CONTEXT(2) 
PARAMETRIC_REPRESENTATION_CONTEXT() REPRESENTATION_CONTEXT('2D SPACE',''
  ) );
#7436 = PCURVE('',#7166,#7437);
#7437 = DEFINITIONAL_REPRESENTATION('',(#7438),#7442);
#7438 = LINE('',#7439,#7440);
#7439 = CARTESIAN_POINT('',(-0.,-0.45));
#7440 = VECTOR('',#7441,1.);
#7441 = DIRECTION('',(-1.,0.));
#7442 = ( GEOMETRIC_REPRESENTATION_CONTEXT(2) 
PARAMETRIC_REPRESENTATION_CONTEXT() REPRESENTATION_CONTEXT('2D SPACE',''
  ) );
#7443 = ORIENTED_EDGE('',*,*,#7444,.T.);
#7444 = EDGE_CURVE('',#7422,#7445,#7447,.T.);
#7445 = VERTEX_POINT('',#7446);
#7446 = CARTESIAN_POINT('',(3.1,-17.736,2.05));
#7447 = SURFACE_CURVE('',#7448,(#7453,#7464),.PCURVE_S1.);
#7448 = CIRCLE('',#7449,6.4E-02);
#7449 = AXIS2_PLACEMENT_3D('',#7450,#7451,#7452);
#7450 = CARTESIAN_POINT('',(3.164,-17.736,2.05));
#7451 = DIRECTION('',(-0.,-0.,-1.));
#7452 = DIRECTION('',(-0.,1.,-0.));
#7453 = PCURVE('',#7019,#7454);
#7454 = DEFINITIONAL_REPRESENTATION('',(#7455),#7463);
#7455 = ( BOUNDED_CURVE() B_SPLINE_CURVE(2,(#7456,#7457,#7458,#7459,
#7460,#7461,#7462),.UNSPECIFIED.,.T.,.F.) B_SPLINE_CURVE_WITH_KNOTS((1,2
    ,2,2,2,1),(-2.094395102393,0.,2.094395102393,4.188790204786,
6.28318530718,8.377580409573),.UNSPECIFIED.) CURVE() 
GEOMETRIC_REPRESENTATION_ITEM() RATIONAL_B_SPLINE_CURVE((1.,0.5,1.,0.5,
1.,0.5,1.)) REPRESENTATION_ITEM('') );
#7456 = CARTESIAN_POINT('',(0.336,0.672));
#7457 = CARTESIAN_POINT('',(0.225148748316,0.672));
#7458 = CARTESIAN_POINT('',(0.280574374158,0.768));
#7459 = CARTESIAN_POINT('',(0.336,0.864));
#7460 = CARTESIAN_POINT('',(0.391425625842,0.768));
#7461 = CARTESIAN_POINT('',(0.446851251684,0.672));
#7462 = CARTESIAN_POINT('',(0.336,0.672));
#7463 = ( GEOMETRIC_REPRESENTATION_CONTEXT(2) 
PARAMETRIC_REPRESENTATION_CONTEXT() REPRESENTATION_CONTEXT('2D SPACE',''
  ) );
#7464 = PCURVE('',#7199,#7465);
#7465 = DEFINITIONAL_REPRESENTATION('',(#7466),#7470);
#7466 = LINE('',#7467,#7468);
#7467 = CARTESIAN_POINT('',(3.14159265359,0.45));
#7468 = VECTOR('',#7469,1.);
#7469 = DIRECTION('',(-1.,0.));
#7470 = ( GEOMETRIC_REPRESENTATION_CONTEXT(2) 
PARAMETRIC_REPRESENTATION_CONTEXT() REPRESENTATION_CONTEXT('2D SPACE',''
  ) );
#7471 = ORIENTED_EDGE('',*,*,#7472,.T.);
#7472 = EDGE_CURVE('',#7445,#7266,#7473,.T.);
#7473 = SURFACE_CURVE('',#7474,(#7478,#7485),.PCURVE_S1.);
#7474 = LINE('',#7475,#7476);
#7475 = CARTESIAN_POINT('',(3.1,-17.8,2.05));
#7476 = VECTOR('',#7477,1.);
#7477 = DIRECTION('',(-0.,1.,-0.));
#7478 = PCURVE('',#7019,#7479);
#7479 = DEFINITIONAL_REPRESENTATION('',(#7480),#7484);
#7480 = LINE('',#7481,#7482);
#7481 = CARTESIAN_POINT('',(0.4,0.8));
#7482 = VECTOR('',#7483,1.);
#7483 = DIRECTION('',(-0.,-1.));
#7484 = ( GEOMETRIC_REPRESENTATION_CONTEXT(2) 
PARAMETRIC_REPRESENTATION_CONTEXT() REPRESENTATION_CONTEXT('2D SPACE',''
  ) );
#7485 = PCURVE('',#7227,#7486);
#7486 = DEFINITIONAL_REPRESENTATION('',(#7487),#7491);
#7487 = LINE('',#7488,#7489);
#7488 = CARTESIAN_POINT('',(-0.,-0.45));
#7489 = VECTOR('',#7490,1.);
#7490 = DIRECTION('',(-1.,-0.));
#7491 = ( GEOMETRIC_REPRESENTATION_CONTEXT(2) 
PARAMETRIC_REPRESENTATION_CONTEXT() REPRESENTATION_CONTEXT('2D SPACE',''
  ) );
#7492 = ORIENTED_EDGE('',*,*,#7288,.F.);
#7493 = ADVANCED_FACE('',(#7494),#7227,.F.);
#7494 = FACE_BOUND('',#7495,.T.);
#7495 = EDGE_LOOP('',(#7496,#7497,#7518,#7519));
#7496 = ORIENTED_EDGE('',*,*,#7211,.F.);
#7497 = ORIENTED_EDGE('',*,*,#7498,.T.);
#7498 = EDGE_CURVE('',#7179,#7445,#7499,.T.);
#7499 = SURFACE_CURVE('',#7500,(#7504,#7511),.PCURVE_S1.);
#7500 = LINE('',#7501,#7502);
#7501 = CARTESIAN_POINT('',(3.1,-17.736,1.6));
#7502 = VECTOR('',#7503,1.);
#7503 = DIRECTION('',(-0.,-0.,1.));
#7504 = PCURVE('',#7227,#7505);
#7505 = DEFINITIONAL_REPRESENTATION('',(#7506),#7510);
#7506 = LINE('',#7507,#7508);
#7507 = CARTESIAN_POINT('',(-6.4E-02,0.));
#7508 = VECTOR('',#7509,1.);
#7509 = DIRECTION('',(-0.,-1.));
#7510 = ( GEOMETRIC_REPRESENTATION_CONTEXT(2) 
PARAMETRIC_REPRESENTATION_CONTEXT() REPRESENTATION_CONTEXT('2D SPACE',''
  ) );
#7511 = PCURVE('',#7199,#7512);
#7512 = DEFINITIONAL_REPRESENTATION('',(#7513),#7517);
#7513 = LINE('',#7514,#7515);
#7514 = CARTESIAN_POINT('',(-1.570796326795,0.));
#7515 = VECTOR('',#7516,1.);
#7516 = DIRECTION('',(-0.,1.));
#7517 = ( GEOMETRIC_REPRESENTATION_CONTEXT(2) 
PARAMETRIC_REPRESENTATION_CONTEXT() REPRESENTATION_CONTEXT('2D SPACE',''
  ) );
#7518 = ORIENTED_EDGE('',*,*,#7472,.T.);
#7519 = ORIENTED_EDGE('',*,*,#7265,.F.);
#7520 = ADVANCED_FACE('',(#7521),#7105,.F.);
#7521 = FACE_BOUND('',#7522,.T.);
#7522 = EDGE_LOOP('',(#7523,#7524,#7525,#7526));
#7523 = ORIENTED_EDGE('',*,*,#7089,.F.);
#7524 = ORIENTED_EDGE('',*,*,#7315,.T.);
#7525 = ORIENTED_EDGE('',*,*,#7370,.T.);
#7526 = ORIENTED_EDGE('',*,*,#7527,.F.);
#7527 = EDGE_CURVE('',#7090,#7371,#7528,.T.);
#7528 = SURFACE_CURVE('',#7529,(#7533,#7540),.PCURVE_S1.);
#7529 = LINE('',#7530,#7531);
#7530 = CARTESIAN_POINT('',(3.9,-17.736,1.6));
#7531 = VECTOR('',#7532,1.);
#7532 = DIRECTION('',(-0.,-0.,1.));
#7533 = PCURVE('',#7105,#7534);
#7534 = DEFINITIONAL_REPRESENTATION('',(#7535),#7539);
#7535 = LINE('',#7536,#7537);
#7536 = CARTESIAN_POINT('',(-1.536,0.));
#7537 = VECTOR('',#7538,1.);
#7538 = DIRECTION('',(-0.,-1.));
#7539 = ( GEOMETRIC_REPRESENTATION_CONTEXT(2) 
PARAMETRIC_REPRESENTATION_CONTEXT() REPRESENTATION_CONTEXT('2D SPACE',''
  ) );
#7540 = PCURVE('',#7138,#7541);
#7541 = DEFINITIONAL_REPRESENTATION('',(#7542),#7546);
#7542 = LINE('',#7543,#7544);
#7543 = CARTESIAN_POINT('',(-0.,0.));
#7544 = VECTOR('',#7545,1.);
#7545 = DIRECTION('',(-0.,1.));
#7546 = ( GEOMETRIC_REPRESENTATION_CONTEXT(2) 
PARAMETRIC_REPRESENTATION_CONTEXT() REPRESENTATION_CONTEXT('2D SPACE',''
  ) );
#7547 = ADVANCED_FACE('',(#7548),#7199,.T.);
#7548 = FACE_BOUND('',#7549,.F.);
#7549 = EDGE_LOOP('',(#7550,#7551,#7552,#7553));
#7550 = ORIENTED_EDGE('',*,*,#7178,.T.);
#7551 = ORIENTED_EDGE('',*,*,#7498,.T.);
#7552 = ORIENTED_EDGE('',*,*,#7444,.F.);
#7553 = ORIENTED_EDGE('',*,*,#7554,.F.);
#7554 = EDGE_CURVE('',#7151,#7422,#7555,.T.);
#7555 = SURFACE_CURVE('',#7556,(#7560,#7567),.PCURVE_S1.);
#7556 = LINE('',#7557,#7558);
#7557 = CARTESIAN_POINT('',(3.164,-17.8,1.6));
#7558 = VECTOR('',#7559,1.);
#7559 = DIRECTION('',(-0.,-0.,1.));
#7560 = PCURVE('',#7199,#7561);
#7561 = DEFINITIONAL_REPRESENTATION('',(#7562),#7566);
#7562 = LINE('',#7563,#7564);
#7563 = CARTESIAN_POINT('',(-0.,0.));
#7564 = VECTOR('',#7565,1.);
#7565 = DIRECTION('',(-0.,1.));
#7566 = ( GEOMETRIC_REPRESENTATION_CONTEXT(2) 
PARAMETRIC_REPRESENTATION_CONTEXT() REPRESENTATION_CONTEXT('2D SPACE',''
  ) );
#7567 = PCURVE('',#7166,#7568);
#7568 = DEFINITIONAL_REPRESENTATION('',(#7569),#7573);
#7569 = LINE('',#7570,#7571);
#7570 = CARTESIAN_POINT('',(-0.736,0.));
#7571 = VECTOR('',#7572,1.);
#7572 = DIRECTION('',(-0.,-1.));
#7573 = ( GEOMETRIC_REPRESENTATION_CONTEXT(2) 
PARAMETRIC_REPRESENTATION_CONTEXT() REPRESENTATION_CONTEXT('2D SPACE',''
  ) );
#7574 = ADVANCED_FACE('',(#7575),#7138,.T.);
#7575 = FACE_BOUND('',#7576,.F.);
#7576 = EDGE_LOOP('',(#7577,#7578,#7599,#7600));
#7577 = ORIENTED_EDGE('',*,*,#7117,.T.);
#7578 = ORIENTED_EDGE('',*,*,#7579,.T.);
#7579 = EDGE_CURVE('',#7118,#7394,#7580,.T.);
#7580 = SURFACE_CURVE('',#7581,(#7585,#7592),.PCURVE_S1.);
#7581 = LINE('',#7582,#7583);
#7582 = CARTESIAN_POINT('',(3.836,-17.8,1.6));
#7583 = VECTOR('',#7584,1.);
#7584 = DIRECTION('',(-0.,-0.,1.));
#7585 = PCURVE('',#7138,#7586);
#7586 = DEFINITIONAL_REPRESENTATION('',(#7587),#7591);
#7587 = LINE('',#7588,#7589);
#7588 = CARTESIAN_POINT('',(-1.570796326795,0.));
#7589 = VECTOR('',#7590,1.);
#7590 = DIRECTION('',(-0.,1.));
#7591 = ( GEOMETRIC_REPRESENTATION_CONTEXT(2) 
PARAMETRIC_REPRESENTATION_CONTEXT() REPRESENTATION_CONTEXT('2D SPACE',''
  ) );
#7592 = PCURVE('',#7166,#7593);
#7593 = DEFINITIONAL_REPRESENTATION('',(#7594),#7598);
#7594 = LINE('',#7595,#7596);
#7595 = CARTESIAN_POINT('',(-6.4E-02,0.));
#7596 = VECTOR('',#7597,1.);
#7597 = DIRECTION('',(-0.,-1.));
#7598 = ( GEOMETRIC_REPRESENTATION_CONTEXT(2) 
PARAMETRIC_REPRESENTATION_CONTEXT() REPRESENTATION_CONTEXT('2D SPACE',''
  ) );
#7599 = ORIENTED_EDGE('',*,*,#7393,.F.);
#7600 = ORIENTED_EDGE('',*,*,#7527,.F.);
#7601 = ADVANCED_FACE('',(#7602),#7166,.F.);
#7602 = FACE_BOUND('',#7603,.T.);
#7603 = EDGE_LOOP('',(#7604,#7605,#7606,#7607));
#7604 = ORIENTED_EDGE('',*,*,#7150,.F.);
#7605 = ORIENTED_EDGE('',*,*,#7579,.T.);
#7606 = ORIENTED_EDGE('',*,*,#7421,.T.);
#7607 = ORIENTED_EDGE('',*,*,#7554,.F.);
#7608 = ( GEOMETRIC_REPRESENTATION_CONTEXT(3) 
GLOBAL_UNCERTAINTY_ASSIGNED_CONTEXT((#7612)) 
GLOBAL_UNIT_ASSIGNED_CONTEXT((#7609,#7610,#7611)) REPRESENTATION_CONTEXT
('Context #1','3D Context with UNIT and UNCERTAINTY') );
#7609 = ( LENGTH_UNIT() NAMED_UNIT(*) SI_UNIT(.MILLI.,.METRE.) );
#7610 = ( NAMED_UNIT(*) PLANE_ANGLE_UNIT() SI_UNIT($,.RADIAN.) );
#7611 = ( NAMED_UNIT(*) SI_UNIT($,.STERADIAN.) SOLID_ANGLE_UNIT() );
#7612 = UNCERTAINTY_MEASURE_WITH_UNIT(LENGTH_MEASURE(1.E-07),#7609,
  'distance_accuracy_value','confusion accuracy');
#7613 = CONTEXT_DEPENDENT_SHAPE_REPRESENTATION(#7614,#7616);
#7614 = ( REPRESENTATION_RELATIONSHIP('','',#6933,#10) 
REPRESENTATION_RELATIONSHIP_WITH_TRANSFORMATION(#7615) 
SHAPE_REPRESENTATION_RELATIONSHIP() );
#7615 = ITEM_DEFINED_TRANSFORMATION('','',#11,#83);
#7616 = PRODUCT_DEFINITION_SHAPE('Placement','Placement of an item',
  #7617);
#7617 = NEXT_ASSEMBLY_USAGE_OCCURRENCE('61','R3','',#5,#6928,$);
#7618 = PRODUCT_RELATED_PRODUCT_CATEGORY('part',$,(#6930));
#7619 = SHAPE_DEFINITION_REPRESENTATION(#7620,#7626);
#7620 = PRODUCT_DEFINITION_SHAPE('','',#7621);
#7621 = PRODUCT_DEFINITION('design','',#7622,#7625);
#7622 = PRODUCT_DEFINITION_FORMATION('','',#7623);
#7623 = PRODUCT('C0','C0','',(#7624));
#7624 = PRODUCT_CONTEXT('',#2,'mechanical');
#7625 = PRODUCT_DEFINITION_CONTEXT('part definition',#2,'design');
#7626 = ADVANCED_BREP_SHAPE_REPRESENTATION('',(#11,#7627),#8301);
#7627 = MANIFOLD_SOLID_BREP('',#7628);
#7628 = CLOSED_SHELL('',(#7629,#7749,#7953,#8003,#8057,#8186,#8213,#8240
    ,#8267,#8294));
#7629 = ADVANCED_FACE('',(#7630),#7644,.F.);
#7630 = FACE_BOUND('',#7631,.T.);
#7631 = EDGE_LOOP('',(#7632,#7667,#7695,#7723));
#7632 = ORIENTED_EDGE('',*,*,#7633,.F.);
#7633 = EDGE_CURVE('',#7634,#7636,#7638,.T.);
#7634 = VERTEX_POINT('',#7635);
#7635 = CARTESIAN_POINT('',(9.664,-10.63,1.6));
#7636 = VERTEX_POINT('',#7637);
#7637 = CARTESIAN_POINT('',(10.336,-10.63,1.6));
#7638 = SURFACE_CURVE('',#7639,(#7643,#7655),.PCURVE_S1.);
#7639 = LINE('',#7640,#7641);
#7640 = CARTESIAN_POINT('',(9.6,-10.63,1.6));
#7641 = VECTOR('',#7642,1.);
#7642 = DIRECTION('',(1.,-0.,-0.));
#7643 = PCURVE('',#7644,#7649);
#7644 = PLANE('',#7645);
#7645 = AXIS2_PLACEMENT_3D('',#7646,#7647,#7648);
#7646 = CARTESIAN_POINT('',(9.6,-10.63,1.6));
#7647 = DIRECTION('',(-0.,-1.,-0.));
#7648 = DIRECTION('',(-1.,0.,0.));
#7649 = DEFINITIONAL_REPRESENTATION('',(#7650),#7654);
#7650 = LINE('',#7651,#7652);
#7651 = CARTESIAN_POINT('',(-0.,-0.));
#7652 = VECTOR('',#7653,1.);
#7653 = DIRECTION('',(-1.,-0.));
#7654 = ( GEOMETRIC_REPRESENTATION_CONTEXT(2) 
PARAMETRIC_REPRESENTATION_CONTEXT() REPRESENTATION_CONTEXT('2D SPACE',''
  ) );
#7655 = PCURVE('',#7656,#7661);
#7656 = PLANE('',#7657);
#7657 = AXIS2_PLACEMENT_3D('',#7658,#7659,#7660);
#7658 = CARTESIAN_POINT('',(10.,-11.43,1.6));
#7659 = DIRECTION('',(-0.,-0.,1.));
#7660 = DIRECTION('',(-1.,0.,0.));
#7661 = DEFINITIONAL_REPRESENTATION('',(#7662),#7666);
#7662 = LINE('',#7663,#7664);
#7663 = CARTESIAN_POINT('',(0.4,-0.8));
#7664 = VECTOR('',#7665,1.);
#7665 = DIRECTION('',(-1.,0.));
#7666 = ( GEOMETRIC_REPRESENTATION_CONTEXT(2) 
PARAMETRIC_REPRESENTATION_CONTEXT() REPRESENTATION_CONTEXT('2D SPACE',''
  ) );
#7667 = ORIENTED_EDGE('',*,*,#7668,.T.);
#7668 = EDGE_CURVE('',#7634,#7669,#7671,.T.);
#7669 = VERTEX_POINT('',#7670);
#7670 = CARTESIAN_POINT('',(9.664,-10.63,2.05));
#7671 = SURFACE_CURVE('',#7672,(#7676,#7683),.PCURVE_S1.);
#7672 = LINE('',#7673,#7674);
#7673 = CARTESIAN_POINT('',(9.664,-10.63,1.6));
#7674 = VECTOR('',#7675,1.);
#7675 = DIRECTION('',(-0.,-0.,1.));
#7676 = PCURVE('',#7644,#7677);
#7677 = DEFINITIONAL_REPRESENTATION('',(#7678),#7682);
#7678 = LINE('',#7679,#7680);
#7679 = CARTESIAN_POINT('',(-6.4E-02,-0.));
#7680 = VECTOR('',#7681,1.);
#7681 = DIRECTION('',(-0.,-1.));
#7682 = ( GEOMETRIC_REPRESENTATION_CONTEXT(2) 
PARAMETRIC_REPRESENTATION_CONTEXT() REPRESENTATION_CONTEXT('2D SPACE',''
  ) );
#7683 = PCURVE('',#7684,#7689);
#7684 = CYLINDRICAL_SURFACE('',#7685,6.4E-02);
#7685 = AXIS2_PLACEMENT_3D('',#7686,#7687,#7688);
#7686 = CARTESIAN_POINT('',(9.664,-10.694,1.6));
#7687 = DIRECTION('',(-0.,-0.,1.));
#7688 = DIRECTION('',(-0.,1.,-0.));
#7689 = DEFINITIONAL_REPRESENTATION('',(#7690),#7694);
#7690 = LINE('',#7691,#7692);
#7691 = CARTESIAN_POINT('',(0.,0.));
#7692 = VECTOR('',#7693,1.);
#7693 = DIRECTION('',(0.,1.));
#7694 = ( GEOMETRIC_REPRESENTATION_CONTEXT(2) 
PARAMETRIC_REPRESENTATION_CONTEXT() REPRESENTATION_CONTEXT('2D SPACE',''
  ) );
#7695 = ORIENTED_EDGE('',*,*,#7696,.T.);
#7696 = EDGE_CURVE('',#7669,#7697,#7699,.T.);
#7697 = VERTEX_POINT('',#7698);
#7698 = CARTESIAN_POINT('',(10.336,-10.63,2.05));
#7699 = SURFACE_CURVE('',#7700,(#7704,#7711),.PCURVE_S1.);
#7700 = LINE('',#7701,#7702);
#7701 = CARTESIAN_POINT('',(9.6,-10.63,2.05));
#7702 = VECTOR('',#7703,1.);
#7703 = DIRECTION('',(1.,-0.,-0.));
#7704 = PCURVE('',#7644,#7705);
#7705 = DEFINITIONAL_REPRESENTATION('',(#7706),#7710);
#7706 = LINE('',#7707,#7708);
#7707 = CARTESIAN_POINT('',(-0.,-0.45));
#7708 = VECTOR('',#7709,1.);
#7709 = DIRECTION('',(-1.,-0.));
#7710 = ( GEOMETRIC_REPRESENTATION_CONTEXT(2) 
PARAMETRIC_REPRESENTATION_CONTEXT() REPRESENTATION_CONTEXT('2D SPACE',''
  ) );
#7711 = PCURVE('',#7712,#7717);
#7712 = PLANE('',#7713);
#7713 = AXIS2_PLACEMENT_3D('',#7714,#7715,#7716);
#7714 = CARTESIAN_POINT('',(10.,-11.43,2.05));
#7715 = DIRECTION('',(-0.,-0.,1.));
#7716 = DIRECTION('',(-1.,0.,0.));
#7717 = DEFINITIONAL_REPRESENTATION('',(#7718),#7722);
#7718 = LINE('',#7719,#7720);
#7719 = CARTESIAN_POINT('',(0.4,-0.8));
#7720 = VECTOR('',#7721,1.);
#7721 = DIRECTION('',(-1.,0.));
#7722 = ( GEOMETRIC_REPRESENTATION_CONTEXT(2) 
PARAMETRIC_REPRESENTATION_CONTEXT() REPRESENTATION_CONTEXT('2D SPACE',''
  ) );
#7723 = ORIENTED_EDGE('',*,*,#7724,.F.);
#7724 = EDGE_CURVE('',#7636,#7697,#7725,.T.);
#7725 = SURFACE_CURVE('',#7726,(#7730,#7737),.PCURVE_S1.);
#7726 = LINE('',#7727,#7728);
#7727 = CARTESIAN_POINT('',(10.336,-10.63,1.6));
#7728 = VECTOR('',#7729,1.);
#7729 = DIRECTION('',(-0.,-0.,1.));
#7730 = PCURVE('',#7644,#7731);
#7731 = DEFINITIONAL_REPRESENTATION('',(#7732),#7736);
#7732 = LINE('',#7733,#7734);
#7733 = CARTESIAN_POINT('',(-0.736,-0.));
#7734 = VECTOR('',#7735,1.);
#7735 = DIRECTION('',(-0.,-1.));
#7736 = ( GEOMETRIC_REPRESENTATION_CONTEXT(2) 
PARAMETRIC_REPRESENTATION_CONTEXT() REPRESENTATION_CONTEXT('2D SPACE',''
  ) );
#7737 = PCURVE('',#7738,#7743);
#7738 = CYLINDRICAL_SURFACE('',#7739,6.4E-02);
#7739 = AXIS2_PLACEMENT_3D('',#7740,#7741,#7742);
#7740 = CARTESIAN_POINT('',(10.336,-10.694,1.6));
#7741 = DIRECTION('',(-0.,-0.,1.));
#7742 = DIRECTION('',(-0.,1.,-0.));
#7743 = DEFINITIONAL_REPRESENTATION('',(#7744),#7748);
#7744 = LINE('',#7745,#7746);
#7745 = CARTESIAN_POINT('',(-0.,0.));
#7746 = VECTOR('',#7747,1.);
#7747 = DIRECTION('',(-0.,1.));
#7748 = ( GEOMETRIC_REPRESENTATION_CONTEXT(2) 
PARAMETRIC_REPRESENTATION_CONTEXT() REPRESENTATION_CONTEXT('2D SPACE',''
  ) );
#7749 = ADVANCED_FACE('',(#7750),#7656,.F.);
#7750 = FACE_BOUND('',#7751,.T.);
#7751 = EDGE_LOOP('',(#7752,#7753,#7781,#7809,#7842,#7870,#7903,#7931));
#7752 = ORIENTED_EDGE('',*,*,#7633,.T.);
#7753 = ORIENTED_EDGE('',*,*,#7754,.T.);
#7754 = EDGE_CURVE('',#7636,#7755,#7757,.T.);
#7755 = VERTEX_POINT('',#7756);
#7756 = CARTESIAN_POINT('',(10.4,-10.694,1.6));
#7757 = SURFACE_CURVE('',#7758,(#7763,#7774),.PCURVE_S1.);
#7758 = CIRCLE('',#7759,6.4E-02);
#7759 = AXIS2_PLACEMENT_3D('',#7760,#7761,#7762);
#7760 = CARTESIAN_POINT('',(10.336,-10.694,1.6));
#7761 = DIRECTION('',(-0.,-0.,-1.));
#7762 = DIRECTION('',(-0.,1.,-0.));
#7763 = PCURVE('',#7656,#7764);
#7764 = DEFINITIONAL_REPRESENTATION('',(#7765),#7773);
#7765 = ( BOUNDED_CURVE() B_SPLINE_CURVE(2,(#7766,#7767,#7768,#7769,
#7770,#7771,#7772),.UNSPECIFIED.,.T.,.F.) B_SPLINE_CURVE_WITH_KNOTS((1,2
    ,2,2,2,1),(-2.094395102393,0.,2.094395102393,4.188790204786,
6.28318530718,8.377580409573),.UNSPECIFIED.) CURVE() 
GEOMETRIC_REPRESENTATION_ITEM() RATIONAL_B_SPLINE_CURVE((1.,0.5,1.,0.5,
1.,0.5,1.)) REPRESENTATION_ITEM('') );
#7766 = CARTESIAN_POINT('',(-0.336,-0.8));
#7767 = CARTESIAN_POINT('',(-0.446851251684,-0.8));
#7768 = CARTESIAN_POINT('',(-0.391425625842,-0.704));
#7769 = CARTESIAN_POINT('',(-0.336,-0.608));
#7770 = CARTESIAN_POINT('',(-0.280574374158,-0.704));
#7771 = CARTESIAN_POINT('',(-0.225148748316,-0.8));
#7772 = CARTESIAN_POINT('',(-0.336,-0.8));
#7773 = ( GEOMETRIC_REPRESENTATION_CONTEXT(2) 
PARAMETRIC_REPRESENTATION_CONTEXT() REPRESENTATION_CONTEXT('2D SPACE',''
  ) );
#7774 = PCURVE('',#7738,#7775);
#7775 = DEFINITIONAL_REPRESENTATION('',(#7776),#7780);
#7776 = LINE('',#7777,#7778);
#7777 = CARTESIAN_POINT('',(-0.,0.));
#7778 = VECTOR('',#7779,1.);
#7779 = DIRECTION('',(-1.,0.));
#7780 = ( GEOMETRIC_REPRESENTATION_CONTEXT(2) 
PARAMETRIC_REPRESENTATION_CONTEXT() REPRESENTATION_CONTEXT('2D SPACE',''
  ) );
#7781 = ORIENTED_EDGE('',*,*,#7782,.T.);
#7782 = EDGE_CURVE('',#7755,#7783,#7785,.T.);
#7783 = VERTEX_POINT('',#7784);
#7784 = CARTESIAN_POINT('',(10.4,-12.166,1.6));
#7785 = SURFACE_CURVE('',#7786,(#7790,#7797),.PCURVE_S1.);
#7786 = LINE('',#7787,#7788);
#7787 = CARTESIAN_POINT('',(10.4,-10.63,1.6));
#7788 = VECTOR('',#7789,1.);
#7789 = DIRECTION('',(-0.,-1.,-0.));
#7790 = PCURVE('',#7656,#7791);
#7791 = DEFINITIONAL_REPRESENTATION('',(#7792),#7796);
#7792 = LINE('',#7793,#7794);
#7793 = CARTESIAN_POINT('',(-0.4,-0.8));
#7794 = VECTOR('',#7795,1.);
#7795 = DIRECTION('',(-0.,1.));
#7796 = ( GEOMETRIC_REPRESENTATION_CONTEXT(2) 
PARAMETRIC_REPRESENTATION_CONTEXT() REPRESENTATION_CONTEXT('2D SPACE',''
  ) );
#7797 = PCURVE('',#7798,#7803);
#7798 = PLANE('',#7799);
#7799 = AXIS2_PLACEMENT_3D('',#7800,#7801,#7802);
#7800 = CARTESIAN_POINT('',(10.4,-10.63,1.6));
#7801 = DIRECTION('',(-1.,-0.,-0.));
#7802 = DIRECTION('',(0.,1.,0.));
#7803 = DEFINITIONAL_REPRESENTATION('',(#7804),#7808);
#7804 = LINE('',#7805,#7806);
#7805 = CARTESIAN_POINT('',(-0.,-0.));
#7806 = VECTOR('',#7807,1.);
#7807 = DIRECTION('',(-1.,0.));
#7808 = ( GEOMETRIC_REPRESENTATION_CONTEXT(2) 
PARAMETRIC_REPRESENTATION_CONTEXT() REPRESENTATION_CONTEXT('2D SPACE',''
  ) );
#7809 = ORIENTED_EDGE('',*,*,#7810,.T.);
#7810 = EDGE_CURVE('',#7783,#7811,#7813,.T.);
#7811 = VERTEX_POINT('',#7812);
#7812 = CARTESIAN_POINT('',(10.336,-12.23,1.6));
#7813 = SURFACE_CURVE('',#7814,(#7819,#7830),.PCURVE_S1.);
#7814 = CIRCLE('',#7815,6.4E-02);
#7815 = AXIS2_PLACEMENT_3D('',#7816,#7817,#7818);
#7816 = CARTESIAN_POINT('',(10.336,-12.166,1.6));
#7817 = DIRECTION('',(-0.,-0.,-1.));
#7818 = DIRECTION('',(-0.,1.,-0.));
#7819 = PCURVE('',#7656,#7820);
#7820 = DEFINITIONAL_REPRESENTATION('',(#7821),#7829);
#7821 = ( BOUNDED_CURVE() B_SPLINE_CURVE(2,(#7822,#7823,#7824,#7825,
#7826,#7827,#7828),.UNSPECIFIED.,.T.,.F.) B_SPLINE_CURVE_WITH_KNOTS((1,2
    ,2,2,2,1),(-2.094395102393,0.,2.094395102393,4.188790204786,
6.28318530718,8.377580409573),.UNSPECIFIED.) CURVE() 
GEOMETRIC_REPRESENTATION_ITEM() RATIONAL_B_SPLINE_CURVE((1.,0.5,1.,0.5,
1.,0.5,1.)) REPRESENTATION_ITEM('') );
#7822 = CARTESIAN_POINT('',(-0.336,0.672));
#7823 = CARTESIAN_POINT('',(-0.446851251684,0.672));
#7824 = CARTESIAN_POINT('',(-0.391425625842,0.768));
#7825 = CARTESIAN_POINT('',(-0.336,0.864));
#7826 = CARTESIAN_POINT('',(-0.280574374158,0.768));
#7827 = CARTESIAN_POINT('',(-0.225148748316,0.672));
#7828 = CARTESIAN_POINT('',(-0.336,0.672));
#7829 = ( GEOMETRIC_REPRESENTATION_CONTEXT(2) 
PARAMETRIC_REPRESENTATION_CONTEXT() REPRESENTATION_CONTEXT('2D SPACE',''
  ) );
#7830 = PCURVE('',#7831,#7836);
#7831 = CYLINDRICAL_SURFACE('',#7832,6.4E-02);
#7832 = AXIS2_PLACEMENT_3D('',#7833,#7834,#7835);
#7833 = CARTESIAN_POINT('',(10.336,-12.166,1.6));
#7834 = DIRECTION('',(-0.,-0.,1.));
#7835 = DIRECTION('',(1.,-0.,-0.));
#7836 = DEFINITIONAL_REPRESENTATION('',(#7837),#7841);
#7837 = LINE('',#7838,#7839);
#7838 = CARTESIAN_POINT('',(1.570796326795,-0.));
#7839 = VECTOR('',#7840,1.);
#7840 = DIRECTION('',(-1.,0.));
#7841 = ( GEOMETRIC_REPRESENTATION_CONTEXT(2) 
PARAMETRIC_REPRESENTATION_CONTEXT() REPRESENTATION_CONTEXT('2D SPACE',''
  ) );
#7842 = ORIENTED_EDGE('',*,*,#7843,.T.);
#7843 = EDGE_CURVE('',#7811,#7844,#7846,.T.);
#7844 = VERTEX_POINT('',#7845);
#7845 = CARTESIAN_POINT('',(9.664,-12.23,1.6));
#7846 = SURFACE_CURVE('',#7847,(#7851,#7858),.PCURVE_S1.);
#7847 = LINE('',#7848,#7849);
#7848 = CARTESIAN_POINT('',(10.4,-12.23,1.6));
#7849 = VECTOR('',#7850,1.);
#7850 = DIRECTION('',(-1.,-0.,-0.));
#7851 = PCURVE('',#7656,#7852);
#7852 = DEFINITIONAL_REPRESENTATION('',(#7853),#7857);
#7853 = LINE('',#7854,#7855);
#7854 = CARTESIAN_POINT('',(-0.4,0.8));
#7855 = VECTOR('',#7856,1.);
#7856 = DIRECTION('',(1.,-0.));
#7857 = ( GEOMETRIC_REPRESENTATION_CONTEXT(2) 
PARAMETRIC_REPRESENTATION_CONTEXT() REPRESENTATION_CONTEXT('2D SPACE',''
  ) );
#7858 = PCURVE('',#7859,#7864);
#7859 = PLANE('',#7860);
#7860 = AXIS2_PLACEMENT_3D('',#7861,#7862,#7863);
#7861 = CARTESIAN_POINT('',(10.4,-12.23,1.6));
#7862 = DIRECTION('',(-0.,1.,-0.));
#7863 = DIRECTION('',(1.,0.,0.));
#7864 = DEFINITIONAL_REPRESENTATION('',(#7865),#7869);
#7865 = LINE('',#7866,#7867);
#7866 = CARTESIAN_POINT('',(0.,-0.));
#7867 = VECTOR('',#7868,1.);
#7868 = DIRECTION('',(-1.,0.));
#7869 = ( GEOMETRIC_REPRESENTATION_CONTEXT(2) 
PARAMETRIC_REPRESENTATION_CONTEXT() REPRESENTATION_CONTEXT('2D SPACE',''
  ) );
#7870 = ORIENTED_EDGE('',*,*,#7871,.T.);
#7871 = EDGE_CURVE('',#7844,#7872,#7874,.T.);
#7872 = VERTEX_POINT('',#7873);
#7873 = CARTESIAN_POINT('',(9.6,-12.166,1.6));
#7874 = SURFACE_CURVE('',#7875,(#7880,#7891),.PCURVE_S1.);
#7875 = CIRCLE('',#7876,6.4E-02);
#7876 = AXIS2_PLACEMENT_3D('',#7877,#7878,#7879);
#7877 = CARTESIAN_POINT('',(9.664,-12.166,1.6));
#7878 = DIRECTION('',(-0.,-0.,-1.));
#7879 = DIRECTION('',(-0.,1.,-0.));
#7880 = PCURVE('',#7656,#7881);
#7881 = DEFINITIONAL_REPRESENTATION('',(#7882),#7890);
#7882 = ( BOUNDED_CURVE() B_SPLINE_CURVE(2,(#7883,#7884,#7885,#7886,
#7887,#7888,#7889),.UNSPECIFIED.,.T.,.F.) B_SPLINE_CURVE_WITH_KNOTS((1,2
    ,2,2,2,1),(-2.094395102393,0.,2.094395102393,4.188790204786,
6.28318530718,8.377580409573),.UNSPECIFIED.) CURVE() 
GEOMETRIC_REPRESENTATION_ITEM() RATIONAL_B_SPLINE_CURVE((1.,0.5,1.,0.5,
1.,0.5,1.)) REPRESENTATION_ITEM('') );
#7883 = CARTESIAN_POINT('',(0.336,0.672));
#7884 = CARTESIAN_POINT('',(0.225148748316,0.672));
#7885 = CARTESIAN_POINT('',(0.280574374158,0.768));
#7886 = CARTESIAN_POINT('',(0.336,0.864));
#7887 = CARTESIAN_POINT('',(0.391425625842,0.768));
#7888 = CARTESIAN_POINT('',(0.446851251684,0.672));
#7889 = CARTESIAN_POINT('',(0.336,0.672));
#7890 = ( GEOMETRIC_REPRESENTATION_CONTEXT(2) 
PARAMETRIC_REPRESENTATION_CONTEXT() REPRESENTATION_CONTEXT('2D SPACE',''
  ) );
#7891 = PCURVE('',#7892,#7897);
#7892 = CYLINDRICAL_SURFACE('',#7893,6.4E-02);
#7893 = AXIS2_PLACEMENT_3D('',#7894,#7895,#7896);
#7894 = CARTESIAN_POINT('',(9.664,-12.166,1.6));
#7895 = DIRECTION('',(-0.,-0.,1.));
#7896 = DIRECTION('',(-0.,-1.,-0.));
#7897 = DEFINITIONAL_REPRESENTATION('',(#7898),#7902);
#7898 = LINE('',#7899,#7900);
#7899 = CARTESIAN_POINT('',(3.14159265359,-0.));
#7900 = VECTOR('',#7901,1.);
#7901 = DIRECTION('',(-1.,0.));
#7902 = ( GEOMETRIC_REPRESENTATION_CONTEXT(2) 
PARAMETRIC_REPRESENTATION_CONTEXT() REPRESENTATION_CONTEXT('2D SPACE',''
  ) );
#7903 = ORIENTED_EDGE('',*,*,#7904,.T.);
#7904 = EDGE_CURVE('',#7872,#7905,#7907,.T.);
#7905 = VERTEX_POINT('',#7906);
#7906 = CARTESIAN_POINT('',(9.6,-10.694,1.6));
#7907 = SURFACE_CURVE('',#7908,(#7912,#7919),.PCURVE_S1.);
#7908 = LINE('',#7909,#7910);
#7909 = CARTESIAN_POINT('',(9.6,-12.23,1.6));
#7910 = VECTOR('',#7911,1.);
#7911 = DIRECTION('',(-0.,1.,-0.));
#7912 = PCURVE('',#7656,#7913);
#7913 = DEFINITIONAL_REPRESENTATION('',(#7914),#7918);
#7914 = LINE('',#7915,#7916);
#7915 = CARTESIAN_POINT('',(0.4,0.8));
#7916 = VECTOR('',#7917,1.);
#7917 = DIRECTION('',(-0.,-1.));
#7918 = ( GEOMETRIC_REPRESENTATION_CONTEXT(2) 
PARAMETRIC_REPRESENTATION_CONTEXT() REPRESENTATION_CONTEXT('2D SPACE',''
  ) );
#7919 = PCURVE('',#7920,#7925);
#7920 = PLANE('',#7921);
#7921 = AXIS2_PLACEMENT_3D('',#7922,#7923,#7924);
#7922 = CARTESIAN_POINT('',(9.6,-12.23,1.6));
#7923 = DIRECTION('',(1.,-0.,-0.));
#7924 = DIRECTION('',(0.,-1.,0.));
#7925 = DEFINITIONAL_REPRESENTATION('',(#7926),#7930);
#7926 = LINE('',#7927,#7928);
#7927 = CARTESIAN_POINT('',(-0.,0.));
#7928 = VECTOR('',#7929,1.);
#7929 = DIRECTION('',(-1.,-0.));
#7930 = ( GEOMETRIC_REPRESENTATION_CONTEXT(2) 
PARAMETRIC_REPRESENTATION_CONTEXT() REPRESENTATION_CONTEXT('2D SPACE',''
  ) );
#7931 = ORIENTED_EDGE('',*,*,#7932,.F.);
#7932 = EDGE_CURVE('',#7634,#7905,#7933,.T.);
#7933 = SURFACE_CURVE('',#7934,(#7939,#7946),.PCURVE_S1.);
#7934 = CIRCLE('',#7935,6.4E-02);
#7935 = AXIS2_PLACEMENT_3D('',#7936,#7937,#7938);
#7936 = CARTESIAN_POINT('',(9.664,-10.694,1.6));
#7937 = DIRECTION('',(-0.,0.,1.));
#7938 = DIRECTION('',(-0.,1.,-0.));
#7939 = PCURVE('',#7656,#7940);
#7940 = DEFINITIONAL_REPRESENTATION('',(#7941),#7945);
#7941 = CIRCLE('',#7942,6.4E-02);
#7942 = AXIS2_PLACEMENT_2D('',#7943,#7944);
#7943 = CARTESIAN_POINT('',(0.336,-0.736));
#7944 = DIRECTION('',(-0.,-1.));
#7945 = ( GEOMETRIC_REPRESENTATION_CONTEXT(2) 
PARAMETRIC_REPRESENTATION_CONTEXT() REPRESENTATION_CONTEXT('2D SPACE',''
  ) );
#7946 = PCURVE('',#7684,#7947);
#7947 = DEFINITIONAL_REPRESENTATION('',(#7948),#7952);
#7948 = LINE('',#7949,#7950);
#7949 = CARTESIAN_POINT('',(0.,0.));
#7950 = VECTOR('',#7951,1.);
#7951 = DIRECTION('',(1.,0.));
#7952 = ( GEOMETRIC_REPRESENTATION_CONTEXT(2) 
PARAMETRIC_REPRESENTATION_CONTEXT() REPRESENTATION_CONTEXT('2D SPACE',''
  ) );
#7953 = ADVANCED_FACE('',(#7954),#7684,.T.);
#7954 = FACE_BOUND('',#7955,.T.);
#7955 = EDGE_LOOP('',(#7956,#7957,#7980,#8002));
#7956 = ORIENTED_EDGE('',*,*,#7932,.T.);
#7957 = ORIENTED_EDGE('',*,*,#7958,.T.);
#7958 = EDGE_CURVE('',#7905,#7959,#7961,.T.);
#7959 = VERTEX_POINT('',#7960);
#7960 = CARTESIAN_POINT('',(9.6,-10.694,2.05));
#7961 = SURFACE_CURVE('',#7962,(#7966,#7973),.PCURVE_S1.);
#7962 = LINE('',#7963,#7964);
#7963 = CARTESIAN_POINT('',(9.6,-10.694,1.6));
#7964 = VECTOR('',#7965,1.);
#7965 = DIRECTION('',(-0.,-0.,1.));
#7966 = PCURVE('',#7684,#7967);
#7967 = DEFINITIONAL_REPRESENTATION('',(#7968),#7972);
#7968 = LINE('',#7969,#7970);
#7969 = CARTESIAN_POINT('',(1.570796326795,0.));
#7970 = VECTOR('',#7971,1.);
#7971 = DIRECTION('',(0.,1.));
#7972 = ( GEOMETRIC_REPRESENTATION_CONTEXT(2) 
PARAMETRIC_REPRESENTATION_CONTEXT() REPRESENTATION_CONTEXT('2D SPACE',''
  ) );
#7973 = PCURVE('',#7920,#7974);
#7974 = DEFINITIONAL_REPRESENTATION('',(#7975),#7979);
#7975 = LINE('',#7976,#7977);
#7976 = CARTESIAN_POINT('',(-1.536,0.));
#7977 = VECTOR('',#7978,1.);
#7978 = DIRECTION('',(-0.,-1.));
#7979 = ( GEOMETRIC_REPRESENTATION_CONTEXT(2) 
PARAMETRIC_REPRESENTATION_CONTEXT() REPRESENTATION_CONTEXT('2D SPACE',''
  ) );
#7980 = ORIENTED_EDGE('',*,*,#7981,.F.);
#7981 = EDGE_CURVE('',#7669,#7959,#7982,.T.);
#7982 = SURFACE_CURVE('',#7983,(#7988,#7995),.PCURVE_S1.);
#7983 = CIRCLE('',#7984,6.4E-02);
#7984 = AXIS2_PLACEMENT_3D('',#7985,#7986,#7987);
#7985 = CARTESIAN_POINT('',(9.664,-10.694,2.05));
#7986 = DIRECTION('',(-0.,0.,1.));
#7987 = DIRECTION('',(-0.,1.,-0.));
#7988 = PCURVE('',#7684,#7989);
#7989 = DEFINITIONAL_REPRESENTATION('',(#7990),#7994);
#7990 = LINE('',#7991,#7992);
#7991 = CARTESIAN_POINT('',(0.,0.45));
#7992 = VECTOR('',#7993,1.);
#7993 = DIRECTION('',(1.,0.));
#7994 = ( GEOMETRIC_REPRESENTATION_CONTEXT(2) 
PARAMETRIC_REPRESENTATION_CONTEXT() REPRESENTATION_CONTEXT('2D SPACE',''
  ) );
#7995 = PCURVE('',#7712,#7996);
#7996 = DEFINITIONAL_REPRESENTATION('',(#7997),#8001);
#7997 = CIRCLE('',#7998,6.4E-02);
#7998 = AXIS2_PLACEMENT_2D('',#7999,#8000);
#7999 = CARTESIAN_POINT('',(0.336,-0.736));
#8000 = DIRECTION('',(-0.,-1.));
#8001 = ( GEOMETRIC_REPRESENTATION_CONTEXT(2) 
PARAMETRIC_REPRESENTATION_CONTEXT() REPRESENTATION_CONTEXT('2D SPACE',''
  ) );
#8002 = ORIENTED_EDGE('',*,*,#7668,.F.);
#8003 = ADVANCED_FACE('',(#8004),#7738,.T.);
#8004 = FACE_BOUND('',#8005,.F.);
#8005 = EDGE_LOOP('',(#8006,#8007,#8030,#8056));
#8006 = ORIENTED_EDGE('',*,*,#7754,.T.);
#8007 = ORIENTED_EDGE('',*,*,#8008,.T.);
#8008 = EDGE_CURVE('',#7755,#8009,#8011,.T.);
#8009 = VERTEX_POINT('',#8010);
#8010 = CARTESIAN_POINT('',(10.4,-10.694,2.05));
#8011 = SURFACE_CURVE('',#8012,(#8016,#8023),.PCURVE_S1.);
#8012 = LINE('',#8013,#8014);
#8013 = CARTESIAN_POINT('',(10.4,-10.694,1.6));
#8014 = VECTOR('',#8015,1.);
#8015 = DIRECTION('',(-0.,-0.,1.));
#8016 = PCURVE('',#7738,#8017);
#8017 = DEFINITIONAL_REPRESENTATION('',(#8018),#8022);
#8018 = LINE('',#8019,#8020);
#8019 = CARTESIAN_POINT('',(-1.570796326795,0.));
#8020 = VECTOR('',#8021,1.);
#8021 = DIRECTION('',(-0.,1.));
#8022 = ( GEOMETRIC_REPRESENTATION_CONTEXT(2) 
PARAMETRIC_REPRESENTATION_CONTEXT() REPRESENTATION_CONTEXT('2D SPACE',''
  ) );
#8023 = PCURVE('',#7798,#8024);
#8024 = DEFINITIONAL_REPRESENTATION('',(#8025),#8029);
#8025 = LINE('',#8026,#8027);
#8026 = CARTESIAN_POINT('',(-6.4E-02,0.));
#8027 = VECTOR('',#8028,1.);
#8028 = DIRECTION('',(-0.,-1.));
#8029 = ( GEOMETRIC_REPRESENTATION_CONTEXT(2) 
PARAMETRIC_REPRESENTATION_CONTEXT() REPRESENTATION_CONTEXT('2D SPACE',''
  ) );
#8030 = ORIENTED_EDGE('',*,*,#8031,.F.);
#8031 = EDGE_CURVE('',#7697,#8009,#8032,.T.);
#8032 = SURFACE_CURVE('',#8033,(#8038,#8045),.PCURVE_S1.);
#8033 = CIRCLE('',#8034,6.4E-02);
#8034 = AXIS2_PLACEMENT_3D('',#8035,#8036,#8037);
#8035 = CARTESIAN_POINT('',(10.336,-10.694,2.05));
#8036 = DIRECTION('',(-0.,-0.,-1.));
#8037 = DIRECTION('',(-0.,1.,-0.));
#8038 = PCURVE('',#7738,#8039);
#8039 = DEFINITIONAL_REPRESENTATION('',(#8040),#8044);
#8040 = LINE('',#8041,#8042);
#8041 = CARTESIAN_POINT('',(-0.,0.45));
#8042 = VECTOR('',#8043,1.);
#8043 = DIRECTION('',(-1.,0.));
#8044 = ( GEOMETRIC_REPRESENTATION_CONTEXT(2) 
PARAMETRIC_REPRESENTATION_CONTEXT() REPRESENTATION_CONTEXT('2D SPACE',''
  ) );
#8045 = PCURVE('',#7712,#8046);
#8046 = DEFINITIONAL_REPRESENTATION('',(#8047),#8055);
#8047 = ( BOUNDED_CURVE() B_SPLINE_CURVE(2,(#8048,#8049,#8050,#8051,
#8052,#8053,#8054),.UNSPECIFIED.,.T.,.F.) B_SPLINE_CURVE_WITH_KNOTS((1,2
    ,2,2,2,1),(-2.094395102393,0.,2.094395102393,4.188790204786,
6.28318530718,8.377580409573),.UNSPECIFIED.) CURVE() 
GEOMETRIC_REPRESENTATION_ITEM() RATIONAL_B_SPLINE_CURVE((1.,0.5,1.,0.5,
1.,0.5,1.)) REPRESENTATION_ITEM('') );
#8048 = CARTESIAN_POINT('',(-0.336,-0.8));
#8049 = CARTESIAN_POINT('',(-0.446851251684,-0.8));
#8050 = CARTESIAN_POINT('',(-0.391425625842,-0.704));
#8051 = CARTESIAN_POINT('',(-0.336,-0.608));
#8052 = CARTESIAN_POINT('',(-0.280574374158,-0.704));
#8053 = CARTESIAN_POINT('',(-0.225148748316,-0.8));
#8054 = CARTESIAN_POINT('',(-0.336,-0.8));
#8055 = ( GEOMETRIC_REPRESENTATION_CONTEXT(2) 
PARAMETRIC_REPRESENTATION_CONTEXT() REPRESENTATION_CONTEXT('2D SPACE',''
  ) );
#8056 = ORIENTED_EDGE('',*,*,#7724,.F.);
#8057 = ADVANCED_FACE('',(#8058),#7712,.T.);
#8058 = FACE_BOUND('',#8059,.F.);
#8059 = EDGE_LOOP('',(#8060,#8061,#8062,#8085,#8113,#8136,#8164,#8185));
#8060 = ORIENTED_EDGE('',*,*,#7696,.T.);
#8061 = ORIENTED_EDGE('',*,*,#8031,.T.);
#8062 = ORIENTED_EDGE('',*,*,#8063,.T.);
#8063 = EDGE_CURVE('',#8009,#8064,#8066,.T.);
#8064 = VERTEX_POINT('',#8065);
#8065 = CARTESIAN_POINT('',(10.4,-12.166,2.05));
#8066 = SURFACE_CURVE('',#8067,(#8071,#8078),.PCURVE_S1.);
#8067 = LINE('',#8068,#8069);
#8068 = CARTESIAN_POINT('',(10.4,-10.63,2.05));
#8069 = VECTOR('',#8070,1.);
#8070 = DIRECTION('',(-0.,-1.,-0.));
#8071 = PCURVE('',#7712,#8072);
#8072 = DEFINITIONAL_REPRESENTATION('',(#8073),#8077);
#8073 = LINE('',#8074,#8075);
#8074 = CARTESIAN_POINT('',(-0.4,-0.8));
#8075 = VECTOR('',#8076,1.);
#8076 = DIRECTION('',(-0.,1.));
#8077 = ( GEOMETRIC_REPRESENTATION_CONTEXT(2) 
PARAMETRIC_REPRESENTATION_CONTEXT() REPRESENTATION_CONTEXT('2D SPACE',''
  ) );
#8078 = PCURVE('',#7798,#8079);
#8079 = DEFINITIONAL_REPRESENTATION('',(#8080),#8084);
#8080 = LINE('',#8081,#8082);
#8081 = CARTESIAN_POINT('',(-0.,-0.45));
#8082 = VECTOR('',#8083,1.);
#8083 = DIRECTION('',(-1.,0.));
#8084 = ( GEOMETRIC_REPRESENTATION_CONTEXT(2) 
PARAMETRIC_REPRESENTATION_CONTEXT() REPRESENTATION_CONTEXT('2D SPACE',''
  ) );
#8085 = ORIENTED_EDGE('',*,*,#8086,.T.);
#8086 = EDGE_CURVE('',#8064,#8087,#8089,.T.);
#8087 = VERTEX_POINT('',#8088);
#8088 = CARTESIAN_POINT('',(10.336,-12.23,2.05));
#8089 = SURFACE_CURVE('',#8090,(#8095,#8106),.PCURVE_S1.);
#8090 = CIRCLE('',#8091,6.4E-02);
#8091 = AXIS2_PLACEMENT_3D('',#8092,#8093,#8094);
#8092 = CARTESIAN_POINT('',(10.336,-12.166,2.05));
#8093 = DIRECTION('',(-0.,-0.,-1.));
#8094 = DIRECTION('',(-0.,1.,-0.));
#8095 = PCURVE('',#7712,#8096);
#8096 = DEFINITIONAL_REPRESENTATION('',(#8097),#8105);
#8097 = ( BOUNDED_CURVE() B_SPLINE_CURVE(2,(#8098,#8099,#8100,#8101,
#8102,#8103,#8104),.UNSPECIFIED.,.T.,.F.) B_SPLINE_CURVE_WITH_KNOTS((1,2
    ,2,2,2,1),(-2.094395102393,0.,2.094395102393,4.188790204786,
6.28318530718,8.377580409573),.UNSPECIFIED.) CURVE() 
GEOMETRIC_REPRESENTATION_ITEM() RATIONAL_B_SPLINE_CURVE((1.,0.5,1.,0.5,
1.,0.5,1.)) REPRESENTATION_ITEM('') );
#8098 = CARTESIAN_POINT('',(-0.336,0.672));
#8099 = CARTESIAN_POINT('',(-0.446851251684,0.672));
#8100 = CARTESIAN_POINT('',(-0.391425625842,0.768));
#8101 = CARTESIAN_POINT('',(-0.336,0.864));
#8102 = CARTESIAN_POINT('',(-0.280574374158,0.768));
#8103 = CARTESIAN_POINT('',(-0.225148748316,0.672));
#8104 = CARTESIAN_POINT('',(-0.336,0.672));
#8105 = ( GEOMETRIC_REPRESENTATION_CONTEXT(2) 
PARAMETRIC_REPRESENTATION_CONTEXT() REPRESENTATION_CONTEXT('2D SPACE',''
  ) );
#8106 = PCURVE('',#7831,#8107);
#8107 = DEFINITIONAL_REPRESENTATION('',(#8108),#8112);
#8108 = LINE('',#8109,#8110);
#8109 = CARTESIAN_POINT('',(1.570796326795,0.45));
#8110 = VECTOR('',#8111,1.);
#8111 = DIRECTION('',(-1.,0.));
#8112 = ( GEOMETRIC_REPRESENTATION_CONTEXT(2) 
PARAMETRIC_REPRESENTATION_CONTEXT() REPRESENTATION_CONTEXT('2D SPACE',''
  ) );
#8113 = ORIENTED_EDGE('',*,*,#8114,.T.);
#8114 = EDGE_CURVE('',#8087,#8115,#8117,.T.);
#8115 = VERTEX_POINT('',#8116);
#8116 = CARTESIAN_POINT('',(9.664,-12.23,2.05));
#8117 = SURFACE_CURVE('',#8118,(#8122,#8129),.PCURVE_S1.);
#8118 = LINE('',#8119,#8120);
#8119 = CARTESIAN_POINT('',(10.4,-12.23,2.05));
#8120 = VECTOR('',#8121,1.);
#8121 = DIRECTION('',(-1.,-0.,-0.));
#8122 = PCURVE('',#7712,#8123);
#8123 = DEFINITIONAL_REPRESENTATION('',(#8124),#8128);
#8124 = LINE('',#8125,#8126);
#8125 = CARTESIAN_POINT('',(-0.4,0.8));
#8126 = VECTOR('',#8127,1.);
#8127 = DIRECTION('',(1.,-0.));
#8128 = ( GEOMETRIC_REPRESENTATION_CONTEXT(2) 
PARAMETRIC_REPRESENTATION_CONTEXT() REPRESENTATION_CONTEXT('2D SPACE',''
  ) );
#8129 = PCURVE('',#7859,#8130);
#8130 = DEFINITIONAL_REPRESENTATION('',(#8131),#8135);
#8131 = LINE('',#8132,#8133);
#8132 = CARTESIAN_POINT('',(-0.,-0.45));
#8133 = VECTOR('',#8134,1.);
#8134 = DIRECTION('',(-1.,0.));
#8135 = ( GEOMETRIC_REPRESENTATION_CONTEXT(2) 
PARAMETRIC_REPRESENTATION_CONTEXT() REPRESENTATION_CONTEXT('2D SPACE',''
  ) );
#8136 = ORIENTED_EDGE('',*,*,#8137,.T.);
#8137 = EDGE_CURVE('',#8115,#8138,#8140,.T.);
#8138 = VERTEX_POINT('',#8139);
#8139 = CARTESIAN_POINT('',(9.6,-12.166,2.05));
#8140 = SURFACE_CURVE('',#8141,(#8146,#8157),.PCURVE_S1.);
#8141 = CIRCLE('',#8142,6.4E-02);
#8142 = AXIS2_PLACEMENT_3D('',#8143,#8144,#8145);
#8143 = CARTESIAN_POINT('',(9.664,-12.166,2.05));
#8144 = DIRECTION('',(-0.,-0.,-1.));
#8145 = DIRECTION('',(-0.,1.,-0.));
#8146 = PCURVE('',#7712,#8147);
#8147 = DEFINITIONAL_REPRESENTATION('',(#8148),#8156);
#8148 = ( BOUNDED_CURVE() B_SPLINE_CURVE(2,(#8149,#8150,#8151,#8152,
#8153,#8154,#8155),.UNSPECIFIED.,.T.,.F.) B_SPLINE_CURVE_WITH_KNOTS((1,2
    ,2,2,2,1),(-2.094395102393,0.,2.094395102393,4.188790204786,
6.28318530718,8.377580409573),.UNSPECIFIED.) CURVE() 
GEOMETRIC_REPRESENTATION_ITEM() RATIONAL_B_SPLINE_CURVE((1.,0.5,1.,0.5,
1.,0.5,1.)) REPRESENTATION_ITEM('') );
#8149 = CARTESIAN_POINT('',(0.336,0.672));
#8150 = CARTESIAN_POINT('',(0.225148748316,0.672));
#8151 = CARTESIAN_POINT('',(0.280574374158,0.768));
#8152 = CARTESIAN_POINT('',(0.336,0.864));
#8153 = CARTESIAN_POINT('',(0.391425625842,0.768));
#8154 = CARTESIAN_POINT('',(0.446851251684,0.672));
#8155 = CARTESIAN_POINT('',(0.336,0.672));
#8156 = ( GEOMETRIC_REPRESENTATION_CONTEXT(2) 
PARAMETRIC_REPRESENTATION_CONTEXT() REPRESENTATION_CONTEXT('2D SPACE',''
  ) );
#8157 = PCURVE('',#7892,#8158);
#8158 = DEFINITIONAL_REPRESENTATION('',(#8159),#8163);
#8159 = LINE('',#8160,#8161);
#8160 = CARTESIAN_POINT('',(3.14159265359,0.45));
#8161 = VECTOR('',#8162,1.);
#8162 = DIRECTION('',(-1.,0.));
#8163 = ( GEOMETRIC_REPRESENTATION_CONTEXT(2) 
PARAMETRIC_REPRESENTATION_CONTEXT() REPRESENTATION_CONTEXT('2D SPACE',''
  ) );
#8164 = ORIENTED_EDGE('',*,*,#8165,.T.);
#8165 = EDGE_CURVE('',#8138,#7959,#8166,.T.);
#8166 = SURFACE_CURVE('',#8167,(#8171,#8178),.PCURVE_S1.);
#8167 = LINE('',#8168,#8169);
#8168 = CARTESIAN_POINT('',(9.6,-12.23,2.05));
#8169 = VECTOR('',#8170,1.);
#8170 = DIRECTION('',(-0.,1.,-0.));
#8171 = PCURVE('',#7712,#8172);
#8172 = DEFINITIONAL_REPRESENTATION('',(#8173),#8177);
#8173 = LINE('',#8174,#8175);
#8174 = CARTESIAN_POINT('',(0.4,0.8));
#8175 = VECTOR('',#8176,1.);
#8176 = DIRECTION('',(-0.,-1.));
#8177 = ( GEOMETRIC_REPRESENTATION_CONTEXT(2) 
PARAMETRIC_REPRESENTATION_CONTEXT() REPRESENTATION_CONTEXT('2D SPACE',''
  ) );
#8178 = PCURVE('',#7920,#8179);
#8179 = DEFINITIONAL_REPRESENTATION('',(#8180),#8184);
#8180 = LINE('',#8181,#8182);
#8181 = CARTESIAN_POINT('',(-0.,-0.45));
#8182 = VECTOR('',#8183,1.);
#8183 = DIRECTION('',(-1.,-0.));
#8184 = ( GEOMETRIC_REPRESENTATION_CONTEXT(2) 
PARAMETRIC_REPRESENTATION_CONTEXT() REPRESENTATION_CONTEXT('2D SPACE',''
  ) );
#8185 = ORIENTED_EDGE('',*,*,#7981,.F.);
#8186 = ADVANCED_FACE('',(#8187),#7920,.F.);
#8187 = FACE_BOUND('',#8188,.T.);
#8188 = EDGE_LOOP('',(#8189,#8190,#8211,#8212));
#8189 = ORIENTED_EDGE('',*,*,#7904,.F.);
#8190 = ORIENTED_EDGE('',*,*,#8191,.T.);
#8191 = EDGE_CURVE('',#7872,#8138,#8192,.T.);
#8192 = SURFACE_CURVE('',#8193,(#8197,#8204),.PCURVE_S1.);
#8193 = LINE('',#8194,#8195);
#8194 = CARTESIAN_POINT('',(9.6,-12.166,1.6));
#8195 = VECTOR('',#8196,1.);
#8196 = DIRECTION('',(-0.,-0.,1.));
#8197 = PCURVE('',#7920,#8198);
#8198 = DEFINITIONAL_REPRESENTATION('',(#8199),#8203);
#8199 = LINE('',#8200,#8201);
#8200 = CARTESIAN_POINT('',(-6.4E-02,0.));
#8201 = VECTOR('',#8202,1.);
#8202 = DIRECTION('',(-0.,-1.));
#8203 = ( GEOMETRIC_REPRESENTATION_CONTEXT(2) 
PARAMETRIC_REPRESENTATION_CONTEXT() REPRESENTATION_CONTEXT('2D SPACE',''
  ) );
#8204 = PCURVE('',#7892,#8205);
#8205 = DEFINITIONAL_REPRESENTATION('',(#8206),#8210);
#8206 = LINE('',#8207,#8208);
#8207 = CARTESIAN_POINT('',(-1.570796326795,0.));
#8208 = VECTOR('',#8209,1.);
#8209 = DIRECTION('',(-0.,1.));
#8210 = ( GEOMETRIC_REPRESENTATION_CONTEXT(2) 
PARAMETRIC_REPRESENTATION_CONTEXT() REPRESENTATION_CONTEXT('2D SPACE',''
  ) );
#8211 = ORIENTED_EDGE('',*,*,#8165,.T.);
#8212 = ORIENTED_EDGE('',*,*,#7958,.F.);
#8213 = ADVANCED_FACE('',(#8214),#7798,.F.);
#8214 = FACE_BOUND('',#8215,.T.);
#8215 = EDGE_LOOP('',(#8216,#8217,#8218,#8219));
#8216 = ORIENTED_EDGE('',*,*,#7782,.F.);
#8217 = ORIENTED_EDGE('',*,*,#8008,.T.);
#8218 = ORIENTED_EDGE('',*,*,#8063,.T.);
#8219 = ORIENTED_EDGE('',*,*,#8220,.F.);
#8220 = EDGE_CURVE('',#7783,#8064,#8221,.T.);
#8221 = SURFACE_CURVE('',#8222,(#8226,#8233),.PCURVE_S1.);
#8222 = LINE('',#8223,#8224);
#8223 = CARTESIAN_POINT('',(10.4,-12.166,1.6));
#8224 = VECTOR('',#8225,1.);
#8225 = DIRECTION('',(-0.,-0.,1.));
#8226 = PCURVE('',#7798,#8227);
#8227 = DEFINITIONAL_REPRESENTATION('',(#8228),#8232);
#8228 = LINE('',#8229,#8230);
#8229 = CARTESIAN_POINT('',(-1.536,0.));
#8230 = VECTOR('',#8231,1.);
#8231 = DIRECTION('',(-0.,-1.));
#8232 = ( GEOMETRIC_REPRESENTATION_CONTEXT(2) 
PARAMETRIC_REPRESENTATION_CONTEXT() REPRESENTATION_CONTEXT('2D SPACE',''
  ) );
#8233 = PCURVE('',#7831,#8234);
#8234 = DEFINITIONAL_REPRESENTATION('',(#8235),#8239);
#8235 = LINE('',#8236,#8237);
#8236 = CARTESIAN_POINT('',(-0.,0.));
#8237 = VECTOR('',#8238,1.);
#8238 = DIRECTION('',(-0.,1.));
#8239 = ( GEOMETRIC_REPRESENTATION_CONTEXT(2) 
PARAMETRIC_REPRESENTATION_CONTEXT() REPRESENTATION_CONTEXT('2D SPACE',''
  ) );
#8240 = ADVANCED_FACE('',(#8241),#7892,.T.);
#8241 = FACE_BOUND('',#8242,.F.);
#8242 = EDGE_LOOP('',(#8243,#8244,#8245,#8246));
#8243 = ORIENTED_EDGE('',*,*,#7871,.T.);
#8244 = ORIENTED_EDGE('',*,*,#8191,.T.);
#8245 = ORIENTED_EDGE('',*,*,#8137,.F.);
#8246 = ORIENTED_EDGE('',*,*,#8247,.F.);
#8247 = EDGE_CURVE('',#7844,#8115,#8248,.T.);
#8248 = SURFACE_CURVE('',#8249,(#8253,#8260),.PCURVE_S1.);
#8249 = LINE('',#8250,#8251);
#8250 = CARTESIAN_POINT('',(9.664,-12.23,1.6));
#8251 = VECTOR('',#8252,1.);
#8252 = DIRECTION('',(-0.,-0.,1.));
#8253 = PCURVE('',#7892,#8254);
#8254 = DEFINITIONAL_REPRESENTATION('',(#8255),#8259);
#8255 = LINE('',#8256,#8257);
#8256 = CARTESIAN_POINT('',(-0.,0.));
#8257 = VECTOR('',#8258,1.);
#8258 = DIRECTION('',(-0.,1.));
#8259 = ( GEOMETRIC_REPRESENTATION_CONTEXT(2) 
PARAMETRIC_REPRESENTATION_CONTEXT() REPRESENTATION_CONTEXT('2D SPACE',''
  ) );
#8260 = PCURVE('',#7859,#8261);
#8261 = DEFINITIONAL_REPRESENTATION('',(#8262),#8266);
#8262 = LINE('',#8263,#8264);
#8263 = CARTESIAN_POINT('',(-0.736,0.));
#8264 = VECTOR('',#8265,1.);
#8265 = DIRECTION('',(-0.,-1.));
#8266 = ( GEOMETRIC_REPRESENTATION_CONTEXT(2) 
PARAMETRIC_REPRESENTATION_CONTEXT() REPRESENTATION_CONTEXT('2D SPACE',''
  ) );
#8267 = ADVANCED_FACE('',(#8268),#7831,.T.);
#8268 = FACE_BOUND('',#8269,.F.);
#8269 = EDGE_LOOP('',(#8270,#8271,#8292,#8293));
#8270 = ORIENTED_EDGE('',*,*,#7810,.T.);
#8271 = ORIENTED_EDGE('',*,*,#8272,.T.);
#8272 = EDGE_CURVE('',#7811,#8087,#8273,.T.);
#8273 = SURFACE_CURVE('',#8274,(#8278,#8285),.PCURVE_S1.);
#8274 = LINE('',#8275,#8276);
#8275 = CARTESIAN_POINT('',(10.336,-12.23,1.6));
#8276 = VECTOR('',#8277,1.);
#8277 = DIRECTION('',(-0.,-0.,1.));
#8278 = PCURVE('',#7831,#8279);
#8279 = DEFINITIONAL_REPRESENTATION('',(#8280),#8284);
#8280 = LINE('',#8281,#8282);
#8281 = CARTESIAN_POINT('',(-1.570796326795,0.));
#8282 = VECTOR('',#8283,1.);
#8283 = DIRECTION('',(-0.,1.));
#8284 = ( GEOMETRIC_REPRESENTATION_CONTEXT(2) 
PARAMETRIC_REPRESENTATION_CONTEXT() REPRESENTATION_CONTEXT('2D SPACE',''
  ) );
#8285 = PCURVE('',#7859,#8286);
#8286 = DEFINITIONAL_REPRESENTATION('',(#8287),#8291);
#8287 = LINE('',#8288,#8289);
#8288 = CARTESIAN_POINT('',(-6.4E-02,0.));
#8289 = VECTOR('',#8290,1.);
#8290 = DIRECTION('',(-0.,-1.));
#8291 = ( GEOMETRIC_REPRESENTATION_CONTEXT(2) 
PARAMETRIC_REPRESENTATION_CONTEXT() REPRESENTATION_CONTEXT('2D SPACE',''
  ) );
#8292 = ORIENTED_EDGE('',*,*,#8086,.F.);
#8293 = ORIENTED_EDGE('',*,*,#8220,.F.);
#8294 = ADVANCED_FACE('',(#8295),#7859,.F.);
#8295 = FACE_BOUND('',#8296,.T.);
#8296 = EDGE_LOOP('',(#8297,#8298,#8299,#8300));
#8297 = ORIENTED_EDGE('',*,*,#7843,.F.);
#8298 = ORIENTED_EDGE('',*,*,#8272,.T.);
#8299 = ORIENTED_EDGE('',*,*,#8114,.T.);
#8300 = ORIENTED_EDGE('',*,*,#8247,.F.);
#8301 = ( GEOMETRIC_REPRESENTATION_CONTEXT(3) 
GLOBAL_UNCERTAINTY_ASSIGNED_CONTEXT((#8305)) 
GLOBAL_UNIT_ASSIGNED_CONTEXT((#8302,#8303,#8304)) REPRESENTATION_CONTEXT
('Context #1','3D Context with UNIT and UNCERTAINTY') );
#8302 = ( LENGTH_UNIT() NAMED_UNIT(*) SI_UNIT(.MILLI.,.METRE.) );
#8303 = ( NAMED_UNIT(*) PLANE_ANGLE_UNIT() SI_UNIT($,.RADIAN.) );
#8304 = ( NAMED_UNIT(*) SI_UNIT($,.STERADIAN.) SOLID_ANGLE_UNIT() );
#8305 = UNCERTAINTY_MEASURE_WITH_UNIT(LENGTH_MEASURE(1.E-07),#8302,
  'distance_accuracy_value','confusion accuracy');
#8306 = CONTEXT_DEPENDENT_SHAPE_REPRESENTATION(#8307,#8309);
#8307 = ( REPRESENTATION_RELATIONSHIP('','',#7626,#10) 
REPRESENTATION_RELATIONSHIP_WITH_TRANSFORMATION(#8308) 
SHAPE_REPRESENTATION_RELATIONSHIP() );
#8308 = ITEM_DEFINED_TRANSFORMATION('','',#11,#87);
#8309 = PRODUCT_DEFINITION_SHAPE('Placement','Placement of an item',
  #8310);
#8310 = NEXT_ASSEMBLY_USAGE_OCCURRENCE('62','C0','',#5,#7621,$);
#8311 = PRODUCT_RELATED_PRODUCT_CATEGORY('part',$,(#7623));
#8312 = MECHANICAL_DESIGN_GEOMETRIC_PRESENTATION_REPRESENTATION('',(
    #8313),#3709);
#8313 = STYLED_ITEM('color',(#8314),#3511);
#8314 = PRESENTATION_STYLE_ASSIGNMENT((#8315));
#8315 = SURFACE_STYLE_USAGE(.BOTH.,#8316);
#8316 = SURFACE_SIDE_STYLE('',(#8317));
#8317 = SURFACE_STYLE_FILL_AREA(#8318);
#8318 = FILL_AREA_STYLE('',(#8319));
#8319 = FILL_AREA_STYLE_COLOUR('',#8320);
#8320 = COLOUR_RGB('',0.850000012718,0.700000005816,0.299999996101);
#8321 = MECHANICAL_DESIGN_GEOMETRIC_PRESENTATION_REPRESENTATION('',(
    #8322),#3492);
#8322 = STYLED_ITEM('color',(#8323),#3294);
#8323 = PRESENTATION_STYLE_ASSIGNMENT((#8324));
#8324 = SURFACE_STYLE_USAGE(.BOTH.,#8325);
#8325 = SURFACE_SIDE_STYLE('',(#8326));
#8326 = SURFACE_STYLE_FILL_AREA(#8327);
#8327 = FILL_AREA_STYLE('',(#8328));
#8328 = FILL_AREA_STYLE_COLOUR('',#8320);
#8329 = MECHANICAL_DESIGN_GEOMETRIC_PRESENTATION_REPRESENTATION('',(
    #8330),#5529);
#8330 = STYLED_ITEM('color',(#8331),#4855);
#8331 = PRESENTATION_STYLE_ASSIGNMENT((#8332));
#8332 = SURFACE_STYLE_USAGE(.BOTH.,#8333);
#8333 = SURFACE_SIDE_STYLE('',(#8334));
#8334 = SURFACE_STYLE_FILL_AREA(#8335);
#8335 = FILL_AREA_STYLE('',(#8336));
#8336 = FILL_AREA_STYLE_COLOUR('',#8337);
#8337 = COLOUR_RGB('',0.55000000909,0.45000000386,0.350000000377);
#8338 = MECHANICAL_DESIGN_GEOMETRIC_PRESENTATION_REPRESENTATION('',(
    #8339),#2841);
#8339 = STYLED_ITEM('color',(#8340),#2643);
#8340 = PRESENTATION_STYLE_ASSIGNMENT((#8341));
#8341 = SURFACE_STYLE_USAGE(.BOTH.,#8342);
#8342 = SURFACE_SIDE_STYLE('',(#8343));
#8343 = SURFACE_STYLE_FILL_AREA(#8344);
#8344 = FILL_AREA_STYLE('',(#8345));
#8345 = FILL_AREA_STYLE_COLOUR('',#8320);
#8346 = MECHANICAL_DESIGN_GEOMETRIC_PRESENTATION_REPRESENTATION('',(
    #8347),#2190);
#8347 = STYLED_ITEM('color',(#8348),#1992);
#8348 = PRESENTATION_STYLE_ASSIGNMENT((#8349));
#8349 = SURFACE_STYLE_USAGE(.BOTH.,#8350);
#8350 = SURFACE_SIDE_STYLE('',(#8351));
#8351 = SURFACE_STYLE_FILL_AREA(#8352);
#8352 = FILL_AREA_STYLE('',(#8353));
#8353 = FILL_AREA_STYLE_COLOUR('',#8320);
#8354 = MECHANICAL_DESIGN_GEOMETRIC_PRESENTATION_REPRESENTATION('',(
    #8355),#1973);
#8355 = STYLED_ITEM('color',(#8356),#1775);
#8356 = PRESENTATION_STYLE_ASSIGNMENT((#8357));
#8357 = SURFACE_STYLE_USAGE(.BOTH.,#8358);
#8358 = SURFACE_SIDE_STYLE('',(#8359));
#8359 = SURFACE_STYLE_FILL_AREA(#8360);
#8360 = FILL_AREA_STYLE('',(#8361));
#8361 = FILL_AREA_STYLE_COLOUR('',#8320);
#8362 = MECHANICAL_DESIGN_GEOMETRIC_PRESENTATION_REPRESENTATION('',(
    #8363),#2624);
#8363 = STYLED_ITEM('color',(#8364),#2426);
#8364 = PRESENTATION_STYLE_ASSIGNMENT((#8365));
#8365 = SURFACE_STYLE_USAGE(.BOTH.,#8366);
#8366 = SURFACE_SIDE_STYLE('',(#8367));
#8367 = SURFACE_STYLE_FILL_AREA(#8368);
#8368 = FILL_AREA_STYLE('',(#8369));
#8369 = FILL_AREA_STYLE_COLOUR('',#8320);
#8370 = MECHANICAL_DESIGN_GEOMETRIC_PRESENTATION_REPRESENTATION('',(
    #8371),#4143);
#8371 = STYLED_ITEM('color',(#8372),#3945);
#8372 = PRESENTATION_STYLE_ASSIGNMENT((#8373));
#8373 = SURFACE_STYLE_USAGE(.BOTH.,#8374);
#8374 = SURFACE_SIDE_STYLE('',(#8375));
#8375 = SURFACE_STYLE_FILL_AREA(#8376);
#8376 = FILL_AREA_STYLE('',(#8377));
#8377 = FILL_AREA_STYLE_COLOUR('',#8320);
#8378 = MECHANICAL_DESIGN_GEOMETRIC_PRESENTATION_REPRESENTATION('',(
    #8379),#8301);
#8379 = STYLED_ITEM('color',(#8380),#7627);
#8380 = PRESENTATION_STYLE_ASSIGNMENT((#8381));
#8381 = SURFACE_STYLE_USAGE(.BOTH.,#8382);
#8382 = SURFACE_SIDE_STYLE('',(#8383));
#8383 = SURFACE_STYLE_FILL_AREA(#8384);
#8384 = FILL_AREA_STYLE('',(#8385));
#8385 = FILL_AREA_STYLE_COLOUR('',#8337);
#8386 = MECHANICAL_DESIGN_GEOMETRIC_PRESENTATION_REPRESENTATION('',(
    #8387),#3275);
#8387 = STYLED_ITEM('color',(#8388),#3077);
#8388 = PRESENTATION_STYLE_ASSIGNMENT((#8389));
#8389 = SURFACE_STYLE_USAGE(.BOTH.,#8390);
#8390 = SURFACE_SIDE_STYLE('',(#8391));
#8391 = SURFACE_STYLE_FILL_AREA(#8392);
#8392 = FILL_AREA_STYLE('',(#8393));
#8393 = FILL_AREA_STYLE_COLOUR('',#8320);
#8394 = MECHANICAL_DESIGN_GEOMETRIC_PRESENTATION_REPRESENTATION('',(
    #8395),#1756);
#8395 = STYLED_ITEM('color',(#8396),#1558);
#8396 = PRESENTATION_STYLE_ASSIGNMENT((#8397));
#8397 = SURFACE_STYLE_USAGE(.BOTH.,#8398);
#8398 = SURFACE_SIDE_STYLE('',(#8399));
#8399 = SURFACE_STYLE_FILL_AREA(#8400);
#8400 = FILL_AREA_STYLE('',(#8401));
#8401 = FILL_AREA_STYLE_COLOUR('',#8320);
#8402 = MECHANICAL_DESIGN_GEOMETRIC_PRESENTATION_REPRESENTATION('',(
    #8403),#7608);
#8403 = STYLED_ITEM('color',(#8404),#6934);
#8404 = PRESENTATION_STYLE_ASSIGNMENT((#8405));
#8405 = SURFACE_STYLE_USAGE(.BOTH.,#8406);
#8406 = SURFACE_SIDE_STYLE('',(#8407));
#8407 = SURFACE_STYLE_FILL_AREA(#8408);
#8408 = FILL_AREA_STYLE('',(#8409));
#8409 = FILL_AREA_STYLE_COLOUR('',#8337);
#8410 = MECHANICAL_DESIGN_GEOMETRIC_PRESENTATION_REPRESENTATION('',(
    #8411),#4836);
#8411 = STYLED_ITEM('color',(#8412),#4162);
#8412 = PRESENTATION_STYLE_ASSIGNMENT((#8413));
#8413 = SURFACE_STYLE_USAGE(.BOTH.,#8414);
#8414 = SURFACE_SIDE_STYLE('',(#8415));
#8415 = SURFACE_STYLE_FILL_AREA(#8416);
#8416 = FILL_AREA_STYLE('',(#8417));
#8417 = FILL_AREA_STYLE_COLOUR('',#8418);
#8418 = COLOUR_RGB('',7.999999887273E-02,7.999999887273E-02,
  7.999999887273E-02);
#8419 = MECHANICAL_DESIGN_GEOMETRIC_PRESENTATION_REPRESENTATION('',(
    #8420),#6222);
#8420 = STYLED_ITEM('color',(#8421),#5548);
#8421 = PRESENTATION_STYLE_ASSIGNMENT((#8422));
#8422 = SURFACE_STYLE_USAGE(.BOTH.,#8423);
#8423 = SURFACE_SIDE_STYLE('',(#8424));
#8424 = SURFACE_STYLE_FILL_AREA(#8425);
#8425 = FILL_AREA_STYLE('',(#8426));
#8426 = FILL_AREA_STYLE_COLOUR('',#8337);
#8427 = MECHANICAL_DESIGN_GEOMETRIC_PRESENTATION_REPRESENTATION('',(
    #8428),#2407);
#8428 = STYLED_ITEM('color',(#8429),#2209);
#8429 = PRESENTATION_STYLE_ASSIGNMENT((#8430));
#8430 = SURFACE_STYLE_USAGE(.BOTH.,#8431);
#8431 = SURFACE_SIDE_STYLE('',(#8432));
#8432 = SURFACE_STYLE_FILL_AREA(#8433);
#8433 = FILL_AREA_STYLE('',(#8434));
#8434 = FILL_AREA_STYLE_COLOUR('',#8320);
#8435 = MECHANICAL_DESIGN_GEOMETRIC_PRESENTATION_REPRESENTATION('',(
    #8436),#3926);
#8436 = STYLED_ITEM('color',(#8437),#3728);
#8437 = PRESENTATION_STYLE_ASSIGNMENT((#8438));
#8438 = SURFACE_STYLE_USAGE(.BOTH.,#8439);
#8439 = SURFACE_SIDE_STYLE('',(#8440));
#8440 = SURFACE_STYLE_FILL_AREA(#8441);
#8441 = FILL_AREA_STYLE('',(#8442));
#8442 = FILL_AREA_STYLE_COLOUR('',#8320);
#8443 = MECHANICAL_DESIGN_GEOMETRIC_PRESENTATION_REPRESENTATION('',(
    #8444),#6915);
#8444 = STYLED_ITEM('color',(#8445),#6241);
#8445 = PRESENTATION_STYLE_ASSIGNMENT((#8446));
#8446 = SURFACE_STYLE_USAGE(.BOTH.,#8447);
#8447 = SURFACE_SIDE_STYLE('',(#8448));
#8448 = SURFACE_STYLE_FILL_AREA(#8449);
#8449 = FILL_AREA_STYLE('',(#8450));
#8450 = FILL_AREA_STYLE_COLOUR('',#8337);
#8451 = MECHANICAL_DESIGN_GEOMETRIC_PRESENTATION_REPRESENTATION('',(
    #8452),#3058);
#8452 = STYLED_ITEM('color',(#8453),#2860);
#8453 = PRESENTATION_STYLE_ASSIGNMENT((#8454));
#8454 = SURFACE_STYLE_USAGE(.BOTH.,#8455);
#8455 = SURFACE_SIDE_STYLE('',(#8456));
#8456 = SURFACE_STYLE_FILL_AREA(#8457);
#8457 = FILL_AREA_STYLE('',(#8458));
#8458 = FILL_AREA_STYLE_COLOUR('',#8320);
#8459 = MECHANICAL_DESIGN_GEOMETRIC_PRESENTATION_REPRESENTATION('',(
    #8460),#1539);
#8460 = STYLED_ITEM('color',(#8461),#105);
#8461 = PRESENTATION_STYLE_ASSIGNMENT((#8462));
#8462 = SURFACE_STYLE_USAGE(.BOTH.,#8463);
#8463 = SURFACE_SIDE_STYLE('',(#8464));
#8464 = SURFACE_STYLE_FILL_AREA(#8465);
#8465 = FILL_AREA_STYLE('',(#8466));
#8466 = FILL_AREA_STYLE_COLOUR('',#8467);
#8467 = COLOUR_RGB('',5.000000142576E-02,0.250000000672,0.649999988539);
ENDSEC;
END-ISO-10303-21;
