ISO-10303-21;
HEADER;
FILE_DESCRIPTION(('Open CASCADE Model'),'2;1');
FILE_NAME('Open CASCADE Shape Model','2026-10-03T00:45:12',('Author'),(
    'Open CASCADE'),'Open CASCADE STEP processor 7.9','Open CASCADE 7.9'
  ,'Unknown');
FILE_SCHEMA(('AUTOMOTIVE_DESIGN { 1 0 10303 214 1 1 1 1 }'));
ENDSEC;
DATA;
#1 = APPLICATION_PROTOCOL_DEFINITION('international standard',
  'automotive_design',2000,#2);
#2 = APPLICATION_CONTEXT(
  'core data for automotive mechanical design processes');
#3 = SHAPE_DEFINITION_REPRESENTATION(#4,#10);
#4 = PRODUCT_DEFINITION_SHAPE('','',#5);
#5 = PRODUCT_DEFINITION('design','',#6,#9);
#6 = PRODUCT_DEFINITION_FORMATION('','',#7);
#7 = PRODUCT('GY-271_Magnetometer','GY-271_Magnetometer','',(#8));
#8 = PRODUCT_CONTEXT('',#2,'mechanical');
#9 = PRODUCT_DEFINITION_CONTEXT('part definition',#2,'design');
#10 = SHAPE_REPRESENTATION('',(#11,#15,#19,#23,#27,#31,#35,#39,#43,#47,
    #51,#55,#59,#63),#67);
#11 = AXIS2_PLACEMENT_3D('',#12,#13,#14);
#12 = CARTESIAN_POINT('',(0.,0.,0.));
#13 = DIRECTION('',(0.,0.,1.));
#14 = DIRECTION('',(1.,0.,-0.));
#15 = AXIS2_PLACEMENT_3D('',#16,#17,#18);
#16 = CARTESIAN_POINT('',(0.,0.,0.));
#17 = DIRECTION('',(0.,0.,1.));
#18 = DIRECTION('',(1.,0.,-0.));
#19 = AXIS2_PLACEMENT_3D('',#20,#21,#22);
#20 = CARTESIAN_POINT('',(0.,0.,0.));
#21 = DIRECTION('',(0.,0.,1.));
#22 = DIRECTION('',(1.,0.,-0.));
#23 = AXIS2_PLACEMENT_3D('',#24,#25,#26);
#24 = CARTESIAN_POINT('',(0.,0.,0.));
#25 = DIRECTION('',(0.,0.,1.));
#26 = DIRECTION('',(1.,0.,-0.));
#27 = AXIS2_PLACEMENT_3D('',#28,#29,#30);
#28 = CARTESIAN_POINT('',(0.,0.,0.));
#29 = DIRECTION('',(0.,0.,1.));
#30 = DIRECTION('',(1.,0.,-0.));
#31 = AXIS2_PLACEMENT_3D('',#32,#33,#34);
#32 = CARTESIAN_POINT('',(0.,0.,0.));
#33 = DIRECTION('',(0.,0.,1.));
#34 = DIRECTION('',(1.,0.,-0.));
#35 = AXIS2_PLACEMENT_3D('',#36,#37,#38);
#36 = CARTESIAN_POINT('',(0.,0.,0.));
#37 = DIRECTION('',(0.,0.,1.));
#38 = DIRECTION('',(1.,0.,-0.));
#39 = AXIS2_PLACEMENT_3D('',#40,#41,#42);
#40 = CARTESIAN_POINT('',(0.,0.,0.));
#41 = DIRECTION('',(0.,0.,1.));
#42 = DIRECTION('',(1.,0.,-0.));
#43 = AXIS2_PLACEMENT_3D('',#44,#45,#46);
#44 = CARTESIAN_POINT('',(0.,0.,0.));
#45 = DIRECTION('',(0.,0.,1.));
#46 = DIRECTION('',(1.,0.,-0.));
#47 = AXIS2_PLACEMENT_3D('',#48,#49,#50);
#48 = CARTESIAN_POINT('',(0.,0.,0.));
#49 = DIRECTION('',(0.,0.,1.));
#50 = DIRECTION('',(1.,0.,-0.));
#51 = AXIS2_PLACEMENT_3D('',#52,#53,#54);
#52 = CARTESIAN_POINT('',(0.,0.,0.));
#53 = DIRECTION('',(0.,0.,1.));
#54 = DIRECTION('',(1.,0.,-0.));
#55 = AXIS2_PLACEMENT_3D('',#56,#57,#58);
#56 = CARTESIAN_POINT('',(0.,0.,0.));
#57 = DIRECTION('',(0.,0.,1.));
#58 = DIRECTION('',(1.,0.,-0.));
#59 = AXIS2_PLACEMENT_3D('',#60,#61,#62);
#60 = CARTESIAN_POINT('',(0.,0.,0.));
#61 = DIRECTION('',(0.,0.,1.));
#62 = DIRECTION('',(1.,0.,-0.));
#63 = AXIS2_PLACEMENT_3D('',#64,#65,#66);
#64 = CARTESIAN_POINT('',(0.,0.,0.));
#65 = DIRECTION('',(0.,0.,1.));
#66 = DIRECTION('',(1.,0.,-0.));
#67 = ( GEOMETRIC_REPRESENTATION_CONTEXT(3) 
GLOBAL_UNCERTAINTY_ASSIGNED_CONTEXT((#71)) GLOBAL_UNIT_ASSIGNED_CONTEXT(
(#68,#69,#70)) REPRESENTATION_CONTEXT('Context #1',
  '3D Context with UNIT and UNCERTAINTY') );
#68 = ( LENGTH_UNIT() NAMED_UNIT(*) SI_UNIT(.MILLI.,.METRE.) );
#69 = ( NAMED_UNIT(*) PLANE_ANGLE_UNIT() SI_UNIT($,.RADIAN.) );
#70 = ( NAMED_UNIT(*) SI_UNIT($,.STERADIAN.) SOLID_ANGLE_UNIT() );
#71 = UNCERTAINTY_MEASURE_WITH_UNIT(LENGTH_MEASURE(1.E-07),#68,
  'distance_accuracy_value','confusion accuracy');
#72 = PRODUCT_RELATED_PRODUCT_CATEGORY('part',$,(#7));
#73 = SHAPE_DEFINITION_REPRESENTATION(#74,#80);
#74 = PRODUCT_DEFINITION_SHAPE('','',#75);
#75 = PRODUCT_DEFINITION('design','',#76,#79);
#76 = PRODUCT_DEFINITION_FORMATION('','',#77);
#77 = PRODUCT('pcb','pcb','',(#78));
#78 = PRODUCT_CONTEXT('',#2,'mechanical');
#79 = PRODUCT_DEFINITION_CONTEXT('part definition',#2,'design');
#80 = ADVANCED_BREP_SHAPE_REPRESENTATION('',(#11,#81),#1055);
#81 = MANIFOLD_SOLID_BREP('',#82);
#82 = CLOSED_SHELL('',(#83,#203,#279,#350,#622,#859,#866,#893,#920,#947,
    #974,#1001,#1028));
#83 = ADVANCED_FACE('',(#84),#98,.F.);
#84 = FACE_BOUND('',#85,.T.);
#85 = EDGE_LOOP('',(#86,#121,#149,#177));
#86 = ORIENTED_EDGE('',*,*,#87,.T.);
#87 = EDGE_CURVE('',#88,#90,#92,.T.);
#88 = VERTEX_POINT('',#89);
#89 = CARTESIAN_POINT('',(-1.5,1.92,0.));
#90 = VERTEX_POINT('',#91);
#91 = CARTESIAN_POINT('',(-1.5,1.92,1.6));
#92 = SURFACE_CURVE('',#93,(#97,#109),.PCURVE_S1.);
#93 = LINE('',#94,#95);
#94 = CARTESIAN_POINT('',(-1.5,1.92,0.));
#95 = VECTOR('',#96,1.);
#96 = DIRECTION('',(-0.,-0.,1.));
#97 = PCURVE('',#98,#103);
#98 = PLANE('',#99);
#99 = AXIS2_PLACEMENT_3D('',#100,#101,#102);
#100 = CARTESIAN_POINT('',(-1.5,1.92,0.));
#101 = DIRECTION('',(-0.,-1.,-0.));
#102 = DIRECTION('',(-1.,0.,0.));
#103 = DEFINITIONAL_REPRESENTATION('',(#104),#108);
#104 = LINE('',#105,#106);
#105 = CARTESIAN_POINT('',(-0.,-0.));
#106 = VECTOR('',#107,1.);
#107 = DIRECTION('',(-0.,-1.));
#108 = ( GEOMETRIC_REPRESENTATION_CONTEXT(2) 
PARAMETRIC_REPRESENTATION_CONTEXT() REPRESENTATION_CONTEXT('2D SPACE',''
  ) );
#109 = PCURVE('',#110,#115);
#110 = PLANE('',#111);
#111 = AXIS2_PLACEMENT_3D('',#112,#113,#114);
#112 = CARTESIAN_POINT('',(-1.5,-12.08,0.));
#113 = DIRECTION('',(1.,-0.,-0.));
#114 = DIRECTION('',(0.,-1.,0.));
#115 = DEFINITIONAL_REPRESENTATION('',(#116),#120);
#116 = LINE('',#117,#118);
#117 = CARTESIAN_POINT('',(-14.,0.));
#118 = VECTOR('',#119,1.);
#119 = DIRECTION('',(-0.,-1.));
#120 = ( GEOMETRIC_REPRESENTATION_CONTEXT(2) 
PARAMETRIC_REPRESENTATION_CONTEXT() REPRESENTATION_CONTEXT('2D SPACE',''
  ) );
#121 = ORIENTED_EDGE('',*,*,#122,.T.);
#122 = EDGE_CURVE('',#90,#123,#125,.T.);
#123 = VERTEX_POINT('',#124);
#124 = CARTESIAN_POINT('',(12.,1.92,1.6));
#125 = SURFACE_CURVE('',#126,(#130,#137),.PCURVE_S1.);
#126 = LINE('',#127,#128);
#127 = CARTESIAN_POINT('',(-1.5,1.92,1.6));
#128 = VECTOR('',#129,1.);
#129 = DIRECTION('',(1.,-0.,-0.));
#130 = PCURVE('',#98,#131);
#131 = DEFINITIONAL_REPRESENTATION('',(#132),#136);
#132 = LINE('',#133,#134);
#133 = CARTESIAN_POINT('',(-0.,-1.6));
#134 = VECTOR('',#135,1.);
#135 = DIRECTION('',(-1.,-0.));
#136 = ( GEOMETRIC_REPRESENTATION_CONTEXT(2) 
PARAMETRIC_REPRESENTATION_CONTEXT() REPRESENTATION_CONTEXT('2D SPACE',''
  ) );
#137 = PCURVE('',#138,#143);
#138 = PLANE('',#139);
#139 = AXIS2_PLACEMENT_3D('',#140,#141,#142);
#140 = CARTESIAN_POINT('',(5.25,-5.08,1.6));
#141 = DIRECTION('',(-0.,-0.,1.));
#142 = DIRECTION('',(-1.,0.,0.));
#143 = DEFINITIONAL_REPRESENTATION('',(#144),#148);
#144 = LINE('',#145,#146);
#145 = CARTESIAN_POINT('',(6.75,-7.));
#146 = VECTOR('',#147,1.);
#147 = DIRECTION('',(-1.,0.));
#148 = ( GEOMETRIC_REPRESENTATION_CONTEXT(2) 
PARAMETRIC_REPRESENTATION_CONTEXT() REPRESENTATION_CONTEXT('2D SPACE',''
  ) );
#149 = ORIENTED_EDGE('',*,*,#150,.F.);
#150 = EDGE_CURVE('',#151,#123,#153,.T.);
#151 = VERTEX_POINT('',#152);
#152 = CARTESIAN_POINT('',(12.,1.92,0.));
#153 = SURFACE_CURVE('',#154,(#158,#165),.PCURVE_S1.);
#154 = LINE('',#155,#156);
#155 = CARTESIAN_POINT('',(12.,1.92,0.));
#156 = VECTOR('',#157,1.);
#157 = DIRECTION('',(-0.,-0.,1.));
#158 = PCURVE('',#98,#159);
#159 = DEFINITIONAL_REPRESENTATION('',(#160),#164);
#160 = LINE('',#161,#162);
#161 = CARTESIAN_POINT('',(-13.5,-0.));
#162 = VECTOR('',#163,1.);
#163 = DIRECTION('',(-0.,-1.));
#164 = ( GEOMETRIC_REPRESENTATION_CONTEXT(2) 
PARAMETRIC_REPRESENTATION_CONTEXT() REPRESENTATION_CONTEXT('2D SPACE',''
  ) );
#165 = PCURVE('',#166,#171);
#166 = PLANE('',#167);
#167 = AXIS2_PLACEMENT_3D('',#168,#169,#170);
#168 = CARTESIAN_POINT('',(12.,1.92,0.));
#169 = DIRECTION('',(-1.,-0.,-0.));
#170 = DIRECTION('',(0.,1.,0.));
#171 = DEFINITIONAL_REPRESENTATION('',(#172),#176);
#172 = LINE('',#173,#174);
#173 = CARTESIAN_POINT('',(-0.,-0.));
#174 = VECTOR('',#175,1.);
#175 = DIRECTION('',(-0.,-1.));
#176 = ( GEOMETRIC_REPRESENTATION_CONTEXT(2) 
PARAMETRIC_REPRESENTATION_CONTEXT() REPRESENTATION_CONTEXT('2D SPACE',''
  ) );
#177 = ORIENTED_EDGE('',*,*,#178,.F.);
#178 = EDGE_CURVE('',#88,#151,#179,.T.);
#179 = SURFACE_CURVE('',#180,(#184,#191),.PCURVE_S1.);
#180 = LINE('',#181,#182);
#181 = CARTESIAN_POINT('',(-1.5,1.92,0.));
#182 = VECTOR('',#183,1.);
#183 = DIRECTION('',(1.,-0.,-0.));
#184 = PCURVE('',#98,#185);
#185 = DEFINITIONAL_REPRESENTATION('',(#186),#190);
#186 = LINE('',#187,#188);
#187 = CARTESIAN_POINT('',(-0.,-0.));
#188 = VECTOR('',#189,1.);
#189 = DIRECTION('',(-1.,-0.));
#190 = ( GEOMETRIC_REPRESENTATION_CONTEXT(2) 
PARAMETRIC_REPRESENTATION_CONTEXT() REPRESENTATION_CONTEXT('2D SPACE',''
  ) );
#191 = PCURVE('',#192,#197);
#192 = PLANE('',#193);
#193 = AXIS2_PLACEMENT_3D('',#194,#195,#196);
#194 = CARTESIAN_POINT('',(5.25,-5.08,0.));
#195 = DIRECTION('',(-0.,-0.,1.));
#196 = DIRECTION('',(-1.,0.,0.));
#197 = DEFINITIONAL_REPRESENTATION('',(#198),#202);
#198 = LINE('',#199,#200);
#199 = CARTESIAN_POINT('',(6.75,-7.));
#200 = VECTOR('',#201,1.);
#201 = DIRECTION('',(-1.,0.));
#202 = ( GEOMETRIC_REPRESENTATION_CONTEXT(2) 
PARAMETRIC_REPRESENTATION_CONTEXT() REPRESENTATION_CONTEXT('2D SPACE',''
  ) );
#203 = ADVANCED_FACE('',(#204),#110,.F.);
#204 = FACE_BOUND('',#205,.T.);
#205 = EDGE_LOOP('',(#206,#236,#257,#258));
#206 = ORIENTED_EDGE('',*,*,#207,.T.);
#207 = EDGE_CURVE('',#208,#210,#212,.T.);
#208 = VERTEX_POINT('',#209);
#209 = CARTESIAN_POINT('',(-1.5,-12.08,0.));
#210 = VERTEX_POINT('',#211);
#211 = CARTESIAN_POINT('',(-1.5,-12.08,1.6));
#212 = SURFACE_CURVE('',#213,(#217,#224),.PCURVE_S1.);
#213 = LINE('',#214,#215);
#214 = CARTESIAN_POINT('',(-1.5,-12.08,0.));
#215 = VECTOR('',#216,1.);
#216 = DIRECTION('',(-0.,-0.,1.));
#217 = PCURVE('',#110,#218);
#218 = DEFINITIONAL_REPRESENTATION('',(#219),#223);
#219 = LINE('',#220,#221);
#220 = CARTESIAN_POINT('',(-0.,0.));
#221 = VECTOR('',#222,1.);
#222 = DIRECTION('',(-0.,-1.));
#223 = ( GEOMETRIC_REPRESENTATION_CONTEXT(2) 
PARAMETRIC_REPRESENTATION_CONTEXT() REPRESENTATION_CONTEXT('2D SPACE',''
  ) );
#224 = PCURVE('',#225,#230);
#225 = PLANE('',#226);
#226 = AXIS2_PLACEMENT_3D('',#227,#228,#229);
#227 = CARTESIAN_POINT('',(12.,-12.08,0.));
#228 = DIRECTION('',(-0.,1.,-0.));
#229 = DIRECTION('',(1.,0.,0.));
#230 = DEFINITIONAL_REPRESENTATION('',(#231),#235);
#231 = LINE('',#232,#233);
#232 = CARTESIAN_POINT('',(-13.5,0.));
#233 = VECTOR('',#234,1.);
#234 = DIRECTION('',(-0.,-1.));
#235 = ( GEOMETRIC_REPRESENTATION_CONTEXT(2) 
PARAMETRIC_REPRESENTATION_CONTEXT() REPRESENTATION_CONTEXT('2D SPACE',''
  ) );
#236 = ORIENTED_EDGE('',*,*,#237,.T.);
#237 = EDGE_CURVE('',#210,#90,#238,.T.);
#238 = SURFACE_CURVE('',#239,(#243,#250),.PCURVE_S1.);
#239 = LINE('',#240,#241);
#240 = CARTESIAN_POINT('',(-1.5,-12.08,1.6));
#241 = VECTOR('',#242,1.);
#242 = DIRECTION('',(-0.,1.,-0.));
#243 = PCURVE('',#110,#244);
#244 = DEFINITIONAL_REPRESENTATION('',(#245),#249);
#245 = LINE('',#246,#247);
#246 = CARTESIAN_POINT('',(-0.,-1.6));
#247 = VECTOR('',#248,1.);
#248 = DIRECTION('',(-1.,-0.));
#249 = ( GEOMETRIC_REPRESENTATION_CONTEXT(2) 
PARAMETRIC_REPRESENTATION_CONTEXT() REPRESENTATION_CONTEXT('2D SPACE',''
  ) );
#250 = PCURVE('',#138,#251);
#251 = DEFINITIONAL_REPRESENTATION('',(#252),#256);
#252 = LINE('',#253,#254);
#253 = CARTESIAN_POINT('',(6.75,7.));
#254 = VECTOR('',#255,1.);
#255 = DIRECTION('',(-0.,-1.));
#256 = ( GEOMETRIC_REPRESENTATION_CONTEXT(2) 
PARAMETRIC_REPRESENTATION_CONTEXT() REPRESENTATION_CONTEXT('2D SPACE',''
  ) );
#257 = ORIENTED_EDGE('',*,*,#87,.F.);
#258 = ORIENTED_EDGE('',*,*,#259,.F.);
#259 = EDGE_CURVE('',#208,#88,#260,.T.);
#260 = SURFACE_CURVE('',#261,(#265,#272),.PCURVE_S1.);
#261 = LINE('',#262,#263);
#262 = CARTESIAN_POINT('',(-1.5,-12.08,0.));
#263 = VECTOR('',#264,1.);
#264 = DIRECTION('',(-0.,1.,-0.));
#265 = PCURVE('',#110,#266);
#266 = DEFINITIONAL_REPRESENTATION('',(#267),#271);
#267 = LINE('',#268,#269);
#268 = CARTESIAN_POINT('',(-0.,0.));
#269 = VECTOR('',#270,1.);
#270 = DIRECTION('',(-1.,-0.));
#271 = ( GEOMETRIC_REPRESENTATION_CONTEXT(2) 
PARAMETRIC_REPRESENTATION_CONTEXT() REPRESENTATION_CONTEXT('2D SPACE',''
  ) );
#272 = PCURVE('',#192,#273);
#273 = DEFINITIONAL_REPRESENTATION('',(#274),#278);
#274 = LINE('',#275,#276);
#275 = CARTESIAN_POINT('',(6.75,7.));
#276 = VECTOR('',#277,1.);
#277 = DIRECTION('',(-0.,-1.));
#278 = ( GEOMETRIC_REPRESENTATION_CONTEXT(2) 
PARAMETRIC_REPRESENTATION_CONTEXT() REPRESENTATION_CONTEXT('2D SPACE',''
  ) );
#279 = ADVANCED_FACE('',(#280),#166,.F.);
#280 = FACE_BOUND('',#281,.T.);
#281 = EDGE_LOOP('',(#282,#283,#306,#329));
#282 = ORIENTED_EDGE('',*,*,#150,.T.);
#283 = ORIENTED_EDGE('',*,*,#284,.T.);
#284 = EDGE_CURVE('',#123,#285,#287,.T.);
#285 = VERTEX_POINT('',#286);
#286 = CARTESIAN_POINT('',(12.,-12.08,1.6));
#287 = SURFACE_CURVE('',#288,(#292,#299),.PCURVE_S1.);
#288 = LINE('',#289,#290);
#289 = CARTESIAN_POINT('',(12.,1.92,1.6));
#290 = VECTOR('',#291,1.);
#291 = DIRECTION('',(-0.,-1.,-0.));
#292 = PCURVE('',#166,#293);
#293 = DEFINITIONAL_REPRESENTATION('',(#294),#298);
#294 = LINE('',#295,#296);
#295 = CARTESIAN_POINT('',(-0.,-1.6));
#296 = VECTOR('',#297,1.);
#297 = DIRECTION('',(-1.,0.));
#298 = ( GEOMETRIC_REPRESENTATION_CONTEXT(2) 
PARAMETRIC_REPRESENTATION_CONTEXT() REPRESENTATION_CONTEXT('2D SPACE',''
  ) );
#299 = PCURVE('',#138,#300);
#300 = DEFINITIONAL_REPRESENTATION('',(#301),#305);
#301 = LINE('',#302,#303);
#302 = CARTESIAN_POINT('',(-6.75,-7.));
#303 = VECTOR('',#304,1.);
#304 = DIRECTION('',(-0.,1.));
#305 = ( GEOMETRIC_REPRESENTATION_CONTEXT(2) 
PARAMETRIC_REPRESENTATION_CONTEXT() REPRESENTATION_CONTEXT('2D SPACE',''
  ) );
#306 = ORIENTED_EDGE('',*,*,#307,.F.);
#307 = EDGE_CURVE('',#308,#285,#310,.T.);
#308 = VERTEX_POINT('',#309);
#309 = CARTESIAN_POINT('',(12.,-12.08,0.));
#310 = SURFACE_CURVE('',#311,(#315,#322),.PCURVE_S1.);
#311 = LINE('',#312,#313);
#312 = CARTESIAN_POINT('',(12.,-12.08,0.));
#313 = VECTOR('',#314,1.);
#314 = DIRECTION('',(-0.,-0.,1.));
#315 = PCURVE('',#166,#316);
#316 = DEFINITIONAL_REPRESENTATION('',(#317),#321);
#317 = LINE('',#318,#319);
#318 = CARTESIAN_POINT('',(-14.,0.));
#319 = VECTOR('',#320,1.);
#320 = DIRECTION('',(-0.,-1.));
#321 = ( GEOMETRIC_REPRESENTATION_CONTEXT(2) 
PARAMETRIC_REPRESENTATION_CONTEXT() REPRESENTATION_CONTEXT('2D SPACE',''
  ) );
#322 = PCURVE('',#225,#323);
#323 = DEFINITIONAL_REPRESENTATION('',(#324),#328);
#324 = LINE('',#325,#326);
#325 = CARTESIAN_POINT('',(0.,-0.));
#326 = VECTOR('',#327,1.);
#327 = DIRECTION('',(-0.,-1.));
#328 = ( GEOMETRIC_REPRESENTATION_CONTEXT(2) 
PARAMETRIC_REPRESENTATION_CONTEXT() REPRESENTATION_CONTEXT('2D SPACE',''
  ) );
#329 = ORIENTED_EDGE('',*,*,#330,.F.);
#330 = EDGE_CURVE('',#151,#308,#331,.T.);
#331 = SURFACE_CURVE('',#332,(#336,#343),.PCURVE_S1.);
#332 = LINE('',#333,#334);
#333 = CARTESIAN_POINT('',(12.,1.92,0.));
#334 = VECTOR('',#335,1.);
#335 = DIRECTION('',(-0.,-1.,-0.));
#336 = PCURVE('',#166,#337);
#337 = DEFINITIONAL_REPRESENTATION('',(#338),#342);
#338 = LINE('',#339,#340);
#339 = CARTESIAN_POINT('',(-0.,-0.));
#340 = VECTOR('',#341,1.);
#341 = DIRECTION('',(-1.,0.));
#342 = ( GEOMETRIC_REPRESENTATION_CONTEXT(2) 
PARAMETRIC_REPRESENTATION_CONTEXT() REPRESENTATION_CONTEXT('2D SPACE',''
  ) );
#343 = PCURVE('',#192,#344);
#344 = DEFINITIONAL_REPRESENTATION('',(#345),#349);
#345 = LINE('',#346,#347);
#346 = CARTESIAN_POINT('',(-6.75,-7.));
#347 = VECTOR('',#348,1.);
#348 = DIRECTION('',(-0.,1.));
#349 = ( GEOMETRIC_REPRESENTATION_CONTEXT(2) 
PARAMETRIC_REPRESENTATION_CONTEXT() REPRESENTATION_CONTEXT('2D SPACE',''
  ) );
#350 = ADVANCED_FACE('',(#351,#377,#412,#447,#482,#517,#552,#587),#192,
  .F.);
#351 = FACE_BOUND('',#352,.T.);
#352 = EDGE_LOOP('',(#353,#354,#355,#376));
#353 = ORIENTED_EDGE('',*,*,#178,.T.);
#354 = ORIENTED_EDGE('',*,*,#330,.T.);
#355 = ORIENTED_EDGE('',*,*,#356,.T.);
#356 = EDGE_CURVE('',#308,#208,#357,.T.);
#357 = SURFACE_CURVE('',#358,(#362,#369),.PCURVE_S1.);
#358 = LINE('',#359,#360);
#359 = CARTESIAN_POINT('',(12.,-12.08,0.));
#360 = VECTOR('',#361,1.);
#361 = DIRECTION('',(-1.,-0.,-0.));
#362 = PCURVE('',#192,#363);
#363 = DEFINITIONAL_REPRESENTATION('',(#364),#368);
#364 = LINE('',#365,#366);
#365 = CARTESIAN_POINT('',(-6.75,7.));
#366 = VECTOR('',#367,1.);
#367 = DIRECTION('',(1.,-0.));
#368 = ( GEOMETRIC_REPRESENTATION_CONTEXT(2) 
PARAMETRIC_REPRESENTATION_CONTEXT() REPRESENTATION_CONTEXT('2D SPACE',''
  ) );
#369 = PCURVE('',#225,#370);
#370 = DEFINITIONAL_REPRESENTATION('',(#371),#375);
#371 = LINE('',#372,#373);
#372 = CARTESIAN_POINT('',(0.,-0.));
#373 = VECTOR('',#374,1.);
#374 = DIRECTION('',(-1.,0.));
#375 = ( GEOMETRIC_REPRESENTATION_CONTEXT(2) 
PARAMETRIC_REPRESENTATION_CONTEXT() REPRESENTATION_CONTEXT('2D SPACE',''
  ) );
#376 = ORIENTED_EDGE('',*,*,#259,.T.);
#377 = FACE_BOUND('',#378,.T.);
#378 = EDGE_LOOP('',(#379));
#379 = ORIENTED_EDGE('',*,*,#380,.F.);
#380 = EDGE_CURVE('',#381,#381,#383,.T.);
#381 = VERTEX_POINT('',#382);
#382 = CARTESIAN_POINT('',(0.5,0.,0.));
#383 = SURFACE_CURVE('',#384,(#389,#400),.PCURVE_S1.);
#384 = CIRCLE('',#385,0.5);
#385 = AXIS2_PLACEMENT_3D('',#386,#387,#388);
#386 = CARTESIAN_POINT('',(0.,0.,0.));
#387 = DIRECTION('',(0.,0.,-1.));
#388 = DIRECTION('',(1.,-0.,-0.));
#389 = PCURVE('',#192,#390);
#390 = DEFINITIONAL_REPRESENTATION('',(#391),#399);
#391 = ( BOUNDED_CURVE() B_SPLINE_CURVE(2,(#392,#393,#394,#395,#396,#397
,#398),.UNSPECIFIED.,.T.,.F.) B_SPLINE_CURVE_WITH_KNOTS((1,2,2,2,2,1),(
    -2.094395102393,0.,2.094395102393,4.188790204786,6.28318530718,
8.377580409573),.UNSPECIFIED.) CURVE() GEOMETRIC_REPRESENTATION_ITEM() 
RATIONAL_B_SPLINE_CURVE((1.,0.5,1.,0.5,1.,0.5,1.)) REPRESENTATION_ITEM(
  '') );
#392 = CARTESIAN_POINT('',(4.75,-5.08));
#393 = CARTESIAN_POINT('',(4.75,-4.213974596216));
#394 = CARTESIAN_POINT('',(5.5,-4.646987298108));
#395 = CARTESIAN_POINT('',(6.25,-5.08));
#396 = CARTESIAN_POINT('',(5.5,-5.513012701892));
#397 = CARTESIAN_POINT('',(4.75,-5.946025403784));
#398 = CARTESIAN_POINT('',(4.75,-5.08));
#399 = ( GEOMETRIC_REPRESENTATION_CONTEXT(2) 
PARAMETRIC_REPRESENTATION_CONTEXT() REPRESENTATION_CONTEXT('2D SPACE',''
  ) );
#400 = PCURVE('',#401,#406);
#401 = CYLINDRICAL_SURFACE('',#402,0.5);
#402 = AXIS2_PLACEMENT_3D('',#403,#404,#405);
#403 = CARTESIAN_POINT('',(0.,0.,0.));
#404 = DIRECTION('',(-0.,0.,-1.));
#405 = DIRECTION('',(1.,-0.,-0.));
#406 = DEFINITIONAL_REPRESENTATION('',(#407),#411);
#407 = LINE('',#408,#409);
#408 = CARTESIAN_POINT('',(0.,0.));
#409 = VECTOR('',#410,1.);
#410 = DIRECTION('',(1.,0.));
#411 = ( GEOMETRIC_REPRESENTATION_CONTEXT(2) 
PARAMETRIC_REPRESENTATION_CONTEXT() REPRESENTATION_CONTEXT('2D SPACE',''
  ) );
#412 = FACE_BOUND('',#413,.T.);
#413 = EDGE_LOOP('',(#414));
#414 = ORIENTED_EDGE('',*,*,#415,.F.);
#415 = EDGE_CURVE('',#416,#416,#418,.T.);
#416 = VERTEX_POINT('',#417);
#417 = CARTESIAN_POINT('',(0.5,-2.54,0.));
#418 = SURFACE_CURVE('',#419,(#424,#435),.PCURVE_S1.);
#419 = CIRCLE('',#420,0.5);
#420 = AXIS2_PLACEMENT_3D('',#421,#422,#423);
#421 = CARTESIAN_POINT('',(0.,-2.54,0.));
#422 = DIRECTION('',(0.,0.,-1.));
#423 = DIRECTION('',(1.,-0.,-0.));
#424 = PCURVE('',#192,#425);
#425 = DEFINITIONAL_REPRESENTATION('',(#426),#434);
#426 = ( BOUNDED_CURVE() B_SPLINE_CURVE(2,(#427,#428,#429,#430,#431,#432
,#433),.UNSPECIFIED.,.T.,.F.) B_SPLINE_CURVE_WITH_KNOTS((1,2,2,2,2,1),(
    -2.094395102393,0.,2.094395102393,4.188790204786,6.28318530718,
8.377580409573),.UNSPECIFIED.) CURVE() GEOMETRIC_REPRESENTATION_ITEM() 
RATIONAL_B_SPLINE_CURVE((1.,0.5,1.,0.5,1.,0.5,1.)) REPRESENTATION_ITEM(
  '') );
#427 = CARTESIAN_POINT('',(4.75,-2.54));
#428 = CARTESIAN_POINT('',(4.75,-1.673974596216));
#429 = CARTESIAN_POINT('',(5.5,-2.106987298108));
#430 = CARTESIAN_POINT('',(6.25,-2.54));
#431 = CARTESIAN_POINT('',(5.5,-2.973012701892));
#432 = CARTESIAN_POINT('',(4.75,-3.406025403784));
#433 = CARTESIAN_POINT('',(4.75,-2.54));
#434 = ( GEOMETRIC_REPRESENTATION_CONTEXT(2) 
PARAMETRIC_REPRESENTATION_CONTEXT() REPRESENTATION_CONTEXT('2D SPACE',''
  ) );
#435 = PCURVE('',#436,#441);
#436 = CYLINDRICAL_SURFACE('',#437,0.5);
#437 = AXIS2_PLACEMENT_3D('',#438,#439,#440);
#438 = CARTESIAN_POINT('',(0.,-2.54,0.));
#439 = DIRECTION('',(-0.,0.,-1.));
#440 = DIRECTION('',(1.,-0.,-0.));
#441 = DEFINITIONAL_REPRESENTATION('',(#442),#446);
#442 = LINE('',#443,#444);
#443 = CARTESIAN_POINT('',(0.,0.));
#444 = VECTOR('',#445,1.);
#445 = DIRECTION('',(1.,0.));
#446 = ( GEOMETRIC_REPRESENTATION_CONTEXT(2) 
PARAMETRIC_REPRESENTATION_CONTEXT() REPRESENTATION_CONTEXT('2D SPACE',''
  ) );
#447 = FACE_BOUND('',#448,.T.);
#448 = EDGE_LOOP('',(#449));
#449 = ORIENTED_EDGE('',*,*,#450,.F.);
#450 = EDGE_CURVE('',#451,#451,#453,.T.);
#451 = VERTEX_POINT('',#452);
#452 = CARTESIAN_POINT('',(11.,-0.58,0.));
#453 = SURFACE_CURVE('',#454,(#459,#470),.PCURVE_S1.);
#454 = CIRCLE('',#455,1.5);
#455 = AXIS2_PLACEMENT_3D('',#456,#457,#458);
#456 = CARTESIAN_POINT('',(9.5,-0.58,0.));
#457 = DIRECTION('',(0.,0.,-1.));
#458 = DIRECTION('',(1.,-0.,-0.));
#459 = PCURVE('',#192,#460);
#460 = DEFINITIONAL_REPRESENTATION('',(#461),#469);
#461 = ( BOUNDED_CURVE() B_SPLINE_CURVE(2,(#462,#463,#464,#465,#466,#467
,#468),.UNSPECIFIED.,.T.,.F.) B_SPLINE_CURVE_WITH_KNOTS((1,2,2,2,2,1),(
    -2.094395102393,0.,2.094395102393,4.188790204786,6.28318530718,
8.377580409573),.UNSPECIFIED.) CURVE() GEOMETRIC_REPRESENTATION_ITEM() 
RATIONAL_B_SPLINE_CURVE((1.,0.5,1.,0.5,1.,0.5,1.)) REPRESENTATION_ITEM(
  '') );
#462 = CARTESIAN_POINT('',(-5.75,-4.5));
#463 = CARTESIAN_POINT('',(-5.75,-1.901923788647));
#464 = CARTESIAN_POINT('',(-3.5,-3.200961894323));
#465 = CARTESIAN_POINT('',(-1.25,-4.5));
#466 = CARTESIAN_POINT('',(-3.5,-5.799038105677));
#467 = CARTESIAN_POINT('',(-5.75,-7.098076211353));
#468 = CARTESIAN_POINT('',(-5.75,-4.5));
#469 = ( GEOMETRIC_REPRESENTATION_CONTEXT(2) 
PARAMETRIC_REPRESENTATION_CONTEXT() REPRESENTATION_CONTEXT('2D SPACE',''
  ) );
#470 = PCURVE('',#471,#476);
#471 = CYLINDRICAL_SURFACE('',#472,1.5);
#472 = AXIS2_PLACEMENT_3D('',#473,#474,#475);
#473 = CARTESIAN_POINT('',(9.5,-0.58,0.));
#474 = DIRECTION('',(-0.,0.,-1.));
#475 = DIRECTION('',(1.,-0.,-0.));
#476 = DEFINITIONAL_REPRESENTATION('',(#477),#481);
#477 = LINE('',#478,#479);
#478 = CARTESIAN_POINT('',(0.,0.));
#479 = VECTOR('',#480,1.);
#480 = DIRECTION('',(1.,0.));
#481 = ( GEOMETRIC_REPRESENTATION_CONTEXT(2) 
PARAMETRIC_REPRESENTATION_CONTEXT() REPRESENTATION_CONTEXT('2D SPACE',''
  ) );
#482 = FACE_BOUND('',#483,.T.);
#483 = EDGE_LOOP('',(#484));
#484 = ORIENTED_EDGE('',*,*,#485,.F.);
#485 = EDGE_CURVE('',#486,#486,#488,.T.);
#486 = VERTEX_POINT('',#487);
#487 = CARTESIAN_POINT('',(0.5,-5.08,0.));
#488 = SURFACE_CURVE('',#489,(#494,#505),.PCURVE_S1.);
#489 = CIRCLE('',#490,0.5);
#490 = AXIS2_PLACEMENT_3D('',#491,#492,#493);
#491 = CARTESIAN_POINT('',(0.,-5.08,0.));
#492 = DIRECTION('',(0.,0.,-1.));
#493 = DIRECTION('',(1.,-0.,-0.));
#494 = PCURVE('',#192,#495);
#495 = DEFINITIONAL_REPRESENTATION('',(#496),#504);
#496 = ( BOUNDED_CURVE() B_SPLINE_CURVE(2,(#497,#498,#499,#500,#501,#502
,#503),.UNSPECIFIED.,.T.,.F.) B_SPLINE_CURVE_WITH_KNOTS((1,2,2,2,2,1),(
    -2.094395102393,0.,2.094395102393,4.188790204786,6.28318530718,
8.377580409573),.UNSPECIFIED.) CURVE() GEOMETRIC_REPRESENTATION_ITEM() 
RATIONAL_B_SPLINE_CURVE((1.,0.5,1.,0.5,1.,0.5,1.)) REPRESENTATION_ITEM(
  '') );
#497 = CARTESIAN_POINT('',(4.75,-8.881784197001E-16));
#498 = CARTESIAN_POINT('',(4.75,0.866025403784));
#499 = CARTESIAN_POINT('',(5.5,0.433012701892));
#500 = CARTESIAN_POINT('',(6.25,-7.657137397854E-16));
#501 = CARTESIAN_POINT('',(5.5,-0.433012701892));
#502 = CARTESIAN_POINT('',(4.75,-0.866025403784));
#503 = CARTESIAN_POINT('',(4.75,-8.881784197001E-16));
#504 = ( GEOMETRIC_REPRESENTATION_CONTEXT(2) 
PARAMETRIC_REPRESENTATION_CONTEXT() REPRESENTATION_CONTEXT('2D SPACE',''
  ) );
#505 = PCURVE('',#506,#511);
#506 = CYLINDRICAL_SURFACE('',#507,0.5);
#507 = AXIS2_PLACEMENT_3D('',#508,#509,#510);
#508 = CARTESIAN_POINT('',(0.,-5.08,0.));
#509 = DIRECTION('',(-0.,0.,-1.));
#510 = DIRECTION('',(1.,-0.,-0.));
#511 = DEFINITIONAL_REPRESENTATION('',(#512),#516);
#512 = LINE('',#513,#514);
#513 = CARTESIAN_POINT('',(0.,0.));
#514 = VECTOR('',#515,1.);
#515 = DIRECTION('',(1.,0.));
#516 = ( GEOMETRIC_REPRESENTATION_CONTEXT(2) 
PARAMETRIC_REPRESENTATION_CONTEXT() REPRESENTATION_CONTEXT('2D SPACE',''
  ) );
#517 = FACE_BOUND('',#518,.T.);
#518 = EDGE_LOOP('',(#519));
#519 = ORIENTED_EDGE('',*,*,#520,.F.);
#520 = EDGE_CURVE('',#521,#521,#523,.T.);
#521 = VERTEX_POINT('',#522);
#522 = CARTESIAN_POINT('',(0.5,-7.62,0.));
#523 = SURFACE_CURVE('',#524,(#529,#540),.PCURVE_S1.);
#524 = CIRCLE('',#525,0.5);
#525 = AXIS2_PLACEMENT_3D('',#526,#527,#528);
#526 = CARTESIAN_POINT('',(0.,-7.62,0.));
#527 = DIRECTION('',(0.,0.,-1.));
#528 = DIRECTION('',(1.,-0.,-0.));
#529 = PCURVE('',#192,#530);
#530 = DEFINITIONAL_REPRESENTATION('',(#531),#539);
#531 = ( BOUNDED_CURVE() B_SPLINE_CURVE(2,(#532,#533,#534,#535,#536,#537
,#538),.UNSPECIFIED.,.T.,.F.) B_SPLINE_CURVE_WITH_KNOTS((1,2,2,2,2,1),(
    -2.094395102393,0.,2.094395102393,4.188790204786,6.28318530718,
8.377580409573),.UNSPECIFIED.) CURVE() GEOMETRIC_REPRESENTATION_ITEM() 
RATIONAL_B_SPLINE_CURVE((1.,0.5,1.,0.5,1.,0.5,1.)) REPRESENTATION_ITEM(
  '') );
#532 = CARTESIAN_POINT('',(4.75,2.54));
#533 = CARTESIAN_POINT('',(4.75,3.406025403784));
#534 = CARTESIAN_POINT('',(5.5,2.973012701892));
#535 = CARTESIAN_POINT('',(6.25,2.54));
#536 = CARTESIAN_POINT('',(5.5,2.106987298108));
#537 = CARTESIAN_POINT('',(4.75,1.673974596216));
#538 = CARTESIAN_POINT('',(4.75,2.54));
#539 = ( GEOMETRIC_REPRESENTATION_CONTEXT(2) 
PARAMETRIC_REPRESENTATION_CONTEXT() REPRESENTATION_CONTEXT('2D SPACE',''
  ) );
#540 = PCURVE('',#541,#546);
#541 = CYLINDRICAL_SURFACE('',#542,0.5);
#542 = AXIS2_PLACEMENT_3D('',#543,#544,#545);
#543 = CARTESIAN_POINT('',(0.,-7.62,0.));
#544 = DIRECTION('',(-0.,0.,-1.));
#545 = DIRECTION('',(1.,-0.,-0.));
#546 = DEFINITIONAL_REPRESENTATION('',(#547),#551);
#547 = LINE('',#548,#549);
#548 = CARTESIAN_POINT('',(0.,0.));
#549 = VECTOR('',#550,1.);
#550 = DIRECTION('',(1.,0.));
#551 = ( GEOMETRIC_REPRESENTATION_CONTEXT(2) 
PARAMETRIC_REPRESENTATION_CONTEXT() REPRESENTATION_CONTEXT('2D SPACE',''
  ) );
#552 = FACE_BOUND('',#553,.T.);
#553 = EDGE_LOOP('',(#554));
#554 = ORIENTED_EDGE('',*,*,#555,.F.);
#555 = EDGE_CURVE('',#556,#556,#558,.T.);
#556 = VERTEX_POINT('',#557);
#557 = CARTESIAN_POINT('',(0.5,-10.16,0.));
#558 = SURFACE_CURVE('',#559,(#564,#575),.PCURVE_S1.);
#559 = CIRCLE('',#560,0.5);
#560 = AXIS2_PLACEMENT_3D('',#561,#562,#563);
#561 = CARTESIAN_POINT('',(0.,-10.16,0.));
#562 = DIRECTION('',(0.,0.,-1.));
#563 = DIRECTION('',(1.,-0.,-0.));
#564 = PCURVE('',#192,#565);
#565 = DEFINITIONAL_REPRESENTATION('',(#566),#574);
#566 = ( BOUNDED_CURVE() B_SPLINE_CURVE(2,(#567,#568,#569,#570,#571,#572
,#573),.UNSPECIFIED.,.T.,.F.) B_SPLINE_CURVE_WITH_KNOTS((1,2,2,2,2,1),(
    -2.094395102393,0.,2.094395102393,4.188790204786,6.28318530718,
8.377580409573),.UNSPECIFIED.) CURVE() GEOMETRIC_REPRESENTATION_ITEM() 
RATIONAL_B_SPLINE_CURVE((1.,0.5,1.,0.5,1.,0.5,1.)) REPRESENTATION_ITEM(
  '') );
#567 = CARTESIAN_POINT('',(4.75,5.08));
#568 = CARTESIAN_POINT('',(4.75,5.946025403784));
#569 = CARTESIAN_POINT('',(5.5,5.513012701892));
#570 = CARTESIAN_POINT('',(6.25,5.08));
#571 = CARTESIAN_POINT('',(5.5,4.646987298108));
#572 = CARTESIAN_POINT('',(4.75,4.213974596216));
#573 = CARTESIAN_POINT('',(4.75,5.08));
#574 = ( GEOMETRIC_REPRESENTATION_CONTEXT(2) 
PARAMETRIC_REPRESENTATION_CONTEXT() REPRESENTATION_CONTEXT('2D SPACE',''
  ) );
#575 = PCURVE('',#576,#581);
#576 = CYLINDRICAL_SURFACE('',#577,0.5);
#577 = AXIS2_PLACEMENT_3D('',#578,#579,#580);
#578 = CARTESIAN_POINT('',(0.,-10.16,0.));
#579 = DIRECTION('',(-0.,0.,-1.));
#580 = DIRECTION('',(1.,-0.,-0.));
#581 = DEFINITIONAL_REPRESENTATION('',(#582),#586);
#582 = LINE('',#583,#584);
#583 = CARTESIAN_POINT('',(0.,0.));
#584 = VECTOR('',#585,1.);
#585 = DIRECTION('',(1.,0.));
#586 = ( GEOMETRIC_REPRESENTATION_CONTEXT(2) 
PARAMETRIC_REPRESENTATION_CONTEXT() REPRESENTATION_CONTEXT('2D SPACE',''
  ) );
#587 = FACE_BOUND('',#588,.T.);
#588 = EDGE_LOOP('',(#589));
#589 = ORIENTED_EDGE('',*,*,#590,.F.);
#590 = EDGE_CURVE('',#591,#591,#593,.T.);
#591 = VERTEX_POINT('',#592);
#592 = CARTESIAN_POINT('',(11.,-9.58,0.));
#593 = SURFACE_CURVE('',#594,(#599,#610),.PCURVE_S1.);
#594 = CIRCLE('',#595,1.5);
#595 = AXIS2_PLACEMENT_3D('',#596,#597,#598);
#596 = CARTESIAN_POINT('',(9.5,-9.58,0.));
#597 = DIRECTION('',(0.,0.,-1.));
#598 = DIRECTION('',(1.,-0.,-0.));
#599 = PCURVE('',#192,#600);
#600 = DEFINITIONAL_REPRESENTATION('',(#601),#609);
#601 = ( BOUNDED_CURVE() B_SPLINE_CURVE(2,(#602,#603,#604,#605,#606,#607
,#608),.UNSPECIFIED.,.T.,.F.) B_SPLINE_CURVE_WITH_KNOTS((1,2,2,2,2,1),(
    -2.094395102393,0.,2.094395102393,4.188790204786,6.28318530718,
8.377580409573),.UNSPECIFIED.) CURVE() GEOMETRIC_REPRESENTATION_ITEM() 
RATIONAL_B_SPLINE_CURVE((1.,0.5,1.,0.5,1.,0.5,1.)) REPRESENTATION_ITEM(
  '') );
#602 = CARTESIAN_POINT('',(-5.75,4.5));
#603 = CARTESIAN_POINT('',(-5.75,7.098076211353));
#604 = CARTESIAN_POINT('',(-3.5,5.799038105677));
#605 = CARTESIAN_POINT('',(-1.25,4.5));
#606 = CARTESIAN_POINT('',(-3.5,3.200961894323));
#607 = CARTESIAN_POINT('',(-5.75,1.901923788647));
#608 = CARTESIAN_POINT('',(-5.75,4.5));
#609 = ( GEOMETRIC_REPRESENTATION_CONTEXT(2) 
PARAMETRIC_REPRESENTATION_CONTEXT() REPRESENTATION_CONTEXT('2D SPACE',''
  ) );
#610 = PCURVE('',#611,#616);
#611 = CYLINDRICAL_SURFACE('',#612,1.5);
#612 = AXIS2_PLACEMENT_3D('',#613,#614,#615);
#613 = CARTESIAN_POINT('',(9.5,-9.58,0.));
#614 = DIRECTION('',(-0.,0.,-1.));
#615 = DIRECTION('',(1.,-0.,-0.));
#616 = DEFINITIONAL_REPRESENTATION('',(#617),#621);
#617 = LINE('',#618,#619);
#618 = CARTESIAN_POINT('',(0.,0.));
#619 = VECTOR('',#620,1.);
#620 = DIRECTION('',(1.,0.));
#621 = ( GEOMETRIC_REPRESENTATION_CONTEXT(2) 
PARAMETRIC_REPRESENTATION_CONTEXT() REPRESENTATION_CONTEXT('2D SPACE',''
  ) );
#622 = ADVANCED_FACE('',(#623,#649,#679,#709,#739,#769,#799,#829),#138,
  .T.);
#623 = FACE_BOUND('',#624,.F.);
#624 = EDGE_LOOP('',(#625,#626,#627,#648));
#625 = ORIENTED_EDGE('',*,*,#122,.T.);
#626 = ORIENTED_EDGE('',*,*,#284,.T.);
#627 = ORIENTED_EDGE('',*,*,#628,.T.);
#628 = EDGE_CURVE('',#285,#210,#629,.T.);
#629 = SURFACE_CURVE('',#630,(#634,#641),.PCURVE_S1.);
#630 = LINE('',#631,#632);
#631 = CARTESIAN_POINT('',(12.,-12.08,1.6));
#632 = VECTOR('',#633,1.);
#633 = DIRECTION('',(-1.,-0.,-0.));
#634 = PCURVE('',#138,#635);
#635 = DEFINITIONAL_REPRESENTATION('',(#636),#640);
#636 = LINE('',#637,#638);
#637 = CARTESIAN_POINT('',(-6.75,7.));
#638 = VECTOR('',#639,1.);
#639 = DIRECTION('',(1.,-0.));
#640 = ( GEOMETRIC_REPRESENTATION_CONTEXT(2) 
PARAMETRIC_REPRESENTATION_CONTEXT() REPRESENTATION_CONTEXT('2D SPACE',''
  ) );
#641 = PCURVE('',#225,#642);
#642 = DEFINITIONAL_REPRESENTATION('',(#643),#647);
#643 = LINE('',#644,#645);
#644 = CARTESIAN_POINT('',(-0.,-1.6));
#645 = VECTOR('',#646,1.);
#646 = DIRECTION('',(-1.,0.));
#647 = ( GEOMETRIC_REPRESENTATION_CONTEXT(2) 
PARAMETRIC_REPRESENTATION_CONTEXT() REPRESENTATION_CONTEXT('2D SPACE',''
  ) );
#648 = ORIENTED_EDGE('',*,*,#237,.T.);
#649 = FACE_BOUND('',#650,.F.);
#650 = EDGE_LOOP('',(#651));
#651 = ORIENTED_EDGE('',*,*,#652,.F.);
#652 = EDGE_CURVE('',#653,#653,#655,.T.);
#653 = VERTEX_POINT('',#654);
#654 = CARTESIAN_POINT('',(0.5,0.,1.6));
#655 = SURFACE_CURVE('',#656,(#661,#672),.PCURVE_S1.);
#656 = CIRCLE('',#657,0.5);
#657 = AXIS2_PLACEMENT_3D('',#658,#659,#660);
#658 = CARTESIAN_POINT('',(0.,0.,1.6));
#659 = DIRECTION('',(0.,0.,-1.));
#660 = DIRECTION('',(1.,-0.,-0.));
#661 = PCURVE('',#138,#662);
#662 = DEFINITIONAL_REPRESENTATION('',(#663),#671);
#663 = ( BOUNDED_CURVE() B_SPLINE_CURVE(2,(#664,#665,#666,#667,#668,#669
,#670),.UNSPECIFIED.,.T.,.F.) B_SPLINE_CURVE_WITH_KNOTS((1,2,2,2,2,1),(
    -2.094395102393,0.,2.094395102393,4.188790204786,6.28318530718,
8.377580409573),.UNSPECIFIED.) CURVE() GEOMETRIC_REPRESENTATION_ITEM() 
RATIONAL_B_SPLINE_CURVE((1.,0.5,1.,0.5,1.,0.5,1.)) REPRESENTATION_ITEM(
  '') );
#664 = CARTESIAN_POINT('',(4.75,-5.08));
#665 = CARTESIAN_POINT('',(4.75,-4.213974596216));
#666 = CARTESIAN_POINT('',(5.5,-4.646987298108));
#667 = CARTESIAN_POINT('',(6.25,-5.08));
#668 = CARTESIAN_POINT('',(5.5,-5.513012701892));
#669 = CARTESIAN_POINT('',(4.75,-5.946025403784));
#670 = CARTESIAN_POINT('',(4.75,-5.08));
#671 = ( GEOMETRIC_REPRESENTATION_CONTEXT(2) 
PARAMETRIC_REPRESENTATION_CONTEXT() REPRESENTATION_CONTEXT('2D SPACE',''
  ) );
#672 = PCURVE('',#401,#673);
#673 = DEFINITIONAL_REPRESENTATION('',(#674),#678);
#674 = LINE('',#675,#676);
#675 = CARTESIAN_POINT('',(0.,-1.6));
#676 = VECTOR('',#677,1.);
#677 = DIRECTION('',(1.,0.));
#678 = ( GEOMETRIC_REPRESENTATION_CONTEXT(2) 
PARAMETRIC_REPRESENTATION_CONTEXT() REPRESENTATION_CONTEXT('2D SPACE',''
  ) );
#679 = FACE_BOUND('',#680,.F.);
#680 = EDGE_LOOP('',(#681));
#681 = ORIENTED_EDGE('',*,*,#682,.F.);
#682 = EDGE_CURVE('',#683,#683,#685,.T.);
#683 = VERTEX_POINT('',#684);
#684 = CARTESIAN_POINT('',(0.5,-2.54,1.6));
#685 = SURFACE_CURVE('',#686,(#691,#702),.PCURVE_S1.);
#686 = CIRCLE('',#687,0.5);
#687 = AXIS2_PLACEMENT_3D('',#688,#689,#690);
#688 = CARTESIAN_POINT('',(0.,-2.54,1.6));
#689 = DIRECTION('',(0.,0.,-1.));
#690 = DIRECTION('',(1.,-0.,-0.));
#691 = PCURVE('',#138,#692);
#692 = DEFINITIONAL_REPRESENTATION('',(#693),#701);
#693 = ( BOUNDED_CURVE() B_SPLINE_CURVE(2,(#694,#695,#696,#697,#698,#699
,#700),.UNSPECIFIED.,.T.,.F.) B_SPLINE_CURVE_WITH_KNOTS((1,2,2,2,2,1),(
    -2.094395102393,0.,2.094395102393,4.188790204786,6.28318530718,
8.377580409573),.UNSPECIFIED.) CURVE() GEOMETRIC_REPRESENTATION_ITEM() 
RATIONAL_B_SPLINE_CURVE((1.,0.5,1.,0.5,1.,0.5,1.)) REPRESENTATION_ITEM(
  '') );
#694 = CARTESIAN_POINT('',(4.75,-2.54));
#695 = CARTESIAN_POINT('',(4.75,-1.673974596216));
#696 = CARTESIAN_POINT('',(5.5,-2.106987298108));
#697 = CARTESIAN_POINT('',(6.25,-2.54));
#698 = CARTESIAN_POINT('',(5.5,-2.973012701892));
#699 = CARTESIAN_POINT('',(4.75,-3.406025403784));
#700 = CARTESIAN_POINT('',(4.75,-2.54));
#701 = ( GEOMETRIC_REPRESENTATION_CONTEXT(2) 
PARAMETRIC_REPRESENTATION_CONTEXT() REPRESENTATION_CONTEXT('2D SPACE',''
  ) );
#702 = PCURVE('',#436,#703);
#703 = DEFINITIONAL_REPRESENTATION('',(#704),#708);
#704 = LINE('',#705,#706);
#705 = CARTESIAN_POINT('',(0.,-1.6));
#706 = VECTOR('',#707,1.);
#707 = DIRECTION('',(1.,0.));
#708 = ( GEOMETRIC_REPRESENTATION_CONTEXT(2) 
PARAMETRIC_REPRESENTATION_CONTEXT() REPRESENTATION_CONTEXT('2D SPACE',''
  ) );
#709 = FACE_BOUND('',#710,.F.);
#710 = EDGE_LOOP('',(#711));
#711 = ORIENTED_EDGE('',*,*,#712,.F.);
#712 = EDGE_CURVE('',#713,#713,#715,.T.);
#713 = VERTEX_POINT('',#714);
#714 = CARTESIAN_POINT('',(11.,-0.58,1.6));
#715 = SURFACE_CURVE('',#716,(#721,#732),.PCURVE_S1.);
#716 = CIRCLE('',#717,1.5);
#717 = AXIS2_PLACEMENT_3D('',#718,#719,#720);
#718 = CARTESIAN_POINT('',(9.5,-0.58,1.6));
#719 = DIRECTION('',(0.,0.,-1.));
#720 = DIRECTION('',(1.,-0.,-0.));
#721 = PCURVE('',#138,#722);
#722 = DEFINITIONAL_REPRESENTATION('',(#723),#731);
#723 = ( BOUNDED_CURVE() B_SPLINE_CURVE(2,(#724,#725,#726,#727,#728,#729
,#730),.UNSPECIFIED.,.T.,.F.) B_SPLINE_CURVE_WITH_KNOTS((1,2,2,2,2,1),(
    -2.094395102393,0.,2.094395102393,4.188790204786,6.28318530718,
8.377580409573),.UNSPECIFIED.) CURVE() GEOMETRIC_REPRESENTATION_ITEM() 
RATIONAL_B_SPLINE_CURVE((1.,0.5,1.,0.5,1.,0.5,1.)) REPRESENTATION_ITEM(
  '') );
#724 = CARTESIAN_POINT('',(-5.75,-4.5));
#725 = CARTESIAN_POINT('',(-5.75,-1.901923788647));
#726 = CARTESIAN_POINT('',(-3.5,-3.200961894323));
#727 = CARTESIAN_POINT('',(-1.25,-4.5));
#728 = CARTESIAN_POINT('',(-3.5,-5.799038105677));
#729 = CARTESIAN_POINT('',(-5.75,-7.098076211353));
#730 = CARTESIAN_POINT('',(-5.75,-4.5));
#731 = ( GEOMETRIC_REPRESENTATION_CONTEXT(2) 
PARAMETRIC_REPRESENTATION_CONTEXT() REPRESENTATION_CONTEXT('2D SPACE',''
  ) );
#732 = PCURVE('',#471,#733);
#733 = DEFINITIONAL_REPRESENTATION('',(#734),#738);
#734 = LINE('',#735,#736);
#735 = CARTESIAN_POINT('',(0.,-1.6));
#736 = VECTOR('',#737,1.);
#737 = DIRECTION('',(1.,0.));
#738 = ( GEOMETRIC_REPRESENTATION_CONTEXT(2) 
PARAMETRIC_REPRESENTATION_CONTEXT() REPRESENTATION_CONTEXT('2D SPACE',''
  ) );
#739 = FACE_BOUND('',#740,.F.);
#740 = EDGE_LOOP('',(#741));
#741 = ORIENTED_EDGE('',*,*,#742,.F.);
#742 = EDGE_CURVE('',#743,#743,#745,.T.);
#743 = VERTEX_POINT('',#744);
#744 = CARTESIAN_POINT('',(0.5,-5.08,1.6));
#745 = SURFACE_CURVE('',#746,(#751,#762),.PCURVE_S1.);
#746 = CIRCLE('',#747,0.5);
#747 = AXIS2_PLACEMENT_3D('',#748,#749,#750);
#748 = CARTESIAN_POINT('',(0.,-5.08,1.6));
#749 = DIRECTION('',(0.,0.,-1.));
#750 = DIRECTION('',(1.,-0.,-0.));
#751 = PCURVE('',#138,#752);
#752 = DEFINITIONAL_REPRESENTATION('',(#753),#761);
#753 = ( BOUNDED_CURVE() B_SPLINE_CURVE(2,(#754,#755,#756,#757,#758,#759
,#760),.UNSPECIFIED.,.T.,.F.) B_SPLINE_CURVE_WITH_KNOTS((1,2,2,2,2,1),(
    -2.094395102393,0.,2.094395102393,4.188790204786,6.28318530718,
8.377580409573),.UNSPECIFIED.) CURVE() GEOMETRIC_REPRESENTATION_ITEM() 
RATIONAL_B_SPLINE_CURVE((1.,0.5,1.,0.5,1.,0.5,1.)) REPRESENTATION_ITEM(
  '') );
#754 = CARTESIAN_POINT('',(4.75,-8.881784197001E-16));
#755 = CARTESIAN_POINT('',(4.75,0.866025403784));
#756 = CARTESIAN_POINT('',(5.5,0.433012701892));
#757 = CARTESIAN_POINT('',(6.25,-7.657137397854E-16));
#758 = CARTESIAN_POINT('',(5.5,-0.433012701892));
#759 = CARTESIAN_POINT('',(4.75,-0.866025403784));
#760 = CARTESIAN_POINT('',(4.75,-8.881784197001E-16));
#761 = ( GEOMETRIC_REPRESENTATION_CONTEXT(2) 
PARAMETRIC_REPRESENTATION_CONTEXT() REPRESENTATION_CONTEXT('2D SPACE',''
  ) );
#762 = PCURVE('',#506,#763);
#763 = DEFINITIONAL_REPRESENTATION('',(#764),#768);
#764 = LINE('',#765,#766);
#765 = CARTESIAN_POINT('',(0.,-1.6));
#766 = VECTOR('',#767,1.);
#767 = DIRECTION('',(1.,0.));
#768 = ( GEOMETRIC_REPRESENTATION_CONTEXT(2) 
PARAMETRIC_REPRESENTATION_CONTEXT() REPRESENTATION_CONTEXT('2D SPACE',''
  ) );
#769 = FACE_BOUND('',#770,.F.);
#770 = EDGE_LOOP('',(#771));
#771 = ORIENTED_EDGE('',*,*,#772,.F.);
#772 = EDGE_CURVE('',#773,#773,#775,.T.);
#773 = VERTEX_POINT('',#774);
#774 = CARTESIAN_POINT('',(0.5,-7.62,1.6));
#775 = SURFACE_CURVE('',#776,(#781,#792),.PCURVE_S1.);
#776 = CIRCLE('',#777,0.5);
#777 = AXIS2_PLACEMENT_3D('',#778,#779,#780);
#778 = CARTESIAN_POINT('',(0.,-7.62,1.6));
#779 = DIRECTION('',(0.,0.,-1.));
#780 = DIRECTION('',(1.,-0.,-0.));
#781 = PCURVE('',#138,#782);
#782 = DEFINITIONAL_REPRESENTATION('',(#783),#791);
#783 = ( BOUNDED_CURVE() B_SPLINE_CURVE(2,(#784,#785,#786,#787,#788,#789
,#790),.UNSPECIFIED.,.T.,.F.) B_SPLINE_CURVE_WITH_KNOTS((1,2,2,2,2,1),(
    -2.094395102393,0.,2.094395102393,4.188790204786,6.28318530718,
8.377580409573),.UNSPECIFIED.) CURVE() GEOMETRIC_REPRESENTATION_ITEM() 
RATIONAL_B_SPLINE_CURVE((1.,0.5,1.,0.5,1.,0.5,1.)) REPRESENTATION_ITEM(
  '') );
#784 = CARTESIAN_POINT('',(4.75,2.54));
#785 = CARTESIAN_POINT('',(4.75,3.406025403784));
#786 = CARTESIAN_POINT('',(5.5,2.973012701892));
#787 = CARTESIAN_POINT('',(6.25,2.54));
#788 = CARTESIAN_POINT('',(5.5,2.106987298108));
#789 = CARTESIAN_POINT('',(4.75,1.673974596216));
#790 = CARTESIAN_POINT('',(4.75,2.54));
#791 = ( GEOMETRIC_REPRESENTATION_CONTEXT(2) 
PARAMETRIC_REPRESENTATION_CONTEXT() REPRESENTATION_CONTEXT('2D SPACE',''
  ) );
#792 = PCURVE('',#541,#793);
#793 = DEFINITIONAL_REPRESENTATION('',(#794),#798);
#794 = LINE('',#795,#796);
#795 = CARTESIAN_POINT('',(0.,-1.6));
#796 = VECTOR('',#797,1.);
#797 = DIRECTION('',(1.,0.));
#798 = ( GEOMETRIC_REPRESENTATION_CONTEXT(2) 
PARAMETRIC_REPRESENTATION_CONTEXT() REPRESENTATION_CONTEXT('2D SPACE',''
  ) );
#799 = FACE_BOUND('',#800,.F.);
#800 = EDGE_LOOP('',(#801));
#801 = ORIENTED_EDGE('',*,*,#802,.F.);
#802 = EDGE_CURVE('',#803,#803,#805,.T.);
#803 = VERTEX_POINT('',#804);
#804 = CARTESIAN_POINT('',(0.5,-10.16,1.6));
#805 = SURFACE_CURVE('',#806,(#811,#822),.PCURVE_S1.);
#806 = CIRCLE('',#807,0.5);
#807 = AXIS2_PLACEMENT_3D('',#808,#809,#810);
#808 = CARTESIAN_POINT('',(0.,-10.16,1.6));
#809 = DIRECTION('',(0.,0.,-1.));
#810 = DIRECTION('',(1.,-0.,-0.));
#811 = PCURVE('',#138,#812);
#812 = DEFINITIONAL_REPRESENTATION('',(#813),#821);
#813 = ( BOUNDED_CURVE() B_SPLINE_CURVE(2,(#814,#815,#816,#817,#818,#819
,#820),.UNSPECIFIED.,.T.,.F.) B_SPLINE_CURVE_WITH_KNOTS((1,2,2,2,2,1),(
    -2.094395102393,0.,2.094395102393,4.188790204786,6.28318530718,
8.377580409573),.UNSPECIFIED.) CURVE() GEOMETRIC_REPRESENTATION_ITEM() 
RATIONAL_B_SPLINE_CURVE((1.,0.5,1.,0.5,1.,0.5,1.)) REPRESENTATION_ITEM(
  '') );
#814 = CARTESIAN_POINT('',(4.75,5.08));
#815 = CARTESIAN_POINT('',(4.75,5.946025403784));
#816 = CARTESIAN_POINT('',(5.5,5.513012701892));
#817 = CARTESIAN_POINT('',(6.25,5.08));
#818 = CARTESIAN_POINT('',(5.5,4.646987298108));
#819 = CARTESIAN_POINT('',(4.75,4.213974596216));
#820 = CARTESIAN_POINT('',(4.75,5.08));
#821 = ( GEOMETRIC_REPRESENTATION_CONTEXT(2) 
PARAMETRIC_REPRESENTATION_CONTEXT() REPRESENTATION_CONTEXT('2D SPACE',''
  ) );
#822 = PCURVE('',#576,#823);
#823 = DEFINITIONAL_REPRESENTATION('',(#824),#828);
#824 = LINE('',#825,#826);
#825 = CARTESIAN_POINT('',(0.,-1.6));
#826 = VECTOR('',#827,1.);
#827 = DIRECTION('',(1.,0.));
#828 = ( GEOMETRIC_REPRESENTATION_CONTEXT(2) 
PARAMETRIC_REPRESENTATION_CONTEXT() REPRESENTATION_CONTEXT('2D SPACE',''
  ) );
#829 = FACE_BOUND('',#830,.F.);
#830 = EDGE_LOOP('',(#831));
#831 = ORIENTED_EDGE('',*,*,#832,.F.);
#832 = EDGE_CURVE('',#833,#833,#835,.T.);
#833 = VERTEX_POINT('',#834);
#834 = CARTESIAN_POINT('',(11.,-9.58,1.6));
#835 = SURFACE_CURVE('',#836,(#841,#852),.PCURVE_S1.);
#836 = CIRCLE('',#837,1.5);
#837 = AXIS2_PLACEMENT_3D('',#838,#839,#840);
#838 = CARTESIAN_POINT('',(9.5,-9.58,1.6));
#839 = DIRECTION('',(0.,0.,-1.));
#840 = DIRECTION('',(1.,-0.,-0.));
#841 = PCURVE('',#138,#842);
#842 = DEFINITIONAL_REPRESENTATION('',(#843),#851);
#843 = ( BOUNDED_CURVE() B_SPLINE_CURVE(2,(#844,#845,#846,#847,#848,#849
,#850),.UNSPECIFIED.,.T.,.F.) B_SPLINE_CURVE_WITH_KNOTS((1,2,2,2,2,1),(
    -2.094395102393,0.,2.094395102393,4.188790204786,6.28318530718,
8.377580409573),.UNSPECIFIED.) CURVE() GEOMETRIC_REPRESENTATION_ITEM() 
RATIONAL_B_SPLINE_CURVE((1.,0.5,1.,0.5,1.,0.5,1.)) REPRESENTATION_ITEM(
  '') );
#844 = CARTESIAN_POINT('',(-5.75,4.5));
#845 = CARTESIAN_POINT('',(-5.75,7.098076211353));
#846 = CARTESIAN_POINT('',(-3.5,5.799038105677));
#847 = CARTESIAN_POINT('',(-1.25,4.5));
#848 = CARTESIAN_POINT('',(-3.5,3.200961894323));
#849 = CARTESIAN_POINT('',(-5.75,1.901923788647));
#850 = CARTESIAN_POINT('',(-5.75,4.5));
#851 = ( GEOMETRIC_REPRESENTATION_CONTEXT(2) 
PARAMETRIC_REPRESENTATION_CONTEXT() REPRESENTATION_CONTEXT('2D SPACE',''
  ) );
#852 = PCURVE('',#611,#853);
#853 = DEFINITIONAL_REPRESENTATION('',(#854),#858);
#854 = LINE('',#855,#856);
#855 = CARTESIAN_POINT('',(0.,-1.6));
#856 = VECTOR('',#857,1.);
#857 = DIRECTION('',(1.,0.));
#858 = ( GEOMETRIC_REPRESENTATION_CONTEXT(2) 
PARAMETRIC_REPRESENTATION_CONTEXT() REPRESENTATION_CONTEXT('2D SPACE',''
  ) );
#859 = ADVANCED_FACE('',(#860),#225,.F.);
#860 = FACE_BOUND('',#861,.T.);
#861 = EDGE_LOOP('',(#862,#863,#864,#865));
#862 = ORIENTED_EDGE('',*,*,#307,.T.);
#863 = ORIENTED_EDGE('',*,*,#628,.T.);
#864 = ORIENTED_EDGE('',*,*,#207,.F.);
#865 = ORIENTED_EDGE('',*,*,#356,.F.);
#866 = ADVANCED_FACE('',(#867),#401,.F.);
#867 = FACE_BOUND('',#868,.F.);
#868 = EDGE_LOOP('',(#869,#890,#891,#892));
#869 = ORIENTED_EDGE('',*,*,#870,.T.);
#870 = EDGE_CURVE('',#381,#653,#871,.T.);
#871 = SEAM_CURVE('',#872,(#876,#883),.PCURVE_S1.);
#872 = LINE('',#873,#874);
#873 = CARTESIAN_POINT('',(0.5,0.,0.));
#874 = VECTOR('',#875,1.);
#875 = DIRECTION('',(-0.,-0.,1.));
#876 = PCURVE('',#401,#877);
#877 = DEFINITIONAL_REPRESENTATION('',(#878),#882);
#878 = LINE('',#879,#880);
#879 = CARTESIAN_POINT('',(0.,0.));
#880 = VECTOR('',#881,1.);
#881 = DIRECTION('',(0.,-1.));
#882 = ( GEOMETRIC_REPRESENTATION_CONTEXT(2) 
PARAMETRIC_REPRESENTATION_CONTEXT() REPRESENTATION_CONTEXT('2D SPACE',''
  ) );
#883 = PCURVE('',#401,#884);
#884 = DEFINITIONAL_REPRESENTATION('',(#885),#889);
#885 = LINE('',#886,#887);
#886 = CARTESIAN_POINT('',(6.28318530718,0.));
#887 = VECTOR('',#888,1.);
#888 = DIRECTION('',(0.,-1.));
#889 = ( GEOMETRIC_REPRESENTATION_CONTEXT(2) 
PARAMETRIC_REPRESENTATION_CONTEXT() REPRESENTATION_CONTEXT('2D SPACE',''
  ) );
#890 = ORIENTED_EDGE('',*,*,#652,.T.);
#891 = ORIENTED_EDGE('',*,*,#870,.F.);
#892 = ORIENTED_EDGE('',*,*,#380,.F.);
#893 = ADVANCED_FACE('',(#894),#436,.F.);
#894 = FACE_BOUND('',#895,.F.);
#895 = EDGE_LOOP('',(#896,#917,#918,#919));
#896 = ORIENTED_EDGE('',*,*,#897,.T.);
#897 = EDGE_CURVE('',#416,#683,#898,.T.);
#898 = SEAM_CURVE('',#899,(#903,#910),.PCURVE_S1.);
#899 = LINE('',#900,#901);
#900 = CARTESIAN_POINT('',(0.5,-2.54,0.));
#901 = VECTOR('',#902,1.);
#902 = DIRECTION('',(-0.,-0.,1.));
#903 = PCURVE('',#436,#904);
#904 = DEFINITIONAL_REPRESENTATION('',(#905),#909);
#905 = LINE('',#906,#907);
#906 = CARTESIAN_POINT('',(0.,0.));
#907 = VECTOR('',#908,1.);
#908 = DIRECTION('',(0.,-1.));
#909 = ( GEOMETRIC_REPRESENTATION_CONTEXT(2) 
PARAMETRIC_REPRESENTATION_CONTEXT() REPRESENTATION_CONTEXT('2D SPACE',''
  ) );
#910 = PCURVE('',#436,#911);
#911 = DEFINITIONAL_REPRESENTATION('',(#912),#916);
#912 = LINE('',#913,#914);
#913 = CARTESIAN_POINT('',(6.28318530718,0.));
#914 = VECTOR('',#915,1.);
#915 = DIRECTION('',(0.,-1.));
#916 = ( GEOMETRIC_REPRESENTATION_CONTEXT(2) 
PARAMETRIC_REPRESENTATION_CONTEXT() REPRESENTATION_CONTEXT('2D SPACE',''
  ) );
#917 = ORIENTED_EDGE('',*,*,#682,.T.);
#918 = ORIENTED_EDGE('',*,*,#897,.F.);
#919 = ORIENTED_EDGE('',*,*,#415,.F.);
#920 = ADVANCED_FACE('',(#921),#471,.F.);
#921 = FACE_BOUND('',#922,.F.);
#922 = EDGE_LOOP('',(#923,#944,#945,#946));
#923 = ORIENTED_EDGE('',*,*,#924,.T.);
#924 = EDGE_CURVE('',#451,#713,#925,.T.);
#925 = SEAM_CURVE('',#926,(#930,#937),.PCURVE_S1.);
#926 = LINE('',#927,#928);
#927 = CARTESIAN_POINT('',(11.,-0.58,0.));
#928 = VECTOR('',#929,1.);
#929 = DIRECTION('',(-0.,-0.,1.));
#930 = PCURVE('',#471,#931);
#931 = DEFINITIONAL_REPRESENTATION('',(#932),#936);
#932 = LINE('',#933,#934);
#933 = CARTESIAN_POINT('',(0.,0.));
#934 = VECTOR('',#935,1.);
#935 = DIRECTION('',(0.,-1.));
#936 = ( GEOMETRIC_REPRESENTATION_CONTEXT(2) 
PARAMETRIC_REPRESENTATION_CONTEXT() REPRESENTATION_CONTEXT('2D SPACE',''
  ) );
#937 = PCURVE('',#471,#938);
#938 = DEFINITIONAL_REPRESENTATION('',(#939),#943);
#939 = LINE('',#940,#941);
#940 = CARTESIAN_POINT('',(6.28318530718,0.));
#941 = VECTOR('',#942,1.);
#942 = DIRECTION('',(0.,-1.));
#943 = ( GEOMETRIC_REPRESENTATION_CONTEXT(2) 
PARAMETRIC_REPRESENTATION_CONTEXT() REPRESENTATION_CONTEXT('2D SPACE',''
  ) );
#944 = ORIENTED_EDGE('',*,*,#712,.T.);
#945 = ORIENTED_EDGE('',*,*,#924,.F.);
#946 = ORIENTED_EDGE('',*,*,#450,.F.);
#947 = ADVANCED_FACE('',(#948),#506,.F.);
#948 = FACE_BOUND('',#949,.F.);
#949 = EDGE_LOOP('',(#950,#971,#972,#973));
#950 = ORIENTED_EDGE('',*,*,#951,.T.);
#951 = EDGE_CURVE('',#486,#743,#952,.T.);
#952 = SEAM_CURVE('',#953,(#957,#964),.PCURVE_S1.);
#953 = LINE('',#954,#955);
#954 = CARTESIAN_POINT('',(0.5,-5.08,0.));
#955 = VECTOR('',#956,1.);
#956 = DIRECTION('',(-0.,-0.,1.));
#957 = PCURVE('',#506,#958);
#958 = DEFINITIONAL_REPRESENTATION('',(#959),#963);
#959 = LINE('',#960,#961);
#960 = CARTESIAN_POINT('',(0.,0.));
#961 = VECTOR('',#962,1.);
#962 = DIRECTION('',(0.,-1.));
#963 = ( GEOMETRIC_REPRESENTATION_CONTEXT(2) 
PARAMETRIC_REPRESENTATION_CONTEXT() REPRESENTATION_CONTEXT('2D SPACE',''
  ) );
#964 = PCURVE('',#506,#965);
#965 = DEFINITIONAL_REPRESENTATION('',(#966),#970);
#966 = LINE('',#967,#968);
#967 = CARTESIAN_POINT('',(6.28318530718,0.));
#968 = VECTOR('',#969,1.);
#969 = DIRECTION('',(0.,-1.));
#970 = ( GEOMETRIC_REPRESENTATION_CONTEXT(2) 
PARAMETRIC_REPRESENTATION_CONTEXT() REPRESENTATION_CONTEXT('2D SPACE',''
  ) );
#971 = ORIENTED_EDGE('',*,*,#742,.T.);
#972 = ORIENTED_EDGE('',*,*,#951,.F.);
#973 = ORIENTED_EDGE('',*,*,#485,.F.);
#974 = ADVANCED_FACE('',(#975),#541,.F.);
#975 = FACE_BOUND('',#976,.F.);
#976 = EDGE_LOOP('',(#977,#998,#999,#1000));
#977 = ORIENTED_EDGE('',*,*,#978,.T.);
#978 = EDGE_CURVE('',#521,#773,#979,.T.);
#979 = SEAM_CURVE('',#980,(#984,#991),.PCURVE_S1.);
#980 = LINE('',#981,#982);
#981 = CARTESIAN_POINT('',(0.5,-7.62,0.));
#982 = VECTOR('',#983,1.);
#983 = DIRECTION('',(-0.,-0.,1.));
#984 = PCURVE('',#541,#985);
#985 = DEFINITIONAL_REPRESENTATION('',(#986),#990);
#986 = LINE('',#987,#988);
#987 = CARTESIAN_POINT('',(0.,0.));
#988 = VECTOR('',#989,1.);
#989 = DIRECTION('',(0.,-1.));
#990 = ( GEOMETRIC_REPRESENTATION_CONTEXT(2) 
PARAMETRIC_REPRESENTATION_CONTEXT() REPRESENTATION_CONTEXT('2D SPACE',''
  ) );
#991 = PCURVE('',#541,#992);
#992 = DEFINITIONAL_REPRESENTATION('',(#993),#997);
#993 = LINE('',#994,#995);
#994 = CARTESIAN_POINT('',(6.28318530718,0.));
#995 = VECTOR('',#996,1.);
#996 = DIRECTION('',(0.,-1.));
#997 = ( GEOMETRIC_REPRESENTATION_CONTEXT(2) 
PARAMETRIC_REPRESENTATION_CONTEXT() REPRESENTATION_CONTEXT('2D SPACE',''
  ) );
#998 = ORIENTED_EDGE('',*,*,#772,.T.);
#999 = ORIENTED_EDGE('',*,*,#978,.F.);
#1000 = ORIENTED_EDGE('',*,*,#520,.F.);
#1001 = ADVANCED_FACE('',(#1002),#576,.F.);
#1002 = FACE_BOUND('',#1003,.F.);
#1003 = EDGE_LOOP('',(#1004,#1025,#1026,#1027));
#1004 = ORIENTED_EDGE('',*,*,#1005,.T.);
#1005 = EDGE_CURVE('',#556,#803,#1006,.T.);
#1006 = SEAM_CURVE('',#1007,(#1011,#1018),.PCURVE_S1.);
#1007 = LINE('',#1008,#1009);
#1008 = CARTESIAN_POINT('',(0.5,-10.16,0.));
#1009 = VECTOR('',#1010,1.);
#1010 = DIRECTION('',(-0.,-0.,1.));
#1011 = PCURVE('',#576,#1012);
#1012 = DEFINITIONAL_REPRESENTATION('',(#1013),#1017);
#1013 = LINE('',#1014,#1015);
#1014 = CARTESIAN_POINT('',(0.,0.));
#1015 = VECTOR('',#1016,1.);
#1016 = DIRECTION('',(0.,-1.));
#1017 = ( GEOMETRIC_REPRESENTATION_CONTEXT(2) 
PARAMETRIC_REPRESENTATION_CONTEXT() REPRESENTATION_CONTEXT('2D SPACE',''
  ) );
#1018 = PCURVE('',#576,#1019);
#1019 = DEFINITIONAL_REPRESENTATION('',(#1020),#1024);
#1020 = LINE('',#1021,#1022);
#1021 = CARTESIAN_POINT('',(6.28318530718,0.));
#1022 = VECTOR('',#1023,1.);
#1023 = DIRECTION('',(0.,-1.));
#1024 = ( GEOMETRIC_REPRESENTATION_CONTEXT(2) 
PARAMETRIC_REPRESENTATION_CONTEXT() REPRESENTATION_CONTEXT('2D SPACE',''
  ) );
#1025 = ORIENTED_EDGE('',*,*,#802,.T.);
#1026 = ORIENTED_EDGE('',*,*,#1005,.F.);
#1027 = ORIENTED_EDGE('',*,*,#555,.F.);
#1028 = ADVANCED_FACE('',(#1029),#611,.F.);
#1029 = FACE_BOUND('',#1030,.F.);
#1030 = EDGE_LOOP('',(#1031,#1052,#1053,#1054));
#1031 = ORIENTED_EDGE('',*,*,#1032,.T.);
#1032 = EDGE_CURVE('',#591,#833,#1033,.T.);
#1033 = SEAM_CURVE('',#1034,(#1038,#1045),.PCURVE_S1.);
#1034 = LINE('',#1035,#1036);
#1035 = CARTESIAN_POINT('',(11.,-9.58,0.));
#1036 = VECTOR('',#1037,1.);
#1037 = DIRECTION('',(-0.,-0.,1.));
#1038 = PCURVE('',#611,#1039);
#1039 = DEFINITIONAL_REPRESENTATION('',(#1040),#1044);
#1040 = LINE('',#1041,#1042);
#1041 = CARTESIAN_POINT('',(0.,0.));
#1042 = VECTOR('',#1043,1.);
#1043 = DIRECTION('',(0.,-1.));
#1044 = ( GEOMETRIC_REPRESENTATION_CONTEXT(2) 
PARAMETRIC_REPRESENTATION_CONTEXT() REPRESENTATION_CONTEXT('2D SPACE',''
  ) );
#1045 = PCURVE('',#611,#1046);
#1046 = DEFINITIONAL_REPRESENTATION('',(#1047),#1051);
#1047 = LINE('',#1048,#1049);
#1048 = CARTESIAN_POINT('',(6.28318530718,0.));
#1049 = VECTOR('',#1050,1.);
#1050 = DIRECTION('',(0.,-1.));
#1051 = ( GEOMETRIC_REPRESENTATION_CONTEXT(2) 
PARAMETRIC_REPRESENTATION_CONTEXT() REPRESENTATION_CONTEXT('2D SPACE',''
  ) );
#1052 = ORIENTED_EDGE('',*,*,#832,.T.);
#1053 = ORIENTED_EDGE('',*,*,#1032,.F.);
#1054 = ORIENTED_EDGE('',*,*,#590,.F.);
#1055 = ( GEOMETRIC_REPRESENTATION_CONTEXT(3) 
GLOBAL_UNCERTAINTY_ASSIGNED_CONTEXT((#1059)) 
GLOBAL_UNIT_ASSIGNED_CONTEXT((#1056,#1057,#1058)) REPRESENTATION_CONTEXT
('Context #1','3D Context with UNIT and UNCERTAINTY') );
#1056 = ( LENGTH_UNIT() NAMED_UNIT(*) SI_UNIT(.MILLI.,.METRE.) );
#1057 = ( NAMED_UNIT(*) PLANE_ANGLE_UNIT() SI_UNIT($,.RADIAN.) );
#1058 = ( NAMED_UNIT(*) SI_UNIT($,.STERADIAN.) SOLID_ANGLE_UNIT() );
#1059 = UNCERTAINTY_MEASURE_WITH_UNIT(LENGTH_MEASURE(1.E-07),#1056,
  'distance_accuracy_value','confusion accuracy');
#1060 = CONTEXT_DEPENDENT_SHAPE_REPRESENTATION(#1061,#1063);
#1061 = ( REPRESENTATION_RELATIONSHIP('','',#80,#10) 
REPRESENTATION_RELATIONSHIP_WITH_TRANSFORMATION(#1062) 
SHAPE_REPRESENTATION_RELATIONSHIP() );
#1062 = ITEM_DEFINED_TRANSFORMATION('','',#11,#15);
#1063 = PRODUCT_DEFINITION_SHAPE('Placement','Placement of an item',
  #1064);
#1064 = NEXT_ASSEMBLY_USAGE_OCCURRENCE('21','pcb','',#5,#75,$);
#1065 = PRODUCT_RELATED_PRODUCT_CATEGORY('part',$,(#77));
#1066 = SHAPE_DEFINITION_REPRESENTATION(#1067,#1073);
#1067 = PRODUCT_DEFINITION_SHAPE('','',#1068);
#1068 = PRODUCT_DEFINITION('design','',#1069,#1072);
#1069 = PRODUCT_DEFINITION_FORMATION('','',#1070);
#1070 = PRODUCT('ring0','ring0','',(#1071));
#1071 = PRODUCT_CONTEXT('',#2,'mechanical');
#1072 = PRODUCT_DEFINITION_CONTEXT('part definition',#2,'design');
#1073 = ADVANCED_BREP_SHAPE_REPRESENTATION('',(#11,#1074),#1272);
#1074 = MANIFOLD_SOLID_BREP('',#1075);
#1075 = CLOSED_SHELL('',(#1076,#1172,#1258,#1265));
#1076 = ADVANCED_FACE('',(#1077),#1091,.T.);
#1077 = FACE_BOUND('',#1078,.T.);
#1078 = EDGE_LOOP('',(#1079,#1109,#1140,#1141));
#1079 = ORIENTED_EDGE('',*,*,#1080,.T.);
#1080 = EDGE_CURVE('',#1081,#1083,#1085,.T.);
#1081 = VERTEX_POINT('',#1082);
#1082 = CARTESIAN_POINT('',(0.85,0.,1.6));
#1083 = VERTEX_POINT('',#1084);
#1084 = CARTESIAN_POINT('',(0.85,0.,1.65));
#1085 = SEAM_CURVE('',#1086,(#1090,#1102),.PCURVE_S1.);
#1086 = LINE('',#1087,#1088);
#1087 = CARTESIAN_POINT('',(0.85,0.,1.6));
#1088 = VECTOR('',#1089,1.);
#1089 = DIRECTION('',(-0.,-0.,1.));
#1090 = PCURVE('',#1091,#1096);
#1091 = CYLINDRICAL_SURFACE('',#1092,0.85);
#1092 = AXIS2_PLACEMENT_3D('',#1093,#1094,#1095);
#1093 = CARTESIAN_POINT('',(0.,0.,1.6));
#1094 = DIRECTION('',(-0.,0.,-1.));
#1095 = DIRECTION('',(1.,-0.,-0.));
#1096 = DEFINITIONAL_REPRESENTATION('',(#1097),#1101);
#1097 = LINE('',#1098,#1099);
#1098 = CARTESIAN_POINT('',(0.,0.));
#1099 = VECTOR('',#1100,1.);
#1100 = DIRECTION('',(0.,-1.));
#1101 = ( GEOMETRIC_REPRESENTATION_CONTEXT(2) 
PARAMETRIC_REPRESENTATION_CONTEXT() REPRESENTATION_CONTEXT('2D SPACE',''
  ) );
#1102 = PCURVE('',#1091,#1103);
#1103 = DEFINITIONAL_REPRESENTATION('',(#1104),#1108);
#1104 = LINE('',#1105,#1106);
#1105 = CARTESIAN_POINT('',(6.28318530718,0.));
#1106 = VECTOR('',#1107,1.);
#1107 = DIRECTION('',(0.,-1.));
#1108 = ( GEOMETRIC_REPRESENTATION_CONTEXT(2) 
PARAMETRIC_REPRESENTATION_CONTEXT() REPRESENTATION_CONTEXT('2D SPACE',''
  ) );
#1109 = ORIENTED_EDGE('',*,*,#1110,.T.);
#1110 = EDGE_CURVE('',#1083,#1083,#1111,.T.);
#1111 = SURFACE_CURVE('',#1112,(#1117,#1124),.PCURVE_S1.);
#1112 = CIRCLE('',#1113,0.85);
#1113 = AXIS2_PLACEMENT_3D('',#1114,#1115,#1116);
#1114 = CARTESIAN_POINT('',(0.,0.,1.65));
#1115 = DIRECTION('',(0.,0.,-1.));
#1116 = DIRECTION('',(1.,-0.,-0.));
#1117 = PCURVE('',#1091,#1118);
#1118 = DEFINITIONAL_REPRESENTATION('',(#1119),#1123);
#1119 = LINE('',#1120,#1121);
#1120 = CARTESIAN_POINT('',(0.,-5.E-02));
#1121 = VECTOR('',#1122,1.);
#1122 = DIRECTION('',(1.,0.));
#1123 = ( GEOMETRIC_REPRESENTATION_CONTEXT(2) 
PARAMETRIC_REPRESENTATION_CONTEXT() REPRESENTATION_CONTEXT('2D SPACE',''
  ) );
#1124 = PCURVE('',#1125,#1130);
#1125 = PLANE('',#1126);
#1126 = AXIS2_PLACEMENT_3D('',#1127,#1128,#1129);
#1127 = CARTESIAN_POINT('',(-2.513676714227E-17,-6.584874259323E-17,1.65
    ));
#1128 = DIRECTION('',(-0.,-0.,1.));
#1129 = DIRECTION('',(-1.,0.,0.));
#1130 = DEFINITIONAL_REPRESENTATION('',(#1131),#1139);
#1131 = ( BOUNDED_CURVE() B_SPLINE_CURVE(2,(#1132,#1133,#1134,#1135,
#1136,#1137,#1138),.UNSPECIFIED.,.T.,.F.) B_SPLINE_CURVE_WITH_KNOTS((1,2
    ,2,2,2,1),(-2.094395102393,0.,2.094395102393,4.188790204786,
6.28318530718,8.377580409573),.UNSPECIFIED.) CURVE() 
GEOMETRIC_REPRESENTATION_ITEM() RATIONAL_B_SPLINE_CURVE((1.,0.5,1.,0.5,
1.,0.5,1.)) REPRESENTATION_ITEM('') );
#1132 = CARTESIAN_POINT('',(-0.85,-6.584874259323E-17));
#1133 = CARTESIAN_POINT('',(-0.85,1.472243186434));
#1134 = CARTESIAN_POINT('',(0.425,0.736121593217));
#1135 = CARTESIAN_POINT('',(1.7,1.423412132618E-16));
#1136 = CARTESIAN_POINT('',(0.425,-0.736121593217));
#1137 = CARTESIAN_POINT('',(-0.85,-1.472243186434));
#1138 = CARTESIAN_POINT('',(-0.85,-6.584874259323E-17));
#1139 = ( GEOMETRIC_REPRESENTATION_CONTEXT(2) 
PARAMETRIC_REPRESENTATION_CONTEXT() REPRESENTATION_CONTEXT('2D SPACE',''
  ) );
#1140 = ORIENTED_EDGE('',*,*,#1080,.F.);
#1141 = ORIENTED_EDGE('',*,*,#1142,.F.);
#1142 = EDGE_CURVE('',#1081,#1081,#1143,.T.);
#1143 = SURFACE_CURVE('',#1144,(#1149,#1156),.PCURVE_S1.);
#1144 = CIRCLE('',#1145,0.85);
#1145 = AXIS2_PLACEMENT_3D('',#1146,#1147,#1148);
#1146 = CARTESIAN_POINT('',(0.,0.,1.6));
#1147 = DIRECTION('',(0.,0.,-1.));
#1148 = DIRECTION('',(1.,-0.,-0.));
#1149 = PCURVE('',#1091,#1150);
#1150 = DEFINITIONAL_REPRESENTATION('',(#1151),#1155);
#1151 = LINE('',#1152,#1153);
#1152 = CARTESIAN_POINT('',(0.,0.));
#1153 = VECTOR('',#1154,1.);
#1154 = DIRECTION('',(1.,0.));
#1155 = ( GEOMETRIC_REPRESENTATION_CONTEXT(2) 
PARAMETRIC_REPRESENTATION_CONTEXT() REPRESENTATION_CONTEXT('2D SPACE',''
  ) );
#1156 = PCURVE('',#1157,#1162);
#1157 = PLANE('',#1158);
#1158 = AXIS2_PLACEMENT_3D('',#1159,#1160,#1161);
#1159 = CARTESIAN_POINT('',(-2.513676714227E-17,-6.584874259323E-17,1.6)
  );
#1160 = DIRECTION('',(-0.,-0.,1.));
#1161 = DIRECTION('',(-1.,0.,0.));
#1162 = DEFINITIONAL_REPRESENTATION('',(#1163),#1171);
#1163 = ( BOUNDED_CURVE() B_SPLINE_CURVE(2,(#1164,#1165,#1166,#1167,
#1168,#1169,#1170),.UNSPECIFIED.,.T.,.F.) B_SPLINE_CURVE_WITH_KNOTS((1,2
    ,2,2,2,1),(-2.094395102393,0.,2.094395102393,4.188790204786,
6.28318530718,8.377580409573),.UNSPECIFIED.) CURVE() 
GEOMETRIC_REPRESENTATION_ITEM() RATIONAL_B_SPLINE_CURVE((1.,0.5,1.,0.5,
1.,0.5,1.)) REPRESENTATION_ITEM('') );
#1164 = CARTESIAN_POINT('',(-0.85,-6.584874259323E-17));
#1165 = CARTESIAN_POINT('',(-0.85,1.472243186434));
#1166 = CARTESIAN_POINT('',(0.425,0.736121593217));
#1167 = CARTESIAN_POINT('',(1.7,1.423412132618E-16));
#1168 = CARTESIAN_POINT('',(0.425,-0.736121593217));
#1169 = CARTESIAN_POINT('',(-0.85,-1.472243186434));
#1170 = CARTESIAN_POINT('',(-0.85,-6.584874259323E-17));
#1171 = ( GEOMETRIC_REPRESENTATION_CONTEXT(2) 
PARAMETRIC_REPRESENTATION_CONTEXT() REPRESENTATION_CONTEXT('2D SPACE',''
  ) );
#1172 = ADVANCED_FACE('',(#1173),#1187,.F.);
#1173 = FACE_BOUND('',#1174,.F.);
#1174 = EDGE_LOOP('',(#1175,#1205,#1231,#1232));
#1175 = ORIENTED_EDGE('',*,*,#1176,.T.);
#1176 = EDGE_CURVE('',#1177,#1179,#1181,.T.);
#1177 = VERTEX_POINT('',#1178);
#1178 = CARTESIAN_POINT('',(0.5,-5.011649779801E-17,1.6));
#1179 = VERTEX_POINT('',#1180);
#1180 = CARTESIAN_POINT('',(0.5,-5.011649779801E-17,1.65));
#1181 = SEAM_CURVE('',#1182,(#1186,#1198),.PCURVE_S1.);
#1182 = LINE('',#1183,#1184);
#1183 = CARTESIAN_POINT('',(0.5,-5.011649779801E-17,1.6));
#1184 = VECTOR('',#1185,1.);
#1185 = DIRECTION('',(-0.,-0.,1.));
#1186 = PCURVE('',#1187,#1192);
#1187 = CYLINDRICAL_SURFACE('',#1188,0.5);
#1188 = AXIS2_PLACEMENT_3D('',#1189,#1190,#1191);
#1189 = CARTESIAN_POINT('',(4.051663643225E-15,-5.011649779801E-17,1.6)
  );
#1190 = DIRECTION('',(-0.,0.,-1.));
#1191 = DIRECTION('',(1.,-0.,-0.));
#1192 = DEFINITIONAL_REPRESENTATION('',(#1193),#1197);
#1193 = LINE('',#1194,#1195);
#1194 = CARTESIAN_POINT('',(0.,0.));
#1195 = VECTOR('',#1196,1.);
#1196 = DIRECTION('',(0.,-1.));
#1197 = ( GEOMETRIC_REPRESENTATION_CONTEXT(2) 
PARAMETRIC_REPRESENTATION_CONTEXT() REPRESENTATION_CONTEXT('2D SPACE',''
  ) );
#1198 = PCURVE('',#1187,#1199);
#1199 = DEFINITIONAL_REPRESENTATION('',(#1200),#1204);
#1200 = LINE('',#1201,#1202);
#1201 = CARTESIAN_POINT('',(6.28318530718,0.));
#1202 = VECTOR('',#1203,1.);
#1203 = DIRECTION('',(0.,-1.));
#1204 = ( GEOMETRIC_REPRESENTATION_CONTEXT(2) 
PARAMETRIC_REPRESENTATION_CONTEXT() REPRESENTATION_CONTEXT('2D SPACE',''
  ) );
#1205 = ORIENTED_EDGE('',*,*,#1206,.T.);
#1206 = EDGE_CURVE('',#1179,#1179,#1207,.T.);
#1207 = SURFACE_CURVE('',#1208,(#1213,#1220),.PCURVE_S1.);
#1208 = CIRCLE('',#1209,0.5);
#1209 = AXIS2_PLACEMENT_3D('',#1210,#1211,#1212);
#1210 = CARTESIAN_POINT('',(4.051663643225E-15,-5.011649779801E-17,1.65)
  );
#1211 = DIRECTION('',(0.,0.,-1.));
#1212 = DIRECTION('',(1.,-0.,-0.));
#1213 = PCURVE('',#1187,#1214);
#1214 = DEFINITIONAL_REPRESENTATION('',(#1215),#1219);
#1215 = LINE('',#1216,#1217);
#1216 = CARTESIAN_POINT('',(0.,-5.E-02));
#1217 = VECTOR('',#1218,1.);
#1218 = DIRECTION('',(1.,0.));
#1219 = ( GEOMETRIC_REPRESENTATION_CONTEXT(2) 
PARAMETRIC_REPRESENTATION_CONTEXT() REPRESENTATION_CONTEXT('2D SPACE',''
  ) );
#1220 = PCURVE('',#1125,#1221);
#1221 = DEFINITIONAL_REPRESENTATION('',(#1222),#1230);
#1222 = ( BOUNDED_CURVE() B_SPLINE_CURVE(2,(#1223,#1224,#1225,#1226,
#1227,#1228,#1229),.UNSPECIFIED.,.T.,.F.) B_SPLINE_CURVE_WITH_KNOTS((1,2
    ,2,2,2,1),(-2.094395102393,0.,2.094395102393,4.188790204786,
6.28318530718,8.377580409573),.UNSPECIFIED.) CURVE() 
GEOMETRIC_REPRESENTATION_ITEM() RATIONAL_B_SPLINE_CURVE((1.,0.5,1.,0.5,
1.,0.5,1.)) REPRESENTATION_ITEM('') );
#1223 = CARTESIAN_POINT('',(-0.5,-1.573224479522E-17));
#1224 = CARTESIAN_POINT('',(-0.5,0.866025403784));
#1225 = CARTESIAN_POINT('',(0.25,0.433012701892));
#1226 = CARTESIAN_POINT('',(1.,1.067324351195E-16));
#1227 = CARTESIAN_POINT('',(0.25,-0.433012701892));
#1228 = CARTESIAN_POINT('',(-0.5,-0.866025403784));
#1229 = CARTESIAN_POINT('',(-0.5,-1.573224479522E-17));
#1230 = ( GEOMETRIC_REPRESENTATION_CONTEXT(2) 
PARAMETRIC_REPRESENTATION_CONTEXT() REPRESENTATION_CONTEXT('2D SPACE',''
  ) );
#1231 = ORIENTED_EDGE('',*,*,#1176,.F.);
#1232 = ORIENTED_EDGE('',*,*,#1233,.F.);
#1233 = EDGE_CURVE('',#1177,#1177,#1234,.T.);
#1234 = SURFACE_CURVE('',#1235,(#1240,#1247),.PCURVE_S1.);
#1235 = CIRCLE('',#1236,0.5);
#1236 = AXIS2_PLACEMENT_3D('',#1237,#1238,#1239);
#1237 = CARTESIAN_POINT('',(4.051663643225E-15,-5.011649779801E-17,1.6)
  );
#1238 = DIRECTION('',(0.,0.,-1.));
#1239 = DIRECTION('',(1.,-0.,-0.));
#1240 = PCURVE('',#1187,#1241);
#1241 = DEFINITIONAL_REPRESENTATION('',(#1242),#1246);
#1242 = LINE('',#1243,#1244);
#1243 = CARTESIAN_POINT('',(0.,0.));
#1244 = VECTOR('',#1245,1.);
#1245 = DIRECTION('',(1.,0.));
#1246 = ( GEOMETRIC_REPRESENTATION_CONTEXT(2) 
PARAMETRIC_REPRESENTATION_CONTEXT() REPRESENTATION_CONTEXT('2D SPACE',''
  ) );
#1247 = PCURVE('',#1157,#1248);
#1248 = DEFINITIONAL_REPRESENTATION('',(#1249),#1257);
#1249 = ( BOUNDED_CURVE() B_SPLINE_CURVE(2,(#1250,#1251,#1252,#1253,
#1254,#1255,#1256),.UNSPECIFIED.,.T.,.F.) B_SPLINE_CURVE_WITH_KNOTS((1,2
    ,2,2,2,1),(-2.094395102393,0.,2.094395102393,4.188790204786,
6.28318530718,8.377580409573),.UNSPECIFIED.) CURVE() 
GEOMETRIC_REPRESENTATION_ITEM() RATIONAL_B_SPLINE_CURVE((1.,0.5,1.,0.5,
1.,0.5,1.)) REPRESENTATION_ITEM('') );
#1250 = CARTESIAN_POINT('',(-0.5,-1.573224479522E-17));
#1251 = CARTESIAN_POINT('',(-0.5,0.866025403784));
#1252 = CARTESIAN_POINT('',(0.25,0.433012701892));
#1253 = CARTESIAN_POINT('',(1.,1.067324351195E-16));
#1254 = CARTESIAN_POINT('',(0.25,-0.433012701892));
#1255 = CARTESIAN_POINT('',(-0.5,-0.866025403784));
#1256 = CARTESIAN_POINT('',(-0.5,-1.573224479522E-17));
#1257 = ( GEOMETRIC_REPRESENTATION_CONTEXT(2) 
PARAMETRIC_REPRESENTATION_CONTEXT() REPRESENTATION_CONTEXT('2D SPACE',''
  ) );
#1258 = ADVANCED_FACE('',(#1259,#1262),#1157,.F.);
#1259 = FACE_BOUND('',#1260,.T.);
#1260 = EDGE_LOOP('',(#1261));
#1261 = ORIENTED_EDGE('',*,*,#1142,.T.);
#1262 = FACE_BOUND('',#1263,.T.);
#1263 = EDGE_LOOP('',(#1264));
#1264 = ORIENTED_EDGE('',*,*,#1233,.F.);
#1265 = ADVANCED_FACE('',(#1266,#1269),#1125,.T.);
#1266 = FACE_BOUND('',#1267,.F.);
#1267 = EDGE_LOOP('',(#1268));
#1268 = ORIENTED_EDGE('',*,*,#1110,.T.);
#1269 = FACE_BOUND('',#1270,.F.);
#1270 = EDGE_LOOP('',(#1271));
#1271 = ORIENTED_EDGE('',*,*,#1206,.F.);
#1272 = ( GEOMETRIC_REPRESENTATION_CONTEXT(3) 
GLOBAL_UNCERTAINTY_ASSIGNED_CONTEXT((#1276)) 
GLOBAL_UNIT_ASSIGNED_CONTEXT((#1273,#1274,#1275)) REPRESENTATION_CONTEXT
('Context #1','3D Context with UNIT and UNCERTAINTY') );
#1273 = ( LENGTH_UNIT() NAMED_UNIT(*) SI_UNIT(.MILLI.,.METRE.) );
#1274 = ( NAMED_UNIT(*) PLANE_ANGLE_UNIT() SI_UNIT($,.RADIAN.) );
#1275 = ( NAMED_UNIT(*) SI_UNIT($,.STERADIAN.) SOLID_ANGLE_UNIT() );
#1276 = UNCERTAINTY_MEASURE_WITH_UNIT(LENGTH_MEASURE(1.E-07),#1273,
  'distance_accuracy_value','confusion accuracy');
#1277 = CONTEXT_DEPENDENT_SHAPE_REPRESENTATION(#1278,#1280);
#1278 = ( REPRESENTATION_RELATIONSHIP('','',#1073,#10) 
REPRESENTATION_RELATIONSHIP_WITH_TRANSFORMATION(#1279) 
SHAPE_REPRESENTATION_RELATIONSHIP() );
#1279 = ITEM_DEFINED_TRANSFORMATION('','',#11,#19);
#1280 = PRODUCT_DEFINITION_SHAPE('Placement','Placement of an item',
  #1281);
#1281 = NEXT_ASSEMBLY_USAGE_OCCURRENCE('22','ring0','',#5,#1068,$);
#1282 = PRODUCT_RELATED_PRODUCT_CATEGORY('part',$,(#1070));
#1283 = SHAPE_DEFINITION_REPRESENTATION(#1284,#1290);
#1284 = PRODUCT_DEFINITION_SHAPE('','',#1285);
#1285 = PRODUCT_DEFINITION('design','',#1286,#1289);
#1286 = PRODUCT_DEFINITION_FORMATION('','',#1287);
#1287 = PRODUCT('ring1','ring1','',(#1288));
#1288 = PRODUCT_CONTEXT('',#2,'mechanical');
#1289 = PRODUCT_DEFINITION_CONTEXT('part definition',#2,'design');
#1290 = ADVANCED_BREP_SHAPE_REPRESENTATION('',(#11,#1291),#1489);
#1291 = MANIFOLD_SOLID_BREP('',#1292);
#1292 = CLOSED_SHELL('',(#1293,#1389,#1475,#1482));
#1293 = ADVANCED_FACE('',(#1294),#1308,.T.);
#1294 = FACE_BOUND('',#1295,.T.);
#1295 = EDGE_LOOP('',(#1296,#1326,#1357,#1358));
#1296 = ORIENTED_EDGE('',*,*,#1297,.T.);
#1297 = EDGE_CURVE('',#1298,#1300,#1302,.T.);
#1298 = VERTEX_POINT('',#1299);
#1299 = CARTESIAN_POINT('',(0.85,-2.54,1.6));
#1300 = VERTEX_POINT('',#1301);
#1301 = CARTESIAN_POINT('',(0.85,-2.54,1.65));
#1302 = SEAM_CURVE('',#1303,(#1307,#1319),.PCURVE_S1.);
#1303 = LINE('',#1304,#1305);
#1304 = CARTESIAN_POINT('',(0.85,-2.54,1.6));
#1305 = VECTOR('',#1306,1.);
#1306 = DIRECTION('',(-0.,-0.,1.));
#1307 = PCURVE('',#1308,#1313);
#1308 = CYLINDRICAL_SURFACE('',#1309,0.85);
#1309 = AXIS2_PLACEMENT_3D('',#1310,#1311,#1312);
#1310 = CARTESIAN_POINT('',(0.,-2.54,1.6));
#1311 = DIRECTION('',(-0.,0.,-1.));
#1312 = DIRECTION('',(1.,-0.,-0.));
#1313 = DEFINITIONAL_REPRESENTATION('',(#1314),#1318);
#1314 = LINE('',#1315,#1316);
#1315 = CARTESIAN_POINT('',(0.,0.));
#1316 = VECTOR('',#1317,1.);
#1317 = DIRECTION('',(0.,-1.));
#1318 = ( GEOMETRIC_REPRESENTATION_CONTEXT(2) 
PARAMETRIC_REPRESENTATION_CONTEXT() REPRESENTATION_CONTEXT('2D SPACE',''
  ) );
#1319 = PCURVE('',#1308,#1320);
#1320 = DEFINITIONAL_REPRESENTATION('',(#1321),#1325);
#1321 = LINE('',#1322,#1323);
#1322 = CARTESIAN_POINT('',(6.28318530718,0.));
#1323 = VECTOR('',#1324,1.);
#1324 = DIRECTION('',(0.,-1.));
#1325 = ( GEOMETRIC_REPRESENTATION_CONTEXT(2) 
PARAMETRIC_REPRESENTATION_CONTEXT() REPRESENTATION_CONTEXT('2D SPACE',''
  ) );
#1326 = ORIENTED_EDGE('',*,*,#1327,.T.);
#1327 = EDGE_CURVE('',#1300,#1300,#1328,.T.);
#1328 = SURFACE_CURVE('',#1329,(#1334,#1341),.PCURVE_S1.);
#1329 = CIRCLE('',#1330,0.85);
#1330 = AXIS2_PLACEMENT_3D('',#1331,#1332,#1333);
#1331 = CARTESIAN_POINT('',(0.,-2.54,1.65));
#1332 = DIRECTION('',(0.,0.,-1.));
#1333 = DIRECTION('',(1.,-0.,-0.));
#1334 = PCURVE('',#1308,#1335);
#1335 = DEFINITIONAL_REPRESENTATION('',(#1336),#1340);
#1336 = LINE('',#1337,#1338);
#1337 = CARTESIAN_POINT('',(0.,-5.E-02));
#1338 = VECTOR('',#1339,1.);
#1339 = DIRECTION('',(1.,0.));
#1340 = ( GEOMETRIC_REPRESENTATION_CONTEXT(2) 
PARAMETRIC_REPRESENTATION_CONTEXT() REPRESENTATION_CONTEXT('2D SPACE',''
  ) );
#1341 = PCURVE('',#1342,#1347);
#1342 = PLANE('',#1343);
#1343 = AXIS2_PLACEMENT_3D('',#1344,#1345,#1346);
#1344 = CARTESIAN_POINT('',(-2.513676714227E-17,-2.54,1.65));
#1345 = DIRECTION('',(-0.,-0.,1.));
#1346 = DIRECTION('',(-1.,0.,0.));
#1347 = DEFINITIONAL_REPRESENTATION('',(#1348),#1356);
#1348 = ( BOUNDED_CURVE() B_SPLINE_CURVE(2,(#1349,#1350,#1351,#1352,
#1353,#1354,#1355),.UNSPECIFIED.,.T.,.F.) B_SPLINE_CURVE_WITH_KNOTS((1,2
    ,2,2,2,1),(-2.094395102393,0.,2.094395102393,4.188790204786,
6.28318530718,8.377580409573),.UNSPECIFIED.) CURVE() 
GEOMETRIC_REPRESENTATION_ITEM() RATIONAL_B_SPLINE_CURVE((1.,0.5,1.,0.5,
1.,0.5,1.)) REPRESENTATION_ITEM('') );
#1349 = CARTESIAN_POINT('',(-0.85,0.));
#1350 = CARTESIAN_POINT('',(-0.85,1.472243186434));
#1351 = CARTESIAN_POINT('',(0.425,0.736121593217));
#1352 = CARTESIAN_POINT('',(1.7,2.081899558551E-16));
#1353 = CARTESIAN_POINT('',(0.425,-0.736121593217));
#1354 = CARTESIAN_POINT('',(-0.85,-1.472243186434));
#1355 = CARTESIAN_POINT('',(-0.85,0.));
#1356 = ( GEOMETRIC_REPRESENTATION_CONTEXT(2) 
PARAMETRIC_REPRESENTATION_CONTEXT() REPRESENTATION_CONTEXT('2D SPACE',''
  ) );
#1357 = ORIENTED_EDGE('',*,*,#1297,.F.);
#1358 = ORIENTED_EDGE('',*,*,#1359,.F.);
#1359 = EDGE_CURVE('',#1298,#1298,#1360,.T.);
#1360 = SURFACE_CURVE('',#1361,(#1366,#1373),.PCURVE_S1.);
#1361 = CIRCLE('',#1362,0.85);
#1362 = AXIS2_PLACEMENT_3D('',#1363,#1364,#1365);
#1363 = CARTESIAN_POINT('',(0.,-2.54,1.6));
#1364 = DIRECTION('',(0.,0.,-1.));
#1365 = DIRECTION('',(1.,-0.,-0.));
#1366 = PCURVE('',#1308,#1367);
#1367 = DEFINITIONAL_REPRESENTATION('',(#1368),#1372);
#1368 = LINE('',#1369,#1370);
#1369 = CARTESIAN_POINT('',(0.,0.));
#1370 = VECTOR('',#1371,1.);
#1371 = DIRECTION('',(1.,0.));
#1372 = ( GEOMETRIC_REPRESENTATION_CONTEXT(2) 
PARAMETRIC_REPRESENTATION_CONTEXT() REPRESENTATION_CONTEXT('2D SPACE',''
  ) );
#1373 = PCURVE('',#1374,#1379);
#1374 = PLANE('',#1375);
#1375 = AXIS2_PLACEMENT_3D('',#1376,#1377,#1378);
#1376 = CARTESIAN_POINT('',(-2.513676714227E-17,-2.54,1.6));
#1377 = DIRECTION('',(-0.,-0.,1.));
#1378 = DIRECTION('',(-1.,0.,0.));
#1379 = DEFINITIONAL_REPRESENTATION('',(#1380),#1388);
#1380 = ( BOUNDED_CURVE() B_SPLINE_CURVE(2,(#1381,#1382,#1383,#1384,
#1385,#1386,#1387),.UNSPECIFIED.,.T.,.F.) B_SPLINE_CURVE_WITH_KNOTS((1,2
    ,2,2,2,1),(-2.094395102393,0.,2.094395102393,4.188790204786,
6.28318530718,8.377580409573),.UNSPECIFIED.) CURVE() 
GEOMETRIC_REPRESENTATION_ITEM() RATIONAL_B_SPLINE_CURVE((1.,0.5,1.,0.5,
1.,0.5,1.)) REPRESENTATION_ITEM('') );
#1381 = CARTESIAN_POINT('',(-0.85,0.));
#1382 = CARTESIAN_POINT('',(-0.85,1.472243186434));
#1383 = CARTESIAN_POINT('',(0.425,0.736121593217));
#1384 = CARTESIAN_POINT('',(1.7,2.081899558551E-16));
#1385 = CARTESIAN_POINT('',(0.425,-0.736121593217));
#1386 = CARTESIAN_POINT('',(-0.85,-1.472243186434));
#1387 = CARTESIAN_POINT('',(-0.85,0.));
#1388 = ( GEOMETRIC_REPRESENTATION_CONTEXT(2) 
PARAMETRIC_REPRESENTATION_CONTEXT() REPRESENTATION_CONTEXT('2D SPACE',''
  ) );
#1389 = ADVANCED_FACE('',(#1390),#1404,.F.);
#1390 = FACE_BOUND('',#1391,.F.);
#1391 = EDGE_LOOP('',(#1392,#1422,#1448,#1449));
#1392 = ORIENTED_EDGE('',*,*,#1393,.T.);
#1393 = EDGE_CURVE('',#1394,#1396,#1398,.T.);
#1394 = VERTEX_POINT('',#1395);
#1395 = CARTESIAN_POINT('',(0.5,-2.54,1.6));
#1396 = VERTEX_POINT('',#1397);
#1397 = CARTESIAN_POINT('',(0.5,-2.54,1.65));
#1398 = SEAM_CURVE('',#1399,(#1403,#1415),.PCURVE_S1.);
#1399 = LINE('',#1400,#1401);
#1400 = CARTESIAN_POINT('',(0.5,-2.54,1.6));
#1401 = VECTOR('',#1402,1.);
#1402 = DIRECTION('',(-0.,-0.,1.));
#1403 = PCURVE('',#1404,#1409);
#1404 = CYLINDRICAL_SURFACE('',#1405,0.5);
#1405 = AXIS2_PLACEMENT_3D('',#1406,#1407,#1408);
#1406 = CARTESIAN_POINT('',(4.051663643225E-15,-2.54,1.6));
#1407 = DIRECTION('',(-0.,0.,-1.));
#1408 = DIRECTION('',(1.,-0.,-0.));
#1409 = DEFINITIONAL_REPRESENTATION('',(#1410),#1414);
#1410 = LINE('',#1411,#1412);
#1411 = CARTESIAN_POINT('',(0.,0.));
#1412 = VECTOR('',#1413,1.);
#1413 = DIRECTION('',(0.,-1.));
#1414 = ( GEOMETRIC_REPRESENTATION_CONTEXT(2) 
PARAMETRIC_REPRESENTATION_CONTEXT() REPRESENTATION_CONTEXT('2D SPACE',''
  ) );
#1415 = PCURVE('',#1404,#1416);
#1416 = DEFINITIONAL_REPRESENTATION('',(#1417),#1421);
#1417 = LINE('',#1418,#1419);
#1418 = CARTESIAN_POINT('',(6.28318530718,0.));
#1419 = VECTOR('',#1420,1.);
#1420 = DIRECTION('',(0.,-1.));
#1421 = ( GEOMETRIC_REPRESENTATION_CONTEXT(2) 
PARAMETRIC_REPRESENTATION_CONTEXT() REPRESENTATION_CONTEXT('2D SPACE',''
  ) );
#1422 = ORIENTED_EDGE('',*,*,#1423,.T.);
#1423 = EDGE_CURVE('',#1396,#1396,#1424,.T.);
#1424 = SURFACE_CURVE('',#1425,(#1430,#1437),.PCURVE_S1.);
#1425 = CIRCLE('',#1426,0.5);
#1426 = AXIS2_PLACEMENT_3D('',#1427,#1428,#1429);
#1427 = CARTESIAN_POINT('',(4.051663643225E-15,-2.54,1.65));
#1428 = DIRECTION('',(0.,0.,-1.));
#1429 = DIRECTION('',(1.,-0.,-0.));
#1430 = PCURVE('',#1404,#1431);
#1431 = DEFINITIONAL_REPRESENTATION('',(#1432),#1436);
#1432 = LINE('',#1433,#1434);
#1433 = CARTESIAN_POINT('',(0.,-5.E-02));
#1434 = VECTOR('',#1435,1.);
#1435 = DIRECTION('',(1.,0.));
#1436 = ( GEOMETRIC_REPRESENTATION_CONTEXT(2) 
PARAMETRIC_REPRESENTATION_CONTEXT() REPRESENTATION_CONTEXT('2D SPACE',''
  ) );
#1437 = PCURVE('',#1342,#1438);
#1438 = DEFINITIONAL_REPRESENTATION('',(#1439),#1447);
#1439 = ( BOUNDED_CURVE() B_SPLINE_CURVE(2,(#1440,#1441,#1442,#1443,
#1444,#1445,#1446),.UNSPECIFIED.,.T.,.F.) B_SPLINE_CURVE_WITH_KNOTS((1,2
    ,2,2,2,1),(-2.094395102393,0.,2.094395102393,4.188790204786,
6.28318530718,8.377580409573),.UNSPECIFIED.) CURVE() 
GEOMETRIC_REPRESENTATION_ITEM() RATIONAL_B_SPLINE_CURVE((1.,0.5,1.,0.5,
1.,0.5,1.)) REPRESENTATION_ITEM('') );
#1440 = CARTESIAN_POINT('',(-0.5,0.));
#1441 = CARTESIAN_POINT('',(-0.5,0.866025403784));
#1442 = CARTESIAN_POINT('',(0.25,0.433012701892));
#1443 = CARTESIAN_POINT('',(1.,1.224646799147E-16));
#1444 = CARTESIAN_POINT('',(0.25,-0.433012701892));
#1445 = CARTESIAN_POINT('',(-0.5,-0.866025403784));
#1446 = CARTESIAN_POINT('',(-0.5,0.));
#1447 = ( GEOMETRIC_REPRESENTATION_CONTEXT(2) 
PARAMETRIC_REPRESENTATION_CONTEXT() REPRESENTATION_CONTEXT('2D SPACE',''
  ) );
#1448 = ORIENTED_EDGE('',*,*,#1393,.F.);
#1449 = ORIENTED_EDGE('',*,*,#1450,.F.);
#1450 = EDGE_CURVE('',#1394,#1394,#1451,.T.);
#1451 = SURFACE_CURVE('',#1452,(#1457,#1464),.PCURVE_S1.);
#1452 = CIRCLE('',#1453,0.5);
#1453 = AXIS2_PLACEMENT_3D('',#1454,#1455,#1456);
#1454 = CARTESIAN_POINT('',(4.051663643225E-15,-2.54,1.6));
#1455 = DIRECTION('',(0.,0.,-1.));
#1456 = DIRECTION('',(1.,-0.,-0.));
#1457 = PCURVE('',#1404,#1458);
#1458 = DEFINITIONAL_REPRESENTATION('',(#1459),#1463);
#1459 = LINE('',#1460,#1461);
#1460 = CARTESIAN_POINT('',(0.,0.));
#1461 = VECTOR('',#1462,1.);
#1462 = DIRECTION('',(1.,0.));
#1463 = ( GEOMETRIC_REPRESENTATION_CONTEXT(2) 
PARAMETRIC_REPRESENTATION_CONTEXT() REPRESENTATION_CONTEXT('2D SPACE',''
  ) );
#1464 = PCURVE('',#1374,#1465);
#1465 = DEFINITIONAL_REPRESENTATION('',(#1466),#1474);
#1466 = ( BOUNDED_CURVE() B_SPLINE_CURVE(2,(#1467,#1468,#1469,#1470,
#1471,#1472,#1473),.UNSPECIFIED.,.T.,.F.) B_SPLINE_CURVE_WITH_KNOTS((1,2
    ,2,2,2,1),(-2.094395102393,0.,2.094395102393,4.188790204786,
6.28318530718,8.377580409573),.UNSPECIFIED.) CURVE() 
GEOMETRIC_REPRESENTATION_ITEM() RATIONAL_B_SPLINE_CURVE((1.,0.5,1.,0.5,
1.,0.5,1.)) REPRESENTATION_ITEM('') );
#1467 = CARTESIAN_POINT('',(-0.5,0.));
#1468 = CARTESIAN_POINT('',(-0.5,0.866025403784));
#1469 = CARTESIAN_POINT('',(0.25,0.433012701892));
#1470 = CARTESIAN_POINT('',(1.,1.224646799147E-16));
#1471 = CARTESIAN_POINT('',(0.25,-0.433012701892));
#1472 = CARTESIAN_POINT('',(-0.5,-0.866025403784));
#1473 = CARTESIAN_POINT('',(-0.5,0.));
#1474 = ( GEOMETRIC_REPRESENTATION_CONTEXT(2) 
PARAMETRIC_REPRESENTATION_CONTEXT() REPRESENTATION_CONTEXT('2D SPACE',''
  ) );
#1475 = ADVANCED_FACE('',(#1476,#1479),#1374,.F.);
#1476 = FACE_BOUND('',#1477,.T.);
#1477 = EDGE_LOOP('',(#1478));
#1478 = ORIENTED_EDGE('',*,*,#1359,.T.);
#1479 = FACE_BOUND('',#1480,.T.);
#1480 = EDGE_LOOP('',(#1481));
#1481 = ORIENTED_EDGE('',*,*,#1450,.F.);
#1482 = ADVANCED_FACE('',(#1483,#1486),#1342,.T.);
#1483 = FACE_BOUND('',#1484,.F.);
#1484 = EDGE_LOOP('',(#1485));
#1485 = ORIENTED_EDGE('',*,*,#1327,.T.);
#1486 = FACE_BOUND('',#1487,.F.);
#1487 = EDGE_LOOP('',(#1488));
#1488 = ORIENTED_EDGE('',*,*,#1423,.F.);
#1489 = ( GEOMETRIC_REPRESENTATION_CONTEXT(3) 
GLOBAL_UNCERTAINTY_ASSIGNED_CONTEXT((#1493)) 
GLOBAL_UNIT_ASSIGNED_CONTEXT((#1490,#1491,#1492)) REPRESENTATION_CONTEXT
('Context #1','3D Context with UNIT and UNCERTAINTY') );
#1490 = ( LENGTH_UNIT() NAMED_UNIT(*) SI_UNIT(.MILLI.,.METRE.) );
#1491 = ( NAMED_UNIT(*) PLANE_ANGLE_UNIT() SI_UNIT($,.RADIAN.) );
#1492 = ( NAMED_UNIT(*) SI_UNIT($,.STERADIAN.) SOLID_ANGLE_UNIT() );
#1493 = UNCERTAINTY_MEASURE_WITH_UNIT(LENGTH_MEASURE(1.E-07),#1490,
  'distance_accuracy_value','confusion accuracy');
#1494 = CONTEXT_DEPENDENT_SHAPE_REPRESENTATION(#1495,#1497);
#1495 = ( REPRESENTATION_RELATIONSHIP('','',#1290,#10) 
REPRESENTATION_RELATIONSHIP_WITH_TRANSFORMATION(#1496) 
SHAPE_REPRESENTATION_RELATIONSHIP() );
#1496 = ITEM_DEFINED_TRANSFORMATION('','',#11,#23);
#1497 = PRODUCT_DEFINITION_SHAPE('Placement','Placement of an item',
  #1498);
#1498 = NEXT_ASSEMBLY_USAGE_OCCURRENCE('23','ring1','',#5,#1285,$);
#1499 = PRODUCT_RELATED_PRODUCT_CATEGORY('part',$,(#1287));
#1500 = SHAPE_DEFINITION_REPRESENTATION(#1501,#1507);
#1501 = PRODUCT_DEFINITION_SHAPE('','',#1502);
#1502 = PRODUCT_DEFINITION('design','',#1503,#1506);
#1503 = PRODUCT_DEFINITION_FORMATION('','',#1504);
#1504 = PRODUCT('ring2','ring2','',(#1505));
#1505 = PRODUCT_CONTEXT('',#2,'mechanical');
#1506 = PRODUCT_DEFINITION_CONTEXT('part definition',#2,'design');
#1507 = ADVANCED_BREP_SHAPE_REPRESENTATION('',(#11,#1508),#1706);
#1508 = MANIFOLD_SOLID_BREP('',#1509);
#1509 = CLOSED_SHELL('',(#1510,#1606,#1692,#1699));
#1510 = ADVANCED_FACE('',(#1511),#1525,.T.);
#1511 = FACE_BOUND('',#1512,.T.);
#1512 = EDGE_LOOP('',(#1513,#1543,#1574,#1575));
#1513 = ORIENTED_EDGE('',*,*,#1514,.T.);
#1514 = EDGE_CURVE('',#1515,#1517,#1519,.T.);
#1515 = VERTEX_POINT('',#1516);
#1516 = CARTESIAN_POINT('',(0.85,-5.08,1.6));
#1517 = VERTEX_POINT('',#1518);
#1518 = CARTESIAN_POINT('',(0.85,-5.08,1.65));
#1519 = SEAM_CURVE('',#1520,(#1524,#1536),.PCURVE_S1.);
#1520 = LINE('',#1521,#1522);
#1521 = CARTESIAN_POINT('',(0.85,-5.08,1.6));
#1522 = VECTOR('',#1523,1.);
#1523 = DIRECTION('',(-0.,-0.,1.));
#1524 = PCURVE('',#1525,#1530);
#1525 = CYLINDRICAL_SURFACE('',#1526,0.85);
#1526 = AXIS2_PLACEMENT_3D('',#1527,#1528,#1529);
#1527 = CARTESIAN_POINT('',(0.,-5.08,1.6));
#1528 = DIRECTION('',(-0.,0.,-1.));
#1529 = DIRECTION('',(1.,-0.,-0.));
#1530 = DEFINITIONAL_REPRESENTATION('',(#1531),#1535);
#1531 = LINE('',#1532,#1533);
#1532 = CARTESIAN_POINT('',(0.,0.));
#1533 = VECTOR('',#1534,1.);
#1534 = DIRECTION('',(0.,-1.));
#1535 = ( GEOMETRIC_REPRESENTATION_CONTEXT(2) 
PARAMETRIC_REPRESENTATION_CONTEXT() REPRESENTATION_CONTEXT('2D SPACE',''
  ) );
#1536 = PCURVE('',#1525,#1537);
#1537 = DEFINITIONAL_REPRESENTATION('',(#1538),#1542);
#1538 = LINE('',#1539,#1540);
#1539 = CARTESIAN_POINT('',(6.28318530718,0.));
#1540 = VECTOR('',#1541,1.);
#1541 = DIRECTION('',(0.,-1.));
#1542 = ( GEOMETRIC_REPRESENTATION_CONTEXT(2) 
PARAMETRIC_REPRESENTATION_CONTEXT() REPRESENTATION_CONTEXT('2D SPACE',''
  ) );
#1543 = ORIENTED_EDGE('',*,*,#1544,.T.);
#1544 = EDGE_CURVE('',#1517,#1517,#1545,.T.);
#1545 = SURFACE_CURVE('',#1546,(#1551,#1558),.PCURVE_S1.);
#1546 = CIRCLE('',#1547,0.85);
#1547 = AXIS2_PLACEMENT_3D('',#1548,#1549,#1550);
#1548 = CARTESIAN_POINT('',(0.,-5.08,1.65));
#1549 = DIRECTION('',(0.,0.,-1.));
#1550 = DIRECTION('',(1.,-0.,-0.));
#1551 = PCURVE('',#1525,#1552);
#1552 = DEFINITIONAL_REPRESENTATION('',(#1553),#1557);
#1553 = LINE('',#1554,#1555);
#1554 = CARTESIAN_POINT('',(0.,-5.E-02));
#1555 = VECTOR('',#1556,1.);
#1556 = DIRECTION('',(1.,0.));
#1557 = ( GEOMETRIC_REPRESENTATION_CONTEXT(2) 
PARAMETRIC_REPRESENTATION_CONTEXT() REPRESENTATION_CONTEXT('2D SPACE',''
  ) );
#1558 = PCURVE('',#1559,#1564);
#1559 = PLANE('',#1560);
#1560 = AXIS2_PLACEMENT_3D('',#1561,#1562,#1563);
#1561 = CARTESIAN_POINT('',(2.513676714227E-17,-5.08,1.65));
#1562 = DIRECTION('',(-0.,-0.,1.));
#1563 = DIRECTION('',(-1.,0.,0.));
#1564 = DEFINITIONAL_REPRESENTATION('',(#1565),#1573);
#1565 = ( BOUNDED_CURVE() B_SPLINE_CURVE(2,(#1566,#1567,#1568,#1569,
#1570,#1571,#1572),.UNSPECIFIED.,.T.,.F.) B_SPLINE_CURVE_WITH_KNOTS((1,2
    ,2,2,2,1),(-2.094395102393,0.,2.094395102393,4.188790204786,
6.28318530718,8.377580409573),.UNSPECIFIED.) CURVE() 
GEOMETRIC_REPRESENTATION_ITEM() RATIONAL_B_SPLINE_CURVE((1.,0.5,1.,0.5,
1.,0.5,1.)) REPRESENTATION_ITEM('') );
#1566 = CARTESIAN_POINT('',(-0.85,8.881784197001E-16));
#1567 = CARTESIAN_POINT('',(-0.85,1.472243186434));
#1568 = CARTESIAN_POINT('',(0.425,0.736121593217));
#1569 = CARTESIAN_POINT('',(1.7,1.096368375555E-15));
#1570 = CARTESIAN_POINT('',(0.425,-0.736121593217));
#1571 = CARTESIAN_POINT('',(-0.85,-1.472243186434));
#1572 = CARTESIAN_POINT('',(-0.85,8.881784197001E-16));
#1573 = ( GEOMETRIC_REPRESENTATION_CONTEXT(2) 
PARAMETRIC_REPRESENTATION_CONTEXT() REPRESENTATION_CONTEXT('2D SPACE',''
  ) );
#1574 = ORIENTED_EDGE('',*,*,#1514,.F.);
#1575 = ORIENTED_EDGE('',*,*,#1576,.F.);
#1576 = EDGE_CURVE('',#1515,#1515,#1577,.T.);
#1577 = SURFACE_CURVE('',#1578,(#1583,#1590),.PCURVE_S1.);
#1578 = CIRCLE('',#1579,0.85);
#1579 = AXIS2_PLACEMENT_3D('',#1580,#1581,#1582);
#1580 = CARTESIAN_POINT('',(0.,-5.08,1.6));
#1581 = DIRECTION('',(0.,0.,-1.));
#1582 = DIRECTION('',(1.,-0.,-0.));
#1583 = PCURVE('',#1525,#1584);
#1584 = DEFINITIONAL_REPRESENTATION('',(#1585),#1589);
#1585 = LINE('',#1586,#1587);
#1586 = CARTESIAN_POINT('',(0.,0.));
#1587 = VECTOR('',#1588,1.);
#1588 = DIRECTION('',(1.,0.));
#1589 = ( GEOMETRIC_REPRESENTATION_CONTEXT(2) 
PARAMETRIC_REPRESENTATION_CONTEXT() REPRESENTATION_CONTEXT('2D SPACE',''
  ) );
#1590 = PCURVE('',#1591,#1596);
#1591 = PLANE('',#1592);
#1592 = AXIS2_PLACEMENT_3D('',#1593,#1594,#1595);
#1593 = CARTESIAN_POINT('',(2.513676714227E-17,-5.08,1.6));
#1594 = DIRECTION('',(-0.,-0.,1.));
#1595 = DIRECTION('',(-1.,0.,0.));
#1596 = DEFINITIONAL_REPRESENTATION('',(#1597),#1605);
#1597 = ( BOUNDED_CURVE() B_SPLINE_CURVE(2,(#1598,#1599,#1600,#1601,
#1602,#1603,#1604),.UNSPECIFIED.,.T.,.F.) B_SPLINE_CURVE_WITH_KNOTS((1,2
    ,2,2,2,1),(-2.094395102393,0.,2.094395102393,4.188790204786,
6.28318530718,8.377580409573),.UNSPECIFIED.) CURVE() 
GEOMETRIC_REPRESENTATION_ITEM() RATIONAL_B_SPLINE_CURVE((1.,0.5,1.,0.5,
1.,0.5,1.)) REPRESENTATION_ITEM('') );
#1598 = CARTESIAN_POINT('',(-0.85,8.881784197001E-16));
#1599 = CARTESIAN_POINT('',(-0.85,1.472243186434));
#1600 = CARTESIAN_POINT('',(0.425,0.736121593217));
#1601 = CARTESIAN_POINT('',(1.7,1.096368375555E-15));
#1602 = CARTESIAN_POINT('',(0.425,-0.736121593217));
#1603 = CARTESIAN_POINT('',(-0.85,-1.472243186434));
#1604 = CARTESIAN_POINT('',(-0.85,8.881784197001E-16));
#1605 = ( GEOMETRIC_REPRESENTATION_CONTEXT(2) 
PARAMETRIC_REPRESENTATION_CONTEXT() REPRESENTATION_CONTEXT('2D SPACE',''
  ) );
#1606 = ADVANCED_FACE('',(#1607),#1621,.F.);
#1607 = FACE_BOUND('',#1608,.F.);
#1608 = EDGE_LOOP('',(#1609,#1639,#1665,#1666));
#1609 = ORIENTED_EDGE('',*,*,#1610,.T.);
#1610 = EDGE_CURVE('',#1611,#1613,#1615,.T.);
#1611 = VERTEX_POINT('',#1612);
#1612 = CARTESIAN_POINT('',(0.5,-5.08,1.6));
#1613 = VERTEX_POINT('',#1614);
#1614 = CARTESIAN_POINT('',(0.5,-5.08,1.65));
#1615 = SEAM_CURVE('',#1616,(#1620,#1632),.PCURVE_S1.);
#1616 = LINE('',#1617,#1618);
#1617 = CARTESIAN_POINT('',(0.5,-5.08,1.6));
#1618 = VECTOR('',#1619,1.);
#1619 = DIRECTION('',(-0.,-0.,1.));
#1620 = PCURVE('',#1621,#1626);
#1621 = CYLINDRICAL_SURFACE('',#1622,0.5);
#1622 = AXIS2_PLACEMENT_3D('',#1623,#1624,#1625);
#1623 = CARTESIAN_POINT('',(4.051663643225E-15,-5.08,1.6));
#1624 = DIRECTION('',(-0.,0.,-1.));
#1625 = DIRECTION('',(1.,-0.,-0.));
#1626 = DEFINITIONAL_REPRESENTATION('',(#1627),#1631);
#1627 = LINE('',#1628,#1629);
#1628 = CARTESIAN_POINT('',(0.,0.));
#1629 = VECTOR('',#1630,1.);
#1630 = DIRECTION('',(0.,-1.));
#1631 = ( GEOMETRIC_REPRESENTATION_CONTEXT(2) 
PARAMETRIC_REPRESENTATION_CONTEXT() REPRESENTATION_CONTEXT('2D SPACE',''
  ) );
#1632 = PCURVE('',#1621,#1633);
#1633 = DEFINITIONAL_REPRESENTATION('',(#1634),#1638);
#1634 = LINE('',#1635,#1636);
#1635 = CARTESIAN_POINT('',(6.28318530718,0.));
#1636 = VECTOR('',#1637,1.);
#1637 = DIRECTION('',(0.,-1.));
#1638 = ( GEOMETRIC_REPRESENTATION_CONTEXT(2) 
PARAMETRIC_REPRESENTATION_CONTEXT() REPRESENTATION_CONTEXT('2D SPACE',''
  ) );
#1639 = ORIENTED_EDGE('',*,*,#1640,.T.);
#1640 = EDGE_CURVE('',#1613,#1613,#1641,.T.);
#1641 = SURFACE_CURVE('',#1642,(#1647,#1654),.PCURVE_S1.);
#1642 = CIRCLE('',#1643,0.5);
#1643 = AXIS2_PLACEMENT_3D('',#1644,#1645,#1646);
#1644 = CARTESIAN_POINT('',(4.051663643225E-15,-5.08,1.65));
#1645 = DIRECTION('',(0.,0.,-1.));
#1646 = DIRECTION('',(1.,-0.,-0.));
#1647 = PCURVE('',#1621,#1648);
#1648 = DEFINITIONAL_REPRESENTATION('',(#1649),#1653);
#1649 = LINE('',#1650,#1651);
#1650 = CARTESIAN_POINT('',(0.,-5.E-02));
#1651 = VECTOR('',#1652,1.);
#1652 = DIRECTION('',(1.,0.));
#1653 = ( GEOMETRIC_REPRESENTATION_CONTEXT(2) 
PARAMETRIC_REPRESENTATION_CONTEXT() REPRESENTATION_CONTEXT('2D SPACE',''
  ) );
#1654 = PCURVE('',#1559,#1655);
#1655 = DEFINITIONAL_REPRESENTATION('',(#1656),#1664);
#1656 = ( BOUNDED_CURVE() B_SPLINE_CURVE(2,(#1657,#1658,#1659,#1660,
#1661,#1662,#1663),.UNSPECIFIED.,.T.,.F.) B_SPLINE_CURVE_WITH_KNOTS((1,2
    ,2,2,2,1),(-2.094395102393,0.,2.094395102393,4.188790204786,
6.28318530718,8.377580409573),.UNSPECIFIED.) CURVE() 
GEOMETRIC_REPRESENTATION_ITEM() RATIONAL_B_SPLINE_CURVE((1.,0.5,1.,0.5,
1.,0.5,1.)) REPRESENTATION_ITEM('') );
#1657 = CARTESIAN_POINT('',(-0.5,8.881784197001E-16));
#1658 = CARTESIAN_POINT('',(-0.5,0.866025403784));
#1659 = CARTESIAN_POINT('',(0.25,0.433012701892));
#1660 = CARTESIAN_POINT('',(1.,1.010643099615E-15));
#1661 = CARTESIAN_POINT('',(0.25,-0.433012701892));
#1662 = CARTESIAN_POINT('',(-0.5,-0.866025403784));
#1663 = CARTESIAN_POINT('',(-0.5,8.881784197001E-16));
#1664 = ( GEOMETRIC_REPRESENTATION_CONTEXT(2) 
PARAMETRIC_REPRESENTATION_CONTEXT() REPRESENTATION_CONTEXT('2D SPACE',''
  ) );
#1665 = ORIENTED_EDGE('',*,*,#1610,.F.);
#1666 = ORIENTED_EDGE('',*,*,#1667,.F.);
#1667 = EDGE_CURVE('',#1611,#1611,#1668,.T.);
#1668 = SURFACE_CURVE('',#1669,(#1674,#1681),.PCURVE_S1.);
#1669 = CIRCLE('',#1670,0.5);
#1670 = AXIS2_PLACEMENT_3D('',#1671,#1672,#1673);
#1671 = CARTESIAN_POINT('',(4.051663643225E-15,-5.08,1.6));
#1672 = DIRECTION('',(0.,0.,-1.));
#1673 = DIRECTION('',(1.,-0.,-0.));
#1674 = PCURVE('',#1621,#1675);
#1675 = DEFINITIONAL_REPRESENTATION('',(#1676),#1680);
#1676 = LINE('',#1677,#1678);
#1677 = CARTESIAN_POINT('',(0.,0.));
#1678 = VECTOR('',#1679,1.);
#1679 = DIRECTION('',(1.,0.));
#1680 = ( GEOMETRIC_REPRESENTATION_CONTEXT(2) 
PARAMETRIC_REPRESENTATION_CONTEXT() REPRESENTATION_CONTEXT('2D SPACE',''
  ) );
#1681 = PCURVE('',#1591,#1682);
#1682 = DEFINITIONAL_REPRESENTATION('',(#1683),#1691);
#1683 = ( BOUNDED_CURVE() B_SPLINE_CURVE(2,(#1684,#1685,#1686,#1687,
#1688,#1689,#1690),.UNSPECIFIED.,.T.,.F.) B_SPLINE_CURVE_WITH_KNOTS((1,2
    ,2,2,2,1),(-2.094395102393,0.,2.094395102393,4.188790204786,
6.28318530718,8.377580409573),.UNSPECIFIED.) CURVE() 
GEOMETRIC_REPRESENTATION_ITEM() RATIONAL_B_SPLINE_CURVE((1.,0.5,1.,0.5,
1.,0.5,1.)) REPRESENTATION_ITEM('') );
#1684 = CARTESIAN_POINT('',(-0.5,8.881784197001E-16));
#1685 = CARTESIAN_POINT('',(-0.5,0.866025403784));
#1686 = CARTESIAN_POINT('',(0.25,0.433012701892));
#1687 = CARTESIAN_POINT('',(1.,1.010643099615E-15));
#1688 = CARTESIAN_POINT('',(0.25,-0.433012701892));
#1689 = CARTESIAN_POINT('',(-0.5,-0.866025403784));
#1690 = CARTESIAN_POINT('',(-0.5,8.881784197001E-16));
#1691 = ( GEOMETRIC_REPRESENTATION_CONTEXT(2) 
PARAMETRIC_REPRESENTATION_CONTEXT() REPRESENTATION_CONTEXT('2D SPACE',''
  ) );
#1692 = ADVANCED_FACE('',(#1693,#1696),#1591,.F.);
#1693 = FACE_BOUND('',#1694,.T.);
#1694 = EDGE_LOOP('',(#1695));
#1695 = ORIENTED_EDGE('',*,*,#1576,.T.);
#1696 = FACE_BOUND('',#1697,.T.);
#1697 = EDGE_LOOP('',(#1698));
#1698 = ORIENTED_EDGE('',*,*,#1667,.F.);
#1699 = ADVANCED_FACE('',(#1700,#1703),#1559,.T.);
#1700 = FACE_BOUND('',#1701,.F.);
#1701 = EDGE_LOOP('',(#1702));
#1702 = ORIENTED_EDGE('',*,*,#1544,.T.);
#1703 = FACE_BOUND('',#1704,.F.);
#1704 = EDGE_LOOP('',(#1705));
#1705 = ORIENTED_EDGE('',*,*,#1640,.F.);
#1706 = ( GEOMETRIC_REPRESENTATION_CONTEXT(3) 
GLOBAL_UNCERTAINTY_ASSIGNED_CONTEXT((#1710)) 
GLOBAL_UNIT_ASSIGNED_CONTEXT((#1707,#1708,#1709)) REPRESENTATION_CONTEXT
('Context #1','3D Context with UNIT and UNCERTAINTY') );
#1707 = ( LENGTH_UNIT() NAMED_UNIT(*) SI_UNIT(.MILLI.,.METRE.) );
#1708 = ( NAMED_UNIT(*) PLANE_ANGLE_UNIT() SI_UNIT($,.RADIAN.) );
#1709 = ( NAMED_UNIT(*) SI_UNIT($,.STERADIAN.) SOLID_ANGLE_UNIT() );
#1710 = UNCERTAINTY_MEASURE_WITH_UNIT(LENGTH_MEASURE(1.E-07),#1707,
  'distance_accuracy_value','confusion accuracy');
#1711 = CONTEXT_DEPENDENT_SHAPE_REPRESENTATION(#1712,#1714);
#1712 = ( REPRESENTATION_RELATIONSHIP('','',#1507,#10) 
REPRESENTATION_RELATIONSHIP_WITH_TRANSFORMATION(#1713) 
SHAPE_REPRESENTATION_RELATIONSHIP() );
#1713 = ITEM_DEFINED_TRANSFORMATION('','',#11,#27);
#1714 = PRODUCT_DEFINITION_SHAPE('Placement','Placement of an item',
  #1715);
#1715 = NEXT_ASSEMBLY_USAGE_OCCURRENCE('24','ring2','',#5,#1502,$);
#1716 = PRODUCT_RELATED_PRODUCT_CATEGORY('part',$,(#1504));
#1717 = SHAPE_DEFINITION_REPRESENTATION(#1718,#1724);
#1718 = PRODUCT_DEFINITION_SHAPE('','',#1719);
#1719 = PRODUCT_DEFINITION('design','',#1720,#1723);
#1720 = PRODUCT_DEFINITION_FORMATION('','',#1721);
#1721 = PRODUCT('ring3','ring3','',(#1722));
#1722 = PRODUCT_CONTEXT('',#2,'mechanical');
#1723 = PRODUCT_DEFINITION_CONTEXT('part definition',#2,'design');
#1724 = ADVANCED_BREP_SHAPE_REPRESENTATION('',(#11,#1725),#1923);
#1725 = MANIFOLD_SOLID_BREP('',#1726);
#1726 = CLOSED_SHELL('',(#1727,#1823,#1909,#1916));
#1727 = ADVANCED_FACE('',(#1728),#1742,.T.);
#1728 = FACE_BOUND('',#1729,.T.);
#1729 = EDGE_LOOP('',(#1730,#1760,#1791,#1792));
#1730 = ORIENTED_EDGE('',*,*,#1731,.T.);
#1731 = EDGE_CURVE('',#1732,#1734,#1736,.T.);
#1732 = VERTEX_POINT('',#1733);
#1733 = CARTESIAN_POINT('',(0.85,-7.62,1.6));
#1734 = VERTEX_POINT('',#1735);
#1735 = CARTESIAN_POINT('',(0.85,-7.62,1.65));
#1736 = SEAM_CURVE('',#1737,(#1741,#1753),.PCURVE_S1.);
#1737 = LINE('',#1738,#1739);
#1738 = CARTESIAN_POINT('',(0.85,-7.62,1.6));
#1739 = VECTOR('',#1740,1.);
#1740 = DIRECTION('',(-0.,-0.,1.));
#1741 = PCURVE('',#1742,#1747);
#1742 = CYLINDRICAL_SURFACE('',#1743,0.85);
#1743 = AXIS2_PLACEMENT_3D('',#1744,#1745,#1746);
#1744 = CARTESIAN_POINT('',(0.,-7.62,1.6));
#1745 = DIRECTION('',(-0.,0.,-1.));
#1746 = DIRECTION('',(1.,-0.,-0.));
#1747 = DEFINITIONAL_REPRESENTATION('',(#1748),#1752);
#1748 = LINE('',#1749,#1750);
#1749 = CARTESIAN_POINT('',(0.,0.));
#1750 = VECTOR('',#1751,1.);
#1751 = DIRECTION('',(0.,-1.));
#1752 = ( GEOMETRIC_REPRESENTATION_CONTEXT(2) 
PARAMETRIC_REPRESENTATION_CONTEXT() REPRESENTATION_CONTEXT('2D SPACE',''
  ) );
#1753 = PCURVE('',#1742,#1754);
#1754 = DEFINITIONAL_REPRESENTATION('',(#1755),#1759);
#1755 = LINE('',#1756,#1757);
#1756 = CARTESIAN_POINT('',(6.28318530718,0.));
#1757 = VECTOR('',#1758,1.);
#1758 = DIRECTION('',(0.,-1.));
#1759 = ( GEOMETRIC_REPRESENTATION_CONTEXT(2) 
PARAMETRIC_REPRESENTATION_CONTEXT() REPRESENTATION_CONTEXT('2D SPACE',''
  ) );
#1760 = ORIENTED_EDGE('',*,*,#1761,.T.);
#1761 = EDGE_CURVE('',#1734,#1734,#1762,.T.);
#1762 = SURFACE_CURVE('',#1763,(#1768,#1775),.PCURVE_S1.);
#1763 = CIRCLE('',#1764,0.85);
#1764 = AXIS2_PLACEMENT_3D('',#1765,#1766,#1767);
#1765 = CARTESIAN_POINT('',(0.,-7.62,1.65));
#1766 = DIRECTION('',(0.,0.,-1.));
#1767 = DIRECTION('',(1.,-0.,-0.));
#1768 = PCURVE('',#1742,#1769);
#1769 = DEFINITIONAL_REPRESENTATION('',(#1770),#1774);
#1770 = LINE('',#1771,#1772);
#1771 = CARTESIAN_POINT('',(0.,-5.E-02));
#1772 = VECTOR('',#1773,1.);
#1773 = DIRECTION('',(1.,0.));
#1774 = ( GEOMETRIC_REPRESENTATION_CONTEXT(2) 
PARAMETRIC_REPRESENTATION_CONTEXT() REPRESENTATION_CONTEXT('2D SPACE',''
  ) );
#1775 = PCURVE('',#1776,#1781);
#1776 = PLANE('',#1777);
#1777 = AXIS2_PLACEMENT_3D('',#1778,#1779,#1780);
#1778 = CARTESIAN_POINT('',(0.,-7.62,1.65));
#1779 = DIRECTION('',(-0.,-0.,1.));
#1780 = DIRECTION('',(-1.,0.,0.));
#1781 = DEFINITIONAL_REPRESENTATION('',(#1782),#1790);
#1782 = ( BOUNDED_CURVE() B_SPLINE_CURVE(2,(#1783,#1784,#1785,#1786,
#1787,#1788,#1789),.UNSPECIFIED.,.T.,.F.) B_SPLINE_CURVE_WITH_KNOTS((1,2
    ,2,2,2,1),(-2.094395102393,0.,2.094395102393,4.188790204786,
6.28318530718,8.377580409573),.UNSPECIFIED.) CURVE() 
GEOMETRIC_REPRESENTATION_ITEM() RATIONAL_B_SPLINE_CURVE((1.,0.5,1.,0.5,
1.,0.5,1.)) REPRESENTATION_ITEM('') );
#1783 = CARTESIAN_POINT('',(-0.85,-8.881784197001E-16));
#1784 = CARTESIAN_POINT('',(-0.85,1.472243186434));
#1785 = CARTESIAN_POINT('',(0.425,0.736121593217));
#1786 = CARTESIAN_POINT('',(1.7,-6.799884638451E-16));
#1787 = CARTESIAN_POINT('',(0.425,-0.736121593217));
#1788 = CARTESIAN_POINT('',(-0.85,-1.472243186434));
#1789 = CARTESIAN_POINT('',(-0.85,-8.881784197001E-16));
#1790 = ( GEOMETRIC_REPRESENTATION_CONTEXT(2) 
PARAMETRIC_REPRESENTATION_CONTEXT() REPRESENTATION_CONTEXT('2D SPACE',''
  ) );
#1791 = ORIENTED_EDGE('',*,*,#1731,.F.);
#1792 = ORIENTED_EDGE('',*,*,#1793,.F.);
#1793 = EDGE_CURVE('',#1732,#1732,#1794,.T.);
#1794 = SURFACE_CURVE('',#1795,(#1800,#1807),.PCURVE_S1.);
#1795 = CIRCLE('',#1796,0.85);
#1796 = AXIS2_PLACEMENT_3D('',#1797,#1798,#1799);
#1797 = CARTESIAN_POINT('',(0.,-7.62,1.6));
#1798 = DIRECTION('',(0.,0.,-1.));
#1799 = DIRECTION('',(1.,-0.,-0.));
#1800 = PCURVE('',#1742,#1801);
#1801 = DEFINITIONAL_REPRESENTATION('',(#1802),#1806);
#1802 = LINE('',#1803,#1804);
#1803 = CARTESIAN_POINT('',(0.,0.));
#1804 = VECTOR('',#1805,1.);
#1805 = DIRECTION('',(1.,0.));
#1806 = ( GEOMETRIC_REPRESENTATION_CONTEXT(2) 
PARAMETRIC_REPRESENTATION_CONTEXT() REPRESENTATION_CONTEXT('2D SPACE',''
  ) );
#1807 = PCURVE('',#1808,#1813);
#1808 = PLANE('',#1809);
#1809 = AXIS2_PLACEMENT_3D('',#1810,#1811,#1812);
#1810 = CARTESIAN_POINT('',(0.,-7.62,1.6));
#1811 = DIRECTION('',(-0.,-0.,1.));
#1812 = DIRECTION('',(-1.,0.,0.));
#1813 = DEFINITIONAL_REPRESENTATION('',(#1814),#1822);
#1814 = ( BOUNDED_CURVE() B_SPLINE_CURVE(2,(#1815,#1816,#1817,#1818,
#1819,#1820,#1821),.UNSPECIFIED.,.T.,.F.) B_SPLINE_CURVE_WITH_KNOTS((1,2
    ,2,2,2,1),(-2.094395102393,0.,2.094395102393,4.188790204786,
6.28318530718,8.377580409573),.UNSPECIFIED.) CURVE() 
GEOMETRIC_REPRESENTATION_ITEM() RATIONAL_B_SPLINE_CURVE((1.,0.5,1.,0.5,
1.,0.5,1.)) REPRESENTATION_ITEM('') );
#1815 = CARTESIAN_POINT('',(-0.85,-8.881784197001E-16));
#1816 = CARTESIAN_POINT('',(-0.85,1.472243186434));
#1817 = CARTESIAN_POINT('',(0.425,0.736121593217));
#1818 = CARTESIAN_POINT('',(1.7,-6.799884638451E-16));
#1819 = CARTESIAN_POINT('',(0.425,-0.736121593217));
#1820 = CARTESIAN_POINT('',(-0.85,-1.472243186434));
#1821 = CARTESIAN_POINT('',(-0.85,-8.881784197001E-16));
#1822 = ( GEOMETRIC_REPRESENTATION_CONTEXT(2) 
PARAMETRIC_REPRESENTATION_CONTEXT() REPRESENTATION_CONTEXT('2D SPACE',''
  ) );
#1823 = ADVANCED_FACE('',(#1824),#1838,.F.);
#1824 = FACE_BOUND('',#1825,.F.);
#1825 = EDGE_LOOP('',(#1826,#1856,#1882,#1883));
#1826 = ORIENTED_EDGE('',*,*,#1827,.T.);
#1827 = EDGE_CURVE('',#1828,#1830,#1832,.T.);
#1828 = VERTEX_POINT('',#1829);
#1829 = CARTESIAN_POINT('',(0.5,-7.62,1.6));
#1830 = VERTEX_POINT('',#1831);
#1831 = CARTESIAN_POINT('',(0.5,-7.62,1.65));
#1832 = SEAM_CURVE('',#1833,(#1837,#1849),.PCURVE_S1.);
#1833 = LINE('',#1834,#1835);
#1834 = CARTESIAN_POINT('',(0.5,-7.62,1.6));
#1835 = VECTOR('',#1836,1.);
#1836 = DIRECTION('',(-0.,-0.,1.));
#1837 = PCURVE('',#1838,#1843);
#1838 = CYLINDRICAL_SURFACE('',#1839,0.5);
#1839 = AXIS2_PLACEMENT_3D('',#1840,#1841,#1842);
#1840 = CARTESIAN_POINT('',(4.051663643225E-15,-7.62,1.6));
#1841 = DIRECTION('',(-0.,0.,-1.));
#1842 = DIRECTION('',(1.,-0.,-0.));
#1843 = DEFINITIONAL_REPRESENTATION('',(#1844),#1848);
#1844 = LINE('',#1845,#1846);
#1845 = CARTESIAN_POINT('',(0.,0.));
#1846 = VECTOR('',#1847,1.);
#1847 = DIRECTION('',(0.,-1.));
#1848 = ( GEOMETRIC_REPRESENTATION_CONTEXT(2) 
PARAMETRIC_REPRESENTATION_CONTEXT() REPRESENTATION_CONTEXT('2D SPACE',''
  ) );
#1849 = PCURVE('',#1838,#1850);
#1850 = DEFINITIONAL_REPRESENTATION('',(#1851),#1855);
#1851 = LINE('',#1852,#1853);
#1852 = CARTESIAN_POINT('',(6.28318530718,0.));
#1853 = VECTOR('',#1854,1.);
#1854 = DIRECTION('',(0.,-1.));
#1855 = ( GEOMETRIC_REPRESENTATION_CONTEXT(2) 
PARAMETRIC_REPRESENTATION_CONTEXT() REPRESENTATION_CONTEXT('2D SPACE',''
  ) );
#1856 = ORIENTED_EDGE('',*,*,#1857,.T.);
#1857 = EDGE_CURVE('',#1830,#1830,#1858,.T.);
#1858 = SURFACE_CURVE('',#1859,(#1864,#1871),.PCURVE_S1.);
#1859 = CIRCLE('',#1860,0.5);
#1860 = AXIS2_PLACEMENT_3D('',#1861,#1862,#1863);
#1861 = CARTESIAN_POINT('',(4.051663643225E-15,-7.62,1.65));
#1862 = DIRECTION('',(0.,0.,-1.));
#1863 = DIRECTION('',(1.,-0.,-0.));
#1864 = PCURVE('',#1838,#1865);
#1865 = DEFINITIONAL_REPRESENTATION('',(#1866),#1870);
#1866 = LINE('',#1867,#1868);
#1867 = CARTESIAN_POINT('',(0.,-5.E-02));
#1868 = VECTOR('',#1869,1.);
#1869 = DIRECTION('',(1.,0.));
#1870 = ( GEOMETRIC_REPRESENTATION_CONTEXT(2) 
PARAMETRIC_REPRESENTATION_CONTEXT() REPRESENTATION_CONTEXT('2D SPACE',''
  ) );
#1871 = PCURVE('',#1776,#1872);
#1872 = DEFINITIONAL_REPRESENTATION('',(#1873),#1881);
#1873 = ( BOUNDED_CURVE() B_SPLINE_CURVE(2,(#1874,#1875,#1876,#1877,
#1878,#1879,#1880),.UNSPECIFIED.,.T.,.F.) B_SPLINE_CURVE_WITH_KNOTS((1,2
    ,2,2,2,1),(-2.094395102393,0.,2.094395102393,4.188790204786,
6.28318530718,8.377580409573),.UNSPECIFIED.) CURVE() 
GEOMETRIC_REPRESENTATION_ITEM() RATIONAL_B_SPLINE_CURVE((1.,0.5,1.,0.5,
1.,0.5,1.)) REPRESENTATION_ITEM('') );
#1874 = CARTESIAN_POINT('',(-0.5,-8.881784197001E-16));
#1875 = CARTESIAN_POINT('',(-0.5,0.866025403784));
#1876 = CARTESIAN_POINT('',(0.25,0.433012701892));
#1877 = CARTESIAN_POINT('',(1.,-7.657137397854E-16));
#1878 = CARTESIAN_POINT('',(0.25,-0.433012701892));
#1879 = CARTESIAN_POINT('',(-0.5,-0.866025403784));
#1880 = CARTESIAN_POINT('',(-0.5,-8.881784197001E-16));
#1881 = ( GEOMETRIC_REPRESENTATION_CONTEXT(2) 
PARAMETRIC_REPRESENTATION_CONTEXT() REPRESENTATION_CONTEXT('2D SPACE',''
  ) );
#1882 = ORIENTED_EDGE('',*,*,#1827,.F.);
#1883 = ORIENTED_EDGE('',*,*,#1884,.F.);
#1884 = EDGE_CURVE('',#1828,#1828,#1885,.T.);
#1885 = SURFACE_CURVE('',#1886,(#1891,#1898),.PCURVE_S1.);
#1886 = CIRCLE('',#1887,0.5);
#1887 = AXIS2_PLACEMENT_3D('',#1888,#1889,#1890);
#1888 = CARTESIAN_POINT('',(4.051663643225E-15,-7.62,1.6));
#1889 = DIRECTION('',(0.,0.,-1.));
#1890 = DIRECTION('',(1.,-0.,-0.));
#1891 = PCURVE('',#1838,#1892);
#1892 = DEFINITIONAL_REPRESENTATION('',(#1893),#1897);
#1893 = LINE('',#1894,#1895);
#1894 = CARTESIAN_POINT('',(0.,0.));
#1895 = VECTOR('',#1896,1.);
#1896 = DIRECTION('',(1.,0.));
#1897 = ( GEOMETRIC_REPRESENTATION_CONTEXT(2) 
PARAMETRIC_REPRESENTATION_CONTEXT() REPRESENTATION_CONTEXT('2D SPACE',''
  ) );
#1898 = PCURVE('',#1808,#1899);
#1899 = DEFINITIONAL_REPRESENTATION('',(#1900),#1908);
#1900 = ( BOUNDED_CURVE() B_SPLINE_CURVE(2,(#1901,#1902,#1903,#1904,
#1905,#1906,#1907),.UNSPECIFIED.,.T.,.F.) B_SPLINE_CURVE_WITH_KNOTS((1,2
    ,2,2,2,1),(-2.094395102393,0.,2.094395102393,4.188790204786,
6.28318530718,8.377580409573),.UNSPECIFIED.) CURVE() 
GEOMETRIC_REPRESENTATION_ITEM() RATIONAL_B_SPLINE_CURVE((1.,0.5,1.,0.5,
1.,0.5,1.)) REPRESENTATION_ITEM('') );
#1901 = CARTESIAN_POINT('',(-0.5,-8.881784197001E-16));
#1902 = CARTESIAN_POINT('',(-0.5,0.866025403784));
#1903 = CARTESIAN_POINT('',(0.25,0.433012701892));
#1904 = CARTESIAN_POINT('',(1.,-7.657137397854E-16));
#1905 = CARTESIAN_POINT('',(0.25,-0.433012701892));
#1906 = CARTESIAN_POINT('',(-0.5,-0.866025403784));
#1907 = CARTESIAN_POINT('',(-0.5,-8.881784197001E-16));
#1908 = ( GEOMETRIC_REPRESENTATION_CONTEXT(2) 
PARAMETRIC_REPRESENTATION_CONTEXT() REPRESENTATION_CONTEXT('2D SPACE',''
  ) );
#1909 = ADVANCED_FACE('',(#1910,#1913),#1808,.F.);
#1910 = FACE_BOUND('',#1911,.T.);
#1911 = EDGE_LOOP('',(#1912));
#1912 = ORIENTED_EDGE('',*,*,#1793,.T.);
#1913 = FACE_BOUND('',#1914,.T.);
#1914 = EDGE_LOOP('',(#1915));
#1915 = ORIENTED_EDGE('',*,*,#1884,.F.);
#1916 = ADVANCED_FACE('',(#1917,#1920),#1776,.T.);
#1917 = FACE_BOUND('',#1918,.F.);
#1918 = EDGE_LOOP('',(#1919));
#1919 = ORIENTED_EDGE('',*,*,#1761,.T.);
#1920 = FACE_BOUND('',#1921,.F.);
#1921 = EDGE_LOOP('',(#1922));
#1922 = ORIENTED_EDGE('',*,*,#1857,.F.);
#1923 = ( GEOMETRIC_REPRESENTATION_CONTEXT(3) 
GLOBAL_UNCERTAINTY_ASSIGNED_CONTEXT((#1927)) 
GLOBAL_UNIT_ASSIGNED_CONTEXT((#1924,#1925,#1926)) REPRESENTATION_CONTEXT
('Context #1','3D Context with UNIT and UNCERTAINTY') );
#1924 = ( LENGTH_UNIT() NAMED_UNIT(*) SI_UNIT(.MILLI.,.METRE.) );
#1925 = ( NAMED_UNIT(*) PLANE_ANGLE_UNIT() SI_UNIT($,.RADIAN.) );
#1926 = ( NAMED_UNIT(*) SI_UNIT($,.STERADIAN.) SOLID_ANGLE_UNIT() );
#1927 = UNCERTAINTY_MEASURE_WITH_UNIT(LENGTH_MEASURE(1.E-07),#1924,
  'distance_accuracy_value','confusion accuracy');
#1928 = CONTEXT_DEPENDENT_SHAPE_REPRESENTATION(#1929,#1931);
#1929 = ( REPRESENTATION_RELATIONSHIP('','',#1724,#10) 
REPRESENTATION_RELATIONSHIP_WITH_TRANSFORMATION(#1930) 
SHAPE_REPRESENTATION_RELATIONSHIP() );
#1930 = ITEM_DEFINED_TRANSFORMATION('','',#11,#31);
#1931 = PRODUCT_DEFINITION_SHAPE('Placement','Placement of an item',
  #1932);
#1932 = NEXT_ASSEMBLY_USAGE_OCCURRENCE('25','ring3','',#5,#1719,$);
#1933 = PRODUCT_RELATED_PRODUCT_CATEGORY('part',$,(#1721));
#1934 = SHAPE_DEFINITION_REPRESENTATION(#1935,#1941);
#1935 = PRODUCT_DEFINITION_SHAPE('','',#1936);
#1936 = PRODUCT_DEFINITION('design','',#1937,#1940);
#1937 = PRODUCT_DEFINITION_FORMATION('','',#1938);
#1938 = PRODUCT('ring4','ring4','',(#1939));
#1939 = PRODUCT_CONTEXT('',#2,'mechanical');
#1940 = PRODUCT_DEFINITION_CONTEXT('part definition',#2,'design');
#1941 = ADVANCED_BREP_SHAPE_REPRESENTATION('',(#11,#1942),#2140);
#1942 = MANIFOLD_SOLID_BREP('',#1943);
#1943 = CLOSED_SHELL('',(#1944,#2040,#2126,#2133));
#1944 = ADVANCED_FACE('',(#1945),#1959,.T.);
#1945 = FACE_BOUND('',#1946,.T.);
#1946 = EDGE_LOOP('',(#1947,#1977,#2008,#2009));
#1947 = ORIENTED_EDGE('',*,*,#1948,.T.);
#1948 = EDGE_CURVE('',#1949,#1951,#1953,.T.);
#1949 = VERTEX_POINT('',#1950);
#1950 = CARTESIAN_POINT('',(0.85,-10.16,1.6));
#1951 = VERTEX_POINT('',#1952);
#1952 = CARTESIAN_POINT('',(0.85,-10.16,1.65));
#1953 = SEAM_CURVE('',#1954,(#1958,#1970),.PCURVE_S1.);
#1954 = LINE('',#1955,#1956);
#1955 = CARTESIAN_POINT('',(0.85,-10.16,1.6));
#1956 = VECTOR('',#1957,1.);
#1957 = DIRECTION('',(-0.,-0.,1.));
#1958 = PCURVE('',#1959,#1964);
#1959 = CYLINDRICAL_SURFACE('',#1960,0.85);
#1960 = AXIS2_PLACEMENT_3D('',#1961,#1962,#1963);
#1961 = CARTESIAN_POINT('',(0.,-10.16,1.6));
#1962 = DIRECTION('',(-0.,0.,-1.));
#1963 = DIRECTION('',(1.,-0.,-0.));
#1964 = DEFINITIONAL_REPRESENTATION('',(#1965),#1969);
#1965 = LINE('',#1966,#1967);
#1966 = CARTESIAN_POINT('',(0.,0.));
#1967 = VECTOR('',#1968,1.);
#1968 = DIRECTION('',(0.,-1.));
#1969 = ( GEOMETRIC_REPRESENTATION_CONTEXT(2) 
PARAMETRIC_REPRESENTATION_CONTEXT() REPRESENTATION_CONTEXT('2D SPACE',''
  ) );
#1970 = PCURVE('',#1959,#1971);
#1971 = DEFINITIONAL_REPRESENTATION('',(#1972),#1976);
#1972 = LINE('',#1973,#1974);
#1973 = CARTESIAN_POINT('',(6.28318530718,0.));
#1974 = VECTOR('',#1975,1.);
#1975 = DIRECTION('',(0.,-1.));
#1976 = ( GEOMETRIC_REPRESENTATION_CONTEXT(2) 
PARAMETRIC_REPRESENTATION_CONTEXT() REPRESENTATION_CONTEXT('2D SPACE',''
  ) );
#1977 = ORIENTED_EDGE('',*,*,#1978,.T.);
#1978 = EDGE_CURVE('',#1951,#1951,#1979,.T.);
#1979 = SURFACE_CURVE('',#1980,(#1985,#1992),.PCURVE_S1.);
#1980 = CIRCLE('',#1981,0.85);
#1981 = AXIS2_PLACEMENT_3D('',#1982,#1983,#1984);
#1982 = CARTESIAN_POINT('',(0.,-10.16,1.65));
#1983 = DIRECTION('',(0.,0.,-1.));
#1984 = DIRECTION('',(1.,-0.,-0.));
#1985 = PCURVE('',#1959,#1986);
#1986 = DEFINITIONAL_REPRESENTATION('',(#1987),#1991);
#1987 = LINE('',#1988,#1989);
#1988 = CARTESIAN_POINT('',(0.,-5.E-02));
#1989 = VECTOR('',#1990,1.);
#1990 = DIRECTION('',(1.,0.));
#1991 = ( GEOMETRIC_REPRESENTATION_CONTEXT(2) 
PARAMETRIC_REPRESENTATION_CONTEXT() REPRESENTATION_CONTEXT('2D SPACE',''
  ) );
#1992 = PCURVE('',#1993,#1998);
#1993 = PLANE('',#1994);
#1994 = AXIS2_PLACEMENT_3D('',#1995,#1996,#1997);
#1995 = CARTESIAN_POINT('',(2.513676714227E-17,-10.16,1.65));
#1996 = DIRECTION('',(-0.,-0.,1.));
#1997 = DIRECTION('',(-1.,0.,0.));
#1998 = DEFINITIONAL_REPRESENTATION('',(#1999),#2007);
#1999 = ( BOUNDED_CURVE() B_SPLINE_CURVE(2,(#2000,#2001,#2002,#2003,
#2004,#2005,#2006),.UNSPECIFIED.,.T.,.F.) B_SPLINE_CURVE_WITH_KNOTS((1,2
    ,2,2,2,1),(-2.094395102393,0.,2.094395102393,4.188790204786,
6.28318530718,8.377580409573),.UNSPECIFIED.) CURVE() 
GEOMETRIC_REPRESENTATION_ITEM() RATIONAL_B_SPLINE_CURVE((1.,0.5,1.,0.5,
1.,0.5,1.)) REPRESENTATION_ITEM('') );
#2000 = CARTESIAN_POINT('',(-0.85,1.7763568394E-15));
#2001 = CARTESIAN_POINT('',(-0.85,1.472243186434));
#2002 = CARTESIAN_POINT('',(0.425,0.736121593217));
#2003 = CARTESIAN_POINT('',(1.7,1.984546795255E-15));
#2004 = CARTESIAN_POINT('',(0.425,-0.736121593217));
#2005 = CARTESIAN_POINT('',(-0.85,-1.472243186434));
#2006 = CARTESIAN_POINT('',(-0.85,1.7763568394E-15));
#2007 = ( GEOMETRIC_REPRESENTATION_CONTEXT(2) 
PARAMETRIC_REPRESENTATION_CONTEXT() REPRESENTATION_CONTEXT('2D SPACE',''
  ) );
#2008 = ORIENTED_EDGE('',*,*,#1948,.F.);
#2009 = ORIENTED_EDGE('',*,*,#2010,.F.);
#2010 = EDGE_CURVE('',#1949,#1949,#2011,.T.);
#2011 = SURFACE_CURVE('',#2012,(#2017,#2024),.PCURVE_S1.);
#2012 = CIRCLE('',#2013,0.85);
#2013 = AXIS2_PLACEMENT_3D('',#2014,#2015,#2016);
#2014 = CARTESIAN_POINT('',(0.,-10.16,1.6));
#2015 = DIRECTION('',(0.,0.,-1.));
#2016 = DIRECTION('',(1.,-0.,-0.));
#2017 = PCURVE('',#1959,#2018);
#2018 = DEFINITIONAL_REPRESENTATION('',(#2019),#2023);
#2019 = LINE('',#2020,#2021);
#2020 = CARTESIAN_POINT('',(0.,0.));
#2021 = VECTOR('',#2022,1.);
#2022 = DIRECTION('',(1.,0.));
#2023 = ( GEOMETRIC_REPRESENTATION_CONTEXT(2) 
PARAMETRIC_REPRESENTATION_CONTEXT() REPRESENTATION_CONTEXT('2D SPACE',''
  ) );
#2024 = PCURVE('',#2025,#2030);
#2025 = PLANE('',#2026);
#2026 = AXIS2_PLACEMENT_3D('',#2027,#2028,#2029);
#2027 = CARTESIAN_POINT('',(2.513676714227E-17,-10.16,1.6));
#2028 = DIRECTION('',(-0.,-0.,1.));
#2029 = DIRECTION('',(-1.,0.,0.));
#2030 = DEFINITIONAL_REPRESENTATION('',(#2031),#2039);
#2031 = ( BOUNDED_CURVE() B_SPLINE_CURVE(2,(#2032,#2033,#2034,#2035,
#2036,#2037,#2038),.UNSPECIFIED.,.T.,.F.) B_SPLINE_CURVE_WITH_KNOTS((1,2
    ,2,2,2,1),(-2.094395102393,0.,2.094395102393,4.188790204786,
6.28318530718,8.377580409573),.UNSPECIFIED.) CURVE() 
GEOMETRIC_REPRESENTATION_ITEM() RATIONAL_B_SPLINE_CURVE((1.,0.5,1.,0.5,
1.,0.5,1.)) REPRESENTATION_ITEM('') );
#2032 = CARTESIAN_POINT('',(-0.85,1.7763568394E-15));
#2033 = CARTESIAN_POINT('',(-0.85,1.472243186434));
#2034 = CARTESIAN_POINT('',(0.425,0.736121593217));
#2035 = CARTESIAN_POINT('',(1.7,1.984546795255E-15));
#2036 = CARTESIAN_POINT('',(0.425,-0.736121593217));
#2037 = CARTESIAN_POINT('',(-0.85,-1.472243186434));
#2038 = CARTESIAN_POINT('',(-0.85,1.7763568394E-15));
#2039 = ( GEOMETRIC_REPRESENTATION_CONTEXT(2) 
PARAMETRIC_REPRESENTATION_CONTEXT() REPRESENTATION_CONTEXT('2D SPACE',''
  ) );
#2040 = ADVANCED_FACE('',(#2041),#2055,.F.);
#2041 = FACE_BOUND('',#2042,.F.);
#2042 = EDGE_LOOP('',(#2043,#2073,#2099,#2100));
#2043 = ORIENTED_EDGE('',*,*,#2044,.T.);
#2044 = EDGE_CURVE('',#2045,#2047,#2049,.T.);
#2045 = VERTEX_POINT('',#2046);
#2046 = CARTESIAN_POINT('',(0.5,-10.16,1.6));
#2047 = VERTEX_POINT('',#2048);
#2048 = CARTESIAN_POINT('',(0.5,-10.16,1.65));
#2049 = SEAM_CURVE('',#2050,(#2054,#2066),.PCURVE_S1.);
#2050 = LINE('',#2051,#2052);
#2051 = CARTESIAN_POINT('',(0.5,-10.16,1.6));
#2052 = VECTOR('',#2053,1.);
#2053 = DIRECTION('',(-0.,-0.,1.));
#2054 = PCURVE('',#2055,#2060);
#2055 = CYLINDRICAL_SURFACE('',#2056,0.5);
#2056 = AXIS2_PLACEMENT_3D('',#2057,#2058,#2059);
#2057 = CARTESIAN_POINT('',(4.051663643225E-15,-10.16,1.6));
#2058 = DIRECTION('',(-0.,0.,-1.));
#2059 = DIRECTION('',(1.,-0.,-0.));
#2060 = DEFINITIONAL_REPRESENTATION('',(#2061),#2065);
#2061 = LINE('',#2062,#2063);
#2062 = CARTESIAN_POINT('',(0.,0.));
#2063 = VECTOR('',#2064,1.);
#2064 = DIRECTION('',(0.,-1.));
#2065 = ( GEOMETRIC_REPRESENTATION_CONTEXT(2) 
PARAMETRIC_REPRESENTATION_CONTEXT() REPRESENTATION_CONTEXT('2D SPACE',''
  ) );
#2066 = PCURVE('',#2055,#2067);
#2067 = DEFINITIONAL_REPRESENTATION('',(#2068),#2072);
#2068 = LINE('',#2069,#2070);
#2069 = CARTESIAN_POINT('',(6.28318530718,0.));
#2070 = VECTOR('',#2071,1.);
#2071 = DIRECTION('',(0.,-1.));
#2072 = ( GEOMETRIC_REPRESENTATION_CONTEXT(2) 
PARAMETRIC_REPRESENTATION_CONTEXT() REPRESENTATION_CONTEXT('2D SPACE',''
  ) );
#2073 = ORIENTED_EDGE('',*,*,#2074,.T.);
#2074 = EDGE_CURVE('',#2047,#2047,#2075,.T.);
#2075 = SURFACE_CURVE('',#2076,(#2081,#2088),.PCURVE_S1.);
#2076 = CIRCLE('',#2077,0.5);
#2077 = AXIS2_PLACEMENT_3D('',#2078,#2079,#2080);
#2078 = CARTESIAN_POINT('',(4.051663643225E-15,-10.16,1.65));
#2079 = DIRECTION('',(0.,0.,-1.));
#2080 = DIRECTION('',(1.,-0.,-0.));
#2081 = PCURVE('',#2055,#2082);
#2082 = DEFINITIONAL_REPRESENTATION('',(#2083),#2087);
#2083 = LINE('',#2084,#2085);
#2084 = CARTESIAN_POINT('',(0.,-5.E-02));
#2085 = VECTOR('',#2086,1.);
#2086 = DIRECTION('',(1.,0.));
#2087 = ( GEOMETRIC_REPRESENTATION_CONTEXT(2) 
PARAMETRIC_REPRESENTATION_CONTEXT() REPRESENTATION_CONTEXT('2D SPACE',''
  ) );
#2088 = PCURVE('',#1993,#2089);
#2089 = DEFINITIONAL_REPRESENTATION('',(#2090),#2098);
#2090 = ( BOUNDED_CURVE() B_SPLINE_CURVE(2,(#2091,#2092,#2093,#2094,
#2095,#2096,#2097),.UNSPECIFIED.,.T.,.F.) B_SPLINE_CURVE_WITH_KNOTS((1,2
    ,2,2,2,1),(-2.094395102393,0.,2.094395102393,4.188790204786,
6.28318530718,8.377580409573),.UNSPECIFIED.) CURVE() 
GEOMETRIC_REPRESENTATION_ITEM() RATIONAL_B_SPLINE_CURVE((1.,0.5,1.,0.5,
1.,0.5,1.)) REPRESENTATION_ITEM('') );
#2091 = CARTESIAN_POINT('',(-0.5,1.7763568394E-15));
#2092 = CARTESIAN_POINT('',(-0.5,0.866025403784));
#2093 = CARTESIAN_POINT('',(0.25,0.433012701892));
#2094 = CARTESIAN_POINT('',(1.,1.898821519315E-15));
#2095 = CARTESIAN_POINT('',(0.25,-0.433012701892));
#2096 = CARTESIAN_POINT('',(-0.5,-0.866025403784));
#2097 = CARTESIAN_POINT('',(-0.5,1.7763568394E-15));
#2098 = ( GEOMETRIC_REPRESENTATION_CONTEXT(2) 
PARAMETRIC_REPRESENTATION_CONTEXT() REPRESENTATION_CONTEXT('2D SPACE',''
  ) );
#2099 = ORIENTED_EDGE('',*,*,#2044,.F.);
#2100 = ORIENTED_EDGE('',*,*,#2101,.F.);
#2101 = EDGE_CURVE('',#2045,#2045,#2102,.T.);
#2102 = SURFACE_CURVE('',#2103,(#2108,#2115),.PCURVE_S1.);
#2103 = CIRCLE('',#2104,0.5);
#2104 = AXIS2_PLACEMENT_3D('',#2105,#2106,#2107);
#2105 = CARTESIAN_POINT('',(4.051663643225E-15,-10.16,1.6));
#2106 = DIRECTION('',(0.,0.,-1.));
#2107 = DIRECTION('',(1.,-0.,-0.));
#2108 = PCURVE('',#2055,#2109);
#2109 = DEFINITIONAL_REPRESENTATION('',(#2110),#2114);
#2110 = LINE('',#2111,#2112);
#2111 = CARTESIAN_POINT('',(0.,0.));
#2112 = VECTOR('',#2113,1.);
#2113 = DIRECTION('',(1.,0.));
#2114 = ( GEOMETRIC_REPRESENTATION_CONTEXT(2) 
PARAMETRIC_REPRESENTATION_CONTEXT() REPRESENTATION_CONTEXT('2D SPACE',''
  ) );
#2115 = PCURVE('',#2025,#2116);
#2116 = DEFINITIONAL_REPRESENTATION('',(#2117),#2125);
#2117 = ( BOUNDED_CURVE() B_SPLINE_CURVE(2,(#2118,#2119,#2120,#2121,
#2122,#2123,#2124),.UNSPECIFIED.,.T.,.F.) B_SPLINE_CURVE_WITH_KNOTS((1,2
    ,2,2,2,1),(-2.094395102393,0.,2.094395102393,4.188790204786,
6.28318530718,8.377580409573),.UNSPECIFIED.) CURVE() 
GEOMETRIC_REPRESENTATION_ITEM() RATIONAL_B_SPLINE_CURVE((1.,0.5,1.,0.5,
1.,0.5,1.)) REPRESENTATION_ITEM('') );
#2118 = CARTESIAN_POINT('',(-0.5,1.7763568394E-15));
#2119 = CARTESIAN_POINT('',(-0.5,0.866025403784));
#2120 = CARTESIAN_POINT('',(0.25,0.433012701892));
#2121 = CARTESIAN_POINT('',(1.,1.898821519315E-15));
#2122 = CARTESIAN_POINT('',(0.25,-0.433012701892));
#2123 = CARTESIAN_POINT('',(-0.5,-0.866025403784));
#2124 = CARTESIAN_POINT('',(-0.5,1.7763568394E-15));
#2125 = ( GEOMETRIC_REPRESENTATION_CONTEXT(2) 
PARAMETRIC_REPRESENTATION_CONTEXT() REPRESENTATION_CONTEXT('2D SPACE',''
  ) );
#2126 = ADVANCED_FACE('',(#2127,#2130),#2025,.F.);
#2127 = FACE_BOUND('',#2128,.T.);
#2128 = EDGE_LOOP('',(#2129));
#2129 = ORIENTED_EDGE('',*,*,#2010,.T.);
#2130 = FACE_BOUND('',#2131,.T.);
#2131 = EDGE_LOOP('',(#2132));
#2132 = ORIENTED_EDGE('',*,*,#2101,.F.);
#2133 = ADVANCED_FACE('',(#2134,#2137),#1993,.T.);
#2134 = FACE_BOUND('',#2135,.F.);
#2135 = EDGE_LOOP('',(#2136));
#2136 = ORIENTED_EDGE('',*,*,#1978,.T.);
#2137 = FACE_BOUND('',#2138,.F.);
#2138 = EDGE_LOOP('',(#2139));
#2139 = ORIENTED_EDGE('',*,*,#2074,.F.);
#2140 = ( GEOMETRIC_REPRESENTATION_CONTEXT(3) 
GLOBAL_UNCERTAINTY_ASSIGNED_CONTEXT((#2144)) 
GLOBAL_UNIT_ASSIGNED_CONTEXT((#2141,#2142,#2143)) REPRESENTATION_CONTEXT
('Context #1','3D Context with UNIT and UNCERTAINTY') );
#2141 = ( LENGTH_UNIT() NAMED_UNIT(*) SI_UNIT(.MILLI.,.METRE.) );
#2142 = ( NAMED_UNIT(*) PLANE_ANGLE_UNIT() SI_UNIT($,.RADIAN.) );
#2143 = ( NAMED_UNIT(*) SI_UNIT($,.STERADIAN.) SOLID_ANGLE_UNIT() );
#2144 = UNCERTAINTY_MEASURE_WITH_UNIT(LENGTH_MEASURE(1.E-07),#2141,
  'distance_accuracy_value','confusion accuracy');
#2145 = CONTEXT_DEPENDENT_SHAPE_REPRESENTATION(#2146,#2148);
#2146 = ( REPRESENTATION_RELATIONSHIP('','',#1941,#10) 
REPRESENTATION_RELATIONSHIP_WITH_TRANSFORMATION(#2147) 
SHAPE_REPRESENTATION_RELATIONSHIP() );
#2147 = ITEM_DEFINED_TRANSFORMATION('','',#11,#35);
#2148 = PRODUCT_DEFINITION_SHAPE('Placement','Placement of an item',
  #2149);
#2149 = NEXT_ASSEMBLY_USAGE_OCCURRENCE('26','ring4','',#5,#1936,$);
#2150 = PRODUCT_RELATED_PRODUCT_CATEGORY('part',$,(#1938));
#2151 = SHAPE_DEFINITION_REPRESENTATION(#2152,#2158);
#2152 = PRODUCT_DEFINITION_SHAPE('','',#2153);
#2153 = PRODUCT_DEFINITION('design','',#2154,#2157);
#2154 = PRODUCT_DEFINITION_FORMATION('','',#2155);
#2155 = PRODUCT('ring5','ring5','',(#2156));
#2156 = PRODUCT_CONTEXT('',#2,'mechanical');
#2157 = PRODUCT_DEFINITION_CONTEXT('part definition',#2,'design');
#2158 = ADVANCED_BREP_SHAPE_REPRESENTATION('',(#11,#2159),#2357);
#2159 = MANIFOLD_SOLID_BREP('',#2160);
#2160 = CLOSED_SHELL('',(#2161,#2257,#2343,#2350));
#2161 = ADVANCED_FACE('',(#2162),#2176,.T.);
#2162 = FACE_BOUND('',#2163,.T.);
#2163 = EDGE_LOOP('',(#2164,#2194,#2225,#2226));
#2164 = ORIENTED_EDGE('',*,*,#2165,.T.);
#2165 = EDGE_CURVE('',#2166,#2168,#2170,.T.);
#2166 = VERTEX_POINT('',#2167);
#2167 = CARTESIAN_POINT('',(11.75,-0.58,1.6));
#2168 = VERTEX_POINT('',#2169);
#2169 = CARTESIAN_POINT('',(11.75,-0.58,1.65));
#2170 = SEAM_CURVE('',#2171,(#2175,#2187),.PCURVE_S1.);
#2171 = LINE('',#2172,#2173);
#2172 = CARTESIAN_POINT('',(11.75,-0.58,1.6));
#2173 = VECTOR('',#2174,1.);
#2174 = DIRECTION('',(-0.,-0.,1.));
#2175 = PCURVE('',#2176,#2181);
#2176 = CYLINDRICAL_SURFACE('',#2177,2.25);
#2177 = AXIS2_PLACEMENT_3D('',#2178,#2179,#2180);
#2178 = CARTESIAN_POINT('',(9.5,-0.58,1.6));
#2179 = DIRECTION('',(-0.,0.,-1.));
#2180 = DIRECTION('',(1.,-0.,-0.));
#2181 = DEFINITIONAL_REPRESENTATION('',(#2182),#2186);
#2182 = LINE('',#2183,#2184);
#2183 = CARTESIAN_POINT('',(0.,0.));
#2184 = VECTOR('',#2185,1.);
#2185 = DIRECTION('',(0.,-1.));
#2186 = ( GEOMETRIC_REPRESENTATION_CONTEXT(2) 
PARAMETRIC_REPRESENTATION_CONTEXT() REPRESENTATION_CONTEXT('2D SPACE',''
  ) );
#2187 = PCURVE('',#2176,#2188);
#2188 = DEFINITIONAL_REPRESENTATION('',(#2189),#2193);
#2189 = LINE('',#2190,#2191);
#2190 = CARTESIAN_POINT('',(6.28318530718,0.));
#2191 = VECTOR('',#2192,1.);
#2192 = DIRECTION('',(0.,-1.));
#2193 = ( GEOMETRIC_REPRESENTATION_CONTEXT(2) 
PARAMETRIC_REPRESENTATION_CONTEXT() REPRESENTATION_CONTEXT('2D SPACE',''
  ) );
#2194 = ORIENTED_EDGE('',*,*,#2195,.T.);
#2195 = EDGE_CURVE('',#2168,#2168,#2196,.T.);
#2196 = SURFACE_CURVE('',#2197,(#2202,#2209),.PCURVE_S1.);
#2197 = CIRCLE('',#2198,2.25);
#2198 = AXIS2_PLACEMENT_3D('',#2199,#2200,#2201);
#2199 = CARTESIAN_POINT('',(9.5,-0.58,1.65));
#2200 = DIRECTION('',(0.,0.,-1.));
#2201 = DIRECTION('',(1.,-0.,-0.));
#2202 = PCURVE('',#2176,#2203);
#2203 = DEFINITIONAL_REPRESENTATION('',(#2204),#2208);
#2204 = LINE('',#2205,#2206);
#2205 = CARTESIAN_POINT('',(0.,-5.E-02));
#2206 = VECTOR('',#2207,1.);
#2207 = DIRECTION('',(1.,0.));
#2208 = ( GEOMETRIC_REPRESENTATION_CONTEXT(2) 
PARAMETRIC_REPRESENTATION_CONTEXT() REPRESENTATION_CONTEXT('2D SPACE',''
  ) );
#2209 = PCURVE('',#2210,#2215);
#2210 = PLANE('',#2211);
#2211 = AXIS2_PLACEMENT_3D('',#2212,#2213,#2214);
#2212 = CARTESIAN_POINT('',(9.5,-0.58,1.65));
#2213 = DIRECTION('',(-0.,-0.,1.));
#2214 = DIRECTION('',(-1.,0.,0.));
#2215 = DEFINITIONAL_REPRESENTATION('',(#2216),#2224);
#2216 = ( BOUNDED_CURVE() B_SPLINE_CURVE(2,(#2217,#2218,#2219,#2220,
#2221,#2222,#2223),.UNSPECIFIED.,.T.,.F.) B_SPLINE_CURVE_WITH_KNOTS((1,2
    ,2,2,2,1),(-2.094395102393,0.,2.094395102393,4.188790204786,
6.28318530718,8.377580409573),.UNSPECIFIED.) CURVE() 
GEOMETRIC_REPRESENTATION_ITEM() RATIONAL_B_SPLINE_CURVE((1.,0.5,1.,0.5,
1.,0.5,1.)) REPRESENTATION_ITEM('') );
#2217 = CARTESIAN_POINT('',(-2.25,-1.110223024625E-16));
#2218 = CARTESIAN_POINT('',(-2.25,3.89711431703));
#2219 = CARTESIAN_POINT('',(1.125,1.948557158515));
#2220 = CARTESIAN_POINT('',(4.5,4.400687571538E-16));
#2221 = CARTESIAN_POINT('',(1.125,-1.948557158515));
#2222 = CARTESIAN_POINT('',(-2.25,-3.89711431703));
#2223 = CARTESIAN_POINT('',(-2.25,-1.110223024625E-16));
#2224 = ( GEOMETRIC_REPRESENTATION_CONTEXT(2) 
PARAMETRIC_REPRESENTATION_CONTEXT() REPRESENTATION_CONTEXT('2D SPACE',''
  ) );
#2225 = ORIENTED_EDGE('',*,*,#2165,.F.);
#2226 = ORIENTED_EDGE('',*,*,#2227,.F.);
#2227 = EDGE_CURVE('',#2166,#2166,#2228,.T.);
#2228 = SURFACE_CURVE('',#2229,(#2234,#2241),.PCURVE_S1.);
#2229 = CIRCLE('',#2230,2.25);
#2230 = AXIS2_PLACEMENT_3D('',#2231,#2232,#2233);
#2231 = CARTESIAN_POINT('',(9.5,-0.58,1.6));
#2232 = DIRECTION('',(0.,0.,-1.));
#2233 = DIRECTION('',(1.,-0.,-0.));
#2234 = PCURVE('',#2176,#2235);
#2235 = DEFINITIONAL_REPRESENTATION('',(#2236),#2240);
#2236 = LINE('',#2237,#2238);
#2237 = CARTESIAN_POINT('',(0.,0.));
#2238 = VECTOR('',#2239,1.);
#2239 = DIRECTION('',(1.,0.));
#2240 = ( GEOMETRIC_REPRESENTATION_CONTEXT(2) 
PARAMETRIC_REPRESENTATION_CONTEXT() REPRESENTATION_CONTEXT('2D SPACE',''
  ) );
#2241 = PCURVE('',#2242,#2247);
#2242 = PLANE('',#2243);
#2243 = AXIS2_PLACEMENT_3D('',#2244,#2245,#2246);
#2244 = CARTESIAN_POINT('',(9.5,-0.58,1.6));
#2245 = DIRECTION('',(-0.,-0.,1.));
#2246 = DIRECTION('',(-1.,0.,0.));
#2247 = DEFINITIONAL_REPRESENTATION('',(#2248),#2256);
#2248 = ( BOUNDED_CURVE() B_SPLINE_CURVE(2,(#2249,#2250,#2251,#2252,
#2253,#2254,#2255),.UNSPECIFIED.,.T.,.F.) B_SPLINE_CURVE_WITH_KNOTS((1,2
    ,2,2,2,1),(-2.094395102393,0.,2.094395102393,4.188790204786,
6.28318530718,8.377580409573),.UNSPECIFIED.) CURVE() 
GEOMETRIC_REPRESENTATION_ITEM() RATIONAL_B_SPLINE_CURVE((1.,0.5,1.,0.5,
1.,0.5,1.)) REPRESENTATION_ITEM('') );
#2249 = CARTESIAN_POINT('',(-2.25,-1.110223024625E-16));
#2250 = CARTESIAN_POINT('',(-2.25,3.89711431703));
#2251 = CARTESIAN_POINT('',(1.125,1.948557158515));
#2252 = CARTESIAN_POINT('',(4.5,4.400687571538E-16));
#2253 = CARTESIAN_POINT('',(1.125,-1.948557158515));
#2254 = CARTESIAN_POINT('',(-2.25,-3.89711431703));
#2255 = CARTESIAN_POINT('',(-2.25,-1.110223024625E-16));
#2256 = ( GEOMETRIC_REPRESENTATION_CONTEXT(2) 
PARAMETRIC_REPRESENTATION_CONTEXT() REPRESENTATION_CONTEXT('2D SPACE',''
  ) );
#2257 = ADVANCED_FACE('',(#2258),#2272,.F.);
#2258 = FACE_BOUND('',#2259,.F.);
#2259 = EDGE_LOOP('',(#2260,#2290,#2316,#2317));
#2260 = ORIENTED_EDGE('',*,*,#2261,.T.);
#2261 = EDGE_CURVE('',#2262,#2264,#2266,.T.);
#2262 = VERTEX_POINT('',#2263);
#2263 = CARTESIAN_POINT('',(11.,-0.58,1.6));
#2264 = VERTEX_POINT('',#2265);
#2265 = CARTESIAN_POINT('',(11.,-0.58,1.65));
#2266 = SEAM_CURVE('',#2267,(#2271,#2283),.PCURVE_S1.);
#2267 = LINE('',#2268,#2269);
#2268 = CARTESIAN_POINT('',(11.,-0.58,1.6));
#2269 = VECTOR('',#2270,1.);
#2270 = DIRECTION('',(-0.,-0.,1.));
#2271 = PCURVE('',#2272,#2277);
#2272 = CYLINDRICAL_SURFACE('',#2273,1.5);
#2273 = AXIS2_PLACEMENT_3D('',#2274,#2275,#2276);
#2274 = CARTESIAN_POINT('',(9.5,-0.58,1.6));
#2275 = DIRECTION('',(-0.,0.,-1.));
#2276 = DIRECTION('',(1.,-0.,-0.));
#2277 = DEFINITIONAL_REPRESENTATION('',(#2278),#2282);
#2278 = LINE('',#2279,#2280);
#2279 = CARTESIAN_POINT('',(0.,0.));
#2280 = VECTOR('',#2281,1.);
#2281 = DIRECTION('',(0.,-1.));
#2282 = ( GEOMETRIC_REPRESENTATION_CONTEXT(2) 
PARAMETRIC_REPRESENTATION_CONTEXT() REPRESENTATION_CONTEXT('2D SPACE',''
  ) );
#2283 = PCURVE('',#2272,#2284);
#2284 = DEFINITIONAL_REPRESENTATION('',(#2285),#2289);
#2285 = LINE('',#2286,#2287);
#2286 = CARTESIAN_POINT('',(6.28318530718,0.));
#2287 = VECTOR('',#2288,1.);
#2288 = DIRECTION('',(0.,-1.));
#2289 = ( GEOMETRIC_REPRESENTATION_CONTEXT(2) 
PARAMETRIC_REPRESENTATION_CONTEXT() REPRESENTATION_CONTEXT('2D SPACE',''
  ) );
#2290 = ORIENTED_EDGE('',*,*,#2291,.T.);
#2291 = EDGE_CURVE('',#2264,#2264,#2292,.T.);
#2292 = SURFACE_CURVE('',#2293,(#2298,#2305),.PCURVE_S1.);
#2293 = CIRCLE('',#2294,1.5);
#2294 = AXIS2_PLACEMENT_3D('',#2295,#2296,#2297);
#2295 = CARTESIAN_POINT('',(9.5,-0.58,1.65));
#2296 = DIRECTION('',(0.,0.,-1.));
#2297 = DIRECTION('',(1.,-0.,-0.));
#2298 = PCURVE('',#2272,#2299);
#2299 = DEFINITIONAL_REPRESENTATION('',(#2300),#2304);
#2300 = LINE('',#2301,#2302);
#2301 = CARTESIAN_POINT('',(0.,-5.E-02));
#2302 = VECTOR('',#2303,1.);
#2303 = DIRECTION('',(1.,0.));
#2304 = ( GEOMETRIC_REPRESENTATION_CONTEXT(2) 
PARAMETRIC_REPRESENTATION_CONTEXT() REPRESENTATION_CONTEXT('2D SPACE',''
  ) );
#2305 = PCURVE('',#2210,#2306);
#2306 = DEFINITIONAL_REPRESENTATION('',(#2307),#2315);
#2307 = ( BOUNDED_CURVE() B_SPLINE_CURVE(2,(#2308,#2309,#2310,#2311,
#2312,#2313,#2314),.UNSPECIFIED.,.T.,.F.) B_SPLINE_CURVE_WITH_KNOTS((1,2
    ,2,2,2,1),(-2.094395102393,0.,2.094395102393,4.188790204786,
6.28318530718,8.377580409573),.UNSPECIFIED.) CURVE() 
GEOMETRIC_REPRESENTATION_ITEM() RATIONAL_B_SPLINE_CURVE((1.,0.5,1.,0.5,
1.,0.5,1.)) REPRESENTATION_ITEM('') );
#2308 = CARTESIAN_POINT('',(-1.5,-1.110223024625E-16));
#2309 = CARTESIAN_POINT('',(-1.5,2.598076211353));
#2310 = CARTESIAN_POINT('',(0.75,1.299038105677));
#2311 = CARTESIAN_POINT('',(3.,2.563717372817E-16));
#2312 = CARTESIAN_POINT('',(0.75,-1.299038105677));
#2313 = CARTESIAN_POINT('',(-1.5,-2.598076211353));
#2314 = CARTESIAN_POINT('',(-1.5,-1.110223024625E-16));
#2315 = ( GEOMETRIC_REPRESENTATION_CONTEXT(2) 
PARAMETRIC_REPRESENTATION_CONTEXT() REPRESENTATION_CONTEXT('2D SPACE',''
  ) );
#2316 = ORIENTED_EDGE('',*,*,#2261,.F.);
#2317 = ORIENTED_EDGE('',*,*,#2318,.F.);
#2318 = EDGE_CURVE('',#2262,#2262,#2319,.T.);
#2319 = SURFACE_CURVE('',#2320,(#2325,#2332),.PCURVE_S1.);
#2320 = CIRCLE('',#2321,1.5);
#2321 = AXIS2_PLACEMENT_3D('',#2322,#2323,#2324);
#2322 = CARTESIAN_POINT('',(9.5,-0.58,1.6));
#2323 = DIRECTION('',(0.,0.,-1.));
#2324 = DIRECTION('',(1.,-0.,-0.));
#2325 = PCURVE('',#2272,#2326);
#2326 = DEFINITIONAL_REPRESENTATION('',(#2327),#2331);
#2327 = LINE('',#2328,#2329);
#2328 = CARTESIAN_POINT('',(0.,0.));
#2329 = VECTOR('',#2330,1.);
#2330 = DIRECTION('',(1.,0.));
#2331 = ( GEOMETRIC_REPRESENTATION_CONTEXT(2) 
PARAMETRIC_REPRESENTATION_CONTEXT() REPRESENTATION_CONTEXT('2D SPACE',''
  ) );
#2332 = PCURVE('',#2242,#2333);
#2333 = DEFINITIONAL_REPRESENTATION('',(#2334),#2342);
#2334 = ( BOUNDED_CURVE() B_SPLINE_CURVE(2,(#2335,#2336,#2337,#2338,
#2339,#2340,#2341),.UNSPECIFIED.,.T.,.F.) B_SPLINE_CURVE_WITH_KNOTS((1,2
    ,2,2,2,1),(-2.094395102393,0.,2.094395102393,4.188790204786,
6.28318530718,8.377580409573),.UNSPECIFIED.) CURVE() 
GEOMETRIC_REPRESENTATION_ITEM() RATIONAL_B_SPLINE_CURVE((1.,0.5,1.,0.5,
1.,0.5,1.)) REPRESENTATION_ITEM('') );
#2335 = CARTESIAN_POINT('',(-1.5,-1.110223024625E-16));
#2336 = CARTESIAN_POINT('',(-1.5,2.598076211353));
#2337 = CARTESIAN_POINT('',(0.75,1.299038105677));
#2338 = CARTESIAN_POINT('',(3.,2.563717372817E-16));
#2339 = CARTESIAN_POINT('',(0.75,-1.299038105677));
#2340 = CARTESIAN_POINT('',(-1.5,-2.598076211353));
#2341 = CARTESIAN_POINT('',(-1.5,-1.110223024625E-16));
#2342 = ( GEOMETRIC_REPRESENTATION_CONTEXT(2) 
PARAMETRIC_REPRESENTATION_CONTEXT() REPRESENTATION_CONTEXT('2D SPACE',''
  ) );
#2343 = ADVANCED_FACE('',(#2344,#2347),#2242,.F.);
#2344 = FACE_BOUND('',#2345,.T.);
#2345 = EDGE_LOOP('',(#2346));
#2346 = ORIENTED_EDGE('',*,*,#2227,.T.);
#2347 = FACE_BOUND('',#2348,.T.);
#2348 = EDGE_LOOP('',(#2349));
#2349 = ORIENTED_EDGE('',*,*,#2318,.F.);
#2350 = ADVANCED_FACE('',(#2351,#2354),#2210,.T.);
#2351 = FACE_BOUND('',#2352,.F.);
#2352 = EDGE_LOOP('',(#2353));
#2353 = ORIENTED_EDGE('',*,*,#2195,.T.);
#2354 = FACE_BOUND('',#2355,.F.);
#2355 = EDGE_LOOP('',(#2356));
#2356 = ORIENTED_EDGE('',*,*,#2291,.F.);
#2357 = ( GEOMETRIC_REPRESENTATION_CONTEXT(3) 
GLOBAL_UNCERTAINTY_ASSIGNED_CONTEXT((#2361)) 
GLOBAL_UNIT_ASSIGNED_CONTEXT((#2358,#2359,#2360)) REPRESENTATION_CONTEXT
('Context #1','3D Context with UNIT and UNCERTAINTY') );
#2358 = ( LENGTH_UNIT() NAMED_UNIT(*) SI_UNIT(.MILLI.,.METRE.) );
#2359 = ( NAMED_UNIT(*) PLANE_ANGLE_UNIT() SI_UNIT($,.RADIAN.) );
#2360 = ( NAMED_UNIT(*) SI_UNIT($,.STERADIAN.) SOLID_ANGLE_UNIT() );
#2361 = UNCERTAINTY_MEASURE_WITH_UNIT(LENGTH_MEASURE(1.E-07),#2358,
  'distance_accuracy_value','confusion accuracy');
#2362 = CONTEXT_DEPENDENT_SHAPE_REPRESENTATION(#2363,#2365);
#2363 = ( REPRESENTATION_RELATIONSHIP('','',#2158,#10) 
REPRESENTATION_RELATIONSHIP_WITH_TRANSFORMATION(#2364) 
SHAPE_REPRESENTATION_RELATIONSHIP() );
#2364 = ITEM_DEFINED_TRANSFORMATION('','',#11,#39);
#2365 = PRODUCT_DEFINITION_SHAPE('Placement','Placement of an item',
  #2366);
#2366 = NEXT_ASSEMBLY_USAGE_OCCURRENCE('27','ring5','',#5,#2153,$);
#2367 = PRODUCT_RELATED_PRODUCT_CATEGORY('part',$,(#2155));
#2368 = SHAPE_DEFINITION_REPRESENTATION(#2369,#2375);
#2369 = PRODUCT_DEFINITION_SHAPE('','',#2370);
#2370 = PRODUCT_DEFINITION('design','',#2371,#2374);
#2371 = PRODUCT_DEFINITION_FORMATION('','',#2372);
#2372 = PRODUCT('ring6','ring6','',(#2373));
#2373 = PRODUCT_CONTEXT('',#2,'mechanical');
#2374 = PRODUCT_DEFINITION_CONTEXT('part definition',#2,'design');
#2375 = ADVANCED_BREP_SHAPE_REPRESENTATION('',(#11,#2376),#2574);
#2376 = MANIFOLD_SOLID_BREP('',#2377);
#2377 = CLOSED_SHELL('',(#2378,#2474,#2560,#2567));
#2378 = ADVANCED_FACE('',(#2379),#2393,.T.);
#2379 = FACE_BOUND('',#2380,.T.);
#2380 = EDGE_LOOP('',(#2381,#2411,#2442,#2443));
#2381 = ORIENTED_EDGE('',*,*,#2382,.T.);
#2382 = EDGE_CURVE('',#2383,#2385,#2387,.T.);
#2383 = VERTEX_POINT('',#2384);
#2384 = CARTESIAN_POINT('',(11.75,-9.58,1.6));
#2385 = VERTEX_POINT('',#2386);
#2386 = CARTESIAN_POINT('',(11.75,-9.58,1.65));
#2387 = SEAM_CURVE('',#2388,(#2392,#2404),.PCURVE_S1.);
#2388 = LINE('',#2389,#2390);
#2389 = CARTESIAN_POINT('',(11.75,-9.58,1.6));
#2390 = VECTOR('',#2391,1.);
#2391 = DIRECTION('',(-0.,-0.,1.));
#2392 = PCURVE('',#2393,#2398);
#2393 = CYLINDRICAL_SURFACE('',#2394,2.25);
#2394 = AXIS2_PLACEMENT_3D('',#2395,#2396,#2397);
#2395 = CARTESIAN_POINT('',(9.5,-9.58,1.6));
#2396 = DIRECTION('',(-0.,0.,-1.));
#2397 = DIRECTION('',(1.,-0.,-0.));
#2398 = DEFINITIONAL_REPRESENTATION('',(#2399),#2403);
#2399 = LINE('',#2400,#2401);
#2400 = CARTESIAN_POINT('',(0.,0.));
#2401 = VECTOR('',#2402,1.);
#2402 = DIRECTION('',(0.,-1.));
#2403 = ( GEOMETRIC_REPRESENTATION_CONTEXT(2) 
PARAMETRIC_REPRESENTATION_CONTEXT() REPRESENTATION_CONTEXT('2D SPACE',''
  ) );
#2404 = PCURVE('',#2393,#2405);
#2405 = DEFINITIONAL_REPRESENTATION('',(#2406),#2410);
#2406 = LINE('',#2407,#2408);
#2407 = CARTESIAN_POINT('',(6.28318530718,0.));
#2408 = VECTOR('',#2409,1.);
#2409 = DIRECTION('',(0.,-1.));
#2410 = ( GEOMETRIC_REPRESENTATION_CONTEXT(2) 
PARAMETRIC_REPRESENTATION_CONTEXT() REPRESENTATION_CONTEXT('2D SPACE',''
  ) );
#2411 = ORIENTED_EDGE('',*,*,#2412,.T.);
#2412 = EDGE_CURVE('',#2385,#2385,#2413,.T.);
#2413 = SURFACE_CURVE('',#2414,(#2419,#2426),.PCURVE_S1.);
#2414 = CIRCLE('',#2415,2.25);
#2415 = AXIS2_PLACEMENT_3D('',#2416,#2417,#2418);
#2416 = CARTESIAN_POINT('',(9.5,-9.58,1.65));
#2417 = DIRECTION('',(0.,0.,-1.));
#2418 = DIRECTION('',(1.,-0.,-0.));
#2419 = PCURVE('',#2393,#2420);
#2420 = DEFINITIONAL_REPRESENTATION('',(#2421),#2425);
#2421 = LINE('',#2422,#2423);
#2422 = CARTESIAN_POINT('',(0.,-5.E-02));
#2423 = VECTOR('',#2424,1.);
#2424 = DIRECTION('',(1.,0.));
#2425 = ( GEOMETRIC_REPRESENTATION_CONTEXT(2) 
PARAMETRIC_REPRESENTATION_CONTEXT() REPRESENTATION_CONTEXT('2D SPACE',''
  ) );
#2426 = PCURVE('',#2427,#2432);
#2427 = PLANE('',#2428);
#2428 = AXIS2_PLACEMENT_3D('',#2429,#2430,#2431);
#2429 = CARTESIAN_POINT('',(9.5,-9.58,1.65));
#2430 = DIRECTION('',(-0.,-0.,1.));
#2431 = DIRECTION('',(-1.,0.,0.));
#2432 = DEFINITIONAL_REPRESENTATION('',(#2433),#2441);
#2433 = ( BOUNDED_CURVE() B_SPLINE_CURVE(2,(#2434,#2435,#2436,#2437,
#2438,#2439,#2440),.UNSPECIFIED.,.T.,.F.) B_SPLINE_CURVE_WITH_KNOTS((1,2
    ,2,2,2,1),(-2.094395102393,0.,2.094395102393,4.188790204786,
6.28318530718,8.377580409573),.UNSPECIFIED.) CURVE() 
GEOMETRIC_REPRESENTATION_ITEM() RATIONAL_B_SPLINE_CURVE((1.,0.5,1.,0.5,
1.,0.5,1.)) REPRESENTATION_ITEM('') );
#2434 = CARTESIAN_POINT('',(-2.25,1.7763568394E-15));
#2435 = CARTESIAN_POINT('',(-2.25,3.89711431703));
#2436 = CARTESIAN_POINT('',(1.125,1.948557158515));
#2437 = CARTESIAN_POINT('',(4.5,2.327447899017E-15));
#2438 = CARTESIAN_POINT('',(1.125,-1.948557158515));
#2439 = CARTESIAN_POINT('',(-2.25,-3.89711431703));
#2440 = CARTESIAN_POINT('',(-2.25,1.7763568394E-15));
#2441 = ( GEOMETRIC_REPRESENTATION_CONTEXT(2) 
PARAMETRIC_REPRESENTATION_CONTEXT() REPRESENTATION_CONTEXT('2D SPACE',''
  ) );
#2442 = ORIENTED_EDGE('',*,*,#2382,.F.);
#2443 = ORIENTED_EDGE('',*,*,#2444,.F.);
#2444 = EDGE_CURVE('',#2383,#2383,#2445,.T.);
#2445 = SURFACE_CURVE('',#2446,(#2451,#2458),.PCURVE_S1.);
#2446 = CIRCLE('',#2447,2.25);
#2447 = AXIS2_PLACEMENT_3D('',#2448,#2449,#2450);
#2448 = CARTESIAN_POINT('',(9.5,-9.58,1.6));
#2449 = DIRECTION('',(0.,0.,-1.));
#2450 = DIRECTION('',(1.,-0.,-0.));
#2451 = PCURVE('',#2393,#2452);
#2452 = DEFINITIONAL_REPRESENTATION('',(#2453),#2457);
#2453 = LINE('',#2454,#2455);
#2454 = CARTESIAN_POINT('',(0.,0.));
#2455 = VECTOR('',#2456,1.);
#2456 = DIRECTION('',(1.,0.));
#2457 = ( GEOMETRIC_REPRESENTATION_CONTEXT(2) 
PARAMETRIC_REPRESENTATION_CONTEXT() REPRESENTATION_CONTEXT('2D SPACE',''
  ) );
#2458 = PCURVE('',#2459,#2464);
#2459 = PLANE('',#2460);
#2460 = AXIS2_PLACEMENT_3D('',#2461,#2462,#2463);
#2461 = CARTESIAN_POINT('',(9.5,-9.58,1.6));
#2462 = DIRECTION('',(-0.,-0.,1.));
#2463 = DIRECTION('',(-1.,0.,0.));
#2464 = DEFINITIONAL_REPRESENTATION('',(#2465),#2473);
#2465 = ( BOUNDED_CURVE() B_SPLINE_CURVE(2,(#2466,#2467,#2468,#2469,
#2470,#2471,#2472),.UNSPECIFIED.,.T.,.F.) B_SPLINE_CURVE_WITH_KNOTS((1,2
    ,2,2,2,1),(-2.094395102393,0.,2.094395102393,4.188790204786,
6.28318530718,8.377580409573),.UNSPECIFIED.) CURVE() 
GEOMETRIC_REPRESENTATION_ITEM() RATIONAL_B_SPLINE_CURVE((1.,0.5,1.,0.5,
1.,0.5,1.)) REPRESENTATION_ITEM('') );
#2466 = CARTESIAN_POINT('',(-2.25,1.7763568394E-15));
#2467 = CARTESIAN_POINT('',(-2.25,3.89711431703));
#2468 = CARTESIAN_POINT('',(1.125,1.948557158515));
#2469 = CARTESIAN_POINT('',(4.5,2.327447899017E-15));
#2470 = CARTESIAN_POINT('',(1.125,-1.948557158515));
#2471 = CARTESIAN_POINT('',(-2.25,-3.89711431703));
#2472 = CARTESIAN_POINT('',(-2.25,1.7763568394E-15));
#2473 = ( GEOMETRIC_REPRESENTATION_CONTEXT(2) 
PARAMETRIC_REPRESENTATION_CONTEXT() REPRESENTATION_CONTEXT('2D SPACE',''
  ) );
#2474 = ADVANCED_FACE('',(#2475),#2489,.F.);
#2475 = FACE_BOUND('',#2476,.F.);
#2476 = EDGE_LOOP('',(#2477,#2507,#2533,#2534));
#2477 = ORIENTED_EDGE('',*,*,#2478,.T.);
#2478 = EDGE_CURVE('',#2479,#2481,#2483,.T.);
#2479 = VERTEX_POINT('',#2480);
#2480 = CARTESIAN_POINT('',(11.,-9.58,1.6));
#2481 = VERTEX_POINT('',#2482);
#2482 = CARTESIAN_POINT('',(11.,-9.58,1.65));
#2483 = SEAM_CURVE('',#2484,(#2488,#2500),.PCURVE_S1.);
#2484 = LINE('',#2485,#2486);
#2485 = CARTESIAN_POINT('',(11.,-9.58,1.6));
#2486 = VECTOR('',#2487,1.);
#2487 = DIRECTION('',(-0.,-0.,1.));
#2488 = PCURVE('',#2489,#2494);
#2489 = CYLINDRICAL_SURFACE('',#2490,1.5);
#2490 = AXIS2_PLACEMENT_3D('',#2491,#2492,#2493);
#2491 = CARTESIAN_POINT('',(9.5,-9.58,1.6));
#2492 = DIRECTION('',(-0.,0.,-1.));
#2493 = DIRECTION('',(1.,-0.,-0.));
#2494 = DEFINITIONAL_REPRESENTATION('',(#2495),#2499);
#2495 = LINE('',#2496,#2497);
#2496 = CARTESIAN_POINT('',(0.,0.));
#2497 = VECTOR('',#2498,1.);
#2498 = DIRECTION('',(0.,-1.));
#2499 = ( GEOMETRIC_REPRESENTATION_CONTEXT(2) 
PARAMETRIC_REPRESENTATION_CONTEXT() REPRESENTATION_CONTEXT('2D SPACE',''
  ) );
#2500 = PCURVE('',#2489,#2501);
#2501 = DEFINITIONAL_REPRESENTATION('',(#2502),#2506);
#2502 = LINE('',#2503,#2504);
#2503 = CARTESIAN_POINT('',(6.28318530718,0.));
#2504 = VECTOR('',#2505,1.);
#2505 = DIRECTION('',(0.,-1.));
#2506 = ( GEOMETRIC_REPRESENTATION_CONTEXT(2) 
PARAMETRIC_REPRESENTATION_CONTEXT() REPRESENTATION_CONTEXT('2D SPACE',''
  ) );
#2507 = ORIENTED_EDGE('',*,*,#2508,.T.);
#2508 = EDGE_CURVE('',#2481,#2481,#2509,.T.);
#2509 = SURFACE_CURVE('',#2510,(#2515,#2522),.PCURVE_S1.);
#2510 = CIRCLE('',#2511,1.5);
#2511 = AXIS2_PLACEMENT_3D('',#2512,#2513,#2514);
#2512 = CARTESIAN_POINT('',(9.5,-9.58,1.65));
#2513 = DIRECTION('',(0.,0.,-1.));
#2514 = DIRECTION('',(1.,-0.,-0.));
#2515 = PCURVE('',#2489,#2516);
#2516 = DEFINITIONAL_REPRESENTATION('',(#2517),#2521);
#2517 = LINE('',#2518,#2519);
#2518 = CARTESIAN_POINT('',(0.,-5.E-02));
#2519 = VECTOR('',#2520,1.);
#2520 = DIRECTION('',(1.,0.));
#2521 = ( GEOMETRIC_REPRESENTATION_CONTEXT(2) 
PARAMETRIC_REPRESENTATION_CONTEXT() REPRESENTATION_CONTEXT('2D SPACE',''
  ) );
#2522 = PCURVE('',#2427,#2523);
#2523 = DEFINITIONAL_REPRESENTATION('',(#2524),#2532);
#2524 = ( BOUNDED_CURVE() B_SPLINE_CURVE(2,(#2525,#2526,#2527,#2528,
#2529,#2530,#2531),.UNSPECIFIED.,.T.,.F.) B_SPLINE_CURVE_WITH_KNOTS((1,2
    ,2,2,2,1),(-2.094395102393,0.,2.094395102393,4.188790204786,
6.28318530718,8.377580409573),.UNSPECIFIED.) CURVE() 
GEOMETRIC_REPRESENTATION_ITEM() RATIONAL_B_SPLINE_CURVE((1.,0.5,1.,0.5,
1.,0.5,1.)) REPRESENTATION_ITEM('') );
#2525 = CARTESIAN_POINT('',(-1.5,1.7763568394E-15));
#2526 = CARTESIAN_POINT('',(-1.5,2.598076211353));
#2527 = CARTESIAN_POINT('',(0.75,1.299038105677));
#2528 = CARTESIAN_POINT('',(3.,2.143750879144E-15));
#2529 = CARTESIAN_POINT('',(0.75,-1.299038105677));
#2530 = CARTESIAN_POINT('',(-1.5,-2.598076211353));
#2531 = CARTESIAN_POINT('',(-1.5,1.7763568394E-15));
#2532 = ( GEOMETRIC_REPRESENTATION_CONTEXT(2) 
PARAMETRIC_REPRESENTATION_CONTEXT() REPRESENTATION_CONTEXT('2D SPACE',''
  ) );
#2533 = ORIENTED_EDGE('',*,*,#2478,.F.);
#2534 = ORIENTED_EDGE('',*,*,#2535,.F.);
#2535 = EDGE_CURVE('',#2479,#2479,#2536,.T.);
#2536 = SURFACE_CURVE('',#2537,(#2542,#2549),.PCURVE_S1.);
#2537 = CIRCLE('',#2538,1.5);
#2538 = AXIS2_PLACEMENT_3D('',#2539,#2540,#2541);
#2539 = CARTESIAN_POINT('',(9.5,-9.58,1.6));
#2540 = DIRECTION('',(0.,0.,-1.));
#2541 = DIRECTION('',(1.,-0.,-0.));
#2542 = PCURVE('',#2489,#2543);
#2543 = DEFINITIONAL_REPRESENTATION('',(#2544),#2548);
#2544 = LINE('',#2545,#2546);
#2545 = CARTESIAN_POINT('',(0.,0.));
#2546 = VECTOR('',#2547,1.);
#2547 = DIRECTION('',(1.,0.));
#2548 = ( GEOMETRIC_REPRESENTATION_CONTEXT(2) 
PARAMETRIC_REPRESENTATION_CONTEXT() REPRESENTATION_CONTEXT('2D SPACE',''
  ) );
#2549 = PCURVE('',#2459,#2550);
#2550 = DEFINITIONAL_REPRESENTATION('',(#2551),#2559);
#2551 = ( BOUNDED_CURVE() B_SPLINE_CURVE(2,(#2552,#2553,#2554,#2555,
#2556,#2557,#2558),.UNSPECIFIED.,.T.,.F.) B_SPLINE_CURVE_WITH_KNOTS((1,2
    ,2,2,2,1),(-2.094395102393,0.,2.094395102393,4.188790204786,
6.28318530718,8.377580409573),.UNSPECIFIED.) CURVE() 
GEOMETRIC_REPRESENTATION_ITEM() RATIONAL_B_SPLINE_CURVE((1.,0.5,1.,0.5,
1.,0.5,1.)) REPRESENTATION_ITEM('') );
#2552 = CARTESIAN_POINT('',(-1.5,1.7763568394E-15));
#2553 = CARTESIAN_POINT('',(-1.5,2.598076211353));
#2554 = CARTESIAN_POINT('',(0.75,1.299038105677));
#2555 = CARTESIAN_POINT('',(3.,2.143750879144E-15));
#2556 = CARTESIAN_POINT('',(0.75,-1.299038105677));
#2557 = CARTESIAN_POINT('',(-1.5,-2.598076211353));
#2558 = CARTESIAN_POINT('',(-1.5,1.7763568394E-15));
#2559 = ( GEOMETRIC_REPRESENTATION_CONTEXT(2) 
PARAMETRIC_REPRESENTATION_CONTEXT() REPRESENTATION_CONTEXT('2D SPACE',''
  ) );
#2560 = ADVANCED_FACE('',(#2561,#2564),#2459,.F.);
#2561 = FACE_BOUND('',#2562,.T.);
#2562 = EDGE_LOOP('',(#2563));
#2563 = ORIENTED_EDGE('',*,*,#2444,.T.);
#2564 = FACE_BOUND('',#2565,.T.);
#2565 = EDGE_LOOP('',(#2566));
#2566 = ORIENTED_EDGE('',*,*,#2535,.F.);
#2567 = ADVANCED_FACE('',(#2568,#2571),#2427,.T.);
#2568 = FACE_BOUND('',#2569,.F.);
#2569 = EDGE_LOOP('',(#2570));
#2570 = ORIENTED_EDGE('',*,*,#2412,.T.);
#2571 = FACE_BOUND('',#2572,.F.);
#2572 = EDGE_LOOP('',(#2573));
#2573 = ORIENTED_EDGE('',*,*,#2508,.F.);
#2574 = ( GEOMETRIC_REPRESENTATION_CONTEXT(3) 
GLOBAL_UNCERTAINTY_ASSIGNED_CONTEXT((#2578)) 
GLOBAL_UNIT_ASSIGNED_CONTEXT((#2575,#2576,#2577)) REPRESENTATION_CONTEXT
('Context #1','3D Context with UNIT and UNCERTAINTY') );
#2575 = ( LENGTH_UNIT() NAMED_UNIT(*) SI_UNIT(.MILLI.,.METRE.) );
#2576 = ( NAMED_UNIT(*) PLANE_ANGLE_UNIT() SI_UNIT($,.RADIAN.) );
#2577 = ( NAMED_UNIT(*) SI_UNIT($,.STERADIAN.) SOLID_ANGLE_UNIT() );
#2578 = UNCERTAINTY_MEASURE_WITH_UNIT(LENGTH_MEASURE(1.E-07),#2575,
  'distance_accuracy_value','confusion accuracy');
#2579 = CONTEXT_DEPENDENT_SHAPE_REPRESENTATION(#2580,#2582);
#2580 = ( REPRESENTATION_RELATIONSHIP('','',#2375,#10) 
REPRESENTATION_RELATIONSHIP_WITH_TRANSFORMATION(#2581) 
SHAPE_REPRESENTATION_RELATIONSHIP() );
#2581 = ITEM_DEFINED_TRANSFORMATION('','',#11,#43);
#2582 = PRODUCT_DEFINITION_SHAPE('Placement','Placement of an item',
  #2583);
#2583 = NEXT_ASSEMBLY_USAGE_OCCURRENCE('28','ring6','',#5,#2370,$);
#2584 = PRODUCT_RELATED_PRODUCT_CATEGORY('part',$,(#2372));
#2585 = SHAPE_DEFINITION_REPRESENTATION(#2586,#2592);
#2586 = PRODUCT_DEFINITION_SHAPE('','',#2587);
#2587 = PRODUCT_DEFINITION('design','',#2588,#2591);
#2588 = PRODUCT_DEFINITION_FORMATION('','',#2589);
#2589 = PRODUCT('QMC5883L','QMC5883L','',(#2590));
#2590 = PRODUCT_CONTEXT('',#2,'mechanical');
#2591 = PRODUCT_DEFINITION_CONTEXT('part definition',#2,'design');
#2592 = ADVANCED_BREP_SHAPE_REPRESENTATION('',(#11,#2593),#3267);
#2593 = MANIFOLD_SOLID_BREP('',#2594);
#2594 = CLOSED_SHELL('',(#2595,#2715,#2919,#2969,#3023,#3152,#3179,#3206
    ,#3233,#3260));
#2595 = ADVANCED_FACE('',(#2596),#2610,.F.);
#2596 = FACE_BOUND('',#2597,.T.);
#2597 = EDGE_LOOP('',(#2598,#2633,#2661,#2689));
#2598 = ORIENTED_EDGE('',*,*,#2599,.F.);
#2599 = EDGE_CURVE('',#2600,#2602,#2604,.T.);
#2600 = VERTEX_POINT('',#2601);
#2601 = CARTESIAN_POINT('',(3.74,-3.58,1.6));
#2602 = VERTEX_POINT('',#2603);
#2603 = CARTESIAN_POINT('',(6.26,-3.58,1.6));
#2604 = SURFACE_CURVE('',#2605,(#2609,#2621),.PCURVE_S1.);
#2605 = LINE('',#2606,#2607);
#2606 = CARTESIAN_POINT('',(3.5,-3.58,1.6));
#2607 = VECTOR('',#2608,1.);
#2608 = DIRECTION('',(1.,-0.,-0.));
#2609 = PCURVE('',#2610,#2615);
#2610 = PLANE('',#2611);
#2611 = AXIS2_PLACEMENT_3D('',#2612,#2613,#2614);
#2612 = CARTESIAN_POINT('',(3.5,-3.58,1.6));
#2613 = DIRECTION('',(-0.,-1.,-0.));
#2614 = DIRECTION('',(-1.,0.,0.));
#2615 = DEFINITIONAL_REPRESENTATION('',(#2616),#2620);
#2616 = LINE('',#2617,#2618);
#2617 = CARTESIAN_POINT('',(-0.,-0.));
#2618 = VECTOR('',#2619,1.);
#2619 = DIRECTION('',(-1.,-0.));
#2620 = ( GEOMETRIC_REPRESENTATION_CONTEXT(2) 
PARAMETRIC_REPRESENTATION_CONTEXT() REPRESENTATION_CONTEXT('2D SPACE',''
  ) );
#2621 = PCURVE('',#2622,#2627);
#2622 = PLANE('',#2623);
#2623 = AXIS2_PLACEMENT_3D('',#2624,#2625,#2626);
#2624 = CARTESIAN_POINT('',(5.,-5.08,1.6));
#2625 = DIRECTION('',(-0.,-0.,1.));
#2626 = DIRECTION('',(-1.,0.,0.));
#2627 = DEFINITIONAL_REPRESENTATION('',(#2628),#2632);
#2628 = LINE('',#2629,#2630);
#2629 = CARTESIAN_POINT('',(1.5,-1.5));
#2630 = VECTOR('',#2631,1.);
#2631 = DIRECTION('',(-1.,0.));
#2632 = ( GEOMETRIC_REPRESENTATION_CONTEXT(2) 
PARAMETRIC_REPRESENTATION_CONTEXT() REPRESENTATION_CONTEXT('2D SPACE',''
  ) );
#2633 = ORIENTED_EDGE('',*,*,#2634,.T.);
#2634 = EDGE_CURVE('',#2600,#2635,#2637,.T.);
#2635 = VERTEX_POINT('',#2636);
#2636 = CARTESIAN_POINT('',(3.74,-3.58,2.5));
#2637 = SURFACE_CURVE('',#2638,(#2642,#2649),.PCURVE_S1.);
#2638 = LINE('',#2639,#2640);
#2639 = CARTESIAN_POINT('',(3.74,-3.58,1.6));
#2640 = VECTOR('',#2641,1.);
#2641 = DIRECTION('',(-0.,-0.,1.));
#2642 = PCURVE('',#2610,#2643);
#2643 = DEFINITIONAL_REPRESENTATION('',(#2644),#2648);
#2644 = LINE('',#2645,#2646);
#2645 = CARTESIAN_POINT('',(-0.24,-0.));
#2646 = VECTOR('',#2647,1.);
#2647 = DIRECTION('',(-0.,-1.));
#2648 = ( GEOMETRIC_REPRESENTATION_CONTEXT(2) 
PARAMETRIC_REPRESENTATION_CONTEXT() REPRESENTATION_CONTEXT('2D SPACE',''
  ) );
#2649 = PCURVE('',#2650,#2655);
#2650 = CYLINDRICAL_SURFACE('',#2651,0.24);
#2651 = AXIS2_PLACEMENT_3D('',#2652,#2653,#2654);
#2652 = CARTESIAN_POINT('',(3.74,-3.82,1.6));
#2653 = DIRECTION('',(-0.,-0.,1.));
#2654 = DIRECTION('',(-0.,1.,-0.));
#2655 = DEFINITIONAL_REPRESENTATION('',(#2656),#2660);
#2656 = LINE('',#2657,#2658);
#2657 = CARTESIAN_POINT('',(0.,0.));
#2658 = VECTOR('',#2659,1.);
#2659 = DIRECTION('',(0.,1.));
#2660 = ( GEOMETRIC_REPRESENTATION_CONTEXT(2) 
PARAMETRIC_REPRESENTATION_CONTEXT() REPRESENTATION_CONTEXT('2D SPACE',''
  ) );
#2661 = ORIENTED_EDGE('',*,*,#2662,.T.);
#2662 = EDGE_CURVE('',#2635,#2663,#2665,.T.);
#2663 = VERTEX_POINT('',#2664);
#2664 = CARTESIAN_POINT('',(6.26,-3.58,2.5));
#2665 = SURFACE_CURVE('',#2666,(#2670,#2677),.PCURVE_S1.);
#2666 = LINE('',#2667,#2668);
#2667 = CARTESIAN_POINT('',(3.5,-3.58,2.5));
#2668 = VECTOR('',#2669,1.);
#2669 = DIRECTION('',(1.,-0.,-0.));
#2670 = PCURVE('',#2610,#2671);
#2671 = DEFINITIONAL_REPRESENTATION('',(#2672),#2676);
#2672 = LINE('',#2673,#2674);
#2673 = CARTESIAN_POINT('',(-0.,-0.9));
#2674 = VECTOR('',#2675,1.);
#2675 = DIRECTION('',(-1.,-0.));
#2676 = ( GEOMETRIC_REPRESENTATION_CONTEXT(2) 
PARAMETRIC_REPRESENTATION_CONTEXT() REPRESENTATION_CONTEXT('2D SPACE',''
  ) );
#2677 = PCURVE('',#2678,#2683);
#2678 = PLANE('',#2679);
#2679 = AXIS2_PLACEMENT_3D('',#2680,#2681,#2682);
#2680 = CARTESIAN_POINT('',(5.,-5.08,2.5));
#2681 = DIRECTION('',(-0.,-0.,1.));
#2682 = DIRECTION('',(-1.,0.,0.));
#2683 = DEFINITIONAL_REPRESENTATION('',(#2684),#2688);
#2684 = LINE('',#2685,#2686);
#2685 = CARTESIAN_POINT('',(1.5,-1.5));
#2686 = VECTOR('',#2687,1.);
#2687 = DIRECTION('',(-1.,0.));
#2688 = ( GEOMETRIC_REPRESENTATION_CONTEXT(2) 
PARAMETRIC_REPRESENTATION_CONTEXT() REPRESENTATION_CONTEXT('2D SPACE',''
  ) );
#2689 = ORIENTED_EDGE('',*,*,#2690,.F.);
#2690 = EDGE_CURVE('',#2602,#2663,#2691,.T.);
#2691 = SURFACE_CURVE('',#2692,(#2696,#2703),.PCURVE_S1.);
#2692 = LINE('',#2693,#2694);
#2693 = CARTESIAN_POINT('',(6.26,-3.58,1.6));
#2694 = VECTOR('',#2695,1.);
#2695 = DIRECTION('',(-0.,-0.,1.));
#2696 = PCURVE('',#2610,#2697);
#2697 = DEFINITIONAL_REPRESENTATION('',(#2698),#2702);
#2698 = LINE('',#2699,#2700);
#2699 = CARTESIAN_POINT('',(-2.76,-0.));
#2700 = VECTOR('',#2701,1.);
#2701 = DIRECTION('',(-0.,-1.));
#2702 = ( GEOMETRIC_REPRESENTATION_CONTEXT(2) 
PARAMETRIC_REPRESENTATION_CONTEXT() REPRESENTATION_CONTEXT('2D SPACE',''
  ) );
#2703 = PCURVE('',#2704,#2709);
#2704 = CYLINDRICAL_SURFACE('',#2705,0.24);
#2705 = AXIS2_PLACEMENT_3D('',#2706,#2707,#2708);
#2706 = CARTESIAN_POINT('',(6.26,-3.82,1.6));
#2707 = DIRECTION('',(-0.,-0.,1.));
#2708 = DIRECTION('',(-0.,1.,-0.));
#2709 = DEFINITIONAL_REPRESENTATION('',(#2710),#2714);
#2710 = LINE('',#2711,#2712);
#2711 = CARTESIAN_POINT('',(-0.,0.));
#2712 = VECTOR('',#2713,1.);
#2713 = DIRECTION('',(-0.,1.));
#2714 = ( GEOMETRIC_REPRESENTATION_CONTEXT(2) 
PARAMETRIC_REPRESENTATION_CONTEXT() REPRESENTATION_CONTEXT('2D SPACE',''
  ) );
#2715 = ADVANCED_FACE('',(#2716),#2622,.F.);
#2716 = FACE_BOUND('',#2717,.T.);
#2717 = EDGE_LOOP('',(#2718,#2719,#2747,#2775,#2808,#2836,#2869,#2897));
#2718 = ORIENTED_EDGE('',*,*,#2599,.T.);
#2719 = ORIENTED_EDGE('',*,*,#2720,.T.);
#2720 = EDGE_CURVE('',#2602,#2721,#2723,.T.);
#2721 = VERTEX_POINT('',#2722);
#2722 = CARTESIAN_POINT('',(6.5,-3.82,1.6));
#2723 = SURFACE_CURVE('',#2724,(#2729,#2740),.PCURVE_S1.);
#2724 = CIRCLE('',#2725,0.24);
#2725 = AXIS2_PLACEMENT_3D('',#2726,#2727,#2728);
#2726 = CARTESIAN_POINT('',(6.26,-3.82,1.6));
#2727 = DIRECTION('',(-0.,-0.,-1.));
#2728 = DIRECTION('',(-0.,1.,-0.));
#2729 = PCURVE('',#2622,#2730);
#2730 = DEFINITIONAL_REPRESENTATION('',(#2731),#2739);
#2731 = ( BOUNDED_CURVE() B_SPLINE_CURVE(2,(#2732,#2733,#2734,#2735,
#2736,#2737,#2738),.UNSPECIFIED.,.T.,.F.) B_SPLINE_CURVE_WITH_KNOTS((1,2
    ,2,2,2,1),(-2.094395102393,0.,2.094395102393,4.188790204786,
6.28318530718,8.377580409573),.UNSPECIFIED.) CURVE() 
GEOMETRIC_REPRESENTATION_ITEM() RATIONAL_B_SPLINE_CURVE((1.,0.5,1.,0.5,
1.,0.5,1.)) REPRESENTATION_ITEM('') );
#2732 = CARTESIAN_POINT('',(-1.26,-1.5));
#2733 = CARTESIAN_POINT('',(-1.675692193817,-1.5));
#2734 = CARTESIAN_POINT('',(-1.467846096908,-1.14));
#2735 = CARTESIAN_POINT('',(-1.26,-0.78));
#2736 = CARTESIAN_POINT('',(-1.052153903092,-1.14));
#2737 = CARTESIAN_POINT('',(-0.844307806183,-1.5));
#2738 = CARTESIAN_POINT('',(-1.26,-1.5));
#2739 = ( GEOMETRIC_REPRESENTATION_CONTEXT(2) 
PARAMETRIC_REPRESENTATION_CONTEXT() REPRESENTATION_CONTEXT('2D SPACE',''
  ) );
#2740 = PCURVE('',#2704,#2741);
#2741 = DEFINITIONAL_REPRESENTATION('',(#2742),#2746);
#2742 = LINE('',#2743,#2744);
#2743 = CARTESIAN_POINT('',(-0.,2.22044604925E-16));
#2744 = VECTOR('',#2745,1.);
#2745 = DIRECTION('',(-1.,0.));
#2746 = ( GEOMETRIC_REPRESENTATION_CONTEXT(2) 
PARAMETRIC_REPRESENTATION_CONTEXT() REPRESENTATION_CONTEXT('2D SPACE',''
  ) );
#2747 = ORIENTED_EDGE('',*,*,#2748,.T.);
#2748 = EDGE_CURVE('',#2721,#2749,#2751,.T.);
#2749 = VERTEX_POINT('',#2750);
#2750 = CARTESIAN_POINT('',(6.5,-6.34,1.6));
#2751 = SURFACE_CURVE('',#2752,(#2756,#2763),.PCURVE_S1.);
#2752 = LINE('',#2753,#2754);
#2753 = CARTESIAN_POINT('',(6.5,-3.58,1.6));
#2754 = VECTOR('',#2755,1.);
#2755 = DIRECTION('',(-0.,-1.,-0.));
#2756 = PCURVE('',#2622,#2757);
#2757 = DEFINITIONAL_REPRESENTATION('',(#2758),#2762);
#2758 = LINE('',#2759,#2760);
#2759 = CARTESIAN_POINT('',(-1.5,-1.5));
#2760 = VECTOR('',#2761,1.);
#2761 = DIRECTION('',(-0.,1.));
#2762 = ( GEOMETRIC_REPRESENTATION_CONTEXT(2) 
PARAMETRIC_REPRESENTATION_CONTEXT() REPRESENTATION_CONTEXT('2D SPACE',''
  ) );
#2763 = PCURVE('',#2764,#2769);
#2764 = PLANE('',#2765);
#2765 = AXIS2_PLACEMENT_3D('',#2766,#2767,#2768);
#2766 = CARTESIAN_POINT('',(6.5,-3.58,1.6));
#2767 = DIRECTION('',(-1.,-0.,-0.));
#2768 = DIRECTION('',(0.,1.,0.));
#2769 = DEFINITIONAL_REPRESENTATION('',(#2770),#2774);
#2770 = LINE('',#2771,#2772);
#2771 = CARTESIAN_POINT('',(-0.,-0.));
#2772 = VECTOR('',#2773,1.);
#2773 = DIRECTION('',(-1.,0.));
#2774 = ( GEOMETRIC_REPRESENTATION_CONTEXT(2) 
PARAMETRIC_REPRESENTATION_CONTEXT() REPRESENTATION_CONTEXT('2D SPACE',''
  ) );
#2775 = ORIENTED_EDGE('',*,*,#2776,.T.);
#2776 = EDGE_CURVE('',#2749,#2777,#2779,.T.);
#2777 = VERTEX_POINT('',#2778);
#2778 = CARTESIAN_POINT('',(6.26,-6.58,1.6));
#2779 = SURFACE_CURVE('',#2780,(#2785,#2796),.PCURVE_S1.);
#2780 = CIRCLE('',#2781,0.24);
#2781 = AXIS2_PLACEMENT_3D('',#2782,#2783,#2784);
#2782 = CARTESIAN_POINT('',(6.26,-6.34,1.6));
#2783 = DIRECTION('',(-0.,-0.,-1.));
#2784 = DIRECTION('',(-0.,1.,-0.));
#2785 = PCURVE('',#2622,#2786);
#2786 = DEFINITIONAL_REPRESENTATION('',(#2787),#2795);
#2787 = ( BOUNDED_CURVE() B_SPLINE_CURVE(2,(#2788,#2789,#2790,#2791,
#2792,#2793,#2794),.UNSPECIFIED.,.T.,.F.) B_SPLINE_CURVE_WITH_KNOTS((1,2
    ,2,2,2,1),(-2.094395102393,0.,2.094395102393,4.188790204786,
6.28318530718,8.377580409573),.UNSPECIFIED.) CURVE() 
GEOMETRIC_REPRESENTATION_ITEM() RATIONAL_B_SPLINE_CURVE((1.,0.5,1.,0.5,
1.,0.5,1.)) REPRESENTATION_ITEM('') );
#2788 = CARTESIAN_POINT('',(-1.26,1.02));
#2789 = CARTESIAN_POINT('',(-1.675692193817,1.02));
#2790 = CARTESIAN_POINT('',(-1.467846096908,1.38));
#2791 = CARTESIAN_POINT('',(-1.26,1.74));
#2792 = CARTESIAN_POINT('',(-1.052153903092,1.38));
#2793 = CARTESIAN_POINT('',(-0.844307806183,1.02));
#2794 = CARTESIAN_POINT('',(-1.26,1.02));
#2795 = ( GEOMETRIC_REPRESENTATION_CONTEXT(2) 
PARAMETRIC_REPRESENTATION_CONTEXT() REPRESENTATION_CONTEXT('2D SPACE',''
  ) );
#2796 = PCURVE('',#2797,#2802);
#2797 = CYLINDRICAL_SURFACE('',#2798,0.24);
#2798 = AXIS2_PLACEMENT_3D('',#2799,#2800,#2801);
#2799 = CARTESIAN_POINT('',(6.26,-6.34,1.6));
#2800 = DIRECTION('',(-0.,-0.,1.));
#2801 = DIRECTION('',(1.,-0.,-0.));
#2802 = DEFINITIONAL_REPRESENTATION('',(#2803),#2807);
#2803 = LINE('',#2804,#2805);
#2804 = CARTESIAN_POINT('',(1.570796326795,2.22044604925E-16));
#2805 = VECTOR('',#2806,1.);
#2806 = DIRECTION('',(-1.,0.));
#2807 = ( GEOMETRIC_REPRESENTATION_CONTEXT(2) 
PARAMETRIC_REPRESENTATION_CONTEXT() REPRESENTATION_CONTEXT('2D SPACE',''
  ) );
#2808 = ORIENTED_EDGE('',*,*,#2809,.T.);
#2809 = EDGE_CURVE('',#2777,#2810,#2812,.T.);
#2810 = VERTEX_POINT('',#2811);
#2811 = CARTESIAN_POINT('',(3.74,-6.58,1.6));
#2812 = SURFACE_CURVE('',#2813,(#2817,#2824),.PCURVE_S1.);
#2813 = LINE('',#2814,#2815);
#2814 = CARTESIAN_POINT('',(6.5,-6.58,1.6));
#2815 = VECTOR('',#2816,1.);
#2816 = DIRECTION('',(-1.,-0.,-0.));
#2817 = PCURVE('',#2622,#2818);
#2818 = DEFINITIONAL_REPRESENTATION('',(#2819),#2823);
#2819 = LINE('',#2820,#2821);
#2820 = CARTESIAN_POINT('',(-1.5,1.5));
#2821 = VECTOR('',#2822,1.);
#2822 = DIRECTION('',(1.,-0.));
#2823 = ( GEOMETRIC_REPRESENTATION_CONTEXT(2) 
PARAMETRIC_REPRESENTATION_CONTEXT() REPRESENTATION_CONTEXT('2D SPACE',''
  ) );
#2824 = PCURVE('',#2825,#2830);
#2825 = PLANE('',#2826);
#2826 = AXIS2_PLACEMENT_3D('',#2827,#2828,#2829);
#2827 = CARTESIAN_POINT('',(6.5,-6.58,1.6));
#2828 = DIRECTION('',(-0.,1.,-0.));
#2829 = DIRECTION('',(1.,0.,0.));
#2830 = DEFINITIONAL_REPRESENTATION('',(#2831),#2835);
#2831 = LINE('',#2832,#2833);
#2832 = CARTESIAN_POINT('',(0.,-0.));
#2833 = VECTOR('',#2834,1.);
#2834 = DIRECTION('',(-1.,0.));
#2835 = ( GEOMETRIC_REPRESENTATION_CONTEXT(2) 
PARAMETRIC_REPRESENTATION_CONTEXT() REPRESENTATION_CONTEXT('2D SPACE',''
  ) );
#2836 = ORIENTED_EDGE('',*,*,#2837,.T.);
#2837 = EDGE_CURVE('',#2810,#2838,#2840,.T.);
#2838 = VERTEX_POINT('',#2839);
#2839 = CARTESIAN_POINT('',(3.5,-6.34,1.6));
#2840 = SURFACE_CURVE('',#2841,(#2846,#2857),.PCURVE_S1.);
#2841 = CIRCLE('',#2842,0.24);
#2842 = AXIS2_PLACEMENT_3D('',#2843,#2844,#2845);
#2843 = CARTESIAN_POINT('',(3.74,-6.34,1.6));
#2844 = DIRECTION('',(-0.,-0.,-1.));
#2845 = DIRECTION('',(-0.,1.,-0.));
#2846 = PCURVE('',#2622,#2847);
#2847 = DEFINITIONAL_REPRESENTATION('',(#2848),#2856);
#2848 = ( BOUNDED_CURVE() B_SPLINE_CURVE(2,(#2849,#2850,#2851,#2852,
#2853,#2854,#2855),.UNSPECIFIED.,.T.,.F.) B_SPLINE_CURVE_WITH_KNOTS((1,2
    ,2,2,2,1),(-2.094395102393,0.,2.094395102393,4.188790204786,
6.28318530718,8.377580409573),.UNSPECIFIED.) CURVE() 
GEOMETRIC_REPRESENTATION_ITEM() RATIONAL_B_SPLINE_CURVE((1.,0.5,1.,0.5,
1.,0.5,1.)) REPRESENTATION_ITEM('') );
#2849 = CARTESIAN_POINT('',(1.26,1.02));
#2850 = CARTESIAN_POINT('',(0.844307806183,1.02));
#2851 = CARTESIAN_POINT('',(1.052153903092,1.38));
#2852 = CARTESIAN_POINT('',(1.26,1.74));
#2853 = CARTESIAN_POINT('',(1.467846096908,1.38));
#2854 = CARTESIAN_POINT('',(1.675692193817,1.02));
#2855 = CARTESIAN_POINT('',(1.26,1.02));
#2856 = ( GEOMETRIC_REPRESENTATION_CONTEXT(2) 
PARAMETRIC_REPRESENTATION_CONTEXT() REPRESENTATION_CONTEXT('2D SPACE',''
  ) );
#2857 = PCURVE('',#2858,#2863);
#2858 = CYLINDRICAL_SURFACE('',#2859,0.24);
#2859 = AXIS2_PLACEMENT_3D('',#2860,#2861,#2862);
#2860 = CARTESIAN_POINT('',(3.74,-6.34,1.6));
#2861 = DIRECTION('',(-0.,-0.,1.));
#2862 = DIRECTION('',(-0.,-1.,-0.));
#2863 = DEFINITIONAL_REPRESENTATION('',(#2864),#2868);
#2864 = LINE('',#2865,#2866);
#2865 = CARTESIAN_POINT('',(3.14159265359,2.22044604925E-16));
#2866 = VECTOR('',#2867,1.);
#2867 = DIRECTION('',(-1.,0.));
#2868 = ( GEOMETRIC_REPRESENTATION_CONTEXT(2) 
PARAMETRIC_REPRESENTATION_CONTEXT() REPRESENTATION_CONTEXT('2D SPACE',''
  ) );
#2869 = ORIENTED_EDGE('',*,*,#2870,.T.);
#2870 = EDGE_CURVE('',#2838,#2871,#2873,.T.);
#2871 = VERTEX_POINT('',#2872);
#2872 = CARTESIAN_POINT('',(3.5,-3.82,1.6));
#2873 = SURFACE_CURVE('',#2874,(#2878,#2885),.PCURVE_S1.);
#2874 = LINE('',#2875,#2876);
#2875 = CARTESIAN_POINT('',(3.5,-6.58,1.6));
#2876 = VECTOR('',#2877,1.);
#2877 = DIRECTION('',(-0.,1.,-0.));
#2878 = PCURVE('',#2622,#2879);
#2879 = DEFINITIONAL_REPRESENTATION('',(#2880),#2884);
#2880 = LINE('',#2881,#2882);
#2881 = CARTESIAN_POINT('',(1.5,1.5));
#2882 = VECTOR('',#2883,1.);
#2883 = DIRECTION('',(-0.,-1.));
#2884 = ( GEOMETRIC_REPRESENTATION_CONTEXT(2) 
PARAMETRIC_REPRESENTATION_CONTEXT() REPRESENTATION_CONTEXT('2D SPACE',''
  ) );
#2885 = PCURVE('',#2886,#2891);
#2886 = PLANE('',#2887);
#2887 = AXIS2_PLACEMENT_3D('',#2888,#2889,#2890);
#2888 = CARTESIAN_POINT('',(3.5,-6.58,1.6));
#2889 = DIRECTION('',(1.,-0.,-0.));
#2890 = DIRECTION('',(0.,-1.,0.));
#2891 = DEFINITIONAL_REPRESENTATION('',(#2892),#2896);
#2892 = LINE('',#2893,#2894);
#2893 = CARTESIAN_POINT('',(-0.,0.));
#2894 = VECTOR('',#2895,1.);
#2895 = DIRECTION('',(-1.,-0.));
#2896 = ( GEOMETRIC_REPRESENTATION_CONTEXT(2) 
PARAMETRIC_REPRESENTATION_CONTEXT() REPRESENTATION_CONTEXT('2D SPACE',''
  ) );
#2897 = ORIENTED_EDGE('',*,*,#2898,.F.);
#2898 = EDGE_CURVE('',#2600,#2871,#2899,.T.);
#2899 = SURFACE_CURVE('',#2900,(#2905,#2912),.PCURVE_S1.);
#2900 = CIRCLE('',#2901,0.24);
#2901 = AXIS2_PLACEMENT_3D('',#2902,#2903,#2904);
#2902 = CARTESIAN_POINT('',(3.74,-3.82,1.6));
#2903 = DIRECTION('',(-0.,0.,1.));
#2904 = DIRECTION('',(-0.,1.,-0.));
#2905 = PCURVE('',#2622,#2906);
#2906 = DEFINITIONAL_REPRESENTATION('',(#2907),#2911);
#2907 = CIRCLE('',#2908,0.24);
#2908 = AXIS2_PLACEMENT_2D('',#2909,#2910);
#2909 = CARTESIAN_POINT('',(1.26,-1.26));
#2910 = DIRECTION('',(-0.,-1.));
#2911 = ( GEOMETRIC_REPRESENTATION_CONTEXT(2) 
PARAMETRIC_REPRESENTATION_CONTEXT() REPRESENTATION_CONTEXT('2D SPACE',''
  ) );
#2912 = PCURVE('',#2650,#2913);
#2913 = DEFINITIONAL_REPRESENTATION('',(#2914),#2918);
#2914 = LINE('',#2915,#2916);
#2915 = CARTESIAN_POINT('',(0.,2.22044604925E-16));
#2916 = VECTOR('',#2917,1.);
#2917 = DIRECTION('',(1.,0.));
#2918 = ( GEOMETRIC_REPRESENTATION_CONTEXT(2) 
PARAMETRIC_REPRESENTATION_CONTEXT() REPRESENTATION_CONTEXT('2D SPACE',''
  ) );
#2919 = ADVANCED_FACE('',(#2920),#2650,.T.);
#2920 = FACE_BOUND('',#2921,.T.);
#2921 = EDGE_LOOP('',(#2922,#2923,#2946,#2968));
#2922 = ORIENTED_EDGE('',*,*,#2898,.T.);
#2923 = ORIENTED_EDGE('',*,*,#2924,.T.);
#2924 = EDGE_CURVE('',#2871,#2925,#2927,.T.);
#2925 = VERTEX_POINT('',#2926);
#2926 = CARTESIAN_POINT('',(3.5,-3.82,2.5));
#2927 = SURFACE_CURVE('',#2928,(#2932,#2939),.PCURVE_S1.);
#2928 = LINE('',#2929,#2930);
#2929 = CARTESIAN_POINT('',(3.5,-3.82,1.6));
#2930 = VECTOR('',#2931,1.);
#2931 = DIRECTION('',(-0.,-0.,1.));
#2932 = PCURVE('',#2650,#2933);
#2933 = DEFINITIONAL_REPRESENTATION('',(#2934),#2938);
#2934 = LINE('',#2935,#2936);
#2935 = CARTESIAN_POINT('',(1.570796326795,0.));
#2936 = VECTOR('',#2937,1.);
#2937 = DIRECTION('',(0.,1.));
#2938 = ( GEOMETRIC_REPRESENTATION_CONTEXT(2) 
PARAMETRIC_REPRESENTATION_CONTEXT() REPRESENTATION_CONTEXT('2D SPACE',''
  ) );
#2939 = PCURVE('',#2886,#2940);
#2940 = DEFINITIONAL_REPRESENTATION('',(#2941),#2945);
#2941 = LINE('',#2942,#2943);
#2942 = CARTESIAN_POINT('',(-2.76,0.));
#2943 = VECTOR('',#2944,1.);
#2944 = DIRECTION('',(-0.,-1.));
#2945 = ( GEOMETRIC_REPRESENTATION_CONTEXT(2) 
PARAMETRIC_REPRESENTATION_CONTEXT() REPRESENTATION_CONTEXT('2D SPACE',''
  ) );
#2946 = ORIENTED_EDGE('',*,*,#2947,.F.);
#2947 = EDGE_CURVE('',#2635,#2925,#2948,.T.);
#2948 = SURFACE_CURVE('',#2949,(#2954,#2961),.PCURVE_S1.);
#2949 = CIRCLE('',#2950,0.24);
#2950 = AXIS2_PLACEMENT_3D('',#2951,#2952,#2953);
#2951 = CARTESIAN_POINT('',(3.74,-3.82,2.5));
#2952 = DIRECTION('',(-0.,0.,1.));
#2953 = DIRECTION('',(-0.,1.,-0.));
#2954 = PCURVE('',#2650,#2955);
#2955 = DEFINITIONAL_REPRESENTATION('',(#2956),#2960);
#2956 = LINE('',#2957,#2958);
#2957 = CARTESIAN_POINT('',(0.,0.9));
#2958 = VECTOR('',#2959,1.);
#2959 = DIRECTION('',(1.,0.));
#2960 = ( GEOMETRIC_REPRESENTATION_CONTEXT(2) 
PARAMETRIC_REPRESENTATION_CONTEXT() REPRESENTATION_CONTEXT('2D SPACE',''
  ) );
#2961 = PCURVE('',#2678,#2962);
#2962 = DEFINITIONAL_REPRESENTATION('',(#2963),#2967);
#2963 = CIRCLE('',#2964,0.24);
#2964 = AXIS2_PLACEMENT_2D('',#2965,#2966);
#2965 = CARTESIAN_POINT('',(1.26,-1.26));
#2966 = DIRECTION('',(-0.,-1.));
#2967 = ( GEOMETRIC_REPRESENTATION_CONTEXT(2) 
PARAMETRIC_REPRESENTATION_CONTEXT() REPRESENTATION_CONTEXT('2D SPACE',''
  ) );
#2968 = ORIENTED_EDGE('',*,*,#2634,.F.);
#2969 = ADVANCED_FACE('',(#2970),#2704,.T.);
#2970 = FACE_BOUND('',#2971,.F.);
#2971 = EDGE_LOOP('',(#2972,#2973,#2996,#3022));
#2972 = ORIENTED_EDGE('',*,*,#2720,.T.);
#2973 = ORIENTED_EDGE('',*,*,#2974,.T.);
#2974 = EDGE_CURVE('',#2721,#2975,#2977,.T.);
#2975 = VERTEX_POINT('',#2976);
#2976 = CARTESIAN_POINT('',(6.5,-3.82,2.5));
#2977 = SURFACE_CURVE('',#2978,(#2982,#2989),.PCURVE_S1.);
#2978 = LINE('',#2979,#2980);
#2979 = CARTESIAN_POINT('',(6.5,-3.82,1.6));
#2980 = VECTOR('',#2981,1.);
#2981 = DIRECTION('',(-0.,-0.,1.));
#2982 = PCURVE('',#2704,#2983);
#2983 = DEFINITIONAL_REPRESENTATION('',(#2984),#2988);
#2984 = LINE('',#2985,#2986);
#2985 = CARTESIAN_POINT('',(-1.570796326795,0.));
#2986 = VECTOR('',#2987,1.);
#2987 = DIRECTION('',(-0.,1.));
#2988 = ( GEOMETRIC_REPRESENTATION_CONTEXT(2) 
PARAMETRIC_REPRESENTATION_CONTEXT() REPRESENTATION_CONTEXT('2D SPACE',''
  ) );
#2989 = PCURVE('',#2764,#2990);
#2990 = DEFINITIONAL_REPRESENTATION('',(#2991),#2995);
#2991 = LINE('',#2992,#2993);
#2992 = CARTESIAN_POINT('',(-0.24,0.));
#2993 = VECTOR('',#2994,1.);
#2994 = DIRECTION('',(-0.,-1.));
#2995 = ( GEOMETRIC_REPRESENTATION_CONTEXT(2) 
PARAMETRIC_REPRESENTATION_CONTEXT() REPRESENTATION_CONTEXT('2D SPACE',''
  ) );
#2996 = ORIENTED_EDGE('',*,*,#2997,.F.);
#2997 = EDGE_CURVE('',#2663,#2975,#2998,.T.);
#2998 = SURFACE_CURVE('',#2999,(#3004,#3011),.PCURVE_S1.);
#2999 = CIRCLE('',#3000,0.24);
#3000 = AXIS2_PLACEMENT_3D('',#3001,#3002,#3003);
#3001 = CARTESIAN_POINT('',(6.26,-3.82,2.5));
#3002 = DIRECTION('',(-0.,-0.,-1.));
#3003 = DIRECTION('',(-0.,1.,-0.));
#3004 = PCURVE('',#2704,#3005);
#3005 = DEFINITIONAL_REPRESENTATION('',(#3006),#3010);
#3006 = LINE('',#3007,#3008);
#3007 = CARTESIAN_POINT('',(-0.,0.9));
#3008 = VECTOR('',#3009,1.);
#3009 = DIRECTION('',(-1.,0.));
#3010 = ( GEOMETRIC_REPRESENTATION_CONTEXT(2) 
PARAMETRIC_REPRESENTATION_CONTEXT() REPRESENTATION_CONTEXT('2D SPACE',''
  ) );
#3011 = PCURVE('',#2678,#3012);
#3012 = DEFINITIONAL_REPRESENTATION('',(#3013),#3021);
#3013 = ( BOUNDED_CURVE() B_SPLINE_CURVE(2,(#3014,#3015,#3016,#3017,
#3018,#3019,#3020),.UNSPECIFIED.,.T.,.F.) B_SPLINE_CURVE_WITH_KNOTS((1,2
    ,2,2,2,1),(-2.094395102393,0.,2.094395102393,4.188790204786,
6.28318530718,8.377580409573),.UNSPECIFIED.) CURVE() 
GEOMETRIC_REPRESENTATION_ITEM() RATIONAL_B_SPLINE_CURVE((1.,0.5,1.,0.5,
1.,0.5,1.)) REPRESENTATION_ITEM('') );
#3014 = CARTESIAN_POINT('',(-1.26,-1.5));
#3015 = CARTESIAN_POINT('',(-1.675692193817,-1.5));
#3016 = CARTESIAN_POINT('',(-1.467846096908,-1.14));
#3017 = CARTESIAN_POINT('',(-1.26,-0.78));
#3018 = CARTESIAN_POINT('',(-1.052153903092,-1.14));
#3019 = CARTESIAN_POINT('',(-0.844307806183,-1.5));
#3020 = CARTESIAN_POINT('',(-1.26,-1.5));
#3021 = ( GEOMETRIC_REPRESENTATION_CONTEXT(2) 
PARAMETRIC_REPRESENTATION_CONTEXT() REPRESENTATION_CONTEXT('2D SPACE',''
  ) );
#3022 = ORIENTED_EDGE('',*,*,#2690,.F.);
#3023 = ADVANCED_FACE('',(#3024),#2678,.T.);
#3024 = FACE_BOUND('',#3025,.F.);
#3025 = EDGE_LOOP('',(#3026,#3027,#3028,#3051,#3079,#3102,#3130,#3151));
#3026 = ORIENTED_EDGE('',*,*,#2662,.T.);
#3027 = ORIENTED_EDGE('',*,*,#2997,.T.);
#3028 = ORIENTED_EDGE('',*,*,#3029,.T.);
#3029 = EDGE_CURVE('',#2975,#3030,#3032,.T.);
#3030 = VERTEX_POINT('',#3031);
#3031 = CARTESIAN_POINT('',(6.5,-6.34,2.5));
#3032 = SURFACE_CURVE('',#3033,(#3037,#3044),.PCURVE_S1.);
#3033 = LINE('',#3034,#3035);
#3034 = CARTESIAN_POINT('',(6.5,-3.58,2.5));
#3035 = VECTOR('',#3036,1.);
#3036 = DIRECTION('',(-0.,-1.,-0.));
#3037 = PCURVE('',#2678,#3038);
#3038 = DEFINITIONAL_REPRESENTATION('',(#3039),#3043);
#3039 = LINE('',#3040,#3041);
#3040 = CARTESIAN_POINT('',(-1.5,-1.5));
#3041 = VECTOR('',#3042,1.);
#3042 = DIRECTION('',(-0.,1.));
#3043 = ( GEOMETRIC_REPRESENTATION_CONTEXT(2) 
PARAMETRIC_REPRESENTATION_CONTEXT() REPRESENTATION_CONTEXT('2D SPACE',''
  ) );
#3044 = PCURVE('',#2764,#3045);
#3045 = DEFINITIONAL_REPRESENTATION('',(#3046),#3050);
#3046 = LINE('',#3047,#3048);
#3047 = CARTESIAN_POINT('',(-0.,-0.9));
#3048 = VECTOR('',#3049,1.);
#3049 = DIRECTION('',(-1.,0.));
#3050 = ( GEOMETRIC_REPRESENTATION_CONTEXT(2) 
PARAMETRIC_REPRESENTATION_CONTEXT() REPRESENTATION_CONTEXT('2D SPACE',''
  ) );
#3051 = ORIENTED_EDGE('',*,*,#3052,.T.);
#3052 = EDGE_CURVE('',#3030,#3053,#3055,.T.);
#3053 = VERTEX_POINT('',#3054);
#3054 = CARTESIAN_POINT('',(6.26,-6.58,2.5));
#3055 = SURFACE_CURVE('',#3056,(#3061,#3072),.PCURVE_S1.);
#3056 = CIRCLE('',#3057,0.24);
#3057 = AXIS2_PLACEMENT_3D('',#3058,#3059,#3060);
#3058 = CARTESIAN_POINT('',(6.26,-6.34,2.5));
#3059 = DIRECTION('',(-0.,-0.,-1.));
#3060 = DIRECTION('',(-0.,1.,-0.));
#3061 = PCURVE('',#2678,#3062);
#3062 = DEFINITIONAL_REPRESENTATION('',(#3063),#3071);
#3063 = ( BOUNDED_CURVE() B_SPLINE_CURVE(2,(#3064,#3065,#3066,#3067,
#3068,#3069,#3070),.UNSPECIFIED.,.T.,.F.) B_SPLINE_CURVE_WITH_KNOTS((1,2
    ,2,2,2,1),(-2.094395102393,0.,2.094395102393,4.188790204786,
6.28318530718,8.377580409573),.UNSPECIFIED.) CURVE() 
GEOMETRIC_REPRESENTATION_ITEM() RATIONAL_B_SPLINE_CURVE((1.,0.5,1.,0.5,
1.,0.5,1.)) REPRESENTATION_ITEM('') );
#3064 = CARTESIAN_POINT('',(-1.26,1.02));
#3065 = CARTESIAN_POINT('',(-1.675692193817,1.02));
#3066 = CARTESIAN_POINT('',(-1.467846096908,1.38));
#3067 = CARTESIAN_POINT('',(-1.26,1.74));
#3068 = CARTESIAN_POINT('',(-1.052153903092,1.38));
#3069 = CARTESIAN_POINT('',(-0.844307806183,1.02));
#3070 = CARTESIAN_POINT('',(-1.26,1.02));
#3071 = ( GEOMETRIC_REPRESENTATION_CONTEXT(2) 
PARAMETRIC_REPRESENTATION_CONTEXT() REPRESENTATION_CONTEXT('2D SPACE',''
  ) );
#3072 = PCURVE('',#2797,#3073);
#3073 = DEFINITIONAL_REPRESENTATION('',(#3074),#3078);
#3074 = LINE('',#3075,#3076);
#3075 = CARTESIAN_POINT('',(1.570796326795,0.9));
#3076 = VECTOR('',#3077,1.);
#3077 = DIRECTION('',(-1.,0.));
#3078 = ( GEOMETRIC_REPRESENTATION_CONTEXT(2) 
PARAMETRIC_REPRESENTATION_CONTEXT() REPRESENTATION_CONTEXT('2D SPACE',''
  ) );
#3079 = ORIENTED_EDGE('',*,*,#3080,.T.);
#3080 = EDGE_CURVE('',#3053,#3081,#3083,.T.);
#3081 = VERTEX_POINT('',#3082);
#3082 = CARTESIAN_POINT('',(3.74,-6.58,2.5));
#3083 = SURFACE_CURVE('',#3084,(#3088,#3095),.PCURVE_S1.);
#3084 = LINE('',#3085,#3086);
#3085 = CARTESIAN_POINT('',(6.5,-6.58,2.5));
#3086 = VECTOR('',#3087,1.);
#3087 = DIRECTION('',(-1.,-0.,-0.));
#3088 = PCURVE('',#2678,#3089);
#3089 = DEFINITIONAL_REPRESENTATION('',(#3090),#3094);
#3090 = LINE('',#3091,#3092);
#3091 = CARTESIAN_POINT('',(-1.5,1.5));
#3092 = VECTOR('',#3093,1.);
#3093 = DIRECTION('',(1.,-0.));
#3094 = ( GEOMETRIC_REPRESENTATION_CONTEXT(2) 
PARAMETRIC_REPRESENTATION_CONTEXT() REPRESENTATION_CONTEXT('2D SPACE',''
  ) );
#3095 = PCURVE('',#2825,#3096);
#3096 = DEFINITIONAL_REPRESENTATION('',(#3097),#3101);
#3097 = LINE('',#3098,#3099);
#3098 = CARTESIAN_POINT('',(-0.,-0.9));
#3099 = VECTOR('',#3100,1.);
#3100 = DIRECTION('',(-1.,0.));
#3101 = ( GEOMETRIC_REPRESENTATION_CONTEXT(2) 
PARAMETRIC_REPRESENTATION_CONTEXT() REPRESENTATION_CONTEXT('2D SPACE',''
  ) );
#3102 = ORIENTED_EDGE('',*,*,#3103,.T.);
#3103 = EDGE_CURVE('',#3081,#3104,#3106,.T.);
#3104 = VERTEX_POINT('',#3105);
#3105 = CARTESIAN_POINT('',(3.5,-6.34,2.5));
#3106 = SURFACE_CURVE('',#3107,(#3112,#3123),.PCURVE_S1.);
#3107 = CIRCLE('',#3108,0.24);
#3108 = AXIS2_PLACEMENT_3D('',#3109,#3110,#3111);
#3109 = CARTESIAN_POINT('',(3.74,-6.34,2.5));
#3110 = DIRECTION('',(-0.,-0.,-1.));
#3111 = DIRECTION('',(-0.,1.,-0.));
#3112 = PCURVE('',#2678,#3113);
#3113 = DEFINITIONAL_REPRESENTATION('',(#3114),#3122);
#3114 = ( BOUNDED_CURVE() B_SPLINE_CURVE(2,(#3115,#3116,#3117,#3118,
#3119,#3120,#3121),.UNSPECIFIED.,.T.,.F.) B_SPLINE_CURVE_WITH_KNOTS((1,2
    ,2,2,2,1),(-2.094395102393,0.,2.094395102393,4.188790204786,
6.28318530718,8.377580409573),.UNSPECIFIED.) CURVE() 
GEOMETRIC_REPRESENTATION_ITEM() RATIONAL_B_SPLINE_CURVE((1.,0.5,1.,0.5,
1.,0.5,1.)) REPRESENTATION_ITEM('') );
#3115 = CARTESIAN_POINT('',(1.26,1.02));
#3116 = CARTESIAN_POINT('',(0.844307806183,1.02));
#3117 = CARTESIAN_POINT('',(1.052153903092,1.38));
#3118 = CARTESIAN_POINT('',(1.26,1.74));
#3119 = CARTESIAN_POINT('',(1.467846096908,1.38));
#3120 = CARTESIAN_POINT('',(1.675692193817,1.02));
#3121 = CARTESIAN_POINT('',(1.26,1.02));
#3122 = ( GEOMETRIC_REPRESENTATION_CONTEXT(2) 
PARAMETRIC_REPRESENTATION_CONTEXT() REPRESENTATION_CONTEXT('2D SPACE',''
  ) );
#3123 = PCURVE('',#2858,#3124);
#3124 = DEFINITIONAL_REPRESENTATION('',(#3125),#3129);
#3125 = LINE('',#3126,#3127);
#3126 = CARTESIAN_POINT('',(3.14159265359,0.9));
#3127 = VECTOR('',#3128,1.);
#3128 = DIRECTION('',(-1.,0.));
#3129 = ( GEOMETRIC_REPRESENTATION_CONTEXT(2) 
PARAMETRIC_REPRESENTATION_CONTEXT() REPRESENTATION_CONTEXT('2D SPACE',''
  ) );
#3130 = ORIENTED_EDGE('',*,*,#3131,.T.);
#3131 = EDGE_CURVE('',#3104,#2925,#3132,.T.);
#3132 = SURFACE_CURVE('',#3133,(#3137,#3144),.PCURVE_S1.);
#3133 = LINE('',#3134,#3135);
#3134 = CARTESIAN_POINT('',(3.5,-6.58,2.5));
#3135 = VECTOR('',#3136,1.);
#3136 = DIRECTION('',(-0.,1.,-0.));
#3137 = PCURVE('',#2678,#3138);
#3138 = DEFINITIONAL_REPRESENTATION('',(#3139),#3143);
#3139 = LINE('',#3140,#3141);
#3140 = CARTESIAN_POINT('',(1.5,1.5));
#3141 = VECTOR('',#3142,1.);
#3142 = DIRECTION('',(-0.,-1.));
#3143 = ( GEOMETRIC_REPRESENTATION_CONTEXT(2) 
PARAMETRIC_REPRESENTATION_CONTEXT() REPRESENTATION_CONTEXT('2D SPACE',''
  ) );
#3144 = PCURVE('',#2886,#3145);
#3145 = DEFINITIONAL_REPRESENTATION('',(#3146),#3150);
#3146 = LINE('',#3147,#3148);
#3147 = CARTESIAN_POINT('',(-0.,-0.9));
#3148 = VECTOR('',#3149,1.);
#3149 = DIRECTION('',(-1.,-0.));
#3150 = ( GEOMETRIC_REPRESENTATION_CONTEXT(2) 
PARAMETRIC_REPRESENTATION_CONTEXT() REPRESENTATION_CONTEXT('2D SPACE',''
  ) );
#3151 = ORIENTED_EDGE('',*,*,#2947,.F.);
#3152 = ADVANCED_FACE('',(#3153),#2886,.F.);
#3153 = FACE_BOUND('',#3154,.T.);
#3154 = EDGE_LOOP('',(#3155,#3156,#3177,#3178));
#3155 = ORIENTED_EDGE('',*,*,#2870,.F.);
#3156 = ORIENTED_EDGE('',*,*,#3157,.T.);
#3157 = EDGE_CURVE('',#2838,#3104,#3158,.T.);
#3158 = SURFACE_CURVE('',#3159,(#3163,#3170),.PCURVE_S1.);
#3159 = LINE('',#3160,#3161);
#3160 = CARTESIAN_POINT('',(3.5,-6.34,1.6));
#3161 = VECTOR('',#3162,1.);
#3162 = DIRECTION('',(-0.,-0.,1.));
#3163 = PCURVE('',#2886,#3164);
#3164 = DEFINITIONAL_REPRESENTATION('',(#3165),#3169);
#3165 = LINE('',#3166,#3167);
#3166 = CARTESIAN_POINT('',(-0.24,0.));
#3167 = VECTOR('',#3168,1.);
#3168 = DIRECTION('',(-0.,-1.));
#3169 = ( GEOMETRIC_REPRESENTATION_CONTEXT(2) 
PARAMETRIC_REPRESENTATION_CONTEXT() REPRESENTATION_CONTEXT('2D SPACE',''
  ) );
#3170 = PCURVE('',#2858,#3171);
#3171 = DEFINITIONAL_REPRESENTATION('',(#3172),#3176);
#3172 = LINE('',#3173,#3174);
#3173 = CARTESIAN_POINT('',(-1.570796326795,0.));
#3174 = VECTOR('',#3175,1.);
#3175 = DIRECTION('',(-0.,1.));
#3176 = ( GEOMETRIC_REPRESENTATION_CONTEXT(2) 
PARAMETRIC_REPRESENTATION_CONTEXT() REPRESENTATION_CONTEXT('2D SPACE',''
  ) );
#3177 = ORIENTED_EDGE('',*,*,#3131,.T.);
#3178 = ORIENTED_EDGE('',*,*,#2924,.F.);
#3179 = ADVANCED_FACE('',(#3180),#2764,.F.);
#3180 = FACE_BOUND('',#3181,.T.);
#3181 = EDGE_LOOP('',(#3182,#3183,#3184,#3185));
#3182 = ORIENTED_EDGE('',*,*,#2748,.F.);
#3183 = ORIENTED_EDGE('',*,*,#2974,.T.);
#3184 = ORIENTED_EDGE('',*,*,#3029,.T.);
#3185 = ORIENTED_EDGE('',*,*,#3186,.F.);
#3186 = EDGE_CURVE('',#2749,#3030,#3187,.T.);
#3187 = SURFACE_CURVE('',#3188,(#3192,#3199),.PCURVE_S1.);
#3188 = LINE('',#3189,#3190);
#3189 = CARTESIAN_POINT('',(6.5,-6.34,1.6));
#3190 = VECTOR('',#3191,1.);
#3191 = DIRECTION('',(-0.,-0.,1.));
#3192 = PCURVE('',#2764,#3193);
#3193 = DEFINITIONAL_REPRESENTATION('',(#3194),#3198);
#3194 = LINE('',#3195,#3196);
#3195 = CARTESIAN_POINT('',(-2.76,0.));
#3196 = VECTOR('',#3197,1.);
#3197 = DIRECTION('',(-0.,-1.));
#3198 = ( GEOMETRIC_REPRESENTATION_CONTEXT(2) 
PARAMETRIC_REPRESENTATION_CONTEXT() REPRESENTATION_CONTEXT('2D SPACE',''
  ) );
#3199 = PCURVE('',#2797,#3200);
#3200 = DEFINITIONAL_REPRESENTATION('',(#3201),#3205);
#3201 = LINE('',#3202,#3203);
#3202 = CARTESIAN_POINT('',(-0.,0.));
#3203 = VECTOR('',#3204,1.);
#3204 = DIRECTION('',(-0.,1.));
#3205 = ( GEOMETRIC_REPRESENTATION_CONTEXT(2) 
PARAMETRIC_REPRESENTATION_CONTEXT() REPRESENTATION_CONTEXT('2D SPACE',''
  ) );
#3206 = ADVANCED_FACE('',(#3207),#2858,.T.);
#3207 = FACE_BOUND('',#3208,.F.);
#3208 = EDGE_LOOP('',(#3209,#3210,#3211,#3212));
#3209 = ORIENTED_EDGE('',*,*,#2837,.T.);
#3210 = ORIENTED_EDGE('',*,*,#3157,.T.);
#3211 = ORIENTED_EDGE('',*,*,#3103,.F.);
#3212 = ORIENTED_EDGE('',*,*,#3213,.F.);
#3213 = EDGE_CURVE('',#2810,#3081,#3214,.T.);
#3214 = SURFACE_CURVE('',#3215,(#3219,#3226),.PCURVE_S1.);
#3215 = LINE('',#3216,#3217);
#3216 = CARTESIAN_POINT('',(3.74,-6.58,1.6));
#3217 = VECTOR('',#3218,1.);
#3218 = DIRECTION('',(-0.,-0.,1.));
#3219 = PCURVE('',#2858,#3220);
#3220 = DEFINITIONAL_REPRESENTATION('',(#3221),#3225);
#3221 = LINE('',#3222,#3223);
#3222 = CARTESIAN_POINT('',(-0.,0.));
#3223 = VECTOR('',#3224,1.);
#3224 = DIRECTION('',(-0.,1.));
#3225 = ( GEOMETRIC_REPRESENTATION_CONTEXT(2) 
PARAMETRIC_REPRESENTATION_CONTEXT() REPRESENTATION_CONTEXT('2D SPACE',''
  ) );
#3226 = PCURVE('',#2825,#3227);
#3227 = DEFINITIONAL_REPRESENTATION('',(#3228),#3232);
#3228 = LINE('',#3229,#3230);
#3229 = CARTESIAN_POINT('',(-2.76,0.));
#3230 = VECTOR('',#3231,1.);
#3231 = DIRECTION('',(-0.,-1.));
#3232 = ( GEOMETRIC_REPRESENTATION_CONTEXT(2) 
PARAMETRIC_REPRESENTATION_CONTEXT() REPRESENTATION_CONTEXT('2D SPACE',''
  ) );
#3233 = ADVANCED_FACE('',(#3234),#2797,.T.);
#3234 = FACE_BOUND('',#3235,.F.);
#3235 = EDGE_LOOP('',(#3236,#3237,#3258,#3259));
#3236 = ORIENTED_EDGE('',*,*,#2776,.T.);
#3237 = ORIENTED_EDGE('',*,*,#3238,.T.);
#3238 = EDGE_CURVE('',#2777,#3053,#3239,.T.);
#3239 = SURFACE_CURVE('',#3240,(#3244,#3251),.PCURVE_S1.);
#3240 = LINE('',#3241,#3242);
#3241 = CARTESIAN_POINT('',(6.26,-6.58,1.6));
#3242 = VECTOR('',#3243,1.);
#3243 = DIRECTION('',(-0.,-0.,1.));
#3244 = PCURVE('',#2797,#3245);
#3245 = DEFINITIONAL_REPRESENTATION('',(#3246),#3250);
#3246 = LINE('',#3247,#3248);
#3247 = CARTESIAN_POINT('',(-1.570796326795,0.));
#3248 = VECTOR('',#3249,1.);
#3249 = DIRECTION('',(-0.,1.));
#3250 = ( GEOMETRIC_REPRESENTATION_CONTEXT(2) 
PARAMETRIC_REPRESENTATION_CONTEXT() REPRESENTATION_CONTEXT('2D SPACE',''
  ) );
#3251 = PCURVE('',#2825,#3252);
#3252 = DEFINITIONAL_REPRESENTATION('',(#3253),#3257);
#3253 = LINE('',#3254,#3255);
#3254 = CARTESIAN_POINT('',(-0.24,0.));
#3255 = VECTOR('',#3256,1.);
#3256 = DIRECTION('',(-0.,-1.));
#3257 = ( GEOMETRIC_REPRESENTATION_CONTEXT(2) 
PARAMETRIC_REPRESENTATION_CONTEXT() REPRESENTATION_CONTEXT('2D SPACE',''
  ) );
#3258 = ORIENTED_EDGE('',*,*,#3052,.F.);
#3259 = ORIENTED_EDGE('',*,*,#3186,.F.);
#3260 = ADVANCED_FACE('',(#3261),#2825,.F.);
#3261 = FACE_BOUND('',#3262,.T.);
#3262 = EDGE_LOOP('',(#3263,#3264,#3265,#3266));
#3263 = ORIENTED_EDGE('',*,*,#2809,.F.);
#3264 = ORIENTED_EDGE('',*,*,#3238,.T.);
#3265 = ORIENTED_EDGE('',*,*,#3080,.T.);
#3266 = ORIENTED_EDGE('',*,*,#3213,.F.);
#3267 = ( GEOMETRIC_REPRESENTATION_CONTEXT(3) 
GLOBAL_UNCERTAINTY_ASSIGNED_CONTEXT((#3271)) 
GLOBAL_UNIT_ASSIGNED_CONTEXT((#3268,#3269,#3270)) REPRESENTATION_CONTEXT
('Context #1','3D Context with UNIT and UNCERTAINTY') );
#3268 = ( LENGTH_UNIT() NAMED_UNIT(*) SI_UNIT(.MILLI.,.METRE.) );
#3269 = ( NAMED_UNIT(*) PLANE_ANGLE_UNIT() SI_UNIT($,.RADIAN.) );
#3270 = ( NAMED_UNIT(*) SI_UNIT($,.STERADIAN.) SOLID_ANGLE_UNIT() );
#3271 = UNCERTAINTY_MEASURE_WITH_UNIT(LENGTH_MEASURE(1.E-07),#3268,
  'distance_accuracy_value','confusion accuracy');
#3272 = CONTEXT_DEPENDENT_SHAPE_REPRESENTATION(#3273,#3275);
#3273 = ( REPRESENTATION_RELATIONSHIP('','',#2592,#10) 
REPRESENTATION_RELATIONSHIP_WITH_TRANSFORMATION(#3274) 
SHAPE_REPRESENTATION_RELATIONSHIP() );
#3274 = ITEM_DEFINED_TRANSFORMATION('','',#11,#47);
#3275 = PRODUCT_DEFINITION_SHAPE('Placement','Placement of an item',
  #3276);
#3276 = NEXT_ASSEMBLY_USAGE_OCCURRENCE('29','QMC5883L','',#5,#2587,$);
#3277 = PRODUCT_RELATED_PRODUCT_CATEGORY('part',$,(#2589));
#3278 = SHAPE_DEFINITION_REPRESENTATION(#3279,#3285);
#3279 = PRODUCT_DEFINITION_SHAPE('','',#3280);
#3280 = PRODUCT_DEFINITION('design','',#3281,#3284);
#3281 = PRODUCT_DEFINITION_FORMATION('','',#3282);
#3282 = PRODUCT('LDO','LDO','',(#3283));
#3283 = PRODUCT_CONTEXT('',#2,'mechanical');
#3284 = PRODUCT_DEFINITION_CONTEXT('part definition',#2,'design');
#3285 = ADVANCED_BREP_SHAPE_REPRESENTATION('',(#11,#3286),#3960);
#3286 = MANIFOLD_SOLID_BREP('',#3287);
#3287 = CLOSED_SHELL('',(#3288,#3408,#3612,#3662,#3716,#3845,#3872,#3899
    ,#3926,#3953));
#3288 = ADVANCED_FACE('',(#3289),#3303,.F.);
#3289 = FACE_BOUND('',#3290,.T.);
#3290 = EDGE_LOOP('',(#3291,#3326,#3354,#3382));
#3291 = ORIENTED_EDGE('',*,*,#3292,.F.);
#3292 = EDGE_CURVE('',#3293,#3295,#3297,.T.);
#3293 = VERTEX_POINT('',#3294);
#3294 = CARTESIAN_POINT('',(7.828,-3.63,1.6));
#3295 = VERTEX_POINT('',#3296);
#3296 = CARTESIAN_POINT('',(9.172,-3.63,1.6));
#3297 = SURFACE_CURVE('',#3298,(#3302,#3314),.PCURVE_S1.);
#3298 = LINE('',#3299,#3300);
#3299 = CARTESIAN_POINT('',(7.7,-3.63,1.6));
#3300 = VECTOR('',#3301,1.);
#3301 = DIRECTION('',(1.,-0.,-0.));
#3302 = PCURVE('',#3303,#3308);
#3303 = PLANE('',#3304);
#3304 = AXIS2_PLACEMENT_3D('',#3305,#3306,#3307);
#3305 = CARTESIAN_POINT('',(7.7,-3.63,1.6));
#3306 = DIRECTION('',(-0.,-1.,-0.));
#3307 = DIRECTION('',(-1.,0.,0.));
#3308 = DEFINITIONAL_REPRESENTATION('',(#3309),#3313);
#3309 = LINE('',#3310,#3311);
#3310 = CARTESIAN_POINT('',(-0.,-0.));
#3311 = VECTOR('',#3312,1.);
#3312 = DIRECTION('',(-1.,-0.));
#3313 = ( GEOMETRIC_REPRESENTATION_CONTEXT(2) 
PARAMETRIC_REPRESENTATION_CONTEXT() REPRESENTATION_CONTEXT('2D SPACE',''
  ) );
#3314 = PCURVE('',#3315,#3320);
#3315 = PLANE('',#3316);
#3316 = AXIS2_PLACEMENT_3D('',#3317,#3318,#3319);
#3317 = CARTESIAN_POINT('',(8.5,-5.08,1.6));
#3318 = DIRECTION('',(-0.,-0.,1.));
#3319 = DIRECTION('',(-1.,0.,0.));
#3320 = DEFINITIONAL_REPRESENTATION('',(#3321),#3325);
#3321 = LINE('',#3322,#3323);
#3322 = CARTESIAN_POINT('',(0.8,-1.45));
#3323 = VECTOR('',#3324,1.);
#3324 = DIRECTION('',(-1.,0.));
#3325 = ( GEOMETRIC_REPRESENTATION_CONTEXT(2) 
PARAMETRIC_REPRESENTATION_CONTEXT() REPRESENTATION_CONTEXT('2D SPACE',''
  ) );
#3326 = ORIENTED_EDGE('',*,*,#3327,.T.);
#3327 = EDGE_CURVE('',#3293,#3328,#3330,.T.);
#3328 = VERTEX_POINT('',#3329);
#3329 = CARTESIAN_POINT('',(7.828,-3.63,2.7));
#3330 = SURFACE_CURVE('',#3331,(#3335,#3342),.PCURVE_S1.);
#3331 = LINE('',#3332,#3333);
#3332 = CARTESIAN_POINT('',(7.828,-3.63,1.6));
#3333 = VECTOR('',#3334,1.);
#3334 = DIRECTION('',(-0.,-0.,1.));
#3335 = PCURVE('',#3303,#3336);
#3336 = DEFINITIONAL_REPRESENTATION('',(#3337),#3341);
#3337 = LINE('',#3338,#3339);
#3338 = CARTESIAN_POINT('',(-0.128,-0.));
#3339 = VECTOR('',#3340,1.);
#3340 = DIRECTION('',(-0.,-1.));
#3341 = ( GEOMETRIC_REPRESENTATION_CONTEXT(2) 
PARAMETRIC_REPRESENTATION_CONTEXT() REPRESENTATION_CONTEXT('2D SPACE',''
  ) );
#3342 = PCURVE('',#3343,#3348);
#3343 = CYLINDRICAL_SURFACE('',#3344,0.128);
#3344 = AXIS2_PLACEMENT_3D('',#3345,#3346,#3347);
#3345 = CARTESIAN_POINT('',(7.828,-3.758,1.6));
#3346 = DIRECTION('',(-0.,-0.,1.));
#3347 = DIRECTION('',(-0.,1.,-0.));
#3348 = DEFINITIONAL_REPRESENTATION('',(#3349),#3353);
#3349 = LINE('',#3350,#3351);
#3350 = CARTESIAN_POINT('',(0.,0.));
#3351 = VECTOR('',#3352,1.);
#3352 = DIRECTION('',(0.,1.));
#3353 = ( GEOMETRIC_REPRESENTATION_CONTEXT(2) 
PARAMETRIC_REPRESENTATION_CONTEXT() REPRESENTATION_CONTEXT('2D SPACE',''
  ) );
#3354 = ORIENTED_EDGE('',*,*,#3355,.T.);
#3355 = EDGE_CURVE('',#3328,#3356,#3358,.T.);
#3356 = VERTEX_POINT('',#3357);
#3357 = CARTESIAN_POINT('',(9.172,-3.63,2.7));
#3358 = SURFACE_CURVE('',#3359,(#3363,#3370),.PCURVE_S1.);
#3359 = LINE('',#3360,#3361);
#3360 = CARTESIAN_POINT('',(7.7,-3.63,2.7));
#3361 = VECTOR('',#3362,1.);
#3362 = DIRECTION('',(1.,-0.,-0.));
#3363 = PCURVE('',#3303,#3364);
#3364 = DEFINITIONAL_REPRESENTATION('',(#3365),#3369);
#3365 = LINE('',#3366,#3367);
#3366 = CARTESIAN_POINT('',(-0.,-1.1));
#3367 = VECTOR('',#3368,1.);
#3368 = DIRECTION('',(-1.,-0.));
#3369 = ( GEOMETRIC_REPRESENTATION_CONTEXT(2) 
PARAMETRIC_REPRESENTATION_CONTEXT() REPRESENTATION_CONTEXT('2D SPACE',''
  ) );
#3370 = PCURVE('',#3371,#3376);
#3371 = PLANE('',#3372);
#3372 = AXIS2_PLACEMENT_3D('',#3373,#3374,#3375);
#3373 = CARTESIAN_POINT('',(8.5,-5.08,2.7));
#3374 = DIRECTION('',(-0.,-0.,1.));
#3375 = DIRECTION('',(-1.,0.,0.));
#3376 = DEFINITIONAL_REPRESENTATION('',(#3377),#3381);
#3377 = LINE('',#3378,#3379);
#3378 = CARTESIAN_POINT('',(0.8,-1.45));
#3379 = VECTOR('',#3380,1.);
#3380 = DIRECTION('',(-1.,0.));
#3381 = ( GEOMETRIC_REPRESENTATION_CONTEXT(2) 
PARAMETRIC_REPRESENTATION_CONTEXT() REPRESENTATION_CONTEXT('2D SPACE',''
  ) );
#3382 = ORIENTED_EDGE('',*,*,#3383,.F.);
#3383 = EDGE_CURVE('',#3295,#3356,#3384,.T.);
#3384 = SURFACE_CURVE('',#3385,(#3389,#3396),.PCURVE_S1.);
#3385 = LINE('',#3386,#3387);
#3386 = CARTESIAN_POINT('',(9.172,-3.63,1.6));
#3387 = VECTOR('',#3388,1.);
#3388 = DIRECTION('',(-0.,-0.,1.));
#3389 = PCURVE('',#3303,#3390);
#3390 = DEFINITIONAL_REPRESENTATION('',(#3391),#3395);
#3391 = LINE('',#3392,#3393);
#3392 = CARTESIAN_POINT('',(-1.472,-0.));
#3393 = VECTOR('',#3394,1.);
#3394 = DIRECTION('',(-0.,-1.));
#3395 = ( GEOMETRIC_REPRESENTATION_CONTEXT(2) 
PARAMETRIC_REPRESENTATION_CONTEXT() REPRESENTATION_CONTEXT('2D SPACE',''
  ) );
#3396 = PCURVE('',#3397,#3402);
#3397 = CYLINDRICAL_SURFACE('',#3398,0.128);
#3398 = AXIS2_PLACEMENT_3D('',#3399,#3400,#3401);
#3399 = CARTESIAN_POINT('',(9.172,-3.758,1.6));
#3400 = DIRECTION('',(-0.,-0.,1.));
#3401 = DIRECTION('',(-0.,1.,-0.));
#3402 = DEFINITIONAL_REPRESENTATION('',(#3403),#3407);
#3403 = LINE('',#3404,#3405);
#3404 = CARTESIAN_POINT('',(-0.,0.));
#3405 = VECTOR('',#3406,1.);
#3406 = DIRECTION('',(-0.,1.));
#3407 = ( GEOMETRIC_REPRESENTATION_CONTEXT(2) 
PARAMETRIC_REPRESENTATION_CONTEXT() REPRESENTATION_CONTEXT('2D SPACE',''
  ) );
#3408 = ADVANCED_FACE('',(#3409),#3315,.F.);
#3409 = FACE_BOUND('',#3410,.T.);
#3410 = EDGE_LOOP('',(#3411,#3412,#3440,#3468,#3501,#3529,#3562,#3590));
#3411 = ORIENTED_EDGE('',*,*,#3292,.T.);
#3412 = ORIENTED_EDGE('',*,*,#3413,.T.);
#3413 = EDGE_CURVE('',#3295,#3414,#3416,.T.);
#3414 = VERTEX_POINT('',#3415);
#3415 = CARTESIAN_POINT('',(9.3,-3.758,1.6));
#3416 = SURFACE_CURVE('',#3417,(#3422,#3433),.PCURVE_S1.);
#3417 = CIRCLE('',#3418,0.128);
#3418 = AXIS2_PLACEMENT_3D('',#3419,#3420,#3421);
#3419 = CARTESIAN_POINT('',(9.172,-3.758,1.6));
#3420 = DIRECTION('',(-0.,-0.,-1.));
#3421 = DIRECTION('',(-0.,1.,-0.));
#3422 = PCURVE('',#3315,#3423);
#3423 = DEFINITIONAL_REPRESENTATION('',(#3424),#3432);
#3424 = ( BOUNDED_CURVE() B_SPLINE_CURVE(2,(#3425,#3426,#3427,#3428,
#3429,#3430,#3431),.UNSPECIFIED.,.T.,.F.) B_SPLINE_CURVE_WITH_KNOTS((1,2
    ,2,2,2,1),(-2.094395102393,0.,2.094395102393,4.188790204786,
6.28318530718,8.377580409573),.UNSPECIFIED.) CURVE() 
GEOMETRIC_REPRESENTATION_ITEM() RATIONAL_B_SPLINE_CURVE((1.,0.5,1.,0.5,
1.,0.5,1.)) REPRESENTATION_ITEM('') );
#3425 = CARTESIAN_POINT('',(-0.672,-1.45));
#3426 = CARTESIAN_POINT('',(-0.893702503369,-1.45));
#3427 = CARTESIAN_POINT('',(-0.782851251684,-1.258));
#3428 = CARTESIAN_POINT('',(-0.672,-1.066));
#3429 = CARTESIAN_POINT('',(-0.561148748316,-1.258));
#3430 = CARTESIAN_POINT('',(-0.450297496631,-1.45));
#3431 = CARTESIAN_POINT('',(-0.672,-1.45));
#3432 = ( GEOMETRIC_REPRESENTATION_CONTEXT(2) 
PARAMETRIC_REPRESENTATION_CONTEXT() REPRESENTATION_CONTEXT('2D SPACE',''
  ) );
#3433 = PCURVE('',#3397,#3434);
#3434 = DEFINITIONAL_REPRESENTATION('',(#3435),#3439);
#3435 = LINE('',#3436,#3437);
#3436 = CARTESIAN_POINT('',(-0.,0.));
#3437 = VECTOR('',#3438,1.);
#3438 = DIRECTION('',(-1.,0.));
#3439 = ( GEOMETRIC_REPRESENTATION_CONTEXT(2) 
PARAMETRIC_REPRESENTATION_CONTEXT() REPRESENTATION_CONTEXT('2D SPACE',''
  ) );
#3440 = ORIENTED_EDGE('',*,*,#3441,.T.);
#3441 = EDGE_CURVE('',#3414,#3442,#3444,.T.);
#3442 = VERTEX_POINT('',#3443);
#3443 = CARTESIAN_POINT('',(9.3,-6.402,1.6));
#3444 = SURFACE_CURVE('',#3445,(#3449,#3456),.PCURVE_S1.);
#3445 = LINE('',#3446,#3447);
#3446 = CARTESIAN_POINT('',(9.3,-3.63,1.6));
#3447 = VECTOR('',#3448,1.);
#3448 = DIRECTION('',(-0.,-1.,-0.));
#3449 = PCURVE('',#3315,#3450);
#3450 = DEFINITIONAL_REPRESENTATION('',(#3451),#3455);
#3451 = LINE('',#3452,#3453);
#3452 = CARTESIAN_POINT('',(-0.8,-1.45));
#3453 = VECTOR('',#3454,1.);
#3454 = DIRECTION('',(-0.,1.));
#3455 = ( GEOMETRIC_REPRESENTATION_CONTEXT(2) 
PARAMETRIC_REPRESENTATION_CONTEXT() REPRESENTATION_CONTEXT('2D SPACE',''
  ) );
#3456 = PCURVE('',#3457,#3462);
#3457 = PLANE('',#3458);
#3458 = AXIS2_PLACEMENT_3D('',#3459,#3460,#3461);
#3459 = CARTESIAN_POINT('',(9.3,-3.63,1.6));
#3460 = DIRECTION('',(-1.,-0.,-0.));
#3461 = DIRECTION('',(0.,1.,0.));
#3462 = DEFINITIONAL_REPRESENTATION('',(#3463),#3467);
#3463 = LINE('',#3464,#3465);
#3464 = CARTESIAN_POINT('',(-0.,-0.));
#3465 = VECTOR('',#3466,1.);
#3466 = DIRECTION('',(-1.,0.));
#3467 = ( GEOMETRIC_REPRESENTATION_CONTEXT(2) 
PARAMETRIC_REPRESENTATION_CONTEXT() REPRESENTATION_CONTEXT('2D SPACE',''
  ) );
#3468 = ORIENTED_EDGE('',*,*,#3469,.T.);
#3469 = EDGE_CURVE('',#3442,#3470,#3472,.T.);
#3470 = VERTEX_POINT('',#3471);
#3471 = CARTESIAN_POINT('',(9.172,-6.53,1.6));
#3472 = SURFACE_CURVE('',#3473,(#3478,#3489),.PCURVE_S1.);
#3473 = CIRCLE('',#3474,0.128);
#3474 = AXIS2_PLACEMENT_3D('',#3475,#3476,#3477);
#3475 = CARTESIAN_POINT('',(9.172,-6.402,1.6));
#3476 = DIRECTION('',(-0.,-0.,-1.));
#3477 = DIRECTION('',(-0.,1.,-0.));
#3478 = PCURVE('',#3315,#3479);
#3479 = DEFINITIONAL_REPRESENTATION('',(#3480),#3488);
#3480 = ( BOUNDED_CURVE() B_SPLINE_CURVE(2,(#3481,#3482,#3483,#3484,
#3485,#3486,#3487),.UNSPECIFIED.,.T.,.F.) B_SPLINE_CURVE_WITH_KNOTS((1,2
    ,2,2,2,1),(-2.094395102393,0.,2.094395102393,4.188790204786,
6.28318530718,8.377580409573),.UNSPECIFIED.) CURVE() 
GEOMETRIC_REPRESENTATION_ITEM() RATIONAL_B_SPLINE_CURVE((1.,0.5,1.,0.5,
1.,0.5,1.)) REPRESENTATION_ITEM('') );
#3481 = CARTESIAN_POINT('',(-0.672,1.194));
#3482 = CARTESIAN_POINT('',(-0.893702503369,1.194));
#3483 = CARTESIAN_POINT('',(-0.782851251684,1.386));
#3484 = CARTESIAN_POINT('',(-0.672,1.578));
#3485 = CARTESIAN_POINT('',(-0.561148748316,1.386));
#3486 = CARTESIAN_POINT('',(-0.450297496631,1.194));
#3487 = CARTESIAN_POINT('',(-0.672,1.194));
#3488 = ( GEOMETRIC_REPRESENTATION_CONTEXT(2) 
PARAMETRIC_REPRESENTATION_CONTEXT() REPRESENTATION_CONTEXT('2D SPACE',''
  ) );
#3489 = PCURVE('',#3490,#3495);
#3490 = CYLINDRICAL_SURFACE('',#3491,0.128);
#3491 = AXIS2_PLACEMENT_3D('',#3492,#3493,#3494);
#3492 = CARTESIAN_POINT('',(9.172,-6.402,1.6));
#3493 = DIRECTION('',(-0.,-0.,1.));
#3494 = DIRECTION('',(1.,-0.,-0.));
#3495 = DEFINITIONAL_REPRESENTATION('',(#3496),#3500);
#3496 = LINE('',#3497,#3498);
#3497 = CARTESIAN_POINT('',(1.570796326795,-0.));
#3498 = VECTOR('',#3499,1.);
#3499 = DIRECTION('',(-1.,0.));
#3500 = ( GEOMETRIC_REPRESENTATION_CONTEXT(2) 
PARAMETRIC_REPRESENTATION_CONTEXT() REPRESENTATION_CONTEXT('2D SPACE',''
  ) );
#3501 = ORIENTED_EDGE('',*,*,#3502,.T.);
#3502 = EDGE_CURVE('',#3470,#3503,#3505,.T.);
#3503 = VERTEX_POINT('',#3504);
#3504 = CARTESIAN_POINT('',(7.828,-6.53,1.6));
#3505 = SURFACE_CURVE('',#3506,(#3510,#3517),.PCURVE_S1.);
#3506 = LINE('',#3507,#3508);
#3507 = CARTESIAN_POINT('',(9.3,-6.53,1.6));
#3508 = VECTOR('',#3509,1.);
#3509 = DIRECTION('',(-1.,-0.,-0.));
#3510 = PCURVE('',#3315,#3511);
#3511 = DEFINITIONAL_REPRESENTATION('',(#3512),#3516);
#3512 = LINE('',#3513,#3514);
#3513 = CARTESIAN_POINT('',(-0.8,1.45));
#3514 = VECTOR('',#3515,1.);
#3515 = DIRECTION('',(1.,-0.));
#3516 = ( GEOMETRIC_REPRESENTATION_CONTEXT(2) 
PARAMETRIC_REPRESENTATION_CONTEXT() REPRESENTATION_CONTEXT('2D SPACE',''
  ) );
#3517 = PCURVE('',#3518,#3523);
#3518 = PLANE('',#3519);
#3519 = AXIS2_PLACEMENT_3D('',#3520,#3521,#3522);
#3520 = CARTESIAN_POINT('',(9.3,-6.53,1.6));
#3521 = DIRECTION('',(-0.,1.,-0.));
#3522 = DIRECTION('',(1.,0.,0.));
#3523 = DEFINITIONAL_REPRESENTATION('',(#3524),#3528);
#3524 = LINE('',#3525,#3526);
#3525 = CARTESIAN_POINT('',(0.,-0.));
#3526 = VECTOR('',#3527,1.);
#3527 = DIRECTION('',(-1.,0.));
#3528 = ( GEOMETRIC_REPRESENTATION_CONTEXT(2) 
PARAMETRIC_REPRESENTATION_CONTEXT() REPRESENTATION_CONTEXT('2D SPACE',''
  ) );
#3529 = ORIENTED_EDGE('',*,*,#3530,.T.);
#3530 = EDGE_CURVE('',#3503,#3531,#3533,.T.);
#3531 = VERTEX_POINT('',#3532);
#3532 = CARTESIAN_POINT('',(7.7,-6.402,1.6));
#3533 = SURFACE_CURVE('',#3534,(#3539,#3550),.PCURVE_S1.);
#3534 = CIRCLE('',#3535,0.128);
#3535 = AXIS2_PLACEMENT_3D('',#3536,#3537,#3538);
#3536 = CARTESIAN_POINT('',(7.828,-6.402,1.6));
#3537 = DIRECTION('',(-0.,-0.,-1.));
#3538 = DIRECTION('',(-0.,1.,-0.));
#3539 = PCURVE('',#3315,#3540);
#3540 = DEFINITIONAL_REPRESENTATION('',(#3541),#3549);
#3541 = ( BOUNDED_CURVE() B_SPLINE_CURVE(2,(#3542,#3543,#3544,#3545,
#3546,#3547,#3548),.UNSPECIFIED.,.T.,.F.) B_SPLINE_CURVE_WITH_KNOTS((1,2
    ,2,2,2,1),(-2.094395102393,0.,2.094395102393,4.188790204786,
6.28318530718,8.377580409573),.UNSPECIFIED.) CURVE() 
GEOMETRIC_REPRESENTATION_ITEM() RATIONAL_B_SPLINE_CURVE((1.,0.5,1.,0.5,
1.,0.5,1.)) REPRESENTATION_ITEM('') );
#3542 = CARTESIAN_POINT('',(0.672,1.194));
#3543 = CARTESIAN_POINT('',(0.450297496631,1.194));
#3544 = CARTESIAN_POINT('',(0.561148748316,1.386));
#3545 = CARTESIAN_POINT('',(0.672,1.578));
#3546 = CARTESIAN_POINT('',(0.782851251684,1.386));
#3547 = CARTESIAN_POINT('',(0.893702503369,1.194));
#3548 = CARTESIAN_POINT('',(0.672,1.194));
#3549 = ( GEOMETRIC_REPRESENTATION_CONTEXT(2) 
PARAMETRIC_REPRESENTATION_CONTEXT() REPRESENTATION_CONTEXT('2D SPACE',''
  ) );
#3550 = PCURVE('',#3551,#3556);
#3551 = CYLINDRICAL_SURFACE('',#3552,0.128);
#3552 = AXIS2_PLACEMENT_3D('',#3553,#3554,#3555);
#3553 = CARTESIAN_POINT('',(7.828,-6.402,1.6));
#3554 = DIRECTION('',(-0.,-0.,1.));
#3555 = DIRECTION('',(-0.,-1.,-0.));
#3556 = DEFINITIONAL_REPRESENTATION('',(#3557),#3561);
#3557 = LINE('',#3558,#3559);
#3558 = CARTESIAN_POINT('',(3.14159265359,-0.));
#3559 = VECTOR('',#3560,1.);
#3560 = DIRECTION('',(-1.,0.));
#3561 = ( GEOMETRIC_REPRESENTATION_CONTEXT(2) 
PARAMETRIC_REPRESENTATION_CONTEXT() REPRESENTATION_CONTEXT('2D SPACE',''
  ) );
#3562 = ORIENTED_EDGE('',*,*,#3563,.T.);
#3563 = EDGE_CURVE('',#3531,#3564,#3566,.T.);
#3564 = VERTEX_POINT('',#3565);
#3565 = CARTESIAN_POINT('',(7.7,-3.758,1.6));
#3566 = SURFACE_CURVE('',#3567,(#3571,#3578),.PCURVE_S1.);
#3567 = LINE('',#3568,#3569);
#3568 = CARTESIAN_POINT('',(7.7,-6.53,1.6));
#3569 = VECTOR('',#3570,1.);
#3570 = DIRECTION('',(-0.,1.,-0.));
#3571 = PCURVE('',#3315,#3572);
#3572 = DEFINITIONAL_REPRESENTATION('',(#3573),#3577);
#3573 = LINE('',#3574,#3575);
#3574 = CARTESIAN_POINT('',(0.8,1.45));
#3575 = VECTOR('',#3576,1.);
#3576 = DIRECTION('',(-0.,-1.));
#3577 = ( GEOMETRIC_REPRESENTATION_CONTEXT(2) 
PARAMETRIC_REPRESENTATION_CONTEXT() REPRESENTATION_CONTEXT('2D SPACE',''
  ) );
#3578 = PCURVE('',#3579,#3584);
#3579 = PLANE('',#3580);
#3580 = AXIS2_PLACEMENT_3D('',#3581,#3582,#3583);
#3581 = CARTESIAN_POINT('',(7.7,-6.53,1.6));
#3582 = DIRECTION('',(1.,-0.,-0.));
#3583 = DIRECTION('',(0.,-1.,0.));
#3584 = DEFINITIONAL_REPRESENTATION('',(#3585),#3589);
#3585 = LINE('',#3586,#3587);
#3586 = CARTESIAN_POINT('',(-0.,0.));
#3587 = VECTOR('',#3588,1.);
#3588 = DIRECTION('',(-1.,-0.));
#3589 = ( GEOMETRIC_REPRESENTATION_CONTEXT(2) 
PARAMETRIC_REPRESENTATION_CONTEXT() REPRESENTATION_CONTEXT('2D SPACE',''
  ) );
#3590 = ORIENTED_EDGE('',*,*,#3591,.F.);
#3591 = EDGE_CURVE('',#3293,#3564,#3592,.T.);
#3592 = SURFACE_CURVE('',#3593,(#3598,#3605),.PCURVE_S1.);
#3593 = CIRCLE('',#3594,0.128);
#3594 = AXIS2_PLACEMENT_3D('',#3595,#3596,#3597);
#3595 = CARTESIAN_POINT('',(7.828,-3.758,1.6));
#3596 = DIRECTION('',(-0.,0.,1.));
#3597 = DIRECTION('',(-0.,1.,-0.));
#3598 = PCURVE('',#3315,#3599);
#3599 = DEFINITIONAL_REPRESENTATION('',(#3600),#3604);
#3600 = CIRCLE('',#3601,0.128);
#3601 = AXIS2_PLACEMENT_2D('',#3602,#3603);
#3602 = CARTESIAN_POINT('',(0.672,-1.322));
#3603 = DIRECTION('',(-0.,-1.));
#3604 = ( GEOMETRIC_REPRESENTATION_CONTEXT(2) 
PARAMETRIC_REPRESENTATION_CONTEXT() REPRESENTATION_CONTEXT('2D SPACE',''
  ) );
#3605 = PCURVE('',#3343,#3606);
#3606 = DEFINITIONAL_REPRESENTATION('',(#3607),#3611);
#3607 = LINE('',#3608,#3609);
#3608 = CARTESIAN_POINT('',(0.,0.));
#3609 = VECTOR('',#3610,1.);
#3610 = DIRECTION('',(1.,0.));
#3611 = ( GEOMETRIC_REPRESENTATION_CONTEXT(2) 
PARAMETRIC_REPRESENTATION_CONTEXT() REPRESENTATION_CONTEXT('2D SPACE',''
  ) );
#3612 = ADVANCED_FACE('',(#3613),#3343,.T.);
#3613 = FACE_BOUND('',#3614,.T.);
#3614 = EDGE_LOOP('',(#3615,#3616,#3639,#3661));
#3615 = ORIENTED_EDGE('',*,*,#3591,.T.);
#3616 = ORIENTED_EDGE('',*,*,#3617,.T.);
#3617 = EDGE_CURVE('',#3564,#3618,#3620,.T.);
#3618 = VERTEX_POINT('',#3619);
#3619 = CARTESIAN_POINT('',(7.7,-3.758,2.7));
#3620 = SURFACE_CURVE('',#3621,(#3625,#3632),.PCURVE_S1.);
#3621 = LINE('',#3622,#3623);
#3622 = CARTESIAN_POINT('',(7.7,-3.758,1.6));
#3623 = VECTOR('',#3624,1.);
#3624 = DIRECTION('',(-0.,-0.,1.));
#3625 = PCURVE('',#3343,#3626);
#3626 = DEFINITIONAL_REPRESENTATION('',(#3627),#3631);
#3627 = LINE('',#3628,#3629);
#3628 = CARTESIAN_POINT('',(1.570796326795,0.));
#3629 = VECTOR('',#3630,1.);
#3630 = DIRECTION('',(0.,1.));
#3631 = ( GEOMETRIC_REPRESENTATION_CONTEXT(2) 
PARAMETRIC_REPRESENTATION_CONTEXT() REPRESENTATION_CONTEXT('2D SPACE',''
  ) );
#3632 = PCURVE('',#3579,#3633);
#3633 = DEFINITIONAL_REPRESENTATION('',(#3634),#3638);
#3634 = LINE('',#3635,#3636);
#3635 = CARTESIAN_POINT('',(-2.772,0.));
#3636 = VECTOR('',#3637,1.);
#3637 = DIRECTION('',(-0.,-1.));
#3638 = ( GEOMETRIC_REPRESENTATION_CONTEXT(2) 
PARAMETRIC_REPRESENTATION_CONTEXT() REPRESENTATION_CONTEXT('2D SPACE',''
  ) );
#3639 = ORIENTED_EDGE('',*,*,#3640,.F.);
#3640 = EDGE_CURVE('',#3328,#3618,#3641,.T.);
#3641 = SURFACE_CURVE('',#3642,(#3647,#3654),.PCURVE_S1.);
#3642 = CIRCLE('',#3643,0.128);
#3643 = AXIS2_PLACEMENT_3D('',#3644,#3645,#3646);
#3644 = CARTESIAN_POINT('',(7.828,-3.758,2.7));
#3645 = DIRECTION('',(-0.,0.,1.));
#3646 = DIRECTION('',(-0.,1.,-0.));
#3647 = PCURVE('',#3343,#3648);
#3648 = DEFINITIONAL_REPRESENTATION('',(#3649),#3653);
#3649 = LINE('',#3650,#3651);
#3650 = CARTESIAN_POINT('',(0.,1.1));
#3651 = VECTOR('',#3652,1.);
#3652 = DIRECTION('',(1.,0.));
#3653 = ( GEOMETRIC_REPRESENTATION_CONTEXT(2) 
PARAMETRIC_REPRESENTATION_CONTEXT() REPRESENTATION_CONTEXT('2D SPACE',''
  ) );
#3654 = PCURVE('',#3371,#3655);
#3655 = DEFINITIONAL_REPRESENTATION('',(#3656),#3660);
#3656 = CIRCLE('',#3657,0.128);
#3657 = AXIS2_PLACEMENT_2D('',#3658,#3659);
#3658 = CARTESIAN_POINT('',(0.672,-1.322));
#3659 = DIRECTION('',(-0.,-1.));
#3660 = ( GEOMETRIC_REPRESENTATION_CONTEXT(2) 
PARAMETRIC_REPRESENTATION_CONTEXT() REPRESENTATION_CONTEXT('2D SPACE',''
  ) );
#3661 = ORIENTED_EDGE('',*,*,#3327,.F.);
#3662 = ADVANCED_FACE('',(#3663),#3397,.T.);
#3663 = FACE_BOUND('',#3664,.F.);
#3664 = EDGE_LOOP('',(#3665,#3666,#3689,#3715));
#3665 = ORIENTED_EDGE('',*,*,#3413,.T.);
#3666 = ORIENTED_EDGE('',*,*,#3667,.T.);
#3667 = EDGE_CURVE('',#3414,#3668,#3670,.T.);
#3668 = VERTEX_POINT('',#3669);
#3669 = CARTESIAN_POINT('',(9.3,-3.758,2.7));
#3670 = SURFACE_CURVE('',#3671,(#3675,#3682),.PCURVE_S1.);
#3671 = LINE('',#3672,#3673);
#3672 = CARTESIAN_POINT('',(9.3,-3.758,1.6));
#3673 = VECTOR('',#3674,1.);
#3674 = DIRECTION('',(-0.,-0.,1.));
#3675 = PCURVE('',#3397,#3676);
#3676 = DEFINITIONAL_REPRESENTATION('',(#3677),#3681);
#3677 = LINE('',#3678,#3679);
#3678 = CARTESIAN_POINT('',(-1.570796326795,0.));
#3679 = VECTOR('',#3680,1.);
#3680 = DIRECTION('',(-0.,1.));
#3681 = ( GEOMETRIC_REPRESENTATION_CONTEXT(2) 
PARAMETRIC_REPRESENTATION_CONTEXT() REPRESENTATION_CONTEXT('2D SPACE',''
  ) );
#3682 = PCURVE('',#3457,#3683);
#3683 = DEFINITIONAL_REPRESENTATION('',(#3684),#3688);
#3684 = LINE('',#3685,#3686);
#3685 = CARTESIAN_POINT('',(-0.128,0.));
#3686 = VECTOR('',#3687,1.);
#3687 = DIRECTION('',(-0.,-1.));
#3688 = ( GEOMETRIC_REPRESENTATION_CONTEXT(2) 
PARAMETRIC_REPRESENTATION_CONTEXT() REPRESENTATION_CONTEXT('2D SPACE',''
  ) );
#3689 = ORIENTED_EDGE('',*,*,#3690,.F.);
#3690 = EDGE_CURVE('',#3356,#3668,#3691,.T.);
#3691 = SURFACE_CURVE('',#3692,(#3697,#3704),.PCURVE_S1.);
#3692 = CIRCLE('',#3693,0.128);
#3693 = AXIS2_PLACEMENT_3D('',#3694,#3695,#3696);
#3694 = CARTESIAN_POINT('',(9.172,-3.758,2.7));
#3695 = DIRECTION('',(-0.,-0.,-1.));
#3696 = DIRECTION('',(-0.,1.,-0.));
#3697 = PCURVE('',#3397,#3698);
#3698 = DEFINITIONAL_REPRESENTATION('',(#3699),#3703);
#3699 = LINE('',#3700,#3701);
#3700 = CARTESIAN_POINT('',(-0.,1.1));
#3701 = VECTOR('',#3702,1.);
#3702 = DIRECTION('',(-1.,0.));
#3703 = ( GEOMETRIC_REPRESENTATION_CONTEXT(2) 
PARAMETRIC_REPRESENTATION_CONTEXT() REPRESENTATION_CONTEXT('2D SPACE',''
  ) );
#3704 = PCURVE('',#3371,#3705);
#3705 = DEFINITIONAL_REPRESENTATION('',(#3706),#3714);
#3706 = ( BOUNDED_CURVE() B_SPLINE_CURVE(2,(#3707,#3708,#3709,#3710,
#3711,#3712,#3713),.UNSPECIFIED.,.T.,.F.) B_SPLINE_CURVE_WITH_KNOTS((1,2
    ,2,2,2,1),(-2.094395102393,0.,2.094395102393,4.188790204786,
6.28318530718,8.377580409573),.UNSPECIFIED.) CURVE() 
GEOMETRIC_REPRESENTATION_ITEM() RATIONAL_B_SPLINE_CURVE((1.,0.5,1.,0.5,
1.,0.5,1.)) REPRESENTATION_ITEM('') );
#3707 = CARTESIAN_POINT('',(-0.672,-1.45));
#3708 = CARTESIAN_POINT('',(-0.893702503369,-1.45));
#3709 = CARTESIAN_POINT('',(-0.782851251684,-1.258));
#3710 = CARTESIAN_POINT('',(-0.672,-1.066));
#3711 = CARTESIAN_POINT('',(-0.561148748316,-1.258));
#3712 = CARTESIAN_POINT('',(-0.450297496631,-1.45));
#3713 = CARTESIAN_POINT('',(-0.672,-1.45));
#3714 = ( GEOMETRIC_REPRESENTATION_CONTEXT(2) 
PARAMETRIC_REPRESENTATION_CONTEXT() REPRESENTATION_CONTEXT('2D SPACE',''
  ) );
#3715 = ORIENTED_EDGE('',*,*,#3383,.F.);
#3716 = ADVANCED_FACE('',(#3717),#3371,.T.);
#3717 = FACE_BOUND('',#3718,.F.);
#3718 = EDGE_LOOP('',(#3719,#3720,#3721,#3744,#3772,#3795,#3823,#3844));
#3719 = ORIENTED_EDGE('',*,*,#3355,.T.);
#3720 = ORIENTED_EDGE('',*,*,#3690,.T.);
#3721 = ORIENTED_EDGE('',*,*,#3722,.T.);
#3722 = EDGE_CURVE('',#3668,#3723,#3725,.T.);
#3723 = VERTEX_POINT('',#3724);
#3724 = CARTESIAN_POINT('',(9.3,-6.402,2.7));
#3725 = SURFACE_CURVE('',#3726,(#3730,#3737),.PCURVE_S1.);
#3726 = LINE('',#3727,#3728);
#3727 = CARTESIAN_POINT('',(9.3,-3.63,2.7));
#3728 = VECTOR('',#3729,1.);
#3729 = DIRECTION('',(-0.,-1.,-0.));
#3730 = PCURVE('',#3371,#3731);
#3731 = DEFINITIONAL_REPRESENTATION('',(#3732),#3736);
#3732 = LINE('',#3733,#3734);
#3733 = CARTESIAN_POINT('',(-0.8,-1.45));
#3734 = VECTOR('',#3735,1.);
#3735 = DIRECTION('',(-0.,1.));
#3736 = ( GEOMETRIC_REPRESENTATION_CONTEXT(2) 
PARAMETRIC_REPRESENTATION_CONTEXT() REPRESENTATION_CONTEXT('2D SPACE',''
  ) );
#3737 = PCURVE('',#3457,#3738);
#3738 = DEFINITIONAL_REPRESENTATION('',(#3739),#3743);
#3739 = LINE('',#3740,#3741);
#3740 = CARTESIAN_POINT('',(-0.,-1.1));
#3741 = VECTOR('',#3742,1.);
#3742 = DIRECTION('',(-1.,0.));
#3743 = ( GEOMETRIC_REPRESENTATION_CONTEXT(2) 
PARAMETRIC_REPRESENTATION_CONTEXT() REPRESENTATION_CONTEXT('2D SPACE',''
  ) );
#3744 = ORIENTED_EDGE('',*,*,#3745,.T.);
#3745 = EDGE_CURVE('',#3723,#3746,#3748,.T.);
#3746 = VERTEX_POINT('',#3747);
#3747 = CARTESIAN_POINT('',(9.172,-6.53,2.7));
#3748 = SURFACE_CURVE('',#3749,(#3754,#3765),.PCURVE_S1.);
#3749 = CIRCLE('',#3750,0.128);
#3750 = AXIS2_PLACEMENT_3D('',#3751,#3752,#3753);
#3751 = CARTESIAN_POINT('',(9.172,-6.402,2.7));
#3752 = DIRECTION('',(-0.,-0.,-1.));
#3753 = DIRECTION('',(-0.,1.,-0.));
#3754 = PCURVE('',#3371,#3755);
#3755 = DEFINITIONAL_REPRESENTATION('',(#3756),#3764);
#3756 = ( BOUNDED_CURVE() B_SPLINE_CURVE(2,(#3757,#3758,#3759,#3760,
#3761,#3762,#3763),.UNSPECIFIED.,.T.,.F.) B_SPLINE_CURVE_WITH_KNOTS((1,2
    ,2,2,2,1),(-2.094395102393,0.,2.094395102393,4.188790204786,
6.28318530718,8.377580409573),.UNSPECIFIED.) CURVE() 
GEOMETRIC_REPRESENTATION_ITEM() RATIONAL_B_SPLINE_CURVE((1.,0.5,1.,0.5,
1.,0.5,1.)) REPRESENTATION_ITEM('') );
#3757 = CARTESIAN_POINT('',(-0.672,1.194));
#3758 = CARTESIAN_POINT('',(-0.893702503369,1.194));
#3759 = CARTESIAN_POINT('',(-0.782851251684,1.386));
#3760 = CARTESIAN_POINT('',(-0.672,1.578));
#3761 = CARTESIAN_POINT('',(-0.561148748316,1.386));
#3762 = CARTESIAN_POINT('',(-0.450297496631,1.194));
#3763 = CARTESIAN_POINT('',(-0.672,1.194));
#3764 = ( GEOMETRIC_REPRESENTATION_CONTEXT(2) 
PARAMETRIC_REPRESENTATION_CONTEXT() REPRESENTATION_CONTEXT('2D SPACE',''
  ) );
#3765 = PCURVE('',#3490,#3766);
#3766 = DEFINITIONAL_REPRESENTATION('',(#3767),#3771);
#3767 = LINE('',#3768,#3769);
#3768 = CARTESIAN_POINT('',(1.570796326795,1.1));
#3769 = VECTOR('',#3770,1.);
#3770 = DIRECTION('',(-1.,0.));
#3771 = ( GEOMETRIC_REPRESENTATION_CONTEXT(2) 
PARAMETRIC_REPRESENTATION_CONTEXT() REPRESENTATION_CONTEXT('2D SPACE',''
  ) );
#3772 = ORIENTED_EDGE('',*,*,#3773,.T.);
#3773 = EDGE_CURVE('',#3746,#3774,#3776,.T.);
#3774 = VERTEX_POINT('',#3775);
#3775 = CARTESIAN_POINT('',(7.828,-6.53,2.7));
#3776 = SURFACE_CURVE('',#3777,(#3781,#3788),.PCURVE_S1.);
#3777 = LINE('',#3778,#3779);
#3778 = CARTESIAN_POINT('',(9.3,-6.53,2.7));
#3779 = VECTOR('',#3780,1.);
#3780 = DIRECTION('',(-1.,-0.,-0.));
#3781 = PCURVE('',#3371,#3782);
#3782 = DEFINITIONAL_REPRESENTATION('',(#3783),#3787);
#3783 = LINE('',#3784,#3785);
#3784 = CARTESIAN_POINT('',(-0.8,1.45));
#3785 = VECTOR('',#3786,1.);
#3786 = DIRECTION('',(1.,-0.));
#3787 = ( GEOMETRIC_REPRESENTATION_CONTEXT(2) 
PARAMETRIC_REPRESENTATION_CONTEXT() REPRESENTATION_CONTEXT('2D SPACE',''
  ) );
#3788 = PCURVE('',#3518,#3789);
#3789 = DEFINITIONAL_REPRESENTATION('',(#3790),#3794);
#3790 = LINE('',#3791,#3792);
#3791 = CARTESIAN_POINT('',(-0.,-1.1));
#3792 = VECTOR('',#3793,1.);
#3793 = DIRECTION('',(-1.,0.));
#3794 = ( GEOMETRIC_REPRESENTATION_CONTEXT(2) 
PARAMETRIC_REPRESENTATION_CONTEXT() REPRESENTATION_CONTEXT('2D SPACE',''
  ) );
#3795 = ORIENTED_EDGE('',*,*,#3796,.T.);
#3796 = EDGE_CURVE('',#3774,#3797,#3799,.T.);
#3797 = VERTEX_POINT('',#3798);
#3798 = CARTESIAN_POINT('',(7.7,-6.402,2.7));
#3799 = SURFACE_CURVE('',#3800,(#3805,#3816),.PCURVE_S1.);
#3800 = CIRCLE('',#3801,0.128);
#3801 = AXIS2_PLACEMENT_3D('',#3802,#3803,#3804);
#3802 = CARTESIAN_POINT('',(7.828,-6.402,2.7));
#3803 = DIRECTION('',(-0.,-0.,-1.));
#3804 = DIRECTION('',(-0.,1.,-0.));
#3805 = PCURVE('',#3371,#3806);
#3806 = DEFINITIONAL_REPRESENTATION('',(#3807),#3815);
#3807 = ( BOUNDED_CURVE() B_SPLINE_CURVE(2,(#3808,#3809,#3810,#3811,
#3812,#3813,#3814),.UNSPECIFIED.,.T.,.F.) B_SPLINE_CURVE_WITH_KNOTS((1,2
    ,2,2,2,1),(-2.094395102393,0.,2.094395102393,4.188790204786,
6.28318530718,8.377580409573),.UNSPECIFIED.) CURVE() 
GEOMETRIC_REPRESENTATION_ITEM() RATIONAL_B_SPLINE_CURVE((1.,0.5,1.,0.5,
1.,0.5,1.)) REPRESENTATION_ITEM('') );
#3808 = CARTESIAN_POINT('',(0.672,1.194));
#3809 = CARTESIAN_POINT('',(0.450297496631,1.194));
#3810 = CARTESIAN_POINT('',(0.561148748316,1.386));
#3811 = CARTESIAN_POINT('',(0.672,1.578));
#3812 = CARTESIAN_POINT('',(0.782851251684,1.386));
#3813 = CARTESIAN_POINT('',(0.893702503369,1.194));
#3814 = CARTESIAN_POINT('',(0.672,1.194));
#3815 = ( GEOMETRIC_REPRESENTATION_CONTEXT(2) 
PARAMETRIC_REPRESENTATION_CONTEXT() REPRESENTATION_CONTEXT('2D SPACE',''
  ) );
#3816 = PCURVE('',#3551,#3817);
#3817 = DEFINITIONAL_REPRESENTATION('',(#3818),#3822);
#3818 = LINE('',#3819,#3820);
#3819 = CARTESIAN_POINT('',(3.14159265359,1.1));
#3820 = VECTOR('',#3821,1.);
#3821 = DIRECTION('',(-1.,0.));
#3822 = ( GEOMETRIC_REPRESENTATION_CONTEXT(2) 
PARAMETRIC_REPRESENTATION_CONTEXT() REPRESENTATION_CONTEXT('2D SPACE',''
  ) );
#3823 = ORIENTED_EDGE('',*,*,#3824,.T.);
#3824 = EDGE_CURVE('',#3797,#3618,#3825,.T.);
#3825 = SURFACE_CURVE('',#3826,(#3830,#3837),.PCURVE_S1.);
#3826 = LINE('',#3827,#3828);
#3827 = CARTESIAN_POINT('',(7.7,-6.53,2.7));
#3828 = VECTOR('',#3829,1.);
#3829 = DIRECTION('',(-0.,1.,-0.));
#3830 = PCURVE('',#3371,#3831);
#3831 = DEFINITIONAL_REPRESENTATION('',(#3832),#3836);
#3832 = LINE('',#3833,#3834);
#3833 = CARTESIAN_POINT('',(0.8,1.45));
#3834 = VECTOR('',#3835,1.);
#3835 = DIRECTION('',(-0.,-1.));
#3836 = ( GEOMETRIC_REPRESENTATION_CONTEXT(2) 
PARAMETRIC_REPRESENTATION_CONTEXT() REPRESENTATION_CONTEXT('2D SPACE',''
  ) );
#3837 = PCURVE('',#3579,#3838);
#3838 = DEFINITIONAL_REPRESENTATION('',(#3839),#3843);
#3839 = LINE('',#3840,#3841);
#3840 = CARTESIAN_POINT('',(-0.,-1.1));
#3841 = VECTOR('',#3842,1.);
#3842 = DIRECTION('',(-1.,-0.));
#3843 = ( GEOMETRIC_REPRESENTATION_CONTEXT(2) 
PARAMETRIC_REPRESENTATION_CONTEXT() REPRESENTATION_CONTEXT('2D SPACE',''
  ) );
#3844 = ORIENTED_EDGE('',*,*,#3640,.F.);
#3845 = ADVANCED_FACE('',(#3846),#3579,.F.);
#3846 = FACE_BOUND('',#3847,.T.);
#3847 = EDGE_LOOP('',(#3848,#3849,#3870,#3871));
#3848 = ORIENTED_EDGE('',*,*,#3563,.F.);
#3849 = ORIENTED_EDGE('',*,*,#3850,.T.);
#3850 = EDGE_CURVE('',#3531,#3797,#3851,.T.);
#3851 = SURFACE_CURVE('',#3852,(#3856,#3863),.PCURVE_S1.);
#3852 = LINE('',#3853,#3854);
#3853 = CARTESIAN_POINT('',(7.7,-6.402,1.6));
#3854 = VECTOR('',#3855,1.);
#3855 = DIRECTION('',(-0.,-0.,1.));
#3856 = PCURVE('',#3579,#3857);
#3857 = DEFINITIONAL_REPRESENTATION('',(#3858),#3862);
#3858 = LINE('',#3859,#3860);
#3859 = CARTESIAN_POINT('',(-0.128,0.));
#3860 = VECTOR('',#3861,1.);
#3861 = DIRECTION('',(-0.,-1.));
#3862 = ( GEOMETRIC_REPRESENTATION_CONTEXT(2) 
PARAMETRIC_REPRESENTATION_CONTEXT() REPRESENTATION_CONTEXT('2D SPACE',''
  ) );
#3863 = PCURVE('',#3551,#3864);
#3864 = DEFINITIONAL_REPRESENTATION('',(#3865),#3869);
#3865 = LINE('',#3866,#3867);
#3866 = CARTESIAN_POINT('',(-1.570796326795,0.));
#3867 = VECTOR('',#3868,1.);
#3868 = DIRECTION('',(-0.,1.));
#3869 = ( GEOMETRIC_REPRESENTATION_CONTEXT(2) 
PARAMETRIC_REPRESENTATION_CONTEXT() REPRESENTATION_CONTEXT('2D SPACE',''
  ) );
#3870 = ORIENTED_EDGE('',*,*,#3824,.T.);
#3871 = ORIENTED_EDGE('',*,*,#3617,.F.);
#3872 = ADVANCED_FACE('',(#3873),#3457,.F.);
#3873 = FACE_BOUND('',#3874,.T.);
#3874 = EDGE_LOOP('',(#3875,#3876,#3877,#3878));
#3875 = ORIENTED_EDGE('',*,*,#3441,.F.);
#3876 = ORIENTED_EDGE('',*,*,#3667,.T.);
#3877 = ORIENTED_EDGE('',*,*,#3722,.T.);
#3878 = ORIENTED_EDGE('',*,*,#3879,.F.);
#3879 = EDGE_CURVE('',#3442,#3723,#3880,.T.);
#3880 = SURFACE_CURVE('',#3881,(#3885,#3892),.PCURVE_S1.);
#3881 = LINE('',#3882,#3883);
#3882 = CARTESIAN_POINT('',(9.3,-6.402,1.6));
#3883 = VECTOR('',#3884,1.);
#3884 = DIRECTION('',(-0.,-0.,1.));
#3885 = PCURVE('',#3457,#3886);
#3886 = DEFINITIONAL_REPRESENTATION('',(#3887),#3891);
#3887 = LINE('',#3888,#3889);
#3888 = CARTESIAN_POINT('',(-2.772,0.));
#3889 = VECTOR('',#3890,1.);
#3890 = DIRECTION('',(-0.,-1.));
#3891 = ( GEOMETRIC_REPRESENTATION_CONTEXT(2) 
PARAMETRIC_REPRESENTATION_CONTEXT() REPRESENTATION_CONTEXT('2D SPACE',''
  ) );
#3892 = PCURVE('',#3490,#3893);
#3893 = DEFINITIONAL_REPRESENTATION('',(#3894),#3898);
#3894 = LINE('',#3895,#3896);
#3895 = CARTESIAN_POINT('',(-0.,0.));
#3896 = VECTOR('',#3897,1.);
#3897 = DIRECTION('',(-0.,1.));
#3898 = ( GEOMETRIC_REPRESENTATION_CONTEXT(2) 
PARAMETRIC_REPRESENTATION_CONTEXT() REPRESENTATION_CONTEXT('2D SPACE',''
  ) );
#3899 = ADVANCED_FACE('',(#3900),#3551,.T.);
#3900 = FACE_BOUND('',#3901,.F.);
#3901 = EDGE_LOOP('',(#3902,#3903,#3904,#3905));
#3902 = ORIENTED_EDGE('',*,*,#3530,.T.);
#3903 = ORIENTED_EDGE('',*,*,#3850,.T.);
#3904 = ORIENTED_EDGE('',*,*,#3796,.F.);
#3905 = ORIENTED_EDGE('',*,*,#3906,.F.);
#3906 = EDGE_CURVE('',#3503,#3774,#3907,.T.);
#3907 = SURFACE_CURVE('',#3908,(#3912,#3919),.PCURVE_S1.);
#3908 = LINE('',#3909,#3910);
#3909 = CARTESIAN_POINT('',(7.828,-6.53,1.6));
#3910 = VECTOR('',#3911,1.);
#3911 = DIRECTION('',(-0.,-0.,1.));
#3912 = PCURVE('',#3551,#3913);
#3913 = DEFINITIONAL_REPRESENTATION('',(#3914),#3918);
#3914 = LINE('',#3915,#3916);
#3915 = CARTESIAN_POINT('',(-0.,0.));
#3916 = VECTOR('',#3917,1.);
#3917 = DIRECTION('',(-0.,1.));
#3918 = ( GEOMETRIC_REPRESENTATION_CONTEXT(2) 
PARAMETRIC_REPRESENTATION_CONTEXT() REPRESENTATION_CONTEXT('2D SPACE',''
  ) );
#3919 = PCURVE('',#3518,#3920);
#3920 = DEFINITIONAL_REPRESENTATION('',(#3921),#3925);
#3921 = LINE('',#3922,#3923);
#3922 = CARTESIAN_POINT('',(-1.472,0.));
#3923 = VECTOR('',#3924,1.);
#3924 = DIRECTION('',(-0.,-1.));
#3925 = ( GEOMETRIC_REPRESENTATION_CONTEXT(2) 
PARAMETRIC_REPRESENTATION_CONTEXT() REPRESENTATION_CONTEXT('2D SPACE',''
  ) );
#3926 = ADVANCED_FACE('',(#3927),#3490,.T.);
#3927 = FACE_BOUND('',#3928,.F.);
#3928 = EDGE_LOOP('',(#3929,#3930,#3951,#3952));
#3929 = ORIENTED_EDGE('',*,*,#3469,.T.);
#3930 = ORIENTED_EDGE('',*,*,#3931,.T.);
#3931 = EDGE_CURVE('',#3470,#3746,#3932,.T.);
#3932 = SURFACE_CURVE('',#3933,(#3937,#3944),.PCURVE_S1.);
#3933 = LINE('',#3934,#3935);
#3934 = CARTESIAN_POINT('',(9.172,-6.53,1.6));
#3935 = VECTOR('',#3936,1.);
#3936 = DIRECTION('',(-0.,-0.,1.));
#3937 = PCURVE('',#3490,#3938);
#3938 = DEFINITIONAL_REPRESENTATION('',(#3939),#3943);
#3939 = LINE('',#3940,#3941);
#3940 = CARTESIAN_POINT('',(-1.570796326795,0.));
#3941 = VECTOR('',#3942,1.);
#3942 = DIRECTION('',(-0.,1.));
#3943 = ( GEOMETRIC_REPRESENTATION_CONTEXT(2) 
PARAMETRIC_REPRESENTATION_CONTEXT() REPRESENTATION_CONTEXT('2D SPACE',''
  ) );
#3944 = PCURVE('',#3518,#3945);
#3945 = DEFINITIONAL_REPRESENTATION('',(#3946),#3950);
#3946 = LINE('',#3947,#3948);
#3947 = CARTESIAN_POINT('',(-0.128,0.));
#3948 = VECTOR('',#3949,1.);
#3949 = DIRECTION('',(-0.,-1.));
#3950 = ( GEOMETRIC_REPRESENTATION_CONTEXT(2) 
PARAMETRIC_REPRESENTATION_CONTEXT() REPRESENTATION_CONTEXT('2D SPACE',''
  ) );
#3951 = ORIENTED_EDGE('',*,*,#3745,.F.);
#3952 = ORIENTED_EDGE('',*,*,#3879,.F.);
#3953 = ADVANCED_FACE('',(#3954),#3518,.F.);
#3954 = FACE_BOUND('',#3955,.T.);
#3955 = EDGE_LOOP('',(#3956,#3957,#3958,#3959));
#3956 = ORIENTED_EDGE('',*,*,#3502,.F.);
#3957 = ORIENTED_EDGE('',*,*,#3931,.T.);
#3958 = ORIENTED_EDGE('',*,*,#3773,.T.);
#3959 = ORIENTED_EDGE('',*,*,#3906,.F.);
#3960 = ( GEOMETRIC_REPRESENTATION_CONTEXT(3) 
GLOBAL_UNCERTAINTY_ASSIGNED_CONTEXT((#3964)) 
GLOBAL_UNIT_ASSIGNED_CONTEXT((#3961,#3962,#3963)) REPRESENTATION_CONTEXT
('Context #1','3D Context with UNIT and UNCERTAINTY') );
#3961 = ( LENGTH_UNIT() NAMED_UNIT(*) SI_UNIT(.MILLI.,.METRE.) );
#3962 = ( NAMED_UNIT(*) PLANE_ANGLE_UNIT() SI_UNIT($,.RADIAN.) );
#3963 = ( NAMED_UNIT(*) SI_UNIT($,.STERADIAN.) SOLID_ANGLE_UNIT() );
#3964 = UNCERTAINTY_MEASURE_WITH_UNIT(LENGTH_MEASURE(1.E-07),#3961,
  'distance_accuracy_value','confusion accuracy');
#3965 = CONTEXT_DEPENDENT_SHAPE_REPRESENTATION(#3966,#3968);
#3966 = ( REPRESENTATION_RELATIONSHIP('','',#3285,#10) 
REPRESENTATION_RELATIONSHIP_WITH_TRANSFORMATION(#3967) 
SHAPE_REPRESENTATION_RELATIONSHIP() );
#3967 = ITEM_DEFINED_TRANSFORMATION('','',#11,#51);
#3968 = PRODUCT_DEFINITION_SHAPE('Placement','Placement of an item',
  #3969);
#3969 = NEXT_ASSEMBLY_USAGE_OCCURRENCE('30','LDO','',#5,#3280,$);
#3970 = PRODUCT_RELATED_PRODUCT_CATEGORY('part',$,(#3282));
#3971 = SHAPE_DEFINITION_REPRESENTATION(#3972,#3978);
#3972 = PRODUCT_DEFINITION_SHAPE('','',#3973);
#3973 = PRODUCT_DEFINITION('design','',#3974,#3977);
#3974 = PRODUCT_DEFINITION_FORMATION('','',#3975);
#3975 = PRODUCT('C0','C0','',(#3976));
#3976 = PRODUCT_CONTEXT('',#2,'mechanical');
#3977 = PRODUCT_DEFINITION_CONTEXT('part definition',#2,'design');
#3978 = ADVANCED_BREP_SHAPE_REPRESENTATION('',(#11,#3979),#4653);
#3979 = MANIFOLD_SOLID_BREP('',#3980);
#3980 = CLOSED_SHELL('',(#3981,#4101,#4305,#4355,#4409,#4538,#4565,#4592
    ,#4619,#4646));
#3981 = ADVANCED_FACE('',(#3982),#3996,.F.);
#3982 = FACE_BOUND('',#3983,.T.);
#3983 = EDGE_LOOP('',(#3984,#4019,#4047,#4075));
#3984 = ORIENTED_EDGE('',*,*,#3985,.F.);
#3985 = EDGE_CURVE('',#3986,#3988,#3990,.T.);
#3986 = VERTEX_POINT('',#3987);
#3987 = CARTESIAN_POINT('',(2.464,0.3,1.6));
#3988 = VERTEX_POINT('',#3989);
#3989 = CARTESIAN_POINT('',(3.136,0.3,1.6));
#3990 = SURFACE_CURVE('',#3991,(#3995,#4007),.PCURVE_S1.);
#3991 = LINE('',#3992,#3993);
#3992 = CARTESIAN_POINT('',(2.4,0.3,1.6));
#3993 = VECTOR('',#3994,1.);
#3994 = DIRECTION('',(1.,-0.,-0.));
#3995 = PCURVE('',#3996,#4001);
#3996 = PLANE('',#3997);
#3997 = AXIS2_PLACEMENT_3D('',#3998,#3999,#4000);
#3998 = CARTESIAN_POINT('',(2.4,0.3,1.6));
#3999 = DIRECTION('',(-0.,-1.,-0.));
#4000 = DIRECTION('',(-1.,0.,0.));
#4001 = DEFINITIONAL_REPRESENTATION('',(#4002),#4006);
#4002 = LINE('',#4003,#4004);
#4003 = CARTESIAN_POINT('',(-0.,-0.));
#4004 = VECTOR('',#4005,1.);
#4005 = DIRECTION('',(-1.,-0.));
#4006 = ( GEOMETRIC_REPRESENTATION_CONTEXT(2) 
PARAMETRIC_REPRESENTATION_CONTEXT() REPRESENTATION_CONTEXT('2D SPACE',''
  ) );
#4007 = PCURVE('',#4008,#4013);
#4008 = PLANE('',#4009);
#4009 = AXIS2_PLACEMENT_3D('',#4010,#4011,#4012);
#4010 = CARTESIAN_POINT('',(2.8,-0.5,1.6));
#4011 = DIRECTION('',(-0.,-0.,1.));
#4012 = DIRECTION('',(-1.,0.,0.));
#4013 = DEFINITIONAL_REPRESENTATION('',(#4014),#4018);
#4014 = LINE('',#4015,#4016);
#4015 = CARTESIAN_POINT('',(0.4,-0.8));
#4016 = VECTOR('',#4017,1.);
#4017 = DIRECTION('',(-1.,0.));
#4018 = ( GEOMETRIC_REPRESENTATION_CONTEXT(2) 
PARAMETRIC_REPRESENTATION_CONTEXT() REPRESENTATION_CONTEXT('2D SPACE',''
  ) );
#4019 = ORIENTED_EDGE('',*,*,#4020,.T.);
#4020 = EDGE_CURVE('',#3986,#4021,#4023,.T.);
#4021 = VERTEX_POINT('',#4022);
#4022 = CARTESIAN_POINT('',(2.464,0.3,2.05));
#4023 = SURFACE_CURVE('',#4024,(#4028,#4035),.PCURVE_S1.);
#4024 = LINE('',#4025,#4026);
#4025 = CARTESIAN_POINT('',(2.464,0.3,1.6));
#4026 = VECTOR('',#4027,1.);
#4027 = DIRECTION('',(-0.,-0.,1.));
#4028 = PCURVE('',#3996,#4029);
#4029 = DEFINITIONAL_REPRESENTATION('',(#4030),#4034);
#4030 = LINE('',#4031,#4032);
#4031 = CARTESIAN_POINT('',(-6.4E-02,-0.));
#4032 = VECTOR('',#4033,1.);
#4033 = DIRECTION('',(-0.,-1.));
#4034 = ( GEOMETRIC_REPRESENTATION_CONTEXT(2) 
PARAMETRIC_REPRESENTATION_CONTEXT() REPRESENTATION_CONTEXT('2D SPACE',''
  ) );
#4035 = PCURVE('',#4036,#4041);
#4036 = CYLINDRICAL_SURFACE('',#4037,6.4E-02);
#4037 = AXIS2_PLACEMENT_3D('',#4038,#4039,#4040);
#4038 = CARTESIAN_POINT('',(2.464,0.236,1.6));
#4039 = DIRECTION('',(-0.,-0.,1.));
#4040 = DIRECTION('',(-0.,1.,-0.));
#4041 = DEFINITIONAL_REPRESENTATION('',(#4042),#4046);
#4042 = LINE('',#4043,#4044);
#4043 = CARTESIAN_POINT('',(0.,0.));
#4044 = VECTOR('',#4045,1.);
#4045 = DIRECTION('',(0.,1.));
#4046 = ( GEOMETRIC_REPRESENTATION_CONTEXT(2) 
PARAMETRIC_REPRESENTATION_CONTEXT() REPRESENTATION_CONTEXT('2D SPACE',''
  ) );
#4047 = ORIENTED_EDGE('',*,*,#4048,.T.);
#4048 = EDGE_CURVE('',#4021,#4049,#4051,.T.);
#4049 = VERTEX_POINT('',#4050);
#4050 = CARTESIAN_POINT('',(3.136,0.3,2.05));
#4051 = SURFACE_CURVE('',#4052,(#4056,#4063),.PCURVE_S1.);
#4052 = LINE('',#4053,#4054);
#4053 = CARTESIAN_POINT('',(2.4,0.3,2.05));
#4054 = VECTOR('',#4055,1.);
#4055 = DIRECTION('',(1.,-0.,-0.));
#4056 = PCURVE('',#3996,#4057);
#4057 = DEFINITIONAL_REPRESENTATION('',(#4058),#4062);
#4058 = LINE('',#4059,#4060);
#4059 = CARTESIAN_POINT('',(-0.,-0.45));
#4060 = VECTOR('',#4061,1.);
#4061 = DIRECTION('',(-1.,-0.));
#4062 = ( GEOMETRIC_REPRESENTATION_CONTEXT(2) 
PARAMETRIC_REPRESENTATION_CONTEXT() REPRESENTATION_CONTEXT('2D SPACE',''
  ) );
#4063 = PCURVE('',#4064,#4069);
#4064 = PLANE('',#4065);
#4065 = AXIS2_PLACEMENT_3D('',#4066,#4067,#4068);
#4066 = CARTESIAN_POINT('',(2.8,-0.5,2.05));
#4067 = DIRECTION('',(-0.,-0.,1.));
#4068 = DIRECTION('',(-1.,0.,0.));
#4069 = DEFINITIONAL_REPRESENTATION('',(#4070),#4074);
#4070 = LINE('',#4071,#4072);
#4071 = CARTESIAN_POINT('',(0.4,-0.8));
#4072 = VECTOR('',#4073,1.);
#4073 = DIRECTION('',(-1.,0.));
#4074 = ( GEOMETRIC_REPRESENTATION_CONTEXT(2) 
PARAMETRIC_REPRESENTATION_CONTEXT() REPRESENTATION_CONTEXT('2D SPACE',''
  ) );
#4075 = ORIENTED_EDGE('',*,*,#4076,.F.);
#4076 = EDGE_CURVE('',#3988,#4049,#4077,.T.);
#4077 = SURFACE_CURVE('',#4078,(#4082,#4089),.PCURVE_S1.);
#4078 = LINE('',#4079,#4080);
#4079 = CARTESIAN_POINT('',(3.136,0.3,1.6));
#4080 = VECTOR('',#4081,1.);
#4081 = DIRECTION('',(-0.,-0.,1.));
#4082 = PCURVE('',#3996,#4083);
#4083 = DEFINITIONAL_REPRESENTATION('',(#4084),#4088);
#4084 = LINE('',#4085,#4086);
#4085 = CARTESIAN_POINT('',(-0.736,-0.));
#4086 = VECTOR('',#4087,1.);
#4087 = DIRECTION('',(-0.,-1.));
#4088 = ( GEOMETRIC_REPRESENTATION_CONTEXT(2) 
PARAMETRIC_REPRESENTATION_CONTEXT() REPRESENTATION_CONTEXT('2D SPACE',''
  ) );
#4089 = PCURVE('',#4090,#4095);
#4090 = CYLINDRICAL_SURFACE('',#4091,6.4E-02);
#4091 = AXIS2_PLACEMENT_3D('',#4092,#4093,#4094);
#4092 = CARTESIAN_POINT('',(3.136,0.236,1.6));
#4093 = DIRECTION('',(-0.,-0.,1.));
#4094 = DIRECTION('',(-0.,1.,-0.));
#4095 = DEFINITIONAL_REPRESENTATION('',(#4096),#4100);
#4096 = LINE('',#4097,#4098);
#4097 = CARTESIAN_POINT('',(-0.,0.));
#4098 = VECTOR('',#4099,1.);
#4099 = DIRECTION('',(-0.,1.));
#4100 = ( GEOMETRIC_REPRESENTATION_CONTEXT(2) 
PARAMETRIC_REPRESENTATION_CONTEXT() REPRESENTATION_CONTEXT('2D SPACE',''
  ) );
#4101 = ADVANCED_FACE('',(#4102),#4008,.F.);
#4102 = FACE_BOUND('',#4103,.T.);
#4103 = EDGE_LOOP('',(#4104,#4105,#4133,#4161,#4194,#4222,#4255,#4283));
#4104 = ORIENTED_EDGE('',*,*,#3985,.T.);
#4105 = ORIENTED_EDGE('',*,*,#4106,.T.);
#4106 = EDGE_CURVE('',#3988,#4107,#4109,.T.);
#4107 = VERTEX_POINT('',#4108);
#4108 = CARTESIAN_POINT('',(3.2,0.236,1.6));
#4109 = SURFACE_CURVE('',#4110,(#4115,#4126),.PCURVE_S1.);
#4110 = CIRCLE('',#4111,6.4E-02);
#4111 = AXIS2_PLACEMENT_3D('',#4112,#4113,#4114);
#4112 = CARTESIAN_POINT('',(3.136,0.236,1.6));
#4113 = DIRECTION('',(-0.,-0.,-1.));
#4114 = DIRECTION('',(-0.,1.,-0.));
#4115 = PCURVE('',#4008,#4116);
#4116 = DEFINITIONAL_REPRESENTATION('',(#4117),#4125);
#4117 = ( BOUNDED_CURVE() B_SPLINE_CURVE(2,(#4118,#4119,#4120,#4121,
#4122,#4123,#4124),.UNSPECIFIED.,.T.,.F.) B_SPLINE_CURVE_WITH_KNOTS((1,2
    ,2,2,2,1),(-2.094395102393,0.,2.094395102393,4.188790204786,
6.28318530718,8.377580409573),.UNSPECIFIED.) CURVE() 
GEOMETRIC_REPRESENTATION_ITEM() RATIONAL_B_SPLINE_CURVE((1.,0.5,1.,0.5,
1.,0.5,1.)) REPRESENTATION_ITEM('') );
#4118 = CARTESIAN_POINT('',(-0.336,-0.8));
#4119 = CARTESIAN_POINT('',(-0.446851251684,-0.8));
#4120 = CARTESIAN_POINT('',(-0.391425625842,-0.704));
#4121 = CARTESIAN_POINT('',(-0.336,-0.608));
#4122 = CARTESIAN_POINT('',(-0.280574374158,-0.704));
#4123 = CARTESIAN_POINT('',(-0.225148748316,-0.8));
#4124 = CARTESIAN_POINT('',(-0.336,-0.8));
#4125 = ( GEOMETRIC_REPRESENTATION_CONTEXT(2) 
PARAMETRIC_REPRESENTATION_CONTEXT() REPRESENTATION_CONTEXT('2D SPACE',''
  ) );
#4126 = PCURVE('',#4090,#4127);
#4127 = DEFINITIONAL_REPRESENTATION('',(#4128),#4132);
#4128 = LINE('',#4129,#4130);
#4129 = CARTESIAN_POINT('',(-0.,0.));
#4130 = VECTOR('',#4131,1.);
#4131 = DIRECTION('',(-1.,0.));
#4132 = ( GEOMETRIC_REPRESENTATION_CONTEXT(2) 
PARAMETRIC_REPRESENTATION_CONTEXT() REPRESENTATION_CONTEXT('2D SPACE',''
  ) );
#4133 = ORIENTED_EDGE('',*,*,#4134,.T.);
#4134 = EDGE_CURVE('',#4107,#4135,#4137,.T.);
#4135 = VERTEX_POINT('',#4136);
#4136 = CARTESIAN_POINT('',(3.2,-1.236,1.6));
#4137 = SURFACE_CURVE('',#4138,(#4142,#4149),.PCURVE_S1.);
#4138 = LINE('',#4139,#4140);
#4139 = CARTESIAN_POINT('',(3.2,0.3,1.6));
#4140 = VECTOR('',#4141,1.);
#4141 = DIRECTION('',(-0.,-1.,-0.));
#4142 = PCURVE('',#4008,#4143);
#4143 = DEFINITIONAL_REPRESENTATION('',(#4144),#4148);
#4144 = LINE('',#4145,#4146);
#4145 = CARTESIAN_POINT('',(-0.4,-0.8));
#4146 = VECTOR('',#4147,1.);
#4147 = DIRECTION('',(-0.,1.));
#4148 = ( GEOMETRIC_REPRESENTATION_CONTEXT(2) 
PARAMETRIC_REPRESENTATION_CONTEXT() REPRESENTATION_CONTEXT('2D SPACE',''
  ) );
#4149 = PCURVE('',#4150,#4155);
#4150 = PLANE('',#4151);
#4151 = AXIS2_PLACEMENT_3D('',#4152,#4153,#4154);
#4152 = CARTESIAN_POINT('',(3.2,0.3,1.6));
#4153 = DIRECTION('',(-1.,-0.,-0.));
#4154 = DIRECTION('',(0.,1.,0.));
#4155 = DEFINITIONAL_REPRESENTATION('',(#4156),#4160);
#4156 = LINE('',#4157,#4158);
#4157 = CARTESIAN_POINT('',(-0.,-0.));
#4158 = VECTOR('',#4159,1.);
#4159 = DIRECTION('',(-1.,0.));
#4160 = ( GEOMETRIC_REPRESENTATION_CONTEXT(2) 
PARAMETRIC_REPRESENTATION_CONTEXT() REPRESENTATION_CONTEXT('2D SPACE',''
  ) );
#4161 = ORIENTED_EDGE('',*,*,#4162,.T.);
#4162 = EDGE_CURVE('',#4135,#4163,#4165,.T.);
#4163 = VERTEX_POINT('',#4164);
#4164 = CARTESIAN_POINT('',(3.136,-1.3,1.6));
#4165 = SURFACE_CURVE('',#4166,(#4171,#4182),.PCURVE_S1.);
#4166 = CIRCLE('',#4167,6.4E-02);
#4167 = AXIS2_PLACEMENT_3D('',#4168,#4169,#4170);
#4168 = CARTESIAN_POINT('',(3.136,-1.236,1.6));
#4169 = DIRECTION('',(-0.,-0.,-1.));
#4170 = DIRECTION('',(-0.,1.,-0.));
#4171 = PCURVE('',#4008,#4172);
#4172 = DEFINITIONAL_REPRESENTATION('',(#4173),#4181);
#4173 = ( BOUNDED_CURVE() B_SPLINE_CURVE(2,(#4174,#4175,#4176,#4177,
#4178,#4179,#4180),.UNSPECIFIED.,.T.,.F.) B_SPLINE_CURVE_WITH_KNOTS((1,2
    ,2,2,2,1),(-2.094395102393,0.,2.094395102393,4.188790204786,
6.28318530718,8.377580409573),.UNSPECIFIED.) CURVE() 
GEOMETRIC_REPRESENTATION_ITEM() RATIONAL_B_SPLINE_CURVE((1.,0.5,1.,0.5,
1.,0.5,1.)) REPRESENTATION_ITEM('') );
#4174 = CARTESIAN_POINT('',(-0.336,0.672));
#4175 = CARTESIAN_POINT('',(-0.446851251684,0.672));
#4176 = CARTESIAN_POINT('',(-0.391425625842,0.768));
#4177 = CARTESIAN_POINT('',(-0.336,0.864));
#4178 = CARTESIAN_POINT('',(-0.280574374158,0.768));
#4179 = CARTESIAN_POINT('',(-0.225148748316,0.672));
#4180 = CARTESIAN_POINT('',(-0.336,0.672));
#4181 = ( GEOMETRIC_REPRESENTATION_CONTEXT(2) 
PARAMETRIC_REPRESENTATION_CONTEXT() REPRESENTATION_CONTEXT('2D SPACE',''
  ) );
#4182 = PCURVE('',#4183,#4188);
#4183 = CYLINDRICAL_SURFACE('',#4184,6.4E-02);
#4184 = AXIS2_PLACEMENT_3D('',#4185,#4186,#4187);
#4185 = CARTESIAN_POINT('',(3.136,-1.236,1.6));
#4186 = DIRECTION('',(-0.,-0.,1.));
#4187 = DIRECTION('',(1.,-0.,-0.));
#4188 = DEFINITIONAL_REPRESENTATION('',(#4189),#4193);
#4189 = LINE('',#4190,#4191);
#4190 = CARTESIAN_POINT('',(1.570796326795,-0.));
#4191 = VECTOR('',#4192,1.);
#4192 = DIRECTION('',(-1.,0.));
#4193 = ( GEOMETRIC_REPRESENTATION_CONTEXT(2) 
PARAMETRIC_REPRESENTATION_CONTEXT() REPRESENTATION_CONTEXT('2D SPACE',''
  ) );
#4194 = ORIENTED_EDGE('',*,*,#4195,.T.);
#4195 = EDGE_CURVE('',#4163,#4196,#4198,.T.);
#4196 = VERTEX_POINT('',#4197);
#4197 = CARTESIAN_POINT('',(2.464,-1.3,1.6));
#4198 = SURFACE_CURVE('',#4199,(#4203,#4210),.PCURVE_S1.);
#4199 = LINE('',#4200,#4201);
#4200 = CARTESIAN_POINT('',(3.2,-1.3,1.6));
#4201 = VECTOR('',#4202,1.);
#4202 = DIRECTION('',(-1.,-0.,-0.));
#4203 = PCURVE('',#4008,#4204);
#4204 = DEFINITIONAL_REPRESENTATION('',(#4205),#4209);
#4205 = LINE('',#4206,#4207);
#4206 = CARTESIAN_POINT('',(-0.4,0.8));
#4207 = VECTOR('',#4208,1.);
#4208 = DIRECTION('',(1.,-0.));
#4209 = ( GEOMETRIC_REPRESENTATION_CONTEXT(2) 
PARAMETRIC_REPRESENTATION_CONTEXT() REPRESENTATION_CONTEXT('2D SPACE',''
  ) );
#4210 = PCURVE('',#4211,#4216);
#4211 = PLANE('',#4212);
#4212 = AXIS2_PLACEMENT_3D('',#4213,#4214,#4215);
#4213 = CARTESIAN_POINT('',(3.2,-1.3,1.6));
#4214 = DIRECTION('',(-0.,1.,-0.));
#4215 = DIRECTION('',(1.,0.,0.));
#4216 = DEFINITIONAL_REPRESENTATION('',(#4217),#4221);
#4217 = LINE('',#4218,#4219);
#4218 = CARTESIAN_POINT('',(0.,-0.));
#4219 = VECTOR('',#4220,1.);
#4220 = DIRECTION('',(-1.,0.));
#4221 = ( GEOMETRIC_REPRESENTATION_CONTEXT(2) 
PARAMETRIC_REPRESENTATION_CONTEXT() REPRESENTATION_CONTEXT('2D SPACE',''
  ) );
#4222 = ORIENTED_EDGE('',*,*,#4223,.T.);
#4223 = EDGE_CURVE('',#4196,#4224,#4226,.T.);
#4224 = VERTEX_POINT('',#4225);
#4225 = CARTESIAN_POINT('',(2.4,-1.236,1.6));
#4226 = SURFACE_CURVE('',#4227,(#4232,#4243),.PCURVE_S1.);
#4227 = CIRCLE('',#4228,6.4E-02);
#4228 = AXIS2_PLACEMENT_3D('',#4229,#4230,#4231);
#4229 = CARTESIAN_POINT('',(2.464,-1.236,1.6));
#4230 = DIRECTION('',(-0.,-0.,-1.));
#4231 = DIRECTION('',(-0.,1.,-0.));
#4232 = PCURVE('',#4008,#4233);
#4233 = DEFINITIONAL_REPRESENTATION('',(#4234),#4242);
#4234 = ( BOUNDED_CURVE() B_SPLINE_CURVE(2,(#4235,#4236,#4237,#4238,
#4239,#4240,#4241),.UNSPECIFIED.,.T.,.F.) B_SPLINE_CURVE_WITH_KNOTS((1,2
    ,2,2,2,1),(-2.094395102393,0.,2.094395102393,4.188790204786,
6.28318530718,8.377580409573),.UNSPECIFIED.) CURVE() 
GEOMETRIC_REPRESENTATION_ITEM() RATIONAL_B_SPLINE_CURVE((1.,0.5,1.,0.5,
1.,0.5,1.)) REPRESENTATION_ITEM('') );
#4235 = CARTESIAN_POINT('',(0.336,0.672));
#4236 = CARTESIAN_POINT('',(0.225148748316,0.672));
#4237 = CARTESIAN_POINT('',(0.280574374158,0.768));
#4238 = CARTESIAN_POINT('',(0.336,0.864));
#4239 = CARTESIAN_POINT('',(0.391425625842,0.768));
#4240 = CARTESIAN_POINT('',(0.446851251684,0.672));
#4241 = CARTESIAN_POINT('',(0.336,0.672));
#4242 = ( GEOMETRIC_REPRESENTATION_CONTEXT(2) 
PARAMETRIC_REPRESENTATION_CONTEXT() REPRESENTATION_CONTEXT('2D SPACE',''
  ) );
#4243 = PCURVE('',#4244,#4249);
#4244 = CYLINDRICAL_SURFACE('',#4245,6.4E-02);
#4245 = AXIS2_PLACEMENT_3D('',#4246,#4247,#4248);
#4246 = CARTESIAN_POINT('',(2.464,-1.236,1.6));
#4247 = DIRECTION('',(-0.,-0.,1.));
#4248 = DIRECTION('',(-0.,-1.,-0.));
#4249 = DEFINITIONAL_REPRESENTATION('',(#4250),#4254);
#4250 = LINE('',#4251,#4252);
#4251 = CARTESIAN_POINT('',(3.14159265359,-0.));
#4252 = VECTOR('',#4253,1.);
#4253 = DIRECTION('',(-1.,0.));
#4254 = ( GEOMETRIC_REPRESENTATION_CONTEXT(2) 
PARAMETRIC_REPRESENTATION_CONTEXT() REPRESENTATION_CONTEXT('2D SPACE',''
  ) );
#4255 = ORIENTED_EDGE('',*,*,#4256,.T.);
#4256 = EDGE_CURVE('',#4224,#4257,#4259,.T.);
#4257 = VERTEX_POINT('',#4258);
#4258 = CARTESIAN_POINT('',(2.4,0.236,1.6));
#4259 = SURFACE_CURVE('',#4260,(#4264,#4271),.PCURVE_S1.);
#4260 = LINE('',#4261,#4262);
#4261 = CARTESIAN_POINT('',(2.4,-1.3,1.6));
#4262 = VECTOR('',#4263,1.);
#4263 = DIRECTION('',(-0.,1.,-0.));
#4264 = PCURVE('',#4008,#4265);
#4265 = DEFINITIONAL_REPRESENTATION('',(#4266),#4270);
#4266 = LINE('',#4267,#4268);
#4267 = CARTESIAN_POINT('',(0.4,0.8));
#4268 = VECTOR('',#4269,1.);
#4269 = DIRECTION('',(-0.,-1.));
#4270 = ( GEOMETRIC_REPRESENTATION_CONTEXT(2) 
PARAMETRIC_REPRESENTATION_CONTEXT() REPRESENTATION_CONTEXT('2D SPACE',''
  ) );
#4271 = PCURVE('',#4272,#4277);
#4272 = PLANE('',#4273);
#4273 = AXIS2_PLACEMENT_3D('',#4274,#4275,#4276);
#4274 = CARTESIAN_POINT('',(2.4,-1.3,1.6));
#4275 = DIRECTION('',(1.,-0.,-0.));
#4276 = DIRECTION('',(0.,-1.,0.));
#4277 = DEFINITIONAL_REPRESENTATION('',(#4278),#4282);
#4278 = LINE('',#4279,#4280);
#4279 = CARTESIAN_POINT('',(-0.,0.));
#4280 = VECTOR('',#4281,1.);
#4281 = DIRECTION('',(-1.,-0.));
#4282 = ( GEOMETRIC_REPRESENTATION_CONTEXT(2) 
PARAMETRIC_REPRESENTATION_CONTEXT() REPRESENTATION_CONTEXT('2D SPACE',''
  ) );
#4283 = ORIENTED_EDGE('',*,*,#4284,.F.);
#4284 = EDGE_CURVE('',#3986,#4257,#4285,.T.);
#4285 = SURFACE_CURVE('',#4286,(#4291,#4298),.PCURVE_S1.);
#4286 = CIRCLE('',#4287,6.4E-02);
#4287 = AXIS2_PLACEMENT_3D('',#4288,#4289,#4290);
#4288 = CARTESIAN_POINT('',(2.464,0.236,1.6));
#4289 = DIRECTION('',(-0.,0.,1.));
#4290 = DIRECTION('',(-0.,1.,-0.));
#4291 = PCURVE('',#4008,#4292);
#4292 = DEFINITIONAL_REPRESENTATION('',(#4293),#4297);
#4293 = CIRCLE('',#4294,6.4E-02);
#4294 = AXIS2_PLACEMENT_2D('',#4295,#4296);
#4295 = CARTESIAN_POINT('',(0.336,-0.736));
#4296 = DIRECTION('',(-0.,-1.));
#4297 = ( GEOMETRIC_REPRESENTATION_CONTEXT(2) 
PARAMETRIC_REPRESENTATION_CONTEXT() REPRESENTATION_CONTEXT('2D SPACE',''
  ) );
#4298 = PCURVE('',#4036,#4299);
#4299 = DEFINITIONAL_REPRESENTATION('',(#4300),#4304);
#4300 = LINE('',#4301,#4302);
#4301 = CARTESIAN_POINT('',(0.,0.));
#4302 = VECTOR('',#4303,1.);
#4303 = DIRECTION('',(1.,0.));
#4304 = ( GEOMETRIC_REPRESENTATION_CONTEXT(2) 
PARAMETRIC_REPRESENTATION_CONTEXT() REPRESENTATION_CONTEXT('2D SPACE',''
  ) );
#4305 = ADVANCED_FACE('',(#4306),#4036,.T.);
#4306 = FACE_BOUND('',#4307,.T.);
#4307 = EDGE_LOOP('',(#4308,#4309,#4332,#4354));
#4308 = ORIENTED_EDGE('',*,*,#4284,.T.);
#4309 = ORIENTED_EDGE('',*,*,#4310,.T.);
#4310 = EDGE_CURVE('',#4257,#4311,#4313,.T.);
#4311 = VERTEX_POINT('',#4312);
#4312 = CARTESIAN_POINT('',(2.4,0.236,2.05));
#4313 = SURFACE_CURVE('',#4314,(#4318,#4325),.PCURVE_S1.);
#4314 = LINE('',#4315,#4316);
#4315 = CARTESIAN_POINT('',(2.4,0.236,1.6));
#4316 = VECTOR('',#4317,1.);
#4317 = DIRECTION('',(-0.,-0.,1.));
#4318 = PCURVE('',#4036,#4319);
#4319 = DEFINITIONAL_REPRESENTATION('',(#4320),#4324);
#4320 = LINE('',#4321,#4322);
#4321 = CARTESIAN_POINT('',(1.570796326795,0.));
#4322 = VECTOR('',#4323,1.);
#4323 = DIRECTION('',(0.,1.));
#4324 = ( GEOMETRIC_REPRESENTATION_CONTEXT(2) 
PARAMETRIC_REPRESENTATION_CONTEXT() REPRESENTATION_CONTEXT('2D SPACE',''
  ) );
#4325 = PCURVE('',#4272,#4326);
#4326 = DEFINITIONAL_REPRESENTATION('',(#4327),#4331);
#4327 = LINE('',#4328,#4329);
#4328 = CARTESIAN_POINT('',(-1.536,0.));
#4329 = VECTOR('',#4330,1.);
#4330 = DIRECTION('',(-0.,-1.));
#4331 = ( GEOMETRIC_REPRESENTATION_CONTEXT(2) 
PARAMETRIC_REPRESENTATION_CONTEXT() REPRESENTATION_CONTEXT('2D SPACE',''
  ) );
#4332 = ORIENTED_EDGE('',*,*,#4333,.F.);
#4333 = EDGE_CURVE('',#4021,#4311,#4334,.T.);
#4334 = SURFACE_CURVE('',#4335,(#4340,#4347),.PCURVE_S1.);
#4335 = CIRCLE('',#4336,6.4E-02);
#4336 = AXIS2_PLACEMENT_3D('',#4337,#4338,#4339);
#4337 = CARTESIAN_POINT('',(2.464,0.236,2.05));
#4338 = DIRECTION('',(-0.,0.,1.));
#4339 = DIRECTION('',(-0.,1.,-0.));
#4340 = PCURVE('',#4036,#4341);
#4341 = DEFINITIONAL_REPRESENTATION('',(#4342),#4346);
#4342 = LINE('',#4343,#4344);
#4343 = CARTESIAN_POINT('',(0.,0.45));
#4344 = VECTOR('',#4345,1.);
#4345 = DIRECTION('',(1.,0.));
#4346 = ( GEOMETRIC_REPRESENTATION_CONTEXT(2) 
PARAMETRIC_REPRESENTATION_CONTEXT() REPRESENTATION_CONTEXT('2D SPACE',''
  ) );
#4347 = PCURVE('',#4064,#4348);
#4348 = DEFINITIONAL_REPRESENTATION('',(#4349),#4353);
#4349 = CIRCLE('',#4350,6.4E-02);
#4350 = AXIS2_PLACEMENT_2D('',#4351,#4352);
#4351 = CARTESIAN_POINT('',(0.336,-0.736));
#4352 = DIRECTION('',(-0.,-1.));
#4353 = ( GEOMETRIC_REPRESENTATION_CONTEXT(2) 
PARAMETRIC_REPRESENTATION_CONTEXT() REPRESENTATION_CONTEXT('2D SPACE',''
  ) );
#4354 = ORIENTED_EDGE('',*,*,#4020,.F.);
#4355 = ADVANCED_FACE('',(#4356),#4090,.T.);
#4356 = FACE_BOUND('',#4357,.F.);
#4357 = EDGE_LOOP('',(#4358,#4359,#4382,#4408));
#4358 = ORIENTED_EDGE('',*,*,#4106,.T.);
#4359 = ORIENTED_EDGE('',*,*,#4360,.T.);
#4360 = EDGE_CURVE('',#4107,#4361,#4363,.T.);
#4361 = VERTEX_POINT('',#4362);
#4362 = CARTESIAN_POINT('',(3.2,0.236,2.05));
#4363 = SURFACE_CURVE('',#4364,(#4368,#4375),.PCURVE_S1.);
#4364 = LINE('',#4365,#4366);
#4365 = CARTESIAN_POINT('',(3.2,0.236,1.6));
#4366 = VECTOR('',#4367,1.);
#4367 = DIRECTION('',(-0.,-0.,1.));
#4368 = PCURVE('',#4090,#4369);
#4369 = DEFINITIONAL_REPRESENTATION('',(#4370),#4374);
#4370 = LINE('',#4371,#4372);
#4371 = CARTESIAN_POINT('',(-1.570796326795,0.));
#4372 = VECTOR('',#4373,1.);
#4373 = DIRECTION('',(-0.,1.));
#4374 = ( GEOMETRIC_REPRESENTATION_CONTEXT(2) 
PARAMETRIC_REPRESENTATION_CONTEXT() REPRESENTATION_CONTEXT('2D SPACE',''
  ) );
#4375 = PCURVE('',#4150,#4376);
#4376 = DEFINITIONAL_REPRESENTATION('',(#4377),#4381);
#4377 = LINE('',#4378,#4379);
#4378 = CARTESIAN_POINT('',(-6.4E-02,0.));
#4379 = VECTOR('',#4380,1.);
#4380 = DIRECTION('',(-0.,-1.));
#4381 = ( GEOMETRIC_REPRESENTATION_CONTEXT(2) 
PARAMETRIC_REPRESENTATION_CONTEXT() REPRESENTATION_CONTEXT('2D SPACE',''
  ) );
#4382 = ORIENTED_EDGE('',*,*,#4383,.F.);
#4383 = EDGE_CURVE('',#4049,#4361,#4384,.T.);
#4384 = SURFACE_CURVE('',#4385,(#4390,#4397),.PCURVE_S1.);
#4385 = CIRCLE('',#4386,6.4E-02);
#4386 = AXIS2_PLACEMENT_3D('',#4387,#4388,#4389);
#4387 = CARTESIAN_POINT('',(3.136,0.236,2.05));
#4388 = DIRECTION('',(-0.,-0.,-1.));
#4389 = DIRECTION('',(-0.,1.,-0.));
#4390 = PCURVE('',#4090,#4391);
#4391 = DEFINITIONAL_REPRESENTATION('',(#4392),#4396);
#4392 = LINE('',#4393,#4394);
#4393 = CARTESIAN_POINT('',(-0.,0.45));
#4394 = VECTOR('',#4395,1.);
#4395 = DIRECTION('',(-1.,0.));
#4396 = ( GEOMETRIC_REPRESENTATION_CONTEXT(2) 
PARAMETRIC_REPRESENTATION_CONTEXT() REPRESENTATION_CONTEXT('2D SPACE',''
  ) );
#4397 = PCURVE('',#4064,#4398);
#4398 = DEFINITIONAL_REPRESENTATION('',(#4399),#4407);
#4399 = ( BOUNDED_CURVE() B_SPLINE_CURVE(2,(#4400,#4401,#4402,#4403,
#4404,#4405,#4406),.UNSPECIFIED.,.T.,.F.) B_SPLINE_CURVE_WITH_KNOTS((1,2
    ,2,2,2,1),(-2.094395102393,0.,2.094395102393,4.188790204786,
6.28318530718,8.377580409573),.UNSPECIFIED.) CURVE() 
GEOMETRIC_REPRESENTATION_ITEM() RATIONAL_B_SPLINE_CURVE((1.,0.5,1.,0.5,
1.,0.5,1.)) REPRESENTATION_ITEM('') );
#4400 = CARTESIAN_POINT('',(-0.336,-0.8));
#4401 = CARTESIAN_POINT('',(-0.446851251684,-0.8));
#4402 = CARTESIAN_POINT('',(-0.391425625842,-0.704));
#4403 = CARTESIAN_POINT('',(-0.336,-0.608));
#4404 = CARTESIAN_POINT('',(-0.280574374158,-0.704));
#4405 = CARTESIAN_POINT('',(-0.225148748316,-0.8));
#4406 = CARTESIAN_POINT('',(-0.336,-0.8));
#4407 = ( GEOMETRIC_REPRESENTATION_CONTEXT(2) 
PARAMETRIC_REPRESENTATION_CONTEXT() REPRESENTATION_CONTEXT('2D SPACE',''
  ) );
#4408 = ORIENTED_EDGE('',*,*,#4076,.F.);
#4409 = ADVANCED_FACE('',(#4410),#4064,.T.);
#4410 = FACE_BOUND('',#4411,.F.);
#4411 = EDGE_LOOP('',(#4412,#4413,#4414,#4437,#4465,#4488,#4516,#4537));
#4412 = ORIENTED_EDGE('',*,*,#4048,.T.);
#4413 = ORIENTED_EDGE('',*,*,#4383,.T.);
#4414 = ORIENTED_EDGE('',*,*,#4415,.T.);
#4415 = EDGE_CURVE('',#4361,#4416,#4418,.T.);
#4416 = VERTEX_POINT('',#4417);
#4417 = CARTESIAN_POINT('',(3.2,-1.236,2.05));
#4418 = SURFACE_CURVE('',#4419,(#4423,#4430),.PCURVE_S1.);
#4419 = LINE('',#4420,#4421);
#4420 = CARTESIAN_POINT('',(3.2,0.3,2.05));
#4421 = VECTOR('',#4422,1.);
#4422 = DIRECTION('',(-0.,-1.,-0.));
#4423 = PCURVE('',#4064,#4424);
#4424 = DEFINITIONAL_REPRESENTATION('',(#4425),#4429);
#4425 = LINE('',#4426,#4427);
#4426 = CARTESIAN_POINT('',(-0.4,-0.8));
#4427 = VECTOR('',#4428,1.);
#4428 = DIRECTION('',(-0.,1.));
#4429 = ( GEOMETRIC_REPRESENTATION_CONTEXT(2) 
PARAMETRIC_REPRESENTATION_CONTEXT() REPRESENTATION_CONTEXT('2D SPACE',''
  ) );
#4430 = PCURVE('',#4150,#4431);
#4431 = DEFINITIONAL_REPRESENTATION('',(#4432),#4436);
#4432 = LINE('',#4433,#4434);
#4433 = CARTESIAN_POINT('',(-0.,-0.45));
#4434 = VECTOR('',#4435,1.);
#4435 = DIRECTION('',(-1.,0.));
#4436 = ( GEOMETRIC_REPRESENTATION_CONTEXT(2) 
PARAMETRIC_REPRESENTATION_CONTEXT() REPRESENTATION_CONTEXT('2D SPACE',''
  ) );
#4437 = ORIENTED_EDGE('',*,*,#4438,.T.);
#4438 = EDGE_CURVE('',#4416,#4439,#4441,.T.);
#4439 = VERTEX_POINT('',#4440);
#4440 = CARTESIAN_POINT('',(3.136,-1.3,2.05));
#4441 = SURFACE_CURVE('',#4442,(#4447,#4458),.PCURVE_S1.);
#4442 = CIRCLE('',#4443,6.4E-02);
#4443 = AXIS2_PLACEMENT_3D('',#4444,#4445,#4446);
#4444 = CARTESIAN_POINT('',(3.136,-1.236,2.05));
#4445 = DIRECTION('',(-0.,-0.,-1.));
#4446 = DIRECTION('',(-0.,1.,-0.));
#4447 = PCURVE('',#4064,#4448);
#4448 = DEFINITIONAL_REPRESENTATION('',(#4449),#4457);
#4449 = ( BOUNDED_CURVE() B_SPLINE_CURVE(2,(#4450,#4451,#4452,#4453,
#4454,#4455,#4456),.UNSPECIFIED.,.T.,.F.) B_SPLINE_CURVE_WITH_KNOTS((1,2
    ,2,2,2,1),(-2.094395102393,0.,2.094395102393,4.188790204786,
6.28318530718,8.377580409573),.UNSPECIFIED.) CURVE() 
GEOMETRIC_REPRESENTATION_ITEM() RATIONAL_B_SPLINE_CURVE((1.,0.5,1.,0.5,
1.,0.5,1.)) REPRESENTATION_ITEM('') );
#4450 = CARTESIAN_POINT('',(-0.336,0.672));
#4451 = CARTESIAN_POINT('',(-0.446851251684,0.672));
#4452 = CARTESIAN_POINT('',(-0.391425625842,0.768));
#4453 = CARTESIAN_POINT('',(-0.336,0.864));
#4454 = CARTESIAN_POINT('',(-0.280574374158,0.768));
#4455 = CARTESIAN_POINT('',(-0.225148748316,0.672));
#4456 = CARTESIAN_POINT('',(-0.336,0.672));
#4457 = ( GEOMETRIC_REPRESENTATION_CONTEXT(2) 
PARAMETRIC_REPRESENTATION_CONTEXT() REPRESENTATION_CONTEXT('2D SPACE',''
  ) );
#4458 = PCURVE('',#4183,#4459);
#4459 = DEFINITIONAL_REPRESENTATION('',(#4460),#4464);
#4460 = LINE('',#4461,#4462);
#4461 = CARTESIAN_POINT('',(1.570796326795,0.45));
#4462 = VECTOR('',#4463,1.);
#4463 = DIRECTION('',(-1.,0.));
#4464 = ( GEOMETRIC_REPRESENTATION_CONTEXT(2) 
PARAMETRIC_REPRESENTATION_CONTEXT() REPRESENTATION_CONTEXT('2D SPACE',''
  ) );
#4465 = ORIENTED_EDGE('',*,*,#4466,.T.);
#4466 = EDGE_CURVE('',#4439,#4467,#4469,.T.);
#4467 = VERTEX_POINT('',#4468);
#4468 = CARTESIAN_POINT('',(2.464,-1.3,2.05));
#4469 = SURFACE_CURVE('',#4470,(#4474,#4481),.PCURVE_S1.);
#4470 = LINE('',#4471,#4472);
#4471 = CARTESIAN_POINT('',(3.2,-1.3,2.05));
#4472 = VECTOR('',#4473,1.);
#4473 = DIRECTION('',(-1.,-0.,-0.));
#4474 = PCURVE('',#4064,#4475);
#4475 = DEFINITIONAL_REPRESENTATION('',(#4476),#4480);
#4476 = LINE('',#4477,#4478);
#4477 = CARTESIAN_POINT('',(-0.4,0.8));
#4478 = VECTOR('',#4479,1.);
#4479 = DIRECTION('',(1.,-0.));
#4480 = ( GEOMETRIC_REPRESENTATION_CONTEXT(2) 
PARAMETRIC_REPRESENTATION_CONTEXT() REPRESENTATION_CONTEXT('2D SPACE',''
  ) );
#4481 = PCURVE('',#4211,#4482);
#4482 = DEFINITIONAL_REPRESENTATION('',(#4483),#4487);
#4483 = LINE('',#4484,#4485);
#4484 = CARTESIAN_POINT('',(-0.,-0.45));
#4485 = VECTOR('',#4486,1.);
#4486 = DIRECTION('',(-1.,0.));
#4487 = ( GEOMETRIC_REPRESENTATION_CONTEXT(2) 
PARAMETRIC_REPRESENTATION_CONTEXT() REPRESENTATION_CONTEXT('2D SPACE',''
  ) );
#4488 = ORIENTED_EDGE('',*,*,#4489,.T.);
#4489 = EDGE_CURVE('',#4467,#4490,#4492,.T.);
#4490 = VERTEX_POINT('',#4491);
#4491 = CARTESIAN_POINT('',(2.4,-1.236,2.05));
#4492 = SURFACE_CURVE('',#4493,(#4498,#4509),.PCURVE_S1.);
#4493 = CIRCLE('',#4494,6.4E-02);
#4494 = AXIS2_PLACEMENT_3D('',#4495,#4496,#4497);
#4495 = CARTESIAN_POINT('',(2.464,-1.236,2.05));
#4496 = DIRECTION('',(-0.,-0.,-1.));
#4497 = DIRECTION('',(-0.,1.,-0.));
#4498 = PCURVE('',#4064,#4499);
#4499 = DEFINITIONAL_REPRESENTATION('',(#4500),#4508);
#4500 = ( BOUNDED_CURVE() B_SPLINE_CURVE(2,(#4501,#4502,#4503,#4504,
#4505,#4506,#4507),.UNSPECIFIED.,.T.,.F.) B_SPLINE_CURVE_WITH_KNOTS((1,2
    ,2,2,2,1),(-2.094395102393,0.,2.094395102393,4.188790204786,
6.28318530718,8.377580409573),.UNSPECIFIED.) CURVE() 
GEOMETRIC_REPRESENTATION_ITEM() RATIONAL_B_SPLINE_CURVE((1.,0.5,1.,0.5,
1.,0.5,1.)) REPRESENTATION_ITEM('') );
#4501 = CARTESIAN_POINT('',(0.336,0.672));
#4502 = CARTESIAN_POINT('',(0.225148748316,0.672));
#4503 = CARTESIAN_POINT('',(0.280574374158,0.768));
#4504 = CARTESIAN_POINT('',(0.336,0.864));
#4505 = CARTESIAN_POINT('',(0.391425625842,0.768));
#4506 = CARTESIAN_POINT('',(0.446851251684,0.672));
#4507 = CARTESIAN_POINT('',(0.336,0.672));
#4508 = ( GEOMETRIC_REPRESENTATION_CONTEXT(2) 
PARAMETRIC_REPRESENTATION_CONTEXT() REPRESENTATION_CONTEXT('2D SPACE',''
  ) );
#4509 = PCURVE('',#4244,#4510);
#4510 = DEFINITIONAL_REPRESENTATION('',(#4511),#4515);
#4511 = LINE('',#4512,#4513);
#4512 = CARTESIAN_POINT('',(3.14159265359,0.45));
#4513 = VECTOR('',#4514,1.);
#4514 = DIRECTION('',(-1.,0.));
#4515 = ( GEOMETRIC_REPRESENTATION_CONTEXT(2) 
PARAMETRIC_REPRESENTATION_CONTEXT() REPRESENTATION_CONTEXT('2D SPACE',''
  ) );
#4516 = ORIENTED_EDGE('',*,*,#4517,.T.);
#4517 = EDGE_CURVE('',#4490,#4311,#4518,.T.);
#4518 = SURFACE_CURVE('',#4519,(#4523,#4530),.PCURVE_S1.);
#4519 = LINE('',#4520,#4521);
#4520 = CARTESIAN_POINT('',(2.4,-1.3,2.05));
#4521 = VECTOR('',#4522,1.);
#4522 = DIRECTION('',(-0.,1.,-0.));
#4523 = PCURVE('',#4064,#4524);
#4524 = DEFINITIONAL_REPRESENTATION('',(#4525),#4529);
#4525 = LINE('',#4526,#4527);
#4526 = CARTESIAN_POINT('',(0.4,0.8));
#4527 = VECTOR('',#4528,1.);
#4528 = DIRECTION('',(-0.,-1.));
#4529 = ( GEOMETRIC_REPRESENTATION_CONTEXT(2) 
PARAMETRIC_REPRESENTATION_CONTEXT() REPRESENTATION_CONTEXT('2D SPACE',''
  ) );
#4530 = PCURVE('',#4272,#4531);
#4531 = DEFINITIONAL_REPRESENTATION('',(#4532),#4536);
#4532 = LINE('',#4533,#4534);
#4533 = CARTESIAN_POINT('',(-0.,-0.45));
#4534 = VECTOR('',#4535,1.);
#4535 = DIRECTION('',(-1.,-0.));
#4536 = ( GEOMETRIC_REPRESENTATION_CONTEXT(2) 
PARAMETRIC_REPRESENTATION_CONTEXT() REPRESENTATION_CONTEXT('2D SPACE',''
  ) );
#4537 = ORIENTED_EDGE('',*,*,#4333,.F.);
#4538 = ADVANCED_FACE('',(#4539),#4272,.F.);
#4539 = FACE_BOUND('',#4540,.T.);
#4540 = EDGE_LOOP('',(#4541,#4542,#4563,#4564));
#4541 = ORIENTED_EDGE('',*,*,#4256,.F.);
#4542 = ORIENTED_EDGE('',*,*,#4543,.T.);
#4543 = EDGE_CURVE('',#4224,#4490,#4544,.T.);
#4544 = SURFACE_CURVE('',#4545,(#4549,#4556),.PCURVE_S1.);
#4545 = LINE('',#4546,#4547);
#4546 = CARTESIAN_POINT('',(2.4,-1.236,1.6));
#4547 = VECTOR('',#4548,1.);
#4548 = DIRECTION('',(-0.,-0.,1.));
#4549 = PCURVE('',#4272,#4550);
#4550 = DEFINITIONAL_REPRESENTATION('',(#4551),#4555);
#4551 = LINE('',#4552,#4553);
#4552 = CARTESIAN_POINT('',(-6.4E-02,0.));
#4553 = VECTOR('',#4554,1.);
#4554 = DIRECTION('',(-0.,-1.));
#4555 = ( GEOMETRIC_REPRESENTATION_CONTEXT(2) 
PARAMETRIC_REPRESENTATION_CONTEXT() REPRESENTATION_CONTEXT('2D SPACE',''
  ) );
#4556 = PCURVE('',#4244,#4557);
#4557 = DEFINITIONAL_REPRESENTATION('',(#4558),#4562);
#4558 = LINE('',#4559,#4560);
#4559 = CARTESIAN_POINT('',(-1.570796326795,0.));
#4560 = VECTOR('',#4561,1.);
#4561 = DIRECTION('',(-0.,1.));
#4562 = ( GEOMETRIC_REPRESENTATION_CONTEXT(2) 
PARAMETRIC_REPRESENTATION_CONTEXT() REPRESENTATION_CONTEXT('2D SPACE',''
  ) );
#4563 = ORIENTED_EDGE('',*,*,#4517,.T.);
#4564 = ORIENTED_EDGE('',*,*,#4310,.F.);
#4565 = ADVANCED_FACE('',(#4566),#4150,.F.);
#4566 = FACE_BOUND('',#4567,.T.);
#4567 = EDGE_LOOP('',(#4568,#4569,#4570,#4571));
#4568 = ORIENTED_EDGE('',*,*,#4134,.F.);
#4569 = ORIENTED_EDGE('',*,*,#4360,.T.);
#4570 = ORIENTED_EDGE('',*,*,#4415,.T.);
#4571 = ORIENTED_EDGE('',*,*,#4572,.F.);
#4572 = EDGE_CURVE('',#4135,#4416,#4573,.T.);
#4573 = SURFACE_CURVE('',#4574,(#4578,#4585),.PCURVE_S1.);
#4574 = LINE('',#4575,#4576);
#4575 = CARTESIAN_POINT('',(3.2,-1.236,1.6));
#4576 = VECTOR('',#4577,1.);
#4577 = DIRECTION('',(-0.,-0.,1.));
#4578 = PCURVE('',#4150,#4579);
#4579 = DEFINITIONAL_REPRESENTATION('',(#4580),#4584);
#4580 = LINE('',#4581,#4582);
#4581 = CARTESIAN_POINT('',(-1.536,0.));
#4582 = VECTOR('',#4583,1.);
#4583 = DIRECTION('',(-0.,-1.));
#4584 = ( GEOMETRIC_REPRESENTATION_CONTEXT(2) 
PARAMETRIC_REPRESENTATION_CONTEXT() REPRESENTATION_CONTEXT('2D SPACE',''
  ) );
#4585 = PCURVE('',#4183,#4586);
#4586 = DEFINITIONAL_REPRESENTATION('',(#4587),#4591);
#4587 = LINE('',#4588,#4589);
#4588 = CARTESIAN_POINT('',(-0.,0.));
#4589 = VECTOR('',#4590,1.);
#4590 = DIRECTION('',(-0.,1.));
#4591 = ( GEOMETRIC_REPRESENTATION_CONTEXT(2) 
PARAMETRIC_REPRESENTATION_CONTEXT() REPRESENTATION_CONTEXT('2D SPACE',''
  ) );
#4592 = ADVANCED_FACE('',(#4593),#4244,.T.);
#4593 = FACE_BOUND('',#4594,.F.);
#4594 = EDGE_LOOP('',(#4595,#4596,#4597,#4598));
#4595 = ORIENTED_EDGE('',*,*,#4223,.T.);
#4596 = ORIENTED_EDGE('',*,*,#4543,.T.);
#4597 = ORIENTED_EDGE('',*,*,#4489,.F.);
#4598 = ORIENTED_EDGE('',*,*,#4599,.F.);
#4599 = EDGE_CURVE('',#4196,#4467,#4600,.T.);
#4600 = SURFACE_CURVE('',#4601,(#4605,#4612),.PCURVE_S1.);
#4601 = LINE('',#4602,#4603);
#4602 = CARTESIAN_POINT('',(2.464,-1.3,1.6));
#4603 = VECTOR('',#4604,1.);
#4604 = DIRECTION('',(-0.,-0.,1.));
#4605 = PCURVE('',#4244,#4606);
#4606 = DEFINITIONAL_REPRESENTATION('',(#4607),#4611);
#4607 = LINE('',#4608,#4609);
#4608 = CARTESIAN_POINT('',(-0.,0.));
#4609 = VECTOR('',#4610,1.);
#4610 = DIRECTION('',(-0.,1.));
#4611 = ( GEOMETRIC_REPRESENTATION_CONTEXT(2) 
PARAMETRIC_REPRESENTATION_CONTEXT() REPRESENTATION_CONTEXT('2D SPACE',''
  ) );
#4612 = PCURVE('',#4211,#4613);
#4613 = DEFINITIONAL_REPRESENTATION('',(#4614),#4618);
#4614 = LINE('',#4615,#4616);
#4615 = CARTESIAN_POINT('',(-0.736,0.));
#4616 = VECTOR('',#4617,1.);
#4617 = DIRECTION('',(-0.,-1.));
#4618 = ( GEOMETRIC_REPRESENTATION_CONTEXT(2) 
PARAMETRIC_REPRESENTATION_CONTEXT() REPRESENTATION_CONTEXT('2D SPACE',''
  ) );
#4619 = ADVANCED_FACE('',(#4620),#4183,.T.);
#4620 = FACE_BOUND('',#4621,.F.);
#4621 = EDGE_LOOP('',(#4622,#4623,#4644,#4645));
#4622 = ORIENTED_EDGE('',*,*,#4162,.T.);
#4623 = ORIENTED_EDGE('',*,*,#4624,.T.);
#4624 = EDGE_CURVE('',#4163,#4439,#4625,.T.);
#4625 = SURFACE_CURVE('',#4626,(#4630,#4637),.PCURVE_S1.);
#4626 = LINE('',#4627,#4628);
#4627 = CARTESIAN_POINT('',(3.136,-1.3,1.6));
#4628 = VECTOR('',#4629,1.);
#4629 = DIRECTION('',(-0.,-0.,1.));
#4630 = PCURVE('',#4183,#4631);
#4631 = DEFINITIONAL_REPRESENTATION('',(#4632),#4636);
#4632 = LINE('',#4633,#4634);
#4633 = CARTESIAN_POINT('',(-1.570796326795,0.));
#4634 = VECTOR('',#4635,1.);
#4635 = DIRECTION('',(-0.,1.));
#4636 = ( GEOMETRIC_REPRESENTATION_CONTEXT(2) 
PARAMETRIC_REPRESENTATION_CONTEXT() REPRESENTATION_CONTEXT('2D SPACE',''
  ) );
#4637 = PCURVE('',#4211,#4638);
#4638 = DEFINITIONAL_REPRESENTATION('',(#4639),#4643);
#4639 = LINE('',#4640,#4641);
#4640 = CARTESIAN_POINT('',(-6.4E-02,0.));
#4641 = VECTOR('',#4642,1.);
#4642 = DIRECTION('',(-0.,-1.));
#4643 = ( GEOMETRIC_REPRESENTATION_CONTEXT(2) 
PARAMETRIC_REPRESENTATION_CONTEXT() REPRESENTATION_CONTEXT('2D SPACE',''
  ) );
#4644 = ORIENTED_EDGE('',*,*,#4438,.F.);
#4645 = ORIENTED_EDGE('',*,*,#4572,.F.);
#4646 = ADVANCED_FACE('',(#4647),#4211,.F.);
#4647 = FACE_BOUND('',#4648,.T.);
#4648 = EDGE_LOOP('',(#4649,#4650,#4651,#4652));
#4649 = ORIENTED_EDGE('',*,*,#4195,.F.);
#4650 = ORIENTED_EDGE('',*,*,#4624,.T.);
#4651 = ORIENTED_EDGE('',*,*,#4466,.T.);
#4652 = ORIENTED_EDGE('',*,*,#4599,.F.);
#4653 = ( GEOMETRIC_REPRESENTATION_CONTEXT(3) 
GLOBAL_UNCERTAINTY_ASSIGNED_CONTEXT((#4657)) 
GLOBAL_UNIT_ASSIGNED_CONTEXT((#4654,#4655,#4656)) REPRESENTATION_CONTEXT
('Context #1','3D Context with UNIT and UNCERTAINTY') );
#4654 = ( LENGTH_UNIT() NAMED_UNIT(*) SI_UNIT(.MILLI.,.METRE.) );
#4655 = ( NAMED_UNIT(*) PLANE_ANGLE_UNIT() SI_UNIT($,.RADIAN.) );
#4656 = ( NAMED_UNIT(*) SI_UNIT($,.STERADIAN.) SOLID_ANGLE_UNIT() );
#4657 = UNCERTAINTY_MEASURE_WITH_UNIT(LENGTH_MEASURE(1.E-07),#4654,
  'distance_accuracy_value','confusion accuracy');
#4658 = CONTEXT_DEPENDENT_SHAPE_REPRESENTATION(#4659,#4661);
#4659 = ( REPRESENTATION_RELATIONSHIP('','',#3978,#10) 
REPRESENTATION_RELATIONSHIP_WITH_TRANSFORMATION(#4660) 
SHAPE_REPRESENTATION_RELATIONSHIP() );
#4660 = ITEM_DEFINED_TRANSFORMATION('','',#11,#55);
#4661 = PRODUCT_DEFINITION_SHAPE('Placement','Placement of an item',
  #4662);
#4662 = NEXT_ASSEMBLY_USAGE_OCCURRENCE('31','C0','',#5,#3973,$);
#4663 = PRODUCT_RELATED_PRODUCT_CATEGORY('part',$,(#3975));
#4664 = SHAPE_DEFINITION_REPRESENTATION(#4665,#4671);
#4665 = PRODUCT_DEFINITION_SHAPE('','',#4666);
#4666 = PRODUCT_DEFINITION('design','',#4667,#4670);
#4667 = PRODUCT_DEFINITION_FORMATION('','',#4668);
#4668 = PRODUCT('C1','C1','',(#4669));
#4669 = PRODUCT_CONTEXT('',#2,'mechanical');
#4670 = PRODUCT_DEFINITION_CONTEXT('part definition',#2,'design');
#4671 = ADVANCED_BREP_SHAPE_REPRESENTATION('',(#11,#4672),#5346);
#4672 = MANIFOLD_SOLID_BREP('',#4673);
#4673 = CLOSED_SHELL('',(#4674,#4794,#4998,#5048,#5102,#5231,#5258,#5285
    ,#5312,#5339));
#4674 = ADVANCED_FACE('',(#4675),#4689,.F.);
#4675 = FACE_BOUND('',#4676,.T.);
#4676 = EDGE_LOOP('',(#4677,#4712,#4740,#4768));
#4677 = ORIENTED_EDGE('',*,*,#4678,.F.);
#4678 = EDGE_CURVE('',#4679,#4681,#4683,.T.);
#4679 = VERTEX_POINT('',#4680);
#4680 = CARTESIAN_POINT('',(2.464,-1.7,1.6));
#4681 = VERTEX_POINT('',#4682);
#4682 = CARTESIAN_POINT('',(3.136,-1.7,1.6));
#4683 = SURFACE_CURVE('',#4684,(#4688,#4700),.PCURVE_S1.);
#4684 = LINE('',#4685,#4686);
#4685 = CARTESIAN_POINT('',(2.4,-1.7,1.6));
#4686 = VECTOR('',#4687,1.);
#4687 = DIRECTION('',(1.,-0.,-0.));
#4688 = PCURVE('',#4689,#4694);
#4689 = PLANE('',#4690);
#4690 = AXIS2_PLACEMENT_3D('',#4691,#4692,#4693);
#4691 = CARTESIAN_POINT('',(2.4,-1.7,1.6));
#4692 = DIRECTION('',(-0.,-1.,-0.));
#4693 = DIRECTION('',(-1.,0.,0.));
#4694 = DEFINITIONAL_REPRESENTATION('',(#4695),#4699);
#4695 = LINE('',#4696,#4697);
#4696 = CARTESIAN_POINT('',(-0.,-0.));
#4697 = VECTOR('',#4698,1.);
#4698 = DIRECTION('',(-1.,-0.));
#4699 = ( GEOMETRIC_REPRESENTATION_CONTEXT(2) 
PARAMETRIC_REPRESENTATION_CONTEXT() REPRESENTATION_CONTEXT('2D SPACE',''
  ) );
#4700 = PCURVE('',#4701,#4706);
#4701 = PLANE('',#4702);
#4702 = AXIS2_PLACEMENT_3D('',#4703,#4704,#4705);
#4703 = CARTESIAN_POINT('',(2.8,-2.5,1.6));
#4704 = DIRECTION('',(-0.,-0.,1.));
#4705 = DIRECTION('',(-1.,0.,0.));
#4706 = DEFINITIONAL_REPRESENTATION('',(#4707),#4711);
#4707 = LINE('',#4708,#4709);
#4708 = CARTESIAN_POINT('',(0.4,-0.8));
#4709 = VECTOR('',#4710,1.);
#4710 = DIRECTION('',(-1.,0.));
#4711 = ( GEOMETRIC_REPRESENTATION_CONTEXT(2) 
PARAMETRIC_REPRESENTATION_CONTEXT() REPRESENTATION_CONTEXT('2D SPACE',''
  ) );
#4712 = ORIENTED_EDGE('',*,*,#4713,.T.);
#4713 = EDGE_CURVE('',#4679,#4714,#4716,.T.);
#4714 = VERTEX_POINT('',#4715);
#4715 = CARTESIAN_POINT('',(2.464,-1.7,2.05));
#4716 = SURFACE_CURVE('',#4717,(#4721,#4728),.PCURVE_S1.);
#4717 = LINE('',#4718,#4719);
#4718 = CARTESIAN_POINT('',(2.464,-1.7,1.6));
#4719 = VECTOR('',#4720,1.);
#4720 = DIRECTION('',(-0.,-0.,1.));
#4721 = PCURVE('',#4689,#4722);
#4722 = DEFINITIONAL_REPRESENTATION('',(#4723),#4727);
#4723 = LINE('',#4724,#4725);
#4724 = CARTESIAN_POINT('',(-6.4E-02,-0.));
#4725 = VECTOR('',#4726,1.);
#4726 = DIRECTION('',(-0.,-1.));
#4727 = ( GEOMETRIC_REPRESENTATION_CONTEXT(2) 
PARAMETRIC_REPRESENTATION_CONTEXT() REPRESENTATION_CONTEXT('2D SPACE',''
  ) );
#4728 = PCURVE('',#4729,#4734);
#4729 = CYLINDRICAL_SURFACE('',#4730,6.4E-02);
#4730 = AXIS2_PLACEMENT_3D('',#4731,#4732,#4733);
#4731 = CARTESIAN_POINT('',(2.464,-1.764,1.6));
#4732 = DIRECTION('',(-0.,-0.,1.));
#4733 = DIRECTION('',(-0.,1.,-0.));
#4734 = DEFINITIONAL_REPRESENTATION('',(#4735),#4739);
#4735 = LINE('',#4736,#4737);
#4736 = CARTESIAN_POINT('',(0.,0.));
#4737 = VECTOR('',#4738,1.);
#4738 = DIRECTION('',(0.,1.));
#4739 = ( GEOMETRIC_REPRESENTATION_CONTEXT(2) 
PARAMETRIC_REPRESENTATION_CONTEXT() REPRESENTATION_CONTEXT('2D SPACE',''
  ) );
#4740 = ORIENTED_EDGE('',*,*,#4741,.T.);
#4741 = EDGE_CURVE('',#4714,#4742,#4744,.T.);
#4742 = VERTEX_POINT('',#4743);
#4743 = CARTESIAN_POINT('',(3.136,-1.7,2.05));
#4744 = SURFACE_CURVE('',#4745,(#4749,#4756),.PCURVE_S1.);
#4745 = LINE('',#4746,#4747);
#4746 = CARTESIAN_POINT('',(2.4,-1.7,2.05));
#4747 = VECTOR('',#4748,1.);
#4748 = DIRECTION('',(1.,-0.,-0.));
#4749 = PCURVE('',#4689,#4750);
#4750 = DEFINITIONAL_REPRESENTATION('',(#4751),#4755);
#4751 = LINE('',#4752,#4753);
#4752 = CARTESIAN_POINT('',(-0.,-0.45));
#4753 = VECTOR('',#4754,1.);
#4754 = DIRECTION('',(-1.,-0.));
#4755 = ( GEOMETRIC_REPRESENTATION_CONTEXT(2) 
PARAMETRIC_REPRESENTATION_CONTEXT() REPRESENTATION_CONTEXT('2D SPACE',''
  ) );
#4756 = PCURVE('',#4757,#4762);
#4757 = PLANE('',#4758);
#4758 = AXIS2_PLACEMENT_3D('',#4759,#4760,#4761);
#4759 = CARTESIAN_POINT('',(2.8,-2.5,2.05));
#4760 = DIRECTION('',(-0.,-0.,1.));
#4761 = DIRECTION('',(-1.,0.,0.));
#4762 = DEFINITIONAL_REPRESENTATION('',(#4763),#4767);
#4763 = LINE('',#4764,#4765);
#4764 = CARTESIAN_POINT('',(0.4,-0.8));
#4765 = VECTOR('',#4766,1.);
#4766 = DIRECTION('',(-1.,0.));
#4767 = ( GEOMETRIC_REPRESENTATION_CONTEXT(2) 
PARAMETRIC_REPRESENTATION_CONTEXT() REPRESENTATION_CONTEXT('2D SPACE',''
  ) );
#4768 = ORIENTED_EDGE('',*,*,#4769,.F.);
#4769 = EDGE_CURVE('',#4681,#4742,#4770,.T.);
#4770 = SURFACE_CURVE('',#4771,(#4775,#4782),.PCURVE_S1.);
#4771 = LINE('',#4772,#4773);
#4772 = CARTESIAN_POINT('',(3.136,-1.7,1.6));
#4773 = VECTOR('',#4774,1.);
#4774 = DIRECTION('',(-0.,-0.,1.));
#4775 = PCURVE('',#4689,#4776);
#4776 = DEFINITIONAL_REPRESENTATION('',(#4777),#4781);
#4777 = LINE('',#4778,#4779);
#4778 = CARTESIAN_POINT('',(-0.736,-0.));
#4779 = VECTOR('',#4780,1.);
#4780 = DIRECTION('',(-0.,-1.));
#4781 = ( GEOMETRIC_REPRESENTATION_CONTEXT(2) 
PARAMETRIC_REPRESENTATION_CONTEXT() REPRESENTATION_CONTEXT('2D SPACE',''
  ) );
#4782 = PCURVE('',#4783,#4788);
#4783 = CYLINDRICAL_SURFACE('',#4784,6.4E-02);
#4784 = AXIS2_PLACEMENT_3D('',#4785,#4786,#4787);
#4785 = CARTESIAN_POINT('',(3.136,-1.764,1.6));
#4786 = DIRECTION('',(-0.,-0.,1.));
#4787 = DIRECTION('',(-0.,1.,-0.));
#4788 = DEFINITIONAL_REPRESENTATION('',(#4789),#4793);
#4789 = LINE('',#4790,#4791);
#4790 = CARTESIAN_POINT('',(-0.,0.));
#4791 = VECTOR('',#4792,1.);
#4792 = DIRECTION('',(-0.,1.));
#4793 = ( GEOMETRIC_REPRESENTATION_CONTEXT(2) 
PARAMETRIC_REPRESENTATION_CONTEXT() REPRESENTATION_CONTEXT('2D SPACE',''
  ) );
#4794 = ADVANCED_FACE('',(#4795),#4701,.F.);
#4795 = FACE_BOUND('',#4796,.T.);
#4796 = EDGE_LOOP('',(#4797,#4798,#4826,#4854,#4887,#4915,#4948,#4976));
#4797 = ORIENTED_EDGE('',*,*,#4678,.T.);
#4798 = ORIENTED_EDGE('',*,*,#4799,.T.);
#4799 = EDGE_CURVE('',#4681,#4800,#4802,.T.);
#4800 = VERTEX_POINT('',#4801);
#4801 = CARTESIAN_POINT('',(3.2,-1.764,1.6));
#4802 = SURFACE_CURVE('',#4803,(#4808,#4819),.PCURVE_S1.);
#4803 = CIRCLE('',#4804,6.4E-02);
#4804 = AXIS2_PLACEMENT_3D('',#4805,#4806,#4807);
#4805 = CARTESIAN_POINT('',(3.136,-1.764,1.6));
#4806 = DIRECTION('',(-0.,-0.,-1.));
#4807 = DIRECTION('',(-0.,1.,-0.));
#4808 = PCURVE('',#4701,#4809);
#4809 = DEFINITIONAL_REPRESENTATION('',(#4810),#4818);
#4810 = ( BOUNDED_CURVE() B_SPLINE_CURVE(2,(#4811,#4812,#4813,#4814,
#4815,#4816,#4817),.UNSPECIFIED.,.T.,.F.) B_SPLINE_CURVE_WITH_KNOTS((1,2
    ,2,2,2,1),(-2.094395102393,0.,2.094395102393,4.188790204786,
6.28318530718,8.377580409573),.UNSPECIFIED.) CURVE() 
GEOMETRIC_REPRESENTATION_ITEM() RATIONAL_B_SPLINE_CURVE((1.,0.5,1.,0.5,
1.,0.5,1.)) REPRESENTATION_ITEM('') );
#4811 = CARTESIAN_POINT('',(-0.336,-0.8));
#4812 = CARTESIAN_POINT('',(-0.446851251684,-0.8));
#4813 = CARTESIAN_POINT('',(-0.391425625842,-0.704));
#4814 = CARTESIAN_POINT('',(-0.336,-0.608));
#4815 = CARTESIAN_POINT('',(-0.280574374158,-0.704));
#4816 = CARTESIAN_POINT('',(-0.225148748316,-0.8));
#4817 = CARTESIAN_POINT('',(-0.336,-0.8));
#4818 = ( GEOMETRIC_REPRESENTATION_CONTEXT(2) 
PARAMETRIC_REPRESENTATION_CONTEXT() REPRESENTATION_CONTEXT('2D SPACE',''
  ) );
#4819 = PCURVE('',#4783,#4820);
#4820 = DEFINITIONAL_REPRESENTATION('',(#4821),#4825);
#4821 = LINE('',#4822,#4823);
#4822 = CARTESIAN_POINT('',(-0.,2.22044604925E-16));
#4823 = VECTOR('',#4824,1.);
#4824 = DIRECTION('',(-1.,0.));
#4825 = ( GEOMETRIC_REPRESENTATION_CONTEXT(2) 
PARAMETRIC_REPRESENTATION_CONTEXT() REPRESENTATION_CONTEXT('2D SPACE',''
  ) );
#4826 = ORIENTED_EDGE('',*,*,#4827,.T.);
#4827 = EDGE_CURVE('',#4800,#4828,#4830,.T.);
#4828 = VERTEX_POINT('',#4829);
#4829 = CARTESIAN_POINT('',(3.2,-3.236,1.6));
#4830 = SURFACE_CURVE('',#4831,(#4835,#4842),.PCURVE_S1.);
#4831 = LINE('',#4832,#4833);
#4832 = CARTESIAN_POINT('',(3.2,-1.7,1.6));
#4833 = VECTOR('',#4834,1.);
#4834 = DIRECTION('',(-0.,-1.,-0.));
#4835 = PCURVE('',#4701,#4836);
#4836 = DEFINITIONAL_REPRESENTATION('',(#4837),#4841);
#4837 = LINE('',#4838,#4839);
#4838 = CARTESIAN_POINT('',(-0.4,-0.8));
#4839 = VECTOR('',#4840,1.);
#4840 = DIRECTION('',(-0.,1.));
#4841 = ( GEOMETRIC_REPRESENTATION_CONTEXT(2) 
PARAMETRIC_REPRESENTATION_CONTEXT() REPRESENTATION_CONTEXT('2D SPACE',''
  ) );
#4842 = PCURVE('',#4843,#4848);
#4843 = PLANE('',#4844);
#4844 = AXIS2_PLACEMENT_3D('',#4845,#4846,#4847);
#4845 = CARTESIAN_POINT('',(3.2,-1.7,1.6));
#4846 = DIRECTION('',(-1.,-0.,-0.));
#4847 = DIRECTION('',(0.,1.,0.));
#4848 = DEFINITIONAL_REPRESENTATION('',(#4849),#4853);
#4849 = LINE('',#4850,#4851);
#4850 = CARTESIAN_POINT('',(-0.,-0.));
#4851 = VECTOR('',#4852,1.);
#4852 = DIRECTION('',(-1.,0.));
#4853 = ( GEOMETRIC_REPRESENTATION_CONTEXT(2) 
PARAMETRIC_REPRESENTATION_CONTEXT() REPRESENTATION_CONTEXT('2D SPACE',''
  ) );
#4854 = ORIENTED_EDGE('',*,*,#4855,.T.);
#4855 = EDGE_CURVE('',#4828,#4856,#4858,.T.);
#4856 = VERTEX_POINT('',#4857);
#4857 = CARTESIAN_POINT('',(3.136,-3.3,1.6));
#4858 = SURFACE_CURVE('',#4859,(#4864,#4875),.PCURVE_S1.);
#4859 = CIRCLE('',#4860,6.4E-02);
#4860 = AXIS2_PLACEMENT_3D('',#4861,#4862,#4863);
#4861 = CARTESIAN_POINT('',(3.136,-3.236,1.6));
#4862 = DIRECTION('',(-0.,-0.,-1.));
#4863 = DIRECTION('',(-0.,1.,-0.));
#4864 = PCURVE('',#4701,#4865);
#4865 = DEFINITIONAL_REPRESENTATION('',(#4866),#4874);
#4866 = ( BOUNDED_CURVE() B_SPLINE_CURVE(2,(#4867,#4868,#4869,#4870,
#4871,#4872,#4873),.UNSPECIFIED.,.T.,.F.) B_SPLINE_CURVE_WITH_KNOTS((1,2
    ,2,2,2,1),(-2.094395102393,0.,2.094395102393,4.188790204786,
6.28318530718,8.377580409573),.UNSPECIFIED.) CURVE() 
GEOMETRIC_REPRESENTATION_ITEM() RATIONAL_B_SPLINE_CURVE((1.,0.5,1.,0.5,
1.,0.5,1.)) REPRESENTATION_ITEM('') );
#4867 = CARTESIAN_POINT('',(-0.336,0.672));
#4868 = CARTESIAN_POINT('',(-0.446851251684,0.672));
#4869 = CARTESIAN_POINT('',(-0.391425625842,0.768));
#4870 = CARTESIAN_POINT('',(-0.336,0.864));
#4871 = CARTESIAN_POINT('',(-0.280574374158,0.768));
#4872 = CARTESIAN_POINT('',(-0.225148748316,0.672));
#4873 = CARTESIAN_POINT('',(-0.336,0.672));
#4874 = ( GEOMETRIC_REPRESENTATION_CONTEXT(2) 
PARAMETRIC_REPRESENTATION_CONTEXT() REPRESENTATION_CONTEXT('2D SPACE',''
  ) );
#4875 = PCURVE('',#4876,#4881);
#4876 = CYLINDRICAL_SURFACE('',#4877,6.4E-02);
#4877 = AXIS2_PLACEMENT_3D('',#4878,#4879,#4880);
#4878 = CARTESIAN_POINT('',(3.136,-3.236,1.6));
#4879 = DIRECTION('',(-0.,-0.,1.));
#4880 = DIRECTION('',(1.,-0.,-0.));
#4881 = DEFINITIONAL_REPRESENTATION('',(#4882),#4886);
#4882 = LINE('',#4883,#4884);
#4883 = CARTESIAN_POINT('',(1.570796326795,2.22044604925E-16));
#4884 = VECTOR('',#4885,1.);
#4885 = DIRECTION('',(-1.,0.));
#4886 = ( GEOMETRIC_REPRESENTATION_CONTEXT(2) 
PARAMETRIC_REPRESENTATION_CONTEXT() REPRESENTATION_CONTEXT('2D SPACE',''
  ) );
#4887 = ORIENTED_EDGE('',*,*,#4888,.T.);
#4888 = EDGE_CURVE('',#4856,#4889,#4891,.T.);
#4889 = VERTEX_POINT('',#4890);
#4890 = CARTESIAN_POINT('',(2.464,-3.3,1.6));
#4891 = SURFACE_CURVE('',#4892,(#4896,#4903),.PCURVE_S1.);
#4892 = LINE('',#4893,#4894);
#4893 = CARTESIAN_POINT('',(3.2,-3.3,1.6));
#4894 = VECTOR('',#4895,1.);
#4895 = DIRECTION('',(-1.,-0.,-0.));
#4896 = PCURVE('',#4701,#4897);
#4897 = DEFINITIONAL_REPRESENTATION('',(#4898),#4902);
#4898 = LINE('',#4899,#4900);
#4899 = CARTESIAN_POINT('',(-0.4,0.8));
#4900 = VECTOR('',#4901,1.);
#4901 = DIRECTION('',(1.,-0.));
#4902 = ( GEOMETRIC_REPRESENTATION_CONTEXT(2) 
PARAMETRIC_REPRESENTATION_CONTEXT() REPRESENTATION_CONTEXT('2D SPACE',''
  ) );
#4903 = PCURVE('',#4904,#4909);
#4904 = PLANE('',#4905);
#4905 = AXIS2_PLACEMENT_3D('',#4906,#4907,#4908);
#4906 = CARTESIAN_POINT('',(3.2,-3.3,1.6));
#4907 = DIRECTION('',(-0.,1.,-0.));
#4908 = DIRECTION('',(1.,0.,0.));
#4909 = DEFINITIONAL_REPRESENTATION('',(#4910),#4914);
#4910 = LINE('',#4911,#4912);
#4911 = CARTESIAN_POINT('',(0.,-0.));
#4912 = VECTOR('',#4913,1.);
#4913 = DIRECTION('',(-1.,0.));
#4914 = ( GEOMETRIC_REPRESENTATION_CONTEXT(2) 
PARAMETRIC_REPRESENTATION_CONTEXT() REPRESENTATION_CONTEXT('2D SPACE',''
  ) );
#4915 = ORIENTED_EDGE('',*,*,#4916,.T.);
#4916 = EDGE_CURVE('',#4889,#4917,#4919,.T.);
#4917 = VERTEX_POINT('',#4918);
#4918 = CARTESIAN_POINT('',(2.4,-3.236,1.6));
#4919 = SURFACE_CURVE('',#4920,(#4925,#4936),.PCURVE_S1.);
#4920 = CIRCLE('',#4921,6.4E-02);
#4921 = AXIS2_PLACEMENT_3D('',#4922,#4923,#4924);
#4922 = CARTESIAN_POINT('',(2.464,-3.236,1.6));
#4923 = DIRECTION('',(-0.,-0.,-1.));
#4924 = DIRECTION('',(-0.,1.,-0.));
#4925 = PCURVE('',#4701,#4926);
#4926 = DEFINITIONAL_REPRESENTATION('',(#4927),#4935);
#4927 = ( BOUNDED_CURVE() B_SPLINE_CURVE(2,(#4928,#4929,#4930,#4931,
#4932,#4933,#4934),.UNSPECIFIED.,.T.,.F.) B_SPLINE_CURVE_WITH_KNOTS((1,2
    ,2,2,2,1),(-2.094395102393,0.,2.094395102393,4.188790204786,
6.28318530718,8.377580409573),.UNSPECIFIED.) CURVE() 
GEOMETRIC_REPRESENTATION_ITEM() RATIONAL_B_SPLINE_CURVE((1.,0.5,1.,0.5,
1.,0.5,1.)) REPRESENTATION_ITEM('') );
#4928 = CARTESIAN_POINT('',(0.336,0.672));
#4929 = CARTESIAN_POINT('',(0.225148748316,0.672));
#4930 = CARTESIAN_POINT('',(0.280574374158,0.768));
#4931 = CARTESIAN_POINT('',(0.336,0.864));
#4932 = CARTESIAN_POINT('',(0.391425625842,0.768));
#4933 = CARTESIAN_POINT('',(0.446851251684,0.672));
#4934 = CARTESIAN_POINT('',(0.336,0.672));
#4935 = ( GEOMETRIC_REPRESENTATION_CONTEXT(2) 
PARAMETRIC_REPRESENTATION_CONTEXT() REPRESENTATION_CONTEXT('2D SPACE',''
  ) );
#4936 = PCURVE('',#4937,#4942);
#4937 = CYLINDRICAL_SURFACE('',#4938,6.4E-02);
#4938 = AXIS2_PLACEMENT_3D('',#4939,#4940,#4941);
#4939 = CARTESIAN_POINT('',(2.464,-3.236,1.6));
#4940 = DIRECTION('',(-0.,-0.,1.));
#4941 = DIRECTION('',(-0.,-1.,-0.));
#4942 = DEFINITIONAL_REPRESENTATION('',(#4943),#4947);
#4943 = LINE('',#4944,#4945);
#4944 = CARTESIAN_POINT('',(3.14159265359,2.22044604925E-16));
#4945 = VECTOR('',#4946,1.);
#4946 = DIRECTION('',(-1.,0.));
#4947 = ( GEOMETRIC_REPRESENTATION_CONTEXT(2) 
PARAMETRIC_REPRESENTATION_CONTEXT() REPRESENTATION_CONTEXT('2D SPACE',''
  ) );
#4948 = ORIENTED_EDGE('',*,*,#4949,.T.);
#4949 = EDGE_CURVE('',#4917,#4950,#4952,.T.);
#4950 = VERTEX_POINT('',#4951);
#4951 = CARTESIAN_POINT('',(2.4,-1.764,1.6));
#4952 = SURFACE_CURVE('',#4953,(#4957,#4964),.PCURVE_S1.);
#4953 = LINE('',#4954,#4955);
#4954 = CARTESIAN_POINT('',(2.4,-3.3,1.6));
#4955 = VECTOR('',#4956,1.);
#4956 = DIRECTION('',(-0.,1.,-0.));
#4957 = PCURVE('',#4701,#4958);
#4958 = DEFINITIONAL_REPRESENTATION('',(#4959),#4963);
#4959 = LINE('',#4960,#4961);
#4960 = CARTESIAN_POINT('',(0.4,0.8));
#4961 = VECTOR('',#4962,1.);
#4962 = DIRECTION('',(-0.,-1.));
#4963 = ( GEOMETRIC_REPRESENTATION_CONTEXT(2) 
PARAMETRIC_REPRESENTATION_CONTEXT() REPRESENTATION_CONTEXT('2D SPACE',''
  ) );
#4964 = PCURVE('',#4965,#4970);
#4965 = PLANE('',#4966);
#4966 = AXIS2_PLACEMENT_3D('',#4967,#4968,#4969);
#4967 = CARTESIAN_POINT('',(2.4,-3.3,1.6));
#4968 = DIRECTION('',(1.,-0.,-0.));
#4969 = DIRECTION('',(0.,-1.,0.));
#4970 = DEFINITIONAL_REPRESENTATION('',(#4971),#4975);
#4971 = LINE('',#4972,#4973);
#4972 = CARTESIAN_POINT('',(-0.,0.));
#4973 = VECTOR('',#4974,1.);
#4974 = DIRECTION('',(-1.,-0.));
#4975 = ( GEOMETRIC_REPRESENTATION_CONTEXT(2) 
PARAMETRIC_REPRESENTATION_CONTEXT() REPRESENTATION_CONTEXT('2D SPACE',''
  ) );
#4976 = ORIENTED_EDGE('',*,*,#4977,.F.);
#4977 = EDGE_CURVE('',#4679,#4950,#4978,.T.);
#4978 = SURFACE_CURVE('',#4979,(#4984,#4991),.PCURVE_S1.);
#4979 = CIRCLE('',#4980,6.4E-02);
#4980 = AXIS2_PLACEMENT_3D('',#4981,#4982,#4983);
#4981 = CARTESIAN_POINT('',(2.464,-1.764,1.6));
#4982 = DIRECTION('',(-0.,0.,1.));
#4983 = DIRECTION('',(-0.,1.,-0.));
#4984 = PCURVE('',#4701,#4985);
#4985 = DEFINITIONAL_REPRESENTATION('',(#4986),#4990);
#4986 = CIRCLE('',#4987,6.4E-02);
#4987 = AXIS2_PLACEMENT_2D('',#4988,#4989);
#4988 = CARTESIAN_POINT('',(0.336,-0.736));
#4989 = DIRECTION('',(-0.,-1.));
#4990 = ( GEOMETRIC_REPRESENTATION_CONTEXT(2) 
PARAMETRIC_REPRESENTATION_CONTEXT() REPRESENTATION_CONTEXT('2D SPACE',''
  ) );
#4991 = PCURVE('',#4729,#4992);
#4992 = DEFINITIONAL_REPRESENTATION('',(#4993),#4997);
#4993 = LINE('',#4994,#4995);
#4994 = CARTESIAN_POINT('',(0.,2.22044604925E-16));
#4995 = VECTOR('',#4996,1.);
#4996 = DIRECTION('',(1.,0.));
#4997 = ( GEOMETRIC_REPRESENTATION_CONTEXT(2) 
PARAMETRIC_REPRESENTATION_CONTEXT() REPRESENTATION_CONTEXT('2D SPACE',''
  ) );
#4998 = ADVANCED_FACE('',(#4999),#4729,.T.);
#4999 = FACE_BOUND('',#5000,.T.);
#5000 = EDGE_LOOP('',(#5001,#5002,#5025,#5047));
#5001 = ORIENTED_EDGE('',*,*,#4977,.T.);
#5002 = ORIENTED_EDGE('',*,*,#5003,.T.);
#5003 = EDGE_CURVE('',#4950,#5004,#5006,.T.);
#5004 = VERTEX_POINT('',#5005);
#5005 = CARTESIAN_POINT('',(2.4,-1.764,2.05));
#5006 = SURFACE_CURVE('',#5007,(#5011,#5018),.PCURVE_S1.);
#5007 = LINE('',#5008,#5009);
#5008 = CARTESIAN_POINT('',(2.4,-1.764,1.6));
#5009 = VECTOR('',#5010,1.);
#5010 = DIRECTION('',(-0.,-0.,1.));
#5011 = PCURVE('',#4729,#5012);
#5012 = DEFINITIONAL_REPRESENTATION('',(#5013),#5017);
#5013 = LINE('',#5014,#5015);
#5014 = CARTESIAN_POINT('',(1.570796326795,0.));
#5015 = VECTOR('',#5016,1.);
#5016 = DIRECTION('',(0.,1.));
#5017 = ( GEOMETRIC_REPRESENTATION_CONTEXT(2) 
PARAMETRIC_REPRESENTATION_CONTEXT() REPRESENTATION_CONTEXT('2D SPACE',''
  ) );
#5018 = PCURVE('',#4965,#5019);
#5019 = DEFINITIONAL_REPRESENTATION('',(#5020),#5024);
#5020 = LINE('',#5021,#5022);
#5021 = CARTESIAN_POINT('',(-1.536,0.));
#5022 = VECTOR('',#5023,1.);
#5023 = DIRECTION('',(-0.,-1.));
#5024 = ( GEOMETRIC_REPRESENTATION_CONTEXT(2) 
PARAMETRIC_REPRESENTATION_CONTEXT() REPRESENTATION_CONTEXT('2D SPACE',''
  ) );
#5025 = ORIENTED_EDGE('',*,*,#5026,.F.);
#5026 = EDGE_CURVE('',#4714,#5004,#5027,.T.);
#5027 = SURFACE_CURVE('',#5028,(#5033,#5040),.PCURVE_S1.);
#5028 = CIRCLE('',#5029,6.4E-02);
#5029 = AXIS2_PLACEMENT_3D('',#5030,#5031,#5032);
#5030 = CARTESIAN_POINT('',(2.464,-1.764,2.05));
#5031 = DIRECTION('',(-0.,0.,1.));
#5032 = DIRECTION('',(-0.,1.,-0.));
#5033 = PCURVE('',#4729,#5034);
#5034 = DEFINITIONAL_REPRESENTATION('',(#5035),#5039);
#5035 = LINE('',#5036,#5037);
#5036 = CARTESIAN_POINT('',(0.,0.45));
#5037 = VECTOR('',#5038,1.);
#5038 = DIRECTION('',(1.,0.));
#5039 = ( GEOMETRIC_REPRESENTATION_CONTEXT(2) 
PARAMETRIC_REPRESENTATION_CONTEXT() REPRESENTATION_CONTEXT('2D SPACE',''
  ) );
#5040 = PCURVE('',#4757,#5041);
#5041 = DEFINITIONAL_REPRESENTATION('',(#5042),#5046);
#5042 = CIRCLE('',#5043,6.4E-02);
#5043 = AXIS2_PLACEMENT_2D('',#5044,#5045);
#5044 = CARTESIAN_POINT('',(0.336,-0.736));
#5045 = DIRECTION('',(-0.,-1.));
#5046 = ( GEOMETRIC_REPRESENTATION_CONTEXT(2) 
PARAMETRIC_REPRESENTATION_CONTEXT() REPRESENTATION_CONTEXT('2D SPACE',''
  ) );
#5047 = ORIENTED_EDGE('',*,*,#4713,.F.);
#5048 = ADVANCED_FACE('',(#5049),#4783,.T.);
#5049 = FACE_BOUND('',#5050,.F.);
#5050 = EDGE_LOOP('',(#5051,#5052,#5075,#5101));
#5051 = ORIENTED_EDGE('',*,*,#4799,.T.);
#5052 = ORIENTED_EDGE('',*,*,#5053,.T.);
#5053 = EDGE_CURVE('',#4800,#5054,#5056,.T.);
#5054 = VERTEX_POINT('',#5055);
#5055 = CARTESIAN_POINT('',(3.2,-1.764,2.05));
#5056 = SURFACE_CURVE('',#5057,(#5061,#5068),.PCURVE_S1.);
#5057 = LINE('',#5058,#5059);
#5058 = CARTESIAN_POINT('',(3.2,-1.764,1.6));
#5059 = VECTOR('',#5060,1.);
#5060 = DIRECTION('',(-0.,-0.,1.));
#5061 = PCURVE('',#4783,#5062);
#5062 = DEFINITIONAL_REPRESENTATION('',(#5063),#5067);
#5063 = LINE('',#5064,#5065);
#5064 = CARTESIAN_POINT('',(-1.570796326795,0.));
#5065 = VECTOR('',#5066,1.);
#5066 = DIRECTION('',(-0.,1.));
#5067 = ( GEOMETRIC_REPRESENTATION_CONTEXT(2) 
PARAMETRIC_REPRESENTATION_CONTEXT() REPRESENTATION_CONTEXT('2D SPACE',''
  ) );
#5068 = PCURVE('',#4843,#5069);
#5069 = DEFINITIONAL_REPRESENTATION('',(#5070),#5074);
#5070 = LINE('',#5071,#5072);
#5071 = CARTESIAN_POINT('',(-6.4E-02,0.));
#5072 = VECTOR('',#5073,1.);
#5073 = DIRECTION('',(-0.,-1.));
#5074 = ( GEOMETRIC_REPRESENTATION_CONTEXT(2) 
PARAMETRIC_REPRESENTATION_CONTEXT() REPRESENTATION_CONTEXT('2D SPACE',''
  ) );
#5075 = ORIENTED_EDGE('',*,*,#5076,.F.);
#5076 = EDGE_CURVE('',#4742,#5054,#5077,.T.);
#5077 = SURFACE_CURVE('',#5078,(#5083,#5090),.PCURVE_S1.);
#5078 = CIRCLE('',#5079,6.4E-02);
#5079 = AXIS2_PLACEMENT_3D('',#5080,#5081,#5082);
#5080 = CARTESIAN_POINT('',(3.136,-1.764,2.05));
#5081 = DIRECTION('',(-0.,-0.,-1.));
#5082 = DIRECTION('',(-0.,1.,-0.));
#5083 = PCURVE('',#4783,#5084);
#5084 = DEFINITIONAL_REPRESENTATION('',(#5085),#5089);
#5085 = LINE('',#5086,#5087);
#5086 = CARTESIAN_POINT('',(-0.,0.45));
#5087 = VECTOR('',#5088,1.);
#5088 = DIRECTION('',(-1.,0.));
#5089 = ( GEOMETRIC_REPRESENTATION_CONTEXT(2) 
PARAMETRIC_REPRESENTATION_CONTEXT() REPRESENTATION_CONTEXT('2D SPACE',''
  ) );
#5090 = PCURVE('',#4757,#5091);
#5091 = DEFINITIONAL_REPRESENTATION('',(#5092),#5100);
#5092 = ( BOUNDED_CURVE() B_SPLINE_CURVE(2,(#5093,#5094,#5095,#5096,
#5097,#5098,#5099),.UNSPECIFIED.,.T.,.F.) B_SPLINE_CURVE_WITH_KNOTS((1,2
    ,2,2,2,1),(-2.094395102393,0.,2.094395102393,4.188790204786,
6.28318530718,8.377580409573),.UNSPECIFIED.) CURVE() 
GEOMETRIC_REPRESENTATION_ITEM() RATIONAL_B_SPLINE_CURVE((1.,0.5,1.,0.5,
1.,0.5,1.)) REPRESENTATION_ITEM('') );
#5093 = CARTESIAN_POINT('',(-0.336,-0.8));
#5094 = CARTESIAN_POINT('',(-0.446851251684,-0.8));
#5095 = CARTESIAN_POINT('',(-0.391425625842,-0.704));
#5096 = CARTESIAN_POINT('',(-0.336,-0.608));
#5097 = CARTESIAN_POINT('',(-0.280574374158,-0.704));
#5098 = CARTESIAN_POINT('',(-0.225148748316,-0.8));
#5099 = CARTESIAN_POINT('',(-0.336,-0.8));
#5100 = ( GEOMETRIC_REPRESENTATION_CONTEXT(2) 
PARAMETRIC_REPRESENTATION_CONTEXT() REPRESENTATION_CONTEXT('2D SPACE',''
  ) );
#5101 = ORIENTED_EDGE('',*,*,#4769,.F.);
#5102 = ADVANCED_FACE('',(#5103),#4757,.T.);
#5103 = FACE_BOUND('',#5104,.F.);
#5104 = EDGE_LOOP('',(#5105,#5106,#5107,#5130,#5158,#5181,#5209,#5230));
#5105 = ORIENTED_EDGE('',*,*,#4741,.T.);
#5106 = ORIENTED_EDGE('',*,*,#5076,.T.);
#5107 = ORIENTED_EDGE('',*,*,#5108,.T.);
#5108 = EDGE_CURVE('',#5054,#5109,#5111,.T.);
#5109 = VERTEX_POINT('',#5110);
#5110 = CARTESIAN_POINT('',(3.2,-3.236,2.05));
#5111 = SURFACE_CURVE('',#5112,(#5116,#5123),.PCURVE_S1.);
#5112 = LINE('',#5113,#5114);
#5113 = CARTESIAN_POINT('',(3.2,-1.7,2.05));
#5114 = VECTOR('',#5115,1.);
#5115 = DIRECTION('',(-0.,-1.,-0.));
#5116 = PCURVE('',#4757,#5117);
#5117 = DEFINITIONAL_REPRESENTATION('',(#5118),#5122);
#5118 = LINE('',#5119,#5120);
#5119 = CARTESIAN_POINT('',(-0.4,-0.8));
#5120 = VECTOR('',#5121,1.);
#5121 = DIRECTION('',(-0.,1.));
#5122 = ( GEOMETRIC_REPRESENTATION_CONTEXT(2) 
PARAMETRIC_REPRESENTATION_CONTEXT() REPRESENTATION_CONTEXT('2D SPACE',''
  ) );
#5123 = PCURVE('',#4843,#5124);
#5124 = DEFINITIONAL_REPRESENTATION('',(#5125),#5129);
#5125 = LINE('',#5126,#5127);
#5126 = CARTESIAN_POINT('',(-0.,-0.45));
#5127 = VECTOR('',#5128,1.);
#5128 = DIRECTION('',(-1.,0.));
#5129 = ( GEOMETRIC_REPRESENTATION_CONTEXT(2) 
PARAMETRIC_REPRESENTATION_CONTEXT() REPRESENTATION_CONTEXT('2D SPACE',''
  ) );
#5130 = ORIENTED_EDGE('',*,*,#5131,.T.);
#5131 = EDGE_CURVE('',#5109,#5132,#5134,.T.);
#5132 = VERTEX_POINT('',#5133);
#5133 = CARTESIAN_POINT('',(3.136,-3.3,2.05));
#5134 = SURFACE_CURVE('',#5135,(#5140,#5151),.PCURVE_S1.);
#5135 = CIRCLE('',#5136,6.4E-02);
#5136 = AXIS2_PLACEMENT_3D('',#5137,#5138,#5139);
#5137 = CARTESIAN_POINT('',(3.136,-3.236,2.05));
#5138 = DIRECTION('',(-0.,-0.,-1.));
#5139 = DIRECTION('',(-0.,1.,-0.));
#5140 = PCURVE('',#4757,#5141);
#5141 = DEFINITIONAL_REPRESENTATION('',(#5142),#5150);
#5142 = ( BOUNDED_CURVE() B_SPLINE_CURVE(2,(#5143,#5144,#5145,#5146,
#5147,#5148,#5149),.UNSPECIFIED.,.T.,.F.) B_SPLINE_CURVE_WITH_KNOTS((1,2
    ,2,2,2,1),(-2.094395102393,0.,2.094395102393,4.188790204786,
6.28318530718,8.377580409573),.UNSPECIFIED.) CURVE() 
GEOMETRIC_REPRESENTATION_ITEM() RATIONAL_B_SPLINE_CURVE((1.,0.5,1.,0.5,
1.,0.5,1.)) REPRESENTATION_ITEM('') );
#5143 = CARTESIAN_POINT('',(-0.336,0.672));
#5144 = CARTESIAN_POINT('',(-0.446851251684,0.672));
#5145 = CARTESIAN_POINT('',(-0.391425625842,0.768));
#5146 = CARTESIAN_POINT('',(-0.336,0.864));
#5147 = CARTESIAN_POINT('',(-0.280574374158,0.768));
#5148 = CARTESIAN_POINT('',(-0.225148748316,0.672));
#5149 = CARTESIAN_POINT('',(-0.336,0.672));
#5150 = ( GEOMETRIC_REPRESENTATION_CONTEXT(2) 
PARAMETRIC_REPRESENTATION_CONTEXT() REPRESENTATION_CONTEXT('2D SPACE',''
  ) );
#5151 = PCURVE('',#4876,#5152);
#5152 = DEFINITIONAL_REPRESENTATION('',(#5153),#5157);
#5153 = LINE('',#5154,#5155);
#5154 = CARTESIAN_POINT('',(1.570796326795,0.45));
#5155 = VECTOR('',#5156,1.);
#5156 = DIRECTION('',(-1.,0.));
#5157 = ( GEOMETRIC_REPRESENTATION_CONTEXT(2) 
PARAMETRIC_REPRESENTATION_CONTEXT() REPRESENTATION_CONTEXT('2D SPACE',''
  ) );
#5158 = ORIENTED_EDGE('',*,*,#5159,.T.);
#5159 = EDGE_CURVE('',#5132,#5160,#5162,.T.);
#5160 = VERTEX_POINT('',#5161);
#5161 = CARTESIAN_POINT('',(2.464,-3.3,2.05));
#5162 = SURFACE_CURVE('',#5163,(#5167,#5174),.PCURVE_S1.);
#5163 = LINE('',#5164,#5165);
#5164 = CARTESIAN_POINT('',(3.2,-3.3,2.05));
#5165 = VECTOR('',#5166,1.);
#5166 = DIRECTION('',(-1.,-0.,-0.));
#5167 = PCURVE('',#4757,#5168);
#5168 = DEFINITIONAL_REPRESENTATION('',(#5169),#5173);
#5169 = LINE('',#5170,#5171);
#5170 = CARTESIAN_POINT('',(-0.4,0.8));
#5171 = VECTOR('',#5172,1.);
#5172 = DIRECTION('',(1.,-0.));
#5173 = ( GEOMETRIC_REPRESENTATION_CONTEXT(2) 
PARAMETRIC_REPRESENTATION_CONTEXT() REPRESENTATION_CONTEXT('2D SPACE',''
  ) );
#5174 = PCURVE('',#4904,#5175);
#5175 = DEFINITIONAL_REPRESENTATION('',(#5176),#5180);
#5176 = LINE('',#5177,#5178);
#5177 = CARTESIAN_POINT('',(-0.,-0.45));
#5178 = VECTOR('',#5179,1.);
#5179 = DIRECTION('',(-1.,0.));
#5180 = ( GEOMETRIC_REPRESENTATION_CONTEXT(2) 
PARAMETRIC_REPRESENTATION_CONTEXT() REPRESENTATION_CONTEXT('2D SPACE',''
  ) );
#5181 = ORIENTED_EDGE('',*,*,#5182,.T.);
#5182 = EDGE_CURVE('',#5160,#5183,#5185,.T.);
#5183 = VERTEX_POINT('',#5184);
#5184 = CARTESIAN_POINT('',(2.4,-3.236,2.05));
#5185 = SURFACE_CURVE('',#5186,(#5191,#5202),.PCURVE_S1.);
#5186 = CIRCLE('',#5187,6.4E-02);
#5187 = AXIS2_PLACEMENT_3D('',#5188,#5189,#5190);
#5188 = CARTESIAN_POINT('',(2.464,-3.236,2.05));
#5189 = DIRECTION('',(-0.,-0.,-1.));
#5190 = DIRECTION('',(-0.,1.,-0.));
#5191 = PCURVE('',#4757,#5192);
#5192 = DEFINITIONAL_REPRESENTATION('',(#5193),#5201);
#5193 = ( BOUNDED_CURVE() B_SPLINE_CURVE(2,(#5194,#5195,#5196,#5197,
#5198,#5199,#5200),.UNSPECIFIED.,.T.,.F.) B_SPLINE_CURVE_WITH_KNOTS((1,2
    ,2,2,2,1),(-2.094395102393,0.,2.094395102393,4.188790204786,
6.28318530718,8.377580409573),.UNSPECIFIED.) CURVE() 
GEOMETRIC_REPRESENTATION_ITEM() RATIONAL_B_SPLINE_CURVE((1.,0.5,1.,0.5,
1.,0.5,1.)) REPRESENTATION_ITEM('') );
#5194 = CARTESIAN_POINT('',(0.336,0.672));
#5195 = CARTESIAN_POINT('',(0.225148748316,0.672));
#5196 = CARTESIAN_POINT('',(0.280574374158,0.768));
#5197 = CARTESIAN_POINT('',(0.336,0.864));
#5198 = CARTESIAN_POINT('',(0.391425625842,0.768));
#5199 = CARTESIAN_POINT('',(0.446851251684,0.672));
#5200 = CARTESIAN_POINT('',(0.336,0.672));
#5201 = ( GEOMETRIC_REPRESENTATION_CONTEXT(2) 
PARAMETRIC_REPRESENTATION_CONTEXT() REPRESENTATION_CONTEXT('2D SPACE',''
  ) );
#5202 = PCURVE('',#4937,#5203);
#5203 = DEFINITIONAL_REPRESENTATION('',(#5204),#5208);
#5204 = LINE('',#5205,#5206);
#5205 = CARTESIAN_POINT('',(3.14159265359,0.45));
#5206 = VECTOR('',#5207,1.);
#5207 = DIRECTION('',(-1.,0.));
#5208 = ( GEOMETRIC_REPRESENTATION_CONTEXT(2) 
PARAMETRIC_REPRESENTATION_CONTEXT() REPRESENTATION_CONTEXT('2D SPACE',''
  ) );
#5209 = ORIENTED_EDGE('',*,*,#5210,.T.);
#5210 = EDGE_CURVE('',#5183,#5004,#5211,.T.);
#5211 = SURFACE_CURVE('',#5212,(#5216,#5223),.PCURVE_S1.);
#5212 = LINE('',#5213,#5214);
#5213 = CARTESIAN_POINT('',(2.4,-3.3,2.05));
#5214 = VECTOR('',#5215,1.);
#5215 = DIRECTION('',(-0.,1.,-0.));
#5216 = PCURVE('',#4757,#5217);
#5217 = DEFINITIONAL_REPRESENTATION('',(#5218),#5222);
#5218 = LINE('',#5219,#5220);
#5219 = CARTESIAN_POINT('',(0.4,0.8));
#5220 = VECTOR('',#5221,1.);
#5221 = DIRECTION('',(-0.,-1.));
#5222 = ( GEOMETRIC_REPRESENTATION_CONTEXT(2) 
PARAMETRIC_REPRESENTATION_CONTEXT() REPRESENTATION_CONTEXT('2D SPACE',''
  ) );
#5223 = PCURVE('',#4965,#5224);
#5224 = DEFINITIONAL_REPRESENTATION('',(#5225),#5229);
#5225 = LINE('',#5226,#5227);
#5226 = CARTESIAN_POINT('',(-0.,-0.45));
#5227 = VECTOR('',#5228,1.);
#5228 = DIRECTION('',(-1.,-0.));
#5229 = ( GEOMETRIC_REPRESENTATION_CONTEXT(2) 
PARAMETRIC_REPRESENTATION_CONTEXT() REPRESENTATION_CONTEXT('2D SPACE',''
  ) );
#5230 = ORIENTED_EDGE('',*,*,#5026,.F.);
#5231 = ADVANCED_FACE('',(#5232),#4965,.F.);
#5232 = FACE_BOUND('',#5233,.T.);
#5233 = EDGE_LOOP('',(#5234,#5235,#5256,#5257));
#5234 = ORIENTED_EDGE('',*,*,#4949,.F.);
#5235 = ORIENTED_EDGE('',*,*,#5236,.T.);
#5236 = EDGE_CURVE('',#4917,#5183,#5237,.T.);
#5237 = SURFACE_CURVE('',#5238,(#5242,#5249),.PCURVE_S1.);
#5238 = LINE('',#5239,#5240);
#5239 = CARTESIAN_POINT('',(2.4,-3.236,1.6));
#5240 = VECTOR('',#5241,1.);
#5241 = DIRECTION('',(-0.,-0.,1.));
#5242 = PCURVE('',#4965,#5243);
#5243 = DEFINITIONAL_REPRESENTATION('',(#5244),#5248);
#5244 = LINE('',#5245,#5246);
#5245 = CARTESIAN_POINT('',(-6.4E-02,0.));
#5246 = VECTOR('',#5247,1.);
#5247 = DIRECTION('',(-0.,-1.));
#5248 = ( GEOMETRIC_REPRESENTATION_CONTEXT(2) 
PARAMETRIC_REPRESENTATION_CONTEXT() REPRESENTATION_CONTEXT('2D SPACE',''
  ) );
#5249 = PCURVE('',#4937,#5250);
#5250 = DEFINITIONAL_REPRESENTATION('',(#5251),#5255);
#5251 = LINE('',#5252,#5253);
#5252 = CARTESIAN_POINT('',(-1.570796326795,0.));
#5253 = VECTOR('',#5254,1.);
#5254 = DIRECTION('',(-0.,1.));
#5255 = ( GEOMETRIC_REPRESENTATION_CONTEXT(2) 
PARAMETRIC_REPRESENTATION_CONTEXT() REPRESENTATION_CONTEXT('2D SPACE',''
  ) );
#5256 = ORIENTED_EDGE('',*,*,#5210,.T.);
#5257 = ORIENTED_EDGE('',*,*,#5003,.F.);
#5258 = ADVANCED_FACE('',(#5259),#4843,.F.);
#5259 = FACE_BOUND('',#5260,.T.);
#5260 = EDGE_LOOP('',(#5261,#5262,#5263,#5264));
#5261 = ORIENTED_EDGE('',*,*,#4827,.F.);
#5262 = ORIENTED_EDGE('',*,*,#5053,.T.);
#5263 = ORIENTED_EDGE('',*,*,#5108,.T.);
#5264 = ORIENTED_EDGE('',*,*,#5265,.F.);
#5265 = EDGE_CURVE('',#4828,#5109,#5266,.T.);
#5266 = SURFACE_CURVE('',#5267,(#5271,#5278),.PCURVE_S1.);
#5267 = LINE('',#5268,#5269);
#5268 = CARTESIAN_POINT('',(3.2,-3.236,1.6));
#5269 = VECTOR('',#5270,1.);
#5270 = DIRECTION('',(-0.,-0.,1.));
#5271 = PCURVE('',#4843,#5272);
#5272 = DEFINITIONAL_REPRESENTATION('',(#5273),#5277);
#5273 = LINE('',#5274,#5275);
#5274 = CARTESIAN_POINT('',(-1.536,0.));
#5275 = VECTOR('',#5276,1.);
#5276 = DIRECTION('',(-0.,-1.));
#5277 = ( GEOMETRIC_REPRESENTATION_CONTEXT(2) 
PARAMETRIC_REPRESENTATION_CONTEXT() REPRESENTATION_CONTEXT('2D SPACE',''
  ) );
#5278 = PCURVE('',#4876,#5279);
#5279 = DEFINITIONAL_REPRESENTATION('',(#5280),#5284);
#5280 = LINE('',#5281,#5282);
#5281 = CARTESIAN_POINT('',(-0.,0.));
#5282 = VECTOR('',#5283,1.);
#5283 = DIRECTION('',(-0.,1.));
#5284 = ( GEOMETRIC_REPRESENTATION_CONTEXT(2) 
PARAMETRIC_REPRESENTATION_CONTEXT() REPRESENTATION_CONTEXT('2D SPACE',''
  ) );
#5285 = ADVANCED_FACE('',(#5286),#4937,.T.);
#5286 = FACE_BOUND('',#5287,.F.);
#5287 = EDGE_LOOP('',(#5288,#5289,#5290,#5291));
#5288 = ORIENTED_EDGE('',*,*,#4916,.T.);
#5289 = ORIENTED_EDGE('',*,*,#5236,.T.);
#5290 = ORIENTED_EDGE('',*,*,#5182,.F.);
#5291 = ORIENTED_EDGE('',*,*,#5292,.F.);
#5292 = EDGE_CURVE('',#4889,#5160,#5293,.T.);
#5293 = SURFACE_CURVE('',#5294,(#5298,#5305),.PCURVE_S1.);
#5294 = LINE('',#5295,#5296);
#5295 = CARTESIAN_POINT('',(2.464,-3.3,1.6));
#5296 = VECTOR('',#5297,1.);
#5297 = DIRECTION('',(-0.,-0.,1.));
#5298 = PCURVE('',#4937,#5299);
#5299 = DEFINITIONAL_REPRESENTATION('',(#5300),#5304);
#5300 = LINE('',#5301,#5302);
#5301 = CARTESIAN_POINT('',(-0.,0.));
#5302 = VECTOR('',#5303,1.);
#5303 = DIRECTION('',(-0.,1.));
#5304 = ( GEOMETRIC_REPRESENTATION_CONTEXT(2) 
PARAMETRIC_REPRESENTATION_CONTEXT() REPRESENTATION_CONTEXT('2D SPACE',''
  ) );
#5305 = PCURVE('',#4904,#5306);
#5306 = DEFINITIONAL_REPRESENTATION('',(#5307),#5311);
#5307 = LINE('',#5308,#5309);
#5308 = CARTESIAN_POINT('',(-0.736,0.));
#5309 = VECTOR('',#5310,1.);
#5310 = DIRECTION('',(-0.,-1.));
#5311 = ( GEOMETRIC_REPRESENTATION_CONTEXT(2) 
PARAMETRIC_REPRESENTATION_CONTEXT() REPRESENTATION_CONTEXT('2D SPACE',''
  ) );
#5312 = ADVANCED_FACE('',(#5313),#4876,.T.);
#5313 = FACE_BOUND('',#5314,.F.);
#5314 = EDGE_LOOP('',(#5315,#5316,#5337,#5338));
#5315 = ORIENTED_EDGE('',*,*,#4855,.T.);
#5316 = ORIENTED_EDGE('',*,*,#5317,.T.);
#5317 = EDGE_CURVE('',#4856,#5132,#5318,.T.);
#5318 = SURFACE_CURVE('',#5319,(#5323,#5330),.PCURVE_S1.);
#5319 = LINE('',#5320,#5321);
#5320 = CARTESIAN_POINT('',(3.136,-3.3,1.6));
#5321 = VECTOR('',#5322,1.);
#5322 = DIRECTION('',(-0.,-0.,1.));
#5323 = PCURVE('',#4876,#5324);
#5324 = DEFINITIONAL_REPRESENTATION('',(#5325),#5329);
#5325 = LINE('',#5326,#5327);
#5326 = CARTESIAN_POINT('',(-1.570796326795,0.));
#5327 = VECTOR('',#5328,1.);
#5328 = DIRECTION('',(-0.,1.));
#5329 = ( GEOMETRIC_REPRESENTATION_CONTEXT(2) 
PARAMETRIC_REPRESENTATION_CONTEXT() REPRESENTATION_CONTEXT('2D SPACE',''
  ) );
#5330 = PCURVE('',#4904,#5331);
#5331 = DEFINITIONAL_REPRESENTATION('',(#5332),#5336);
#5332 = LINE('',#5333,#5334);
#5333 = CARTESIAN_POINT('',(-6.4E-02,0.));
#5334 = VECTOR('',#5335,1.);
#5335 = DIRECTION('',(-0.,-1.));
#5336 = ( GEOMETRIC_REPRESENTATION_CONTEXT(2) 
PARAMETRIC_REPRESENTATION_CONTEXT() REPRESENTATION_CONTEXT('2D SPACE',''
  ) );
#5337 = ORIENTED_EDGE('',*,*,#5131,.F.);
#5338 = ORIENTED_EDGE('',*,*,#5265,.F.);
#5339 = ADVANCED_FACE('',(#5340),#4904,.F.);
#5340 = FACE_BOUND('',#5341,.T.);
#5341 = EDGE_LOOP('',(#5342,#5343,#5344,#5345));
#5342 = ORIENTED_EDGE('',*,*,#4888,.F.);
#5343 = ORIENTED_EDGE('',*,*,#5317,.T.);
#5344 = ORIENTED_EDGE('',*,*,#5159,.T.);
#5345 = ORIENTED_EDGE('',*,*,#5292,.F.);
#5346 = ( GEOMETRIC_REPRESENTATION_CONTEXT(3) 
GLOBAL_UNCERTAINTY_ASSIGNED_CONTEXT((#5350)) 
GLOBAL_UNIT_ASSIGNED_CONTEXT((#5347,#5348,#5349)) REPRESENTATION_CONTEXT
('Context #1','3D Context with UNIT and UNCERTAINTY') );
#5347 = ( LENGTH_UNIT() NAMED_UNIT(*) SI_UNIT(.MILLI.,.METRE.) );
#5348 = ( NAMED_UNIT(*) PLANE_ANGLE_UNIT() SI_UNIT($,.RADIAN.) );
#5349 = ( NAMED_UNIT(*) SI_UNIT($,.STERADIAN.) SOLID_ANGLE_UNIT() );
#5350 = UNCERTAINTY_MEASURE_WITH_UNIT(LENGTH_MEASURE(1.E-07),#5347,
  'distance_accuracy_value','confusion accuracy');
#5351 = CONTEXT_DEPENDENT_SHAPE_REPRESENTATION(#5352,#5354);
#5352 = ( REPRESENTATION_RELATIONSHIP('','',#4671,#10) 
REPRESENTATION_RELATIONSHIP_WITH_TRANSFORMATION(#5353) 
SHAPE_REPRESENTATION_RELATIONSHIP() );
#5353 = ITEM_DEFINED_TRANSFORMATION('','',#11,#59);
#5354 = PRODUCT_DEFINITION_SHAPE('Placement','Placement of an item',
  #5355);
#5355 = NEXT_ASSEMBLY_USAGE_OCCURRENCE('32','C1','',#5,#4666,$);
#5356 = PRODUCT_RELATED_PRODUCT_CATEGORY('part',$,(#4668));
#5357 = SHAPE_DEFINITION_REPRESENTATION(#5358,#5364);
#5358 = PRODUCT_DEFINITION_SHAPE('','',#5359);
#5359 = PRODUCT_DEFINITION('design','',#5360,#5363);
#5360 = PRODUCT_DEFINITION_FORMATION('','',#5361);
#5361 = PRODUCT('C2','C2','',(#5362));
#5362 = PRODUCT_CONTEXT('',#2,'mechanical');
#5363 = PRODUCT_DEFINITION_CONTEXT('part definition',#2,'design');
#5364 = ADVANCED_BREP_SHAPE_REPRESENTATION('',(#11,#5365),#6039);
#5365 = MANIFOLD_SOLID_BREP('',#5366);
#5366 = CLOSED_SHELL('',(#5367,#5487,#5691,#5741,#5795,#5924,#5951,#5978
    ,#6005,#6032));
#5367 = ADVANCED_FACE('',(#5368),#5382,.F.);
#5368 = FACE_BOUND('',#5369,.T.);
#5369 = EDGE_LOOP('',(#5370,#5405,#5433,#5461));
#5370 = ORIENTED_EDGE('',*,*,#5371,.F.);
#5371 = EDGE_CURVE('',#5372,#5374,#5376,.T.);
#5372 = VERTEX_POINT('',#5373);
#5373 = CARTESIAN_POINT('',(2.464,-6.7,1.6));
#5374 = VERTEX_POINT('',#5375);
#5375 = CARTESIAN_POINT('',(3.136,-6.7,1.6));
#5376 = SURFACE_CURVE('',#5377,(#5381,#5393),.PCURVE_S1.);
#5377 = LINE('',#5378,#5379);
#5378 = CARTESIAN_POINT('',(2.4,-6.7,1.6));
#5379 = VECTOR('',#5380,1.);
#5380 = DIRECTION('',(1.,-0.,-0.));
#5381 = PCURVE('',#5382,#5387);
#5382 = PLANE('',#5383);
#5383 = AXIS2_PLACEMENT_3D('',#5384,#5385,#5386);
#5384 = CARTESIAN_POINT('',(2.4,-6.7,1.6));
#5385 = DIRECTION('',(-0.,-1.,-0.));
#5386 = DIRECTION('',(-1.,0.,0.));
#5387 = DEFINITIONAL_REPRESENTATION('',(#5388),#5392);
#5388 = LINE('',#5389,#5390);
#5389 = CARTESIAN_POINT('',(-0.,-0.));
#5390 = VECTOR('',#5391,1.);
#5391 = DIRECTION('',(-1.,-0.));
#5392 = ( GEOMETRIC_REPRESENTATION_CONTEXT(2) 
PARAMETRIC_REPRESENTATION_CONTEXT() REPRESENTATION_CONTEXT('2D SPACE',''
  ) );
#5393 = PCURVE('',#5394,#5399);
#5394 = PLANE('',#5395);
#5395 = AXIS2_PLACEMENT_3D('',#5396,#5397,#5398);
#5396 = CARTESIAN_POINT('',(2.8,-7.5,1.6));
#5397 = DIRECTION('',(-0.,-0.,1.));
#5398 = DIRECTION('',(-1.,0.,0.));
#5399 = DEFINITIONAL_REPRESENTATION('',(#5400),#5404);
#5400 = LINE('',#5401,#5402);
#5401 = CARTESIAN_POINT('',(0.4,-0.8));
#5402 = VECTOR('',#5403,1.);
#5403 = DIRECTION('',(-1.,0.));
#5404 = ( GEOMETRIC_REPRESENTATION_CONTEXT(2) 
PARAMETRIC_REPRESENTATION_CONTEXT() REPRESENTATION_CONTEXT('2D SPACE',''
  ) );
#5405 = ORIENTED_EDGE('',*,*,#5406,.T.);
#5406 = EDGE_CURVE('',#5372,#5407,#5409,.T.);
#5407 = VERTEX_POINT('',#5408);
#5408 = CARTESIAN_POINT('',(2.464,-6.7,2.05));
#5409 = SURFACE_CURVE('',#5410,(#5414,#5421),.PCURVE_S1.);
#5410 = LINE('',#5411,#5412);
#5411 = CARTESIAN_POINT('',(2.464,-6.7,1.6));
#5412 = VECTOR('',#5413,1.);
#5413 = DIRECTION('',(-0.,-0.,1.));
#5414 = PCURVE('',#5382,#5415);
#5415 = DEFINITIONAL_REPRESENTATION('',(#5416),#5420);
#5416 = LINE('',#5417,#5418);
#5417 = CARTESIAN_POINT('',(-6.4E-02,-0.));
#5418 = VECTOR('',#5419,1.);
#5419 = DIRECTION('',(-0.,-1.));
#5420 = ( GEOMETRIC_REPRESENTATION_CONTEXT(2) 
PARAMETRIC_REPRESENTATION_CONTEXT() REPRESENTATION_CONTEXT('2D SPACE',''
  ) );
#5421 = PCURVE('',#5422,#5427);
#5422 = CYLINDRICAL_SURFACE('',#5423,6.4E-02);
#5423 = AXIS2_PLACEMENT_3D('',#5424,#5425,#5426);
#5424 = CARTESIAN_POINT('',(2.464,-6.764,1.6));
#5425 = DIRECTION('',(-0.,-0.,1.));
#5426 = DIRECTION('',(-0.,1.,-0.));
#5427 = DEFINITIONAL_REPRESENTATION('',(#5428),#5432);
#5428 = LINE('',#5429,#5430);
#5429 = CARTESIAN_POINT('',(0.,0.));
#5430 = VECTOR('',#5431,1.);
#5431 = DIRECTION('',(0.,1.));
#5432 = ( GEOMETRIC_REPRESENTATION_CONTEXT(2) 
PARAMETRIC_REPRESENTATION_CONTEXT() REPRESENTATION_CONTEXT('2D SPACE',''
  ) );
#5433 = ORIENTED_EDGE('',*,*,#5434,.T.);
#5434 = EDGE_CURVE('',#5407,#5435,#5437,.T.);
#5435 = VERTEX_POINT('',#5436);
#5436 = CARTESIAN_POINT('',(3.136,-6.7,2.05));
#5437 = SURFACE_CURVE('',#5438,(#5442,#5449),.PCURVE_S1.);
#5438 = LINE('',#5439,#5440);
#5439 = CARTESIAN_POINT('',(2.4,-6.7,2.05));
#5440 = VECTOR('',#5441,1.);
#5441 = DIRECTION('',(1.,-0.,-0.));
#5442 = PCURVE('',#5382,#5443);
#5443 = DEFINITIONAL_REPRESENTATION('',(#5444),#5448);
#5444 = LINE('',#5445,#5446);
#5445 = CARTESIAN_POINT('',(-0.,-0.45));
#5446 = VECTOR('',#5447,1.);
#5447 = DIRECTION('',(-1.,-0.));
#5448 = ( GEOMETRIC_REPRESENTATION_CONTEXT(2) 
PARAMETRIC_REPRESENTATION_CONTEXT() REPRESENTATION_CONTEXT('2D SPACE',''
  ) );
#5449 = PCURVE('',#5450,#5455);
#5450 = PLANE('',#5451);
#5451 = AXIS2_PLACEMENT_3D('',#5452,#5453,#5454);
#5452 = CARTESIAN_POINT('',(2.8,-7.5,2.05));
#5453 = DIRECTION('',(-0.,-0.,1.));
#5454 = DIRECTION('',(-1.,0.,0.));
#5455 = DEFINITIONAL_REPRESENTATION('',(#5456),#5460);
#5456 = LINE('',#5457,#5458);
#5457 = CARTESIAN_POINT('',(0.4,-0.8));
#5458 = VECTOR('',#5459,1.);
#5459 = DIRECTION('',(-1.,0.));
#5460 = ( GEOMETRIC_REPRESENTATION_CONTEXT(2) 
PARAMETRIC_REPRESENTATION_CONTEXT() REPRESENTATION_CONTEXT('2D SPACE',''
  ) );
#5461 = ORIENTED_EDGE('',*,*,#5462,.F.);
#5462 = EDGE_CURVE('',#5374,#5435,#5463,.T.);
#5463 = SURFACE_CURVE('',#5464,(#5468,#5475),.PCURVE_S1.);
#5464 = LINE('',#5465,#5466);
#5465 = CARTESIAN_POINT('',(3.136,-6.7,1.6));
#5466 = VECTOR('',#5467,1.);
#5467 = DIRECTION('',(-0.,-0.,1.));
#5468 = PCURVE('',#5382,#5469);
#5469 = DEFINITIONAL_REPRESENTATION('',(#5470),#5474);
#5470 = LINE('',#5471,#5472);
#5471 = CARTESIAN_POINT('',(-0.736,-0.));
#5472 = VECTOR('',#5473,1.);
#5473 = DIRECTION('',(-0.,-1.));
#5474 = ( GEOMETRIC_REPRESENTATION_CONTEXT(2) 
PARAMETRIC_REPRESENTATION_CONTEXT() REPRESENTATION_CONTEXT('2D SPACE',''
  ) );
#5475 = PCURVE('',#5476,#5481);
#5476 = CYLINDRICAL_SURFACE('',#5477,6.4E-02);
#5477 = AXIS2_PLACEMENT_3D('',#5478,#5479,#5480);
#5478 = CARTESIAN_POINT('',(3.136,-6.764,1.6));
#5479 = DIRECTION('',(-0.,-0.,1.));
#5480 = DIRECTION('',(-0.,1.,-0.));
#5481 = DEFINITIONAL_REPRESENTATION('',(#5482),#5486);
#5482 = LINE('',#5483,#5484);
#5483 = CARTESIAN_POINT('',(-0.,0.));
#5484 = VECTOR('',#5485,1.);
#5485 = DIRECTION('',(-0.,1.));
#5486 = ( GEOMETRIC_REPRESENTATION_CONTEXT(2) 
PARAMETRIC_REPRESENTATION_CONTEXT() REPRESENTATION_CONTEXT('2D SPACE',''
  ) );
#5487 = ADVANCED_FACE('',(#5488),#5394,.F.);
#5488 = FACE_BOUND('',#5489,.T.);
#5489 = EDGE_LOOP('',(#5490,#5491,#5519,#5547,#5580,#5608,#5641,#5669));
#5490 = ORIENTED_EDGE('',*,*,#5371,.T.);
#5491 = ORIENTED_EDGE('',*,*,#5492,.T.);
#5492 = EDGE_CURVE('',#5374,#5493,#5495,.T.);
#5493 = VERTEX_POINT('',#5494);
#5494 = CARTESIAN_POINT('',(3.2,-6.764,1.6));
#5495 = SURFACE_CURVE('',#5496,(#5501,#5512),.PCURVE_S1.);
#5496 = CIRCLE('',#5497,6.4E-02);
#5497 = AXIS2_PLACEMENT_3D('',#5498,#5499,#5500);
#5498 = CARTESIAN_POINT('',(3.136,-6.764,1.6));
#5499 = DIRECTION('',(-0.,-0.,-1.));
#5500 = DIRECTION('',(-0.,1.,-0.));
#5501 = PCURVE('',#5394,#5502);
#5502 = DEFINITIONAL_REPRESENTATION('',(#5503),#5511);
#5503 = ( BOUNDED_CURVE() B_SPLINE_CURVE(2,(#5504,#5505,#5506,#5507,
#5508,#5509,#5510),.UNSPECIFIED.,.T.,.F.) B_SPLINE_CURVE_WITH_KNOTS((1,2
    ,2,2,2,1),(-2.094395102393,0.,2.094395102393,4.188790204786,
6.28318530718,8.377580409573),.UNSPECIFIED.) CURVE() 
GEOMETRIC_REPRESENTATION_ITEM() RATIONAL_B_SPLINE_CURVE((1.,0.5,1.,0.5,
1.,0.5,1.)) REPRESENTATION_ITEM('') );
#5504 = CARTESIAN_POINT('',(-0.336,-0.8));
#5505 = CARTESIAN_POINT('',(-0.446851251684,-0.8));
#5506 = CARTESIAN_POINT('',(-0.391425625842,-0.704));
#5507 = CARTESIAN_POINT('',(-0.336,-0.608));
#5508 = CARTESIAN_POINT('',(-0.280574374158,-0.704));
#5509 = CARTESIAN_POINT('',(-0.225148748316,-0.8));
#5510 = CARTESIAN_POINT('',(-0.336,-0.8));
#5511 = ( GEOMETRIC_REPRESENTATION_CONTEXT(2) 
PARAMETRIC_REPRESENTATION_CONTEXT() REPRESENTATION_CONTEXT('2D SPACE',''
  ) );
#5512 = PCURVE('',#5476,#5513);
#5513 = DEFINITIONAL_REPRESENTATION('',(#5514),#5518);
#5514 = LINE('',#5515,#5516);
#5515 = CARTESIAN_POINT('',(-0.,-2.22044604925E-16));
#5516 = VECTOR('',#5517,1.);
#5517 = DIRECTION('',(-1.,0.));
#5518 = ( GEOMETRIC_REPRESENTATION_CONTEXT(2) 
PARAMETRIC_REPRESENTATION_CONTEXT() REPRESENTATION_CONTEXT('2D SPACE',''
  ) );
#5519 = ORIENTED_EDGE('',*,*,#5520,.T.);
#5520 = EDGE_CURVE('',#5493,#5521,#5523,.T.);
#5521 = VERTEX_POINT('',#5522);
#5522 = CARTESIAN_POINT('',(3.2,-8.236,1.6));
#5523 = SURFACE_CURVE('',#5524,(#5528,#5535),.PCURVE_S1.);
#5524 = LINE('',#5525,#5526);
#5525 = CARTESIAN_POINT('',(3.2,-6.7,1.6));
#5526 = VECTOR('',#5527,1.);
#5527 = DIRECTION('',(-0.,-1.,-0.));
#5528 = PCURVE('',#5394,#5529);
#5529 = DEFINITIONAL_REPRESENTATION('',(#5530),#5534);
#5530 = LINE('',#5531,#5532);
#5531 = CARTESIAN_POINT('',(-0.4,-0.8));
#5532 = VECTOR('',#5533,1.);
#5533 = DIRECTION('',(-0.,1.));
#5534 = ( GEOMETRIC_REPRESENTATION_CONTEXT(2) 
PARAMETRIC_REPRESENTATION_CONTEXT() REPRESENTATION_CONTEXT('2D SPACE',''
  ) );
#5535 = PCURVE('',#5536,#5541);
#5536 = PLANE('',#5537);
#5537 = AXIS2_PLACEMENT_3D('',#5538,#5539,#5540);
#5538 = CARTESIAN_POINT('',(3.2,-6.7,1.6));
#5539 = DIRECTION('',(-1.,-0.,-0.));
#5540 = DIRECTION('',(0.,1.,0.));
#5541 = DEFINITIONAL_REPRESENTATION('',(#5542),#5546);
#5542 = LINE('',#5543,#5544);
#5543 = CARTESIAN_POINT('',(-0.,-0.));
#5544 = VECTOR('',#5545,1.);
#5545 = DIRECTION('',(-1.,0.));
#5546 = ( GEOMETRIC_REPRESENTATION_CONTEXT(2) 
PARAMETRIC_REPRESENTATION_CONTEXT() REPRESENTATION_CONTEXT('2D SPACE',''
  ) );
#5547 = ORIENTED_EDGE('',*,*,#5548,.T.);
#5548 = EDGE_CURVE('',#5521,#5549,#5551,.T.);
#5549 = VERTEX_POINT('',#5550);
#5550 = CARTESIAN_POINT('',(3.136,-8.3,1.6));
#5551 = SURFACE_CURVE('',#5552,(#5557,#5568),.PCURVE_S1.);
#5552 = CIRCLE('',#5553,6.4E-02);
#5553 = AXIS2_PLACEMENT_3D('',#5554,#5555,#5556);
#5554 = CARTESIAN_POINT('',(3.136,-8.236,1.6));
#5555 = DIRECTION('',(-0.,-0.,-1.));
#5556 = DIRECTION('',(-0.,1.,-0.));
#5557 = PCURVE('',#5394,#5558);
#5558 = DEFINITIONAL_REPRESENTATION('',(#5559),#5567);
#5559 = ( BOUNDED_CURVE() B_SPLINE_CURVE(2,(#5560,#5561,#5562,#5563,
#5564,#5565,#5566),.UNSPECIFIED.,.T.,.F.) B_SPLINE_CURVE_WITH_KNOTS((1,2
    ,2,2,2,1),(-2.094395102393,0.,2.094395102393,4.188790204786,
6.28318530718,8.377580409573),.UNSPECIFIED.) CURVE() 
GEOMETRIC_REPRESENTATION_ITEM() RATIONAL_B_SPLINE_CURVE((1.,0.5,1.,0.5,
1.,0.5,1.)) REPRESENTATION_ITEM('') );
#5560 = CARTESIAN_POINT('',(-0.336,0.672));
#5561 = CARTESIAN_POINT('',(-0.446851251684,0.672));
#5562 = CARTESIAN_POINT('',(-0.391425625842,0.768));
#5563 = CARTESIAN_POINT('',(-0.336,0.864));
#5564 = CARTESIAN_POINT('',(-0.280574374158,0.768));
#5565 = CARTESIAN_POINT('',(-0.225148748316,0.672));
#5566 = CARTESIAN_POINT('',(-0.336,0.672));
#5567 = ( GEOMETRIC_REPRESENTATION_CONTEXT(2) 
PARAMETRIC_REPRESENTATION_CONTEXT() REPRESENTATION_CONTEXT('2D SPACE',''
  ) );
#5568 = PCURVE('',#5569,#5574);
#5569 = CYLINDRICAL_SURFACE('',#5570,6.4E-02);
#5570 = AXIS2_PLACEMENT_3D('',#5571,#5572,#5573);
#5571 = CARTESIAN_POINT('',(3.136,-8.236,1.6));
#5572 = DIRECTION('',(-0.,-0.,1.));
#5573 = DIRECTION('',(1.,-0.,-0.));
#5574 = DEFINITIONAL_REPRESENTATION('',(#5575),#5579);
#5575 = LINE('',#5576,#5577);
#5576 = CARTESIAN_POINT('',(1.570796326795,-2.22044604925E-16));
#5577 = VECTOR('',#5578,1.);
#5578 = DIRECTION('',(-1.,0.));
#5579 = ( GEOMETRIC_REPRESENTATION_CONTEXT(2) 
PARAMETRIC_REPRESENTATION_CONTEXT() REPRESENTATION_CONTEXT('2D SPACE',''
  ) );
#5580 = ORIENTED_EDGE('',*,*,#5581,.T.);
#5581 = EDGE_CURVE('',#5549,#5582,#5584,.T.);
#5582 = VERTEX_POINT('',#5583);
#5583 = CARTESIAN_POINT('',(2.464,-8.3,1.6));
#5584 = SURFACE_CURVE('',#5585,(#5589,#5596),.PCURVE_S1.);
#5585 = LINE('',#5586,#5587);
#5586 = CARTESIAN_POINT('',(3.2,-8.3,1.6));
#5587 = VECTOR('',#5588,1.);
#5588 = DIRECTION('',(-1.,-0.,-0.));
#5589 = PCURVE('',#5394,#5590);
#5590 = DEFINITIONAL_REPRESENTATION('',(#5591),#5595);
#5591 = LINE('',#5592,#5593);
#5592 = CARTESIAN_POINT('',(-0.4,0.8));
#5593 = VECTOR('',#5594,1.);
#5594 = DIRECTION('',(1.,-0.));
#5595 = ( GEOMETRIC_REPRESENTATION_CONTEXT(2) 
PARAMETRIC_REPRESENTATION_CONTEXT() REPRESENTATION_CONTEXT('2D SPACE',''
  ) );
#5596 = PCURVE('',#5597,#5602);
#5597 = PLANE('',#5598);
#5598 = AXIS2_PLACEMENT_3D('',#5599,#5600,#5601);
#5599 = CARTESIAN_POINT('',(3.2,-8.3,1.6));
#5600 = DIRECTION('',(-0.,1.,-0.));
#5601 = DIRECTION('',(1.,0.,0.));
#5602 = DEFINITIONAL_REPRESENTATION('',(#5603),#5607);
#5603 = LINE('',#5604,#5605);
#5604 = CARTESIAN_POINT('',(0.,-0.));
#5605 = VECTOR('',#5606,1.);
#5606 = DIRECTION('',(-1.,0.));
#5607 = ( GEOMETRIC_REPRESENTATION_CONTEXT(2) 
PARAMETRIC_REPRESENTATION_CONTEXT() REPRESENTATION_CONTEXT('2D SPACE',''
  ) );
#5608 = ORIENTED_EDGE('',*,*,#5609,.T.);
#5609 = EDGE_CURVE('',#5582,#5610,#5612,.T.);
#5610 = VERTEX_POINT('',#5611);
#5611 = CARTESIAN_POINT('',(2.4,-8.236,1.6));
#5612 = SURFACE_CURVE('',#5613,(#5618,#5629),.PCURVE_S1.);
#5613 = CIRCLE('',#5614,6.4E-02);
#5614 = AXIS2_PLACEMENT_3D('',#5615,#5616,#5617);
#5615 = CARTESIAN_POINT('',(2.464,-8.236,1.6));
#5616 = DIRECTION('',(-0.,-0.,-1.));
#5617 = DIRECTION('',(-0.,1.,-0.));
#5618 = PCURVE('',#5394,#5619);
#5619 = DEFINITIONAL_REPRESENTATION('',(#5620),#5628);
#5620 = ( BOUNDED_CURVE() B_SPLINE_CURVE(2,(#5621,#5622,#5623,#5624,
#5625,#5626,#5627),.UNSPECIFIED.,.T.,.F.) B_SPLINE_CURVE_WITH_KNOTS((1,2
    ,2,2,2,1),(-2.094395102393,0.,2.094395102393,4.188790204786,
6.28318530718,8.377580409573),.UNSPECIFIED.) CURVE() 
GEOMETRIC_REPRESENTATION_ITEM() RATIONAL_B_SPLINE_CURVE((1.,0.5,1.,0.5,
1.,0.5,1.)) REPRESENTATION_ITEM('') );
#5621 = CARTESIAN_POINT('',(0.336,0.672));
#5622 = CARTESIAN_POINT('',(0.225148748316,0.672));
#5623 = CARTESIAN_POINT('',(0.280574374158,0.768));
#5624 = CARTESIAN_POINT('',(0.336,0.864));
#5625 = CARTESIAN_POINT('',(0.391425625842,0.768));
#5626 = CARTESIAN_POINT('',(0.446851251684,0.672));
#5627 = CARTESIAN_POINT('',(0.336,0.672));
#5628 = ( GEOMETRIC_REPRESENTATION_CONTEXT(2) 
PARAMETRIC_REPRESENTATION_CONTEXT() REPRESENTATION_CONTEXT('2D SPACE',''
  ) );
#5629 = PCURVE('',#5630,#5635);
#5630 = CYLINDRICAL_SURFACE('',#5631,6.4E-02);
#5631 = AXIS2_PLACEMENT_3D('',#5632,#5633,#5634);
#5632 = CARTESIAN_POINT('',(2.464,-8.236,1.6));
#5633 = DIRECTION('',(-0.,-0.,1.));
#5634 = DIRECTION('',(-0.,-1.,-0.));
#5635 = DEFINITIONAL_REPRESENTATION('',(#5636),#5640);
#5636 = LINE('',#5637,#5638);
#5637 = CARTESIAN_POINT('',(3.14159265359,-2.22044604925E-16));
#5638 = VECTOR('',#5639,1.);
#5639 = DIRECTION('',(-1.,0.));
#5640 = ( GEOMETRIC_REPRESENTATION_CONTEXT(2) 
PARAMETRIC_REPRESENTATION_CONTEXT() REPRESENTATION_CONTEXT('2D SPACE',''
  ) );
#5641 = ORIENTED_EDGE('',*,*,#5642,.T.);
#5642 = EDGE_CURVE('',#5610,#5643,#5645,.T.);
#5643 = VERTEX_POINT('',#5644);
#5644 = CARTESIAN_POINT('',(2.4,-6.764,1.6));
#5645 = SURFACE_CURVE('',#5646,(#5650,#5657),.PCURVE_S1.);
#5646 = LINE('',#5647,#5648);
#5647 = CARTESIAN_POINT('',(2.4,-8.3,1.6));
#5648 = VECTOR('',#5649,1.);
#5649 = DIRECTION('',(-0.,1.,-0.));
#5650 = PCURVE('',#5394,#5651);
#5651 = DEFINITIONAL_REPRESENTATION('',(#5652),#5656);
#5652 = LINE('',#5653,#5654);
#5653 = CARTESIAN_POINT('',(0.4,0.8));
#5654 = VECTOR('',#5655,1.);
#5655 = DIRECTION('',(-0.,-1.));
#5656 = ( GEOMETRIC_REPRESENTATION_CONTEXT(2) 
PARAMETRIC_REPRESENTATION_CONTEXT() REPRESENTATION_CONTEXT('2D SPACE',''
  ) );
#5657 = PCURVE('',#5658,#5663);
#5658 = PLANE('',#5659);
#5659 = AXIS2_PLACEMENT_3D('',#5660,#5661,#5662);
#5660 = CARTESIAN_POINT('',(2.4,-8.3,1.6));
#5661 = DIRECTION('',(1.,-0.,-0.));
#5662 = DIRECTION('',(0.,-1.,0.));
#5663 = DEFINITIONAL_REPRESENTATION('',(#5664),#5668);
#5664 = LINE('',#5665,#5666);
#5665 = CARTESIAN_POINT('',(-0.,0.));
#5666 = VECTOR('',#5667,1.);
#5667 = DIRECTION('',(-1.,-0.));
#5668 = ( GEOMETRIC_REPRESENTATION_CONTEXT(2) 
PARAMETRIC_REPRESENTATION_CONTEXT() REPRESENTATION_CONTEXT('2D SPACE',''
  ) );
#5669 = ORIENTED_EDGE('',*,*,#5670,.F.);
#5670 = EDGE_CURVE('',#5372,#5643,#5671,.T.);
#5671 = SURFACE_CURVE('',#5672,(#5677,#5684),.PCURVE_S1.);
#5672 = CIRCLE('',#5673,6.4E-02);
#5673 = AXIS2_PLACEMENT_3D('',#5674,#5675,#5676);
#5674 = CARTESIAN_POINT('',(2.464,-6.764,1.6));
#5675 = DIRECTION('',(-0.,0.,1.));
#5676 = DIRECTION('',(-0.,1.,-0.));
#5677 = PCURVE('',#5394,#5678);
#5678 = DEFINITIONAL_REPRESENTATION('',(#5679),#5683);
#5679 = CIRCLE('',#5680,6.4E-02);
#5680 = AXIS2_PLACEMENT_2D('',#5681,#5682);
#5681 = CARTESIAN_POINT('',(0.336,-0.736));
#5682 = DIRECTION('',(-0.,-1.));
#5683 = ( GEOMETRIC_REPRESENTATION_CONTEXT(2) 
PARAMETRIC_REPRESENTATION_CONTEXT() REPRESENTATION_CONTEXT('2D SPACE',''
  ) );
#5684 = PCURVE('',#5422,#5685);
#5685 = DEFINITIONAL_REPRESENTATION('',(#5686),#5690);
#5686 = LINE('',#5687,#5688);
#5687 = CARTESIAN_POINT('',(0.,-2.22044604925E-16));
#5688 = VECTOR('',#5689,1.);
#5689 = DIRECTION('',(1.,0.));
#5690 = ( GEOMETRIC_REPRESENTATION_CONTEXT(2) 
PARAMETRIC_REPRESENTATION_CONTEXT() REPRESENTATION_CONTEXT('2D SPACE',''
  ) );
#5691 = ADVANCED_FACE('',(#5692),#5422,.T.);
#5692 = FACE_BOUND('',#5693,.T.);
#5693 = EDGE_LOOP('',(#5694,#5695,#5718,#5740));
#5694 = ORIENTED_EDGE('',*,*,#5670,.T.);
#5695 = ORIENTED_EDGE('',*,*,#5696,.T.);
#5696 = EDGE_CURVE('',#5643,#5697,#5699,.T.);
#5697 = VERTEX_POINT('',#5698);
#5698 = CARTESIAN_POINT('',(2.4,-6.764,2.05));
#5699 = SURFACE_CURVE('',#5700,(#5704,#5711),.PCURVE_S1.);
#5700 = LINE('',#5701,#5702);
#5701 = CARTESIAN_POINT('',(2.4,-6.764,1.6));
#5702 = VECTOR('',#5703,1.);
#5703 = DIRECTION('',(-0.,-0.,1.));
#5704 = PCURVE('',#5422,#5705);
#5705 = DEFINITIONAL_REPRESENTATION('',(#5706),#5710);
#5706 = LINE('',#5707,#5708);
#5707 = CARTESIAN_POINT('',(1.570796326795,0.));
#5708 = VECTOR('',#5709,1.);
#5709 = DIRECTION('',(0.,1.));
#5710 = ( GEOMETRIC_REPRESENTATION_CONTEXT(2) 
PARAMETRIC_REPRESENTATION_CONTEXT() REPRESENTATION_CONTEXT('2D SPACE',''
  ) );
#5711 = PCURVE('',#5658,#5712);
#5712 = DEFINITIONAL_REPRESENTATION('',(#5713),#5717);
#5713 = LINE('',#5714,#5715);
#5714 = CARTESIAN_POINT('',(-1.536,0.));
#5715 = VECTOR('',#5716,1.);
#5716 = DIRECTION('',(-0.,-1.));
#5717 = ( GEOMETRIC_REPRESENTATION_CONTEXT(2) 
PARAMETRIC_REPRESENTATION_CONTEXT() REPRESENTATION_CONTEXT('2D SPACE',''
  ) );
#5718 = ORIENTED_EDGE('',*,*,#5719,.F.);
#5719 = EDGE_CURVE('',#5407,#5697,#5720,.T.);
#5720 = SURFACE_CURVE('',#5721,(#5726,#5733),.PCURVE_S1.);
#5721 = CIRCLE('',#5722,6.4E-02);
#5722 = AXIS2_PLACEMENT_3D('',#5723,#5724,#5725);
#5723 = CARTESIAN_POINT('',(2.464,-6.764,2.05));
#5724 = DIRECTION('',(-0.,0.,1.));
#5725 = DIRECTION('',(-0.,1.,-0.));
#5726 = PCURVE('',#5422,#5727);
#5727 = DEFINITIONAL_REPRESENTATION('',(#5728),#5732);
#5728 = LINE('',#5729,#5730);
#5729 = CARTESIAN_POINT('',(0.,0.45));
#5730 = VECTOR('',#5731,1.);
#5731 = DIRECTION('',(1.,0.));
#5732 = ( GEOMETRIC_REPRESENTATION_CONTEXT(2) 
PARAMETRIC_REPRESENTATION_CONTEXT() REPRESENTATION_CONTEXT('2D SPACE',''
  ) );
#5733 = PCURVE('',#5450,#5734);
#5734 = DEFINITIONAL_REPRESENTATION('',(#5735),#5739);
#5735 = CIRCLE('',#5736,6.4E-02);
#5736 = AXIS2_PLACEMENT_2D('',#5737,#5738);
#5737 = CARTESIAN_POINT('',(0.336,-0.736));
#5738 = DIRECTION('',(-0.,-1.));
#5739 = ( GEOMETRIC_REPRESENTATION_CONTEXT(2) 
PARAMETRIC_REPRESENTATION_CONTEXT() REPRESENTATION_CONTEXT('2D SPACE',''
  ) );
#5740 = ORIENTED_EDGE('',*,*,#5406,.F.);
#5741 = ADVANCED_FACE('',(#5742),#5476,.T.);
#5742 = FACE_BOUND('',#5743,.F.);
#5743 = EDGE_LOOP('',(#5744,#5745,#5768,#5794));
#5744 = ORIENTED_EDGE('',*,*,#5492,.T.);
#5745 = ORIENTED_EDGE('',*,*,#5746,.T.);
#5746 = EDGE_CURVE('',#5493,#5747,#5749,.T.);
#5747 = VERTEX_POINT('',#5748);
#5748 = CARTESIAN_POINT('',(3.2,-6.764,2.05));
#5749 = SURFACE_CURVE('',#5750,(#5754,#5761),.PCURVE_S1.);
#5750 = LINE('',#5751,#5752);
#5751 = CARTESIAN_POINT('',(3.2,-6.764,1.6));
#5752 = VECTOR('',#5753,1.);
#5753 = DIRECTION('',(-0.,-0.,1.));
#5754 = PCURVE('',#5476,#5755);
#5755 = DEFINITIONAL_REPRESENTATION('',(#5756),#5760);
#5756 = LINE('',#5757,#5758);
#5757 = CARTESIAN_POINT('',(-1.570796326795,0.));
#5758 = VECTOR('',#5759,1.);
#5759 = DIRECTION('',(-0.,1.));
#5760 = ( GEOMETRIC_REPRESENTATION_CONTEXT(2) 
PARAMETRIC_REPRESENTATION_CONTEXT() REPRESENTATION_CONTEXT('2D SPACE',''
  ) );
#5761 = PCURVE('',#5536,#5762);
#5762 = DEFINITIONAL_REPRESENTATION('',(#5763),#5767);
#5763 = LINE('',#5764,#5765);
#5764 = CARTESIAN_POINT('',(-6.4E-02,0.));
#5765 = VECTOR('',#5766,1.);
#5766 = DIRECTION('',(-0.,-1.));
#5767 = ( GEOMETRIC_REPRESENTATION_CONTEXT(2) 
PARAMETRIC_REPRESENTATION_CONTEXT() REPRESENTATION_CONTEXT('2D SPACE',''
  ) );
#5768 = ORIENTED_EDGE('',*,*,#5769,.F.);
#5769 = EDGE_CURVE('',#5435,#5747,#5770,.T.);
#5770 = SURFACE_CURVE('',#5771,(#5776,#5783),.PCURVE_S1.);
#5771 = CIRCLE('',#5772,6.4E-02);
#5772 = AXIS2_PLACEMENT_3D('',#5773,#5774,#5775);
#5773 = CARTESIAN_POINT('',(3.136,-6.764,2.05));
#5774 = DIRECTION('',(-0.,-0.,-1.));
#5775 = DIRECTION('',(-0.,1.,-0.));
#5776 = PCURVE('',#5476,#5777);
#5777 = DEFINITIONAL_REPRESENTATION('',(#5778),#5782);
#5778 = LINE('',#5779,#5780);
#5779 = CARTESIAN_POINT('',(-0.,0.45));
#5780 = VECTOR('',#5781,1.);
#5781 = DIRECTION('',(-1.,0.));
#5782 = ( GEOMETRIC_REPRESENTATION_CONTEXT(2) 
PARAMETRIC_REPRESENTATION_CONTEXT() REPRESENTATION_CONTEXT('2D SPACE',''
  ) );
#5783 = PCURVE('',#5450,#5784);
#5784 = DEFINITIONAL_REPRESENTATION('',(#5785),#5793);
#5785 = ( BOUNDED_CURVE() B_SPLINE_CURVE(2,(#5786,#5787,#5788,#5789,
#5790,#5791,#5792),.UNSPECIFIED.,.T.,.F.) B_SPLINE_CURVE_WITH_KNOTS((1,2
    ,2,2,2,1),(-2.094395102393,0.,2.094395102393,4.188790204786,
6.28318530718,8.377580409573),.UNSPECIFIED.) CURVE() 
GEOMETRIC_REPRESENTATION_ITEM() RATIONAL_B_SPLINE_CURVE((1.,0.5,1.,0.5,
1.,0.5,1.)) REPRESENTATION_ITEM('') );
#5786 = CARTESIAN_POINT('',(-0.336,-0.8));
#5787 = CARTESIAN_POINT('',(-0.446851251684,-0.8));
#5788 = CARTESIAN_POINT('',(-0.391425625842,-0.704));
#5789 = CARTESIAN_POINT('',(-0.336,-0.608));
#5790 = CARTESIAN_POINT('',(-0.280574374158,-0.704));
#5791 = CARTESIAN_POINT('',(-0.225148748316,-0.8));
#5792 = CARTESIAN_POINT('',(-0.336,-0.8));
#5793 = ( GEOMETRIC_REPRESENTATION_CONTEXT(2) 
PARAMETRIC_REPRESENTATION_CONTEXT() REPRESENTATION_CONTEXT('2D SPACE',''
  ) );
#5794 = ORIENTED_EDGE('',*,*,#5462,.F.);
#5795 = ADVANCED_FACE('',(#5796),#5450,.T.);
#5796 = FACE_BOUND('',#5797,.F.);
#5797 = EDGE_LOOP('',(#5798,#5799,#5800,#5823,#5851,#5874,#5902,#5923));
#5798 = ORIENTED_EDGE('',*,*,#5434,.T.);
#5799 = ORIENTED_EDGE('',*,*,#5769,.T.);
#5800 = ORIENTED_EDGE('',*,*,#5801,.T.);
#5801 = EDGE_CURVE('',#5747,#5802,#5804,.T.);
#5802 = VERTEX_POINT('',#5803);
#5803 = CARTESIAN_POINT('',(3.2,-8.236,2.05));
#5804 = SURFACE_CURVE('',#5805,(#5809,#5816),.PCURVE_S1.);
#5805 = LINE('',#5806,#5807);
#5806 = CARTESIAN_POINT('',(3.2,-6.7,2.05));
#5807 = VECTOR('',#5808,1.);
#5808 = DIRECTION('',(-0.,-1.,-0.));
#5809 = PCURVE('',#5450,#5810);
#5810 = DEFINITIONAL_REPRESENTATION('',(#5811),#5815);
#5811 = LINE('',#5812,#5813);
#5812 = CARTESIAN_POINT('',(-0.4,-0.8));
#5813 = VECTOR('',#5814,1.);
#5814 = DIRECTION('',(-0.,1.));
#5815 = ( GEOMETRIC_REPRESENTATION_CONTEXT(2) 
PARAMETRIC_REPRESENTATION_CONTEXT() REPRESENTATION_CONTEXT('2D SPACE',''
  ) );
#5816 = PCURVE('',#5536,#5817);
#5817 = DEFINITIONAL_REPRESENTATION('',(#5818),#5822);
#5818 = LINE('',#5819,#5820);
#5819 = CARTESIAN_POINT('',(-0.,-0.45));
#5820 = VECTOR('',#5821,1.);
#5821 = DIRECTION('',(-1.,0.));
#5822 = ( GEOMETRIC_REPRESENTATION_CONTEXT(2) 
PARAMETRIC_REPRESENTATION_CONTEXT() REPRESENTATION_CONTEXT('2D SPACE',''
  ) );
#5823 = ORIENTED_EDGE('',*,*,#5824,.T.);
#5824 = EDGE_CURVE('',#5802,#5825,#5827,.T.);
#5825 = VERTEX_POINT('',#5826);
#5826 = CARTESIAN_POINT('',(3.136,-8.3,2.05));
#5827 = SURFACE_CURVE('',#5828,(#5833,#5844),.PCURVE_S1.);
#5828 = CIRCLE('',#5829,6.4E-02);
#5829 = AXIS2_PLACEMENT_3D('',#5830,#5831,#5832);
#5830 = CARTESIAN_POINT('',(3.136,-8.236,2.05));
#5831 = DIRECTION('',(-0.,-0.,-1.));
#5832 = DIRECTION('',(-0.,1.,-0.));
#5833 = PCURVE('',#5450,#5834);
#5834 = DEFINITIONAL_REPRESENTATION('',(#5835),#5843);
#5835 = ( BOUNDED_CURVE() B_SPLINE_CURVE(2,(#5836,#5837,#5838,#5839,
#5840,#5841,#5842),.UNSPECIFIED.,.T.,.F.) B_SPLINE_CURVE_WITH_KNOTS((1,2
    ,2,2,2,1),(-2.094395102393,0.,2.094395102393,4.188790204786,
6.28318530718,8.377580409573),.UNSPECIFIED.) CURVE() 
GEOMETRIC_REPRESENTATION_ITEM() RATIONAL_B_SPLINE_CURVE((1.,0.5,1.,0.5,
1.,0.5,1.)) REPRESENTATION_ITEM('') );
#5836 = CARTESIAN_POINT('',(-0.336,0.672));
#5837 = CARTESIAN_POINT('',(-0.446851251684,0.672));
#5838 = CARTESIAN_POINT('',(-0.391425625842,0.768));
#5839 = CARTESIAN_POINT('',(-0.336,0.864));
#5840 = CARTESIAN_POINT('',(-0.280574374158,0.768));
#5841 = CARTESIAN_POINT('',(-0.225148748316,0.672));
#5842 = CARTESIAN_POINT('',(-0.336,0.672));
#5843 = ( GEOMETRIC_REPRESENTATION_CONTEXT(2) 
PARAMETRIC_REPRESENTATION_CONTEXT() REPRESENTATION_CONTEXT('2D SPACE',''
  ) );
#5844 = PCURVE('',#5569,#5845);
#5845 = DEFINITIONAL_REPRESENTATION('',(#5846),#5850);
#5846 = LINE('',#5847,#5848);
#5847 = CARTESIAN_POINT('',(1.570796326795,0.45));
#5848 = VECTOR('',#5849,1.);
#5849 = DIRECTION('',(-1.,0.));
#5850 = ( GEOMETRIC_REPRESENTATION_CONTEXT(2) 
PARAMETRIC_REPRESENTATION_CONTEXT() REPRESENTATION_CONTEXT('2D SPACE',''
  ) );
#5851 = ORIENTED_EDGE('',*,*,#5852,.T.);
#5852 = EDGE_CURVE('',#5825,#5853,#5855,.T.);
#5853 = VERTEX_POINT('',#5854);
#5854 = CARTESIAN_POINT('',(2.464,-8.3,2.05));
#5855 = SURFACE_CURVE('',#5856,(#5860,#5867),.PCURVE_S1.);
#5856 = LINE('',#5857,#5858);
#5857 = CARTESIAN_POINT('',(3.2,-8.3,2.05));
#5858 = VECTOR('',#5859,1.);
#5859 = DIRECTION('',(-1.,-0.,-0.));
#5860 = PCURVE('',#5450,#5861);
#5861 = DEFINITIONAL_REPRESENTATION('',(#5862),#5866);
#5862 = LINE('',#5863,#5864);
#5863 = CARTESIAN_POINT('',(-0.4,0.8));
#5864 = VECTOR('',#5865,1.);
#5865 = DIRECTION('',(1.,-0.));
#5866 = ( GEOMETRIC_REPRESENTATION_CONTEXT(2) 
PARAMETRIC_REPRESENTATION_CONTEXT() REPRESENTATION_CONTEXT('2D SPACE',''
  ) );
#5867 = PCURVE('',#5597,#5868);
#5868 = DEFINITIONAL_REPRESENTATION('',(#5869),#5873);
#5869 = LINE('',#5870,#5871);
#5870 = CARTESIAN_POINT('',(-0.,-0.45));
#5871 = VECTOR('',#5872,1.);
#5872 = DIRECTION('',(-1.,0.));
#5873 = ( GEOMETRIC_REPRESENTATION_CONTEXT(2) 
PARAMETRIC_REPRESENTATION_CONTEXT() REPRESENTATION_CONTEXT('2D SPACE',''
  ) );
#5874 = ORIENTED_EDGE('',*,*,#5875,.T.);
#5875 = EDGE_CURVE('',#5853,#5876,#5878,.T.);
#5876 = VERTEX_POINT('',#5877);
#5877 = CARTESIAN_POINT('',(2.4,-8.236,2.05));
#5878 = SURFACE_CURVE('',#5879,(#5884,#5895),.PCURVE_S1.);
#5879 = CIRCLE('',#5880,6.4E-02);
#5880 = AXIS2_PLACEMENT_3D('',#5881,#5882,#5883);
#5881 = CARTESIAN_POINT('',(2.464,-8.236,2.05));
#5882 = DIRECTION('',(-0.,-0.,-1.));
#5883 = DIRECTION('',(-0.,1.,-0.));
#5884 = PCURVE('',#5450,#5885);
#5885 = DEFINITIONAL_REPRESENTATION('',(#5886),#5894);
#5886 = ( BOUNDED_CURVE() B_SPLINE_CURVE(2,(#5887,#5888,#5889,#5890,
#5891,#5892,#5893),.UNSPECIFIED.,.T.,.F.) B_SPLINE_CURVE_WITH_KNOTS((1,2
    ,2,2,2,1),(-2.094395102393,0.,2.094395102393,4.188790204786,
6.28318530718,8.377580409573),.UNSPECIFIED.) CURVE() 
GEOMETRIC_REPRESENTATION_ITEM() RATIONAL_B_SPLINE_CURVE((1.,0.5,1.,0.5,
1.,0.5,1.)) REPRESENTATION_ITEM('') );
#5887 = CARTESIAN_POINT('',(0.336,0.672));
#5888 = CARTESIAN_POINT('',(0.225148748316,0.672));
#5889 = CARTESIAN_POINT('',(0.280574374158,0.768));
#5890 = CARTESIAN_POINT('',(0.336,0.864));
#5891 = CARTESIAN_POINT('',(0.391425625842,0.768));
#5892 = CARTESIAN_POINT('',(0.446851251684,0.672));
#5893 = CARTESIAN_POINT('',(0.336,0.672));
#5894 = ( GEOMETRIC_REPRESENTATION_CONTEXT(2) 
PARAMETRIC_REPRESENTATION_CONTEXT() REPRESENTATION_CONTEXT('2D SPACE',''
  ) );
#5895 = PCURVE('',#5630,#5896);
#5896 = DEFINITIONAL_REPRESENTATION('',(#5897),#5901);
#5897 = LINE('',#5898,#5899);
#5898 = CARTESIAN_POINT('',(3.14159265359,0.45));
#5899 = VECTOR('',#5900,1.);
#5900 = DIRECTION('',(-1.,0.));
#5901 = ( GEOMETRIC_REPRESENTATION_CONTEXT(2) 
PARAMETRIC_REPRESENTATION_CONTEXT() REPRESENTATION_CONTEXT('2D SPACE',''
  ) );
#5902 = ORIENTED_EDGE('',*,*,#5903,.T.);
#5903 = EDGE_CURVE('',#5876,#5697,#5904,.T.);
#5904 = SURFACE_CURVE('',#5905,(#5909,#5916),.PCURVE_S1.);
#5905 = LINE('',#5906,#5907);
#5906 = CARTESIAN_POINT('',(2.4,-8.3,2.05));
#5907 = VECTOR('',#5908,1.);
#5908 = DIRECTION('',(-0.,1.,-0.));
#5909 = PCURVE('',#5450,#5910);
#5910 = DEFINITIONAL_REPRESENTATION('',(#5911),#5915);
#5911 = LINE('',#5912,#5913);
#5912 = CARTESIAN_POINT('',(0.4,0.8));
#5913 = VECTOR('',#5914,1.);
#5914 = DIRECTION('',(-0.,-1.));
#5915 = ( GEOMETRIC_REPRESENTATION_CONTEXT(2) 
PARAMETRIC_REPRESENTATION_CONTEXT() REPRESENTATION_CONTEXT('2D SPACE',''
  ) );
#5916 = PCURVE('',#5658,#5917);
#5917 = DEFINITIONAL_REPRESENTATION('',(#5918),#5922);
#5918 = LINE('',#5919,#5920);
#5919 = CARTESIAN_POINT('',(-0.,-0.45));
#5920 = VECTOR('',#5921,1.);
#5921 = DIRECTION('',(-1.,-0.));
#5922 = ( GEOMETRIC_REPRESENTATION_CONTEXT(2) 
PARAMETRIC_REPRESENTATION_CONTEXT() REPRESENTATION_CONTEXT('2D SPACE',''
  ) );
#5923 = ORIENTED_EDGE('',*,*,#5719,.F.);
#5924 = ADVANCED_FACE('',(#5925),#5658,.F.);
#5925 = FACE_BOUND('',#5926,.T.);
#5926 = EDGE_LOOP('',(#5927,#5928,#5949,#5950));
#5927 = ORIENTED_EDGE('',*,*,#5642,.F.);
#5928 = ORIENTED_EDGE('',*,*,#5929,.T.);
#5929 = EDGE_CURVE('',#5610,#5876,#5930,.T.);
#5930 = SURFACE_CURVE('',#5931,(#5935,#5942),.PCURVE_S1.);
#5931 = LINE('',#5932,#5933);
#5932 = CARTESIAN_POINT('',(2.4,-8.236,1.6));
#5933 = VECTOR('',#5934,1.);
#5934 = DIRECTION('',(-0.,-0.,1.));
#5935 = PCURVE('',#5658,#5936);
#5936 = DEFINITIONAL_REPRESENTATION('',(#5937),#5941);
#5937 = LINE('',#5938,#5939);
#5938 = CARTESIAN_POINT('',(-6.4E-02,0.));
#5939 = VECTOR('',#5940,1.);
#5940 = DIRECTION('',(-0.,-1.));
#5941 = ( GEOMETRIC_REPRESENTATION_CONTEXT(2) 
PARAMETRIC_REPRESENTATION_CONTEXT() REPRESENTATION_CONTEXT('2D SPACE',''
  ) );
#5942 = PCURVE('',#5630,#5943);
#5943 = DEFINITIONAL_REPRESENTATION('',(#5944),#5948);
#5944 = LINE('',#5945,#5946);
#5945 = CARTESIAN_POINT('',(-1.570796326795,0.));
#5946 = VECTOR('',#5947,1.);
#5947 = DIRECTION('',(-0.,1.));
#5948 = ( GEOMETRIC_REPRESENTATION_CONTEXT(2) 
PARAMETRIC_REPRESENTATION_CONTEXT() REPRESENTATION_CONTEXT('2D SPACE',''
  ) );
#5949 = ORIENTED_EDGE('',*,*,#5903,.T.);
#5950 = ORIENTED_EDGE('',*,*,#5696,.F.);
#5951 = ADVANCED_FACE('',(#5952),#5536,.F.);
#5952 = FACE_BOUND('',#5953,.T.);
#5953 = EDGE_LOOP('',(#5954,#5955,#5956,#5957));
#5954 = ORIENTED_EDGE('',*,*,#5520,.F.);
#5955 = ORIENTED_EDGE('',*,*,#5746,.T.);
#5956 = ORIENTED_EDGE('',*,*,#5801,.T.);
#5957 = ORIENTED_EDGE('',*,*,#5958,.F.);
#5958 = EDGE_CURVE('',#5521,#5802,#5959,.T.);
#5959 = SURFACE_CURVE('',#5960,(#5964,#5971),.PCURVE_S1.);
#5960 = LINE('',#5961,#5962);
#5961 = CARTESIAN_POINT('',(3.2,-8.236,1.6));
#5962 = VECTOR('',#5963,1.);
#5963 = DIRECTION('',(-0.,-0.,1.));
#5964 = PCURVE('',#5536,#5965);
#5965 = DEFINITIONAL_REPRESENTATION('',(#5966),#5970);
#5966 = LINE('',#5967,#5968);
#5967 = CARTESIAN_POINT('',(-1.536,0.));
#5968 = VECTOR('',#5969,1.);
#5969 = DIRECTION('',(-0.,-1.));
#5970 = ( GEOMETRIC_REPRESENTATION_CONTEXT(2) 
PARAMETRIC_REPRESENTATION_CONTEXT() REPRESENTATION_CONTEXT('2D SPACE',''
  ) );
#5971 = PCURVE('',#5569,#5972);
#5972 = DEFINITIONAL_REPRESENTATION('',(#5973),#5977);
#5973 = LINE('',#5974,#5975);
#5974 = CARTESIAN_POINT('',(-0.,0.));
#5975 = VECTOR('',#5976,1.);
#5976 = DIRECTION('',(-0.,1.));
#5977 = ( GEOMETRIC_REPRESENTATION_CONTEXT(2) 
PARAMETRIC_REPRESENTATION_CONTEXT() REPRESENTATION_CONTEXT('2D SPACE',''
  ) );
#5978 = ADVANCED_FACE('',(#5979),#5630,.T.);
#5979 = FACE_BOUND('',#5980,.F.);
#5980 = EDGE_LOOP('',(#5981,#5982,#5983,#5984));
#5981 = ORIENTED_EDGE('',*,*,#5609,.T.);
#5982 = ORIENTED_EDGE('',*,*,#5929,.T.);
#5983 = ORIENTED_EDGE('',*,*,#5875,.F.);
#5984 = ORIENTED_EDGE('',*,*,#5985,.F.);
#5985 = EDGE_CURVE('',#5582,#5853,#5986,.T.);
#5986 = SURFACE_CURVE('',#5987,(#5991,#5998),.PCURVE_S1.);
#5987 = LINE('',#5988,#5989);
#5988 = CARTESIAN_POINT('',(2.464,-8.3,1.6));
#5989 = VECTOR('',#5990,1.);
#5990 = DIRECTION('',(-0.,-0.,1.));
#5991 = PCURVE('',#5630,#5992);
#5992 = DEFINITIONAL_REPRESENTATION('',(#5993),#5997);
#5993 = LINE('',#5994,#5995);
#5994 = CARTESIAN_POINT('',(-0.,0.));
#5995 = VECTOR('',#5996,1.);
#5996 = DIRECTION('',(-0.,1.));
#5997 = ( GEOMETRIC_REPRESENTATION_CONTEXT(2) 
PARAMETRIC_REPRESENTATION_CONTEXT() REPRESENTATION_CONTEXT('2D SPACE',''
  ) );
#5998 = PCURVE('',#5597,#5999);
#5999 = DEFINITIONAL_REPRESENTATION('',(#6000),#6004);
#6000 = LINE('',#6001,#6002);
#6001 = CARTESIAN_POINT('',(-0.736,0.));
#6002 = VECTOR('',#6003,1.);
#6003 = DIRECTION('',(-0.,-1.));
#6004 = ( GEOMETRIC_REPRESENTATION_CONTEXT(2) 
PARAMETRIC_REPRESENTATION_CONTEXT() REPRESENTATION_CONTEXT('2D SPACE',''
  ) );
#6005 = ADVANCED_FACE('',(#6006),#5569,.T.);
#6006 = FACE_BOUND('',#6007,.F.);
#6007 = EDGE_LOOP('',(#6008,#6009,#6030,#6031));
#6008 = ORIENTED_EDGE('',*,*,#5548,.T.);
#6009 = ORIENTED_EDGE('',*,*,#6010,.T.);
#6010 = EDGE_CURVE('',#5549,#5825,#6011,.T.);
#6011 = SURFACE_CURVE('',#6012,(#6016,#6023),.PCURVE_S1.);
#6012 = LINE('',#6013,#6014);
#6013 = CARTESIAN_POINT('',(3.136,-8.3,1.6));
#6014 = VECTOR('',#6015,1.);
#6015 = DIRECTION('',(-0.,-0.,1.));
#6016 = PCURVE('',#5569,#6017);
#6017 = DEFINITIONAL_REPRESENTATION('',(#6018),#6022);
#6018 = LINE('',#6019,#6020);
#6019 = CARTESIAN_POINT('',(-1.570796326795,0.));
#6020 = VECTOR('',#6021,1.);
#6021 = DIRECTION('',(-0.,1.));
#6022 = ( GEOMETRIC_REPRESENTATION_CONTEXT(2) 
PARAMETRIC_REPRESENTATION_CONTEXT() REPRESENTATION_CONTEXT('2D SPACE',''
  ) );
#6023 = PCURVE('',#5597,#6024);
#6024 = DEFINITIONAL_REPRESENTATION('',(#6025),#6029);
#6025 = LINE('',#6026,#6027);
#6026 = CARTESIAN_POINT('',(-6.4E-02,0.));
#6027 = VECTOR('',#6028,1.);
#6028 = DIRECTION('',(-0.,-1.));
#6029 = ( GEOMETRIC_REPRESENTATION_CONTEXT(2) 
PARAMETRIC_REPRESENTATION_CONTEXT() REPRESENTATION_CONTEXT('2D SPACE',''
  ) );
#6030 = ORIENTED_EDGE('',*,*,#5824,.F.);
#6031 = ORIENTED_EDGE('',*,*,#5958,.F.);
#6032 = ADVANCED_FACE('',(#6033),#5597,.F.);
#6033 = FACE_BOUND('',#6034,.T.);
#6034 = EDGE_LOOP('',(#6035,#6036,#6037,#6038));
#6035 = ORIENTED_EDGE('',*,*,#5581,.F.);
#6036 = ORIENTED_EDGE('',*,*,#6010,.T.);
#6037 = ORIENTED_EDGE('',*,*,#5852,.T.);
#6038 = ORIENTED_EDGE('',*,*,#5985,.F.);
#6039 = ( GEOMETRIC_REPRESENTATION_CONTEXT(3) 
GLOBAL_UNCERTAINTY_ASSIGNED_CONTEXT((#6043)) 
GLOBAL_UNIT_ASSIGNED_CONTEXT((#6040,#6041,#6042)) REPRESENTATION_CONTEXT
('Context #1','3D Context with UNIT and UNCERTAINTY') );
#6040 = ( LENGTH_UNIT() NAMED_UNIT(*) SI_UNIT(.MILLI.,.METRE.) );
#6041 = ( NAMED_UNIT(*) PLANE_ANGLE_UNIT() SI_UNIT($,.RADIAN.) );
#6042 = ( NAMED_UNIT(*) SI_UNIT($,.STERADIAN.) SOLID_ANGLE_UNIT() );
#6043 = UNCERTAINTY_MEASURE_WITH_UNIT(LENGTH_MEASURE(1.E-07),#6040,
  'distance_accuracy_value','confusion accuracy');
#6044 = CONTEXT_DEPENDENT_SHAPE_REPRESENTATION(#6045,#6047);
#6045 = ( REPRESENTATION_RELATIONSHIP('','',#5364,#10) 
REPRESENTATION_RELATIONSHIP_WITH_TRANSFORMATION(#6046) 
SHAPE_REPRESENTATION_RELATIONSHIP() );
#6046 = ITEM_DEFINED_TRANSFORMATION('','',#11,#63);
#6047 = PRODUCT_DEFINITION_SHAPE('Placement','Placement of an item',
  #6048);
#6048 = NEXT_ASSEMBLY_USAGE_OCCURRENCE('33','C2','',#5,#5359,$);
#6049 = PRODUCT_RELATED_PRODUCT_CATEGORY('part',$,(#5361));
#6050 = MECHANICAL_DESIGN_GEOMETRIC_PRESENTATION_REPRESENTATION('',(
    #6051),#4653);
#6051 = STYLED_ITEM('color',(#6052),#3979);
#6052 = PRESENTATION_STYLE_ASSIGNMENT((#6053));
#6053 = SURFACE_STYLE_USAGE(.BOTH.,#6054);
#6054 = SURFACE_SIDE_STYLE('',(#6055));
#6055 = SURFACE_STYLE_FILL_AREA(#6056);
#6056 = FILL_AREA_STYLE('',(#6057));
#6057 = FILL_AREA_STYLE_COLOUR('',#6058);
#6058 = COLOUR_RGB('',0.55000000909,0.45000000386,0.350000000377);
#6059 = MECHANICAL_DESIGN_GEOMETRIC_PRESENTATION_REPRESENTATION('',(
    #6060),#1055);
#6060 = STYLED_ITEM('color',(#6061),#81);
#6061 = PRESENTATION_STYLE_ASSIGNMENT((#6062));
#6062 = SURFACE_STYLE_USAGE(.BOTH.,#6063);
#6063 = SURFACE_SIDE_STYLE('',(#6064));
#6064 = SURFACE_STYLE_FILL_AREA(#6065);
#6065 = FILL_AREA_STYLE('',(#6066));
#6066 = FILL_AREA_STYLE_COLOUR('',#6067);
#6067 = COLOUR_RGB('',5.000000142576E-02,0.250000000672,0.649999988539);
#6068 = MECHANICAL_DESIGN_GEOMETRIC_PRESENTATION_REPRESENTATION('',(
    #6069),#2357);
#6069 = STYLED_ITEM('color',(#6070),#2159);
#6070 = PRESENTATION_STYLE_ASSIGNMENT((#6071));
#6071 = SURFACE_STYLE_USAGE(.BOTH.,#6072);
#6072 = SURFACE_SIDE_STYLE('',(#6073));
#6073 = SURFACE_STYLE_FILL_AREA(#6074);
#6074 = FILL_AREA_STYLE('',(#6075));
#6075 = FILL_AREA_STYLE_COLOUR('',#6076);
#6076 = COLOUR_RGB('',0.850000012718,0.700000005816,0.299999996101);
#6077 = MECHANICAL_DESIGN_GEOMETRIC_PRESENTATION_REPRESENTATION('',(
    #6078),#3960);
#6078 = STYLED_ITEM('color',(#6079),#3286);
#6079 = PRESENTATION_STYLE_ASSIGNMENT((#6080));
#6080 = SURFACE_STYLE_USAGE(.BOTH.,#6081);
#6081 = SURFACE_SIDE_STYLE('',(#6082));
#6082 = SURFACE_STYLE_FILL_AREA(#6083);
#6083 = FILL_AREA_STYLE('',(#6084));
#6084 = FILL_AREA_STYLE_COLOUR('',#6085);
#6085 = COLOUR_RGB('',7.999999887273E-02,7.999999887273E-02,
  7.999999887273E-02);
#6086 = MECHANICAL_DESIGN_GEOMETRIC_PRESENTATION_REPRESENTATION('',(
    #6087),#2574);
#6087 = STYLED_ITEM('color',(#6088),#2376);
#6088 = PRESENTATION_STYLE_ASSIGNMENT((#6089));
#6089 = SURFACE_STYLE_USAGE(.BOTH.,#6090);
#6090 = SURFACE_SIDE_STYLE('',(#6091));
#6091 = SURFACE_STYLE_FILL_AREA(#6092);
#6092 = FILL_AREA_STYLE('',(#6093));
#6093 = FILL_AREA_STYLE_COLOUR('',#6076);
#6094 = MECHANICAL_DESIGN_GEOMETRIC_PRESENTATION_REPRESENTATION('',(
    #6095),#1489);
#6095 = STYLED_ITEM('color',(#6096),#1291);
#6096 = PRESENTATION_STYLE_ASSIGNMENT((#6097));
#6097 = SURFACE_STYLE_USAGE(.BOTH.,#6098);
#6098 = SURFACE_SIDE_STYLE('',(#6099));
#6099 = SURFACE_STYLE_FILL_AREA(#6100);
#6100 = FILL_AREA_STYLE('',(#6101));
#6101 = FILL_AREA_STYLE_COLOUR('',#6076);
#6102 = MECHANICAL_DESIGN_GEOMETRIC_PRESENTATION_REPRESENTATION('',(
    #6103),#5346);
#6103 = STYLED_ITEM('color',(#6104),#4672);
#6104 = PRESENTATION_STYLE_ASSIGNMENT((#6105));
#6105 = SURFACE_STYLE_USAGE(.BOTH.,#6106);
#6106 = SURFACE_SIDE_STYLE('',(#6107));
#6107 = SURFACE_STYLE_FILL_AREA(#6108);
#6108 = FILL_AREA_STYLE('',(#6109));
#6109 = FILL_AREA_STYLE_COLOUR('',#6058);
#6110 = MECHANICAL_DESIGN_GEOMETRIC_PRESENTATION_REPRESENTATION('',(
    #6111),#6039);
#6111 = STYLED_ITEM('color',(#6112),#5365);
#6112 = PRESENTATION_STYLE_ASSIGNMENT((#6113));
#6113 = SURFACE_STYLE_USAGE(.BOTH.,#6114);
#6114 = SURFACE_SIDE_STYLE('',(#6115));
#6115 = SURFACE_STYLE_FILL_AREA(#6116);
#6116 = FILL_AREA_STYLE('',(#6117));
#6117 = FILL_AREA_STYLE_COLOUR('',#6058);
#6118 = MECHANICAL_DESIGN_GEOMETRIC_PRESENTATION_REPRESENTATION('',(
    #6119),#2140);
#6119 = STYLED_ITEM('color',(#6120),#1942);
#6120 = PRESENTATION_STYLE_ASSIGNMENT((#6121));
#6121 = SURFACE_STYLE_USAGE(.BOTH.,#6122);
#6122 = SURFACE_SIDE_STYLE('',(#6123));
#6123 = SURFACE_STYLE_FILL_AREA(#6124);
#6124 = FILL_AREA_STYLE('',(#6125));
#6125 = FILL_AREA_STYLE_COLOUR('',#6076);
#6126 = MECHANICAL_DESIGN_GEOMETRIC_PRESENTATION_REPRESENTATION('',(
    #6127),#1272);
#6127 = STYLED_ITEM('color',(#6128),#1074);
#6128 = PRESENTATION_STYLE_ASSIGNMENT((#6129));
#6129 = SURFACE_STYLE_USAGE(.BOTH.,#6130);
#6130 = SURFACE_SIDE_STYLE('',(#6131));
#6131 = SURFACE_STYLE_FILL_AREA(#6132);
#6132 = FILL_AREA_STYLE('',(#6133));
#6133 = FILL_AREA_STYLE_COLOUR('',#6076);
#6134 = MECHANICAL_DESIGN_GEOMETRIC_PRESENTATION_REPRESENTATION('',(
    #6135),#3267);
#6135 = STYLED_ITEM('color',(#6136),#2593);
#6136 = PRESENTATION_STYLE_ASSIGNMENT((#6137));
#6137 = SURFACE_STYLE_USAGE(.BOTH.,#6138);
#6138 = SURFACE_SIDE_STYLE('',(#6139));
#6139 = SURFACE_STYLE_FILL_AREA(#6140);
#6140 = FILL_AREA_STYLE('',(#6141));
#6141 = FILL_AREA_STYLE_COLOUR('',#6085);
#6142 = MECHANICAL_DESIGN_GEOMETRIC_PRESENTATION_REPRESENTATION('',(
    #6143),#1923);
#6143 = STYLED_ITEM('color',(#6144),#1725);
#6144 = PRESENTATION_STYLE_ASSIGNMENT((#6145));
#6145 = SURFACE_STYLE_USAGE(.BOTH.,#6146);
#6146 = SURFACE_SIDE_STYLE('',(#6147));
#6147 = SURFACE_STYLE_FILL_AREA(#6148);
#6148 = FILL_AREA_STYLE('',(#6149));
#6149 = FILL_AREA_STYLE_COLOUR('',#6076);
#6150 = MECHANICAL_DESIGN_GEOMETRIC_PRESENTATION_REPRESENTATION('',(
    #6151),#1706);
#6151 = STYLED_ITEM('color',(#6152),#1508);
#6152 = PRESENTATION_STYLE_ASSIGNMENT((#6153));
#6153 = SURFACE_STYLE_USAGE(.BOTH.,#6154);
#6154 = SURFACE_SIDE_STYLE('',(#6155));
#6155 = SURFACE_STYLE_FILL_AREA(#6156);
#6156 = FILL_AREA_STYLE('',(#6157));
#6157 = FILL_AREA_STYLE_COLOUR('',#6076);
ENDSEC;
END-ISO-10303-21;
