ISO-10303-21;
HEADER;
FILE_DESCRIPTION(('Open CASCADE Model'),'2;1');
FILE_NAME('Open CASCADE Shape Model','2026-10-03T00:45:13',('Author'),(
    'Open CASCADE'),'Open CASCADE STEP processor 7.9','Open CASCADE 7.9'
  ,'Unknown');
FILE_SCHEMA(('AUTOMOTIVE_DESIGN { 1 0 10303 214 1 1 1 1 }'));
ENDSEC;
DATA;
#1 = APPLICATION_PROTOCOL_DEFINITION('international standard',
  'automotive_design',2000,#2);
#2 = APPLICATION_CONTEXT(
  'core data for automotive mechanical design processes');
#3 = SHAPE_DEFINITION_REPRESENTATION(#4,#10);
#4 = PRODUCT_DEFINITION_SHAPE('','',#5);
#5 = PRODUCT_DEFINITION('design','',#6,#9);
#6 = PRODUCT_DEFINITION_FORMATION('','',#7);
#7 = PRODUCT('I2C_Level_Converter','I2C_Level_Converter','',(#8));
#8 = PRODUCT_CONTEXT('',#2,'mechanical');
#9 = PRODUCT_DEFINITION_CONTEXT('part definition',#2,'design');
#10 = SHAPE_REPRESENTATION('',(#11,#15,#19,#23,#27,#31,#35,#39,#43,#47,
    #51,#55,#59,#63,#67,#71,#75,#79,#83,#87,#91,#95,#99,#103,#107,#111),
  #115);
#11 = AXIS2_PLACEMENT_3D('',#12,#13,#14);
#12 = CARTESIAN_POINT('',(0.,0.,0.));
#13 = DIRECTION('',(0.,0.,1.));
#14 = DIRECTION('',(1.,0.,-0.));
#15 = AXIS2_PLACEMENT_3D('',#16,#17,#18);
#16 = CARTESIAN_POINT('',(0.,0.,0.));
#17 = DIRECTION('',(0.,0.,1.));
#18 = DIRECTION('',(1.,0.,-0.));
#19 = AXIS2_PLACEMENT_3D('',#20,#21,#22);
#20 = CARTESIAN_POINT('',(0.,0.,0.));
#21 = DIRECTION('',(0.,0.,1.));
#22 = DIRECTION('',(1.,0.,-0.));
#23 = AXIS2_PLACEMENT_3D('',#24,#25,#26);
#24 = CARTESIAN_POINT('',(0.,0.,0.));
#25 = DIRECTION('',(0.,0.,1.));
#26 = DIRECTION('',(1.,0.,-0.));
#27 = AXIS2_PLACEMENT_3D('',#28,#29,#30);
#28 = CARTESIAN_POINT('',(0.,0.,0.));
#29 = DIRECTION('',(0.,0.,1.));
#30 = DIRECTION('',(1.,0.,-0.));
#31 = AXIS2_PLACEMENT_3D('',#32,#33,#34);
#32 = CARTESIAN_POINT('',(0.,0.,0.));
#33 = DIRECTION('',(0.,0.,1.));
#34 = DIRECTION('',(1.,0.,-0.));
#35 = AXIS2_PLACEMENT_3D('',#36,#37,#38);
#36 = CARTESIAN_POINT('',(0.,0.,0.));
#37 = DIRECTION('',(0.,0.,1.));
#38 = DIRECTION('',(1.,0.,-0.));
#39 = AXIS2_PLACEMENT_3D('',#40,#41,#42);
#40 = CARTESIAN_POINT('',(0.,0.,0.));
#41 = DIRECTION('',(0.,0.,1.));
#42 = DIRECTION('',(1.,0.,-0.));
#43 = AXIS2_PLACEMENT_3D('',#44,#45,#46);
#44 = CARTESIAN_POINT('',(0.,0.,0.));
#45 = DIRECTION('',(0.,0.,1.));
#46 = DIRECTION('',(1.,0.,-0.));
#47 = AXIS2_PLACEMENT_3D('',#48,#49,#50);
#48 = CARTESIAN_POINT('',(0.,0.,0.));
#49 = DIRECTION('',(0.,0.,1.));
#50 = DIRECTION('',(1.,0.,-0.));
#51 = AXIS2_PLACEMENT_3D('',#52,#53,#54);
#52 = CARTESIAN_POINT('',(0.,0.,0.));
#53 = DIRECTION('',(0.,0.,1.));
#54 = DIRECTION('',(1.,0.,-0.));
#55 = AXIS2_PLACEMENT_3D('',#56,#57,#58);
#56 = CARTESIAN_POINT('',(0.,0.,0.));
#57 = DIRECTION('',(0.,0.,1.));
#58 = DIRECTION('',(1.,0.,-0.));
#59 = AXIS2_PLACEMENT_3D('',#60,#61,#62);
#60 = CARTESIAN_POINT('',(0.,0.,0.));
#61 = DIRECTION('',(0.,0.,1.));
#62 = DIRECTION('',(1.,0.,-0.));
#63 = AXIS2_PLACEMENT_3D('',#64,#65,#66);
#64 = CARTESIAN_POINT('',(0.,0.,0.));
#65 = DIRECTION('',(0.,0.,1.));
#66 = DIRECTION('',(1.,0.,-0.));
#67 = AXIS2_PLACEMENT_3D('',#68,#69,#70);
#68 = CARTESIAN_POINT('',(0.,0.,0.));
#69 = DIRECTION('',(0.,0.,1.));
#70 = DIRECTION('',(1.,0.,-0.));
#71 = AXIS2_PLACEMENT_3D('',#72,#73,#74);
#72 = CARTESIAN_POINT('',(0.,0.,0.));
#73 = DIRECTION('',(0.,0.,1.));
#74 = DIRECTION('',(1.,0.,-0.));
#75 = AXIS2_PLACEMENT_3D('',#76,#77,#78);
#76 = CARTESIAN_POINT('',(0.,0.,0.));
#77 = DIRECTION('',(0.,0.,1.));
#78 = DIRECTION('',(1.,0.,-0.));
#79 = AXIS2_PLACEMENT_3D('',#80,#81,#82);
#80 = CARTESIAN_POINT('',(0.,0.,0.));
#81 = DIRECTION('',(0.,0.,1.));
#82 = DIRECTION('',(1.,0.,-0.));
#83 = AXIS2_PLACEMENT_3D('',#84,#85,#86);
#84 = CARTESIAN_POINT('',(0.,0.,0.));
#85 = DIRECTION('',(0.,0.,1.));
#86 = DIRECTION('',(1.,0.,-0.));
#87 = AXIS2_PLACEMENT_3D('',#88,#89,#90);
#88 = CARTESIAN_POINT('',(0.,0.,0.));
#89 = DIRECTION('',(0.,0.,1.));
#90 = DIRECTION('',(1.,0.,-0.));
#91 = AXIS2_PLACEMENT_3D('',#92,#93,#94);
#92 = CARTESIAN_POINT('',(0.,0.,0.));
#93 = DIRECTION('',(0.,0.,1.));
#94 = DIRECTION('',(1.,0.,-0.));
#95 = AXIS2_PLACEMENT_3D('',#96,#97,#98);
#96 = CARTESIAN_POINT('',(0.,0.,0.));
#97 = DIRECTION('',(0.,0.,1.));
#98 = DIRECTION('',(1.,0.,-0.));
#99 = AXIS2_PLACEMENT_3D('',#100,#101,#102);
#100 = CARTESIAN_POINT('',(0.,0.,0.));
#101 = DIRECTION('',(0.,0.,1.));
#102 = DIRECTION('',(1.,0.,-0.));
#103 = AXIS2_PLACEMENT_3D('',#104,#105,#106);
#104 = CARTESIAN_POINT('',(0.,0.,0.));
#105 = DIRECTION('',(0.,0.,1.));
#106 = DIRECTION('',(1.,0.,-0.));
#107 = AXIS2_PLACEMENT_3D('',#108,#109,#110);
#108 = CARTESIAN_POINT('',(0.,0.,0.));
#109 = DIRECTION('',(0.,0.,1.));
#110 = DIRECTION('',(1.,0.,-0.));
#111 = AXIS2_PLACEMENT_3D('',#112,#113,#114);
#112 = CARTESIAN_POINT('',(0.,0.,0.));
#113 = DIRECTION('',(0.,0.,1.));
#114 = DIRECTION('',(1.,0.,-0.));
#115 = ( GEOMETRIC_REPRESENTATION_CONTEXT(3) 
GLOBAL_UNCERTAINTY_ASSIGNED_CONTEXT((#119)) GLOBAL_UNIT_ASSIGNED_CONTEXT
((#116,#117,#118)) REPRESENTATION_CONTEXT('Context #1',
  '3D Context with UNIT and UNCERTAINTY') );
#116 = ( LENGTH_UNIT() NAMED_UNIT(*) SI_UNIT(.MILLI.,.METRE.) );
#117 = ( NAMED_UNIT(*) PLANE_ANGLE_UNIT() SI_UNIT($,.RADIAN.) );
#118 = ( NAMED_UNIT(*) SI_UNIT($,.STERADIAN.) SOLID_ANGLE_UNIT() );
#119 = UNCERTAINTY_MEASURE_WITH_UNIT(LENGTH_MEASURE(1.E-07),#116,
  'distance_accuracy_value','confusion accuracy');
#120 = PRODUCT_RELATED_PRODUCT_CATEGORY('part',$,(#7));
#121 = SHAPE_DEFINITION_REPRESENTATION(#122,#128);
#122 = PRODUCT_DEFINITION_SHAPE('','',#123);
#123 = PRODUCT_DEFINITION('design','',#124,#127);
#124 = PRODUCT_DEFINITION_FORMATION('','',#125);
#125 = PRODUCT('pcb','pcb','',(#126));
#126 = PRODUCT_CONTEXT('',#2,'mechanical');
#127 = PRODUCT_DEFINITION_CONTEXT('part definition',#2,'design');
#128 = ADVANCED_BREP_SHAPE_REPRESENTATION('',(#11,#129),#1563);
#129 = MANIFOLD_SOLID_BREP('',#130);
#130 = CLOSED_SHELL('',(#131,#251,#327,#398,#845,#1232,#1239,#1266,#1293
    ,#1320,#1347,#1374,#1401,#1428,#1455,#1482,#1509,#1536));
#131 = ADVANCED_FACE('',(#132),#146,.F.);
#132 = FACE_BOUND('',#133,.T.);
#133 = EDGE_LOOP('',(#134,#169,#197,#225));
#134 = ORIENTED_EDGE('',*,*,#135,.T.);
#135 = EDGE_CURVE('',#136,#138,#140,.T.);
#136 = VERTEX_POINT('',#137);
#137 = CARTESIAN_POINT('',(-7.5,6.6,0.));
#138 = VERTEX_POINT('',#139);
#139 = CARTESIAN_POINT('',(-7.5,6.6,1.6));
#140 = SURFACE_CURVE('',#141,(#145,#157),.PCURVE_S1.);
#141 = LINE('',#142,#143);
#142 = CARTESIAN_POINT('',(-7.5,6.6,0.));
#143 = VECTOR('',#144,1.);
#144 = DIRECTION('',(-0.,-0.,1.));
#145 = PCURVE('',#146,#151);
#146 = PLANE('',#147);
#147 = AXIS2_PLACEMENT_3D('',#148,#149,#150);
#148 = CARTESIAN_POINT('',(-7.5,6.6,0.));
#149 = DIRECTION('',(-0.,-1.,-0.));
#150 = DIRECTION('',(-1.,0.,0.));
#151 = DEFINITIONAL_REPRESENTATION('',(#152),#156);
#152 = LINE('',#153,#154);
#153 = CARTESIAN_POINT('',(-0.,-0.));
#154 = VECTOR('',#155,1.);
#155 = DIRECTION('',(-0.,-1.));
#156 = ( GEOMETRIC_REPRESENTATION_CONTEXT(2) 
PARAMETRIC_REPRESENTATION_CONTEXT() REPRESENTATION_CONTEXT('2D SPACE',''
  ) );
#157 = PCURVE('',#158,#163);
#158 = PLANE('',#159);
#159 = AXIS2_PLACEMENT_3D('',#160,#161,#162);
#160 = CARTESIAN_POINT('',(-7.5,-6.6,0.));
#161 = DIRECTION('',(1.,-0.,-0.));
#162 = DIRECTION('',(0.,-1.,0.));
#163 = DEFINITIONAL_REPRESENTATION('',(#164),#168);
#164 = LINE('',#165,#166);
#165 = CARTESIAN_POINT('',(-13.2,0.));
#166 = VECTOR('',#167,1.);
#167 = DIRECTION('',(-0.,-1.));
#168 = ( GEOMETRIC_REPRESENTATION_CONTEXT(2) 
PARAMETRIC_REPRESENTATION_CONTEXT() REPRESENTATION_CONTEXT('2D SPACE',''
  ) );
#169 = ORIENTED_EDGE('',*,*,#170,.T.);
#170 = EDGE_CURVE('',#138,#171,#173,.T.);
#171 = VERTEX_POINT('',#172);
#172 = CARTESIAN_POINT('',(7.5,6.6,1.6));
#173 = SURFACE_CURVE('',#174,(#178,#185),.PCURVE_S1.);
#174 = LINE('',#175,#176);
#175 = CARTESIAN_POINT('',(-7.5,6.6,1.6));
#176 = VECTOR('',#177,1.);
#177 = DIRECTION('',(1.,-0.,-0.));
#178 = PCURVE('',#146,#179);
#179 = DEFINITIONAL_REPRESENTATION('',(#180),#184);
#180 = LINE('',#181,#182);
#181 = CARTESIAN_POINT('',(-0.,-1.6));
#182 = VECTOR('',#183,1.);
#183 = DIRECTION('',(-1.,-0.));
#184 = ( GEOMETRIC_REPRESENTATION_CONTEXT(2) 
PARAMETRIC_REPRESENTATION_CONTEXT() REPRESENTATION_CONTEXT('2D SPACE',''
  ) );
#185 = PCURVE('',#186,#191);
#186 = PLANE('',#187);
#187 = AXIS2_PLACEMENT_3D('',#188,#189,#190);
#188 = CARTESIAN_POINT('',(0.,0.,1.6));
#189 = DIRECTION('',(-0.,-0.,1.));
#190 = DIRECTION('',(-1.,0.,0.));
#191 = DEFINITIONAL_REPRESENTATION('',(#192),#196);
#192 = LINE('',#193,#194);
#193 = CARTESIAN_POINT('',(7.5,-6.6));
#194 = VECTOR('',#195,1.);
#195 = DIRECTION('',(-1.,0.));
#196 = ( GEOMETRIC_REPRESENTATION_CONTEXT(2) 
PARAMETRIC_REPRESENTATION_CONTEXT() REPRESENTATION_CONTEXT('2D SPACE',''
  ) );
#197 = ORIENTED_EDGE('',*,*,#198,.F.);
#198 = EDGE_CURVE('',#199,#171,#201,.T.);
#199 = VERTEX_POINT('',#200);
#200 = CARTESIAN_POINT('',(7.5,6.6,0.));
#201 = SURFACE_CURVE('',#202,(#206,#213),.PCURVE_S1.);
#202 = LINE('',#203,#204);
#203 = CARTESIAN_POINT('',(7.5,6.6,0.));
#204 = VECTOR('',#205,1.);
#205 = DIRECTION('',(-0.,-0.,1.));
#206 = PCURVE('',#146,#207);
#207 = DEFINITIONAL_REPRESENTATION('',(#208),#212);
#208 = LINE('',#209,#210);
#209 = CARTESIAN_POINT('',(-15.,-0.));
#210 = VECTOR('',#211,1.);
#211 = DIRECTION('',(-0.,-1.));
#212 = ( GEOMETRIC_REPRESENTATION_CONTEXT(2) 
PARAMETRIC_REPRESENTATION_CONTEXT() REPRESENTATION_CONTEXT('2D SPACE',''
  ) );
#213 = PCURVE('',#214,#219);
#214 = PLANE('',#215);
#215 = AXIS2_PLACEMENT_3D('',#216,#217,#218);
#216 = CARTESIAN_POINT('',(7.5,6.6,0.));
#217 = DIRECTION('',(-1.,-0.,-0.));
#218 = DIRECTION('',(0.,1.,0.));
#219 = DEFINITIONAL_REPRESENTATION('',(#220),#224);
#220 = LINE('',#221,#222);
#221 = CARTESIAN_POINT('',(-0.,-0.));
#222 = VECTOR('',#223,1.);
#223 = DIRECTION('',(-0.,-1.));
#224 = ( GEOMETRIC_REPRESENTATION_CONTEXT(2) 
PARAMETRIC_REPRESENTATION_CONTEXT() REPRESENTATION_CONTEXT('2D SPACE',''
  ) );
#225 = ORIENTED_EDGE('',*,*,#226,.F.);
#226 = EDGE_CURVE('',#136,#199,#227,.T.);
#227 = SURFACE_CURVE('',#228,(#232,#239),.PCURVE_S1.);
#228 = LINE('',#229,#230);
#229 = CARTESIAN_POINT('',(-7.5,6.6,0.));
#230 = VECTOR('',#231,1.);
#231 = DIRECTION('',(1.,-0.,-0.));
#232 = PCURVE('',#146,#233);
#233 = DEFINITIONAL_REPRESENTATION('',(#234),#238);
#234 = LINE('',#235,#236);
#235 = CARTESIAN_POINT('',(-0.,-0.));
#236 = VECTOR('',#237,1.);
#237 = DIRECTION('',(-1.,-0.));
#238 = ( GEOMETRIC_REPRESENTATION_CONTEXT(2) 
PARAMETRIC_REPRESENTATION_CONTEXT() REPRESENTATION_CONTEXT('2D SPACE',''
  ) );
#239 = PCURVE('',#240,#245);
#240 = PLANE('',#241);
#241 = AXIS2_PLACEMENT_3D('',#242,#243,#244);
#242 = CARTESIAN_POINT('',(0.,0.,0.));
#243 = DIRECTION('',(-0.,-0.,1.));
#244 = DIRECTION('',(-1.,0.,0.));
#245 = DEFINITIONAL_REPRESENTATION('',(#246),#250);
#246 = LINE('',#247,#248);
#247 = CARTESIAN_POINT('',(7.5,-6.6));
#248 = VECTOR('',#249,1.);
#249 = DIRECTION('',(-1.,0.));
#250 = ( GEOMETRIC_REPRESENTATION_CONTEXT(2) 
PARAMETRIC_REPRESENTATION_CONTEXT() REPRESENTATION_CONTEXT('2D SPACE',''
  ) );
#251 = ADVANCED_FACE('',(#252),#158,.F.);
#252 = FACE_BOUND('',#253,.T.);
#253 = EDGE_LOOP('',(#254,#284,#305,#306));
#254 = ORIENTED_EDGE('',*,*,#255,.T.);
#255 = EDGE_CURVE('',#256,#258,#260,.T.);
#256 = VERTEX_POINT('',#257);
#257 = CARTESIAN_POINT('',(-7.5,-6.6,0.));
#258 = VERTEX_POINT('',#259);
#259 = CARTESIAN_POINT('',(-7.5,-6.6,1.6));
#260 = SURFACE_CURVE('',#261,(#265,#272),.PCURVE_S1.);
#261 = LINE('',#262,#263);
#262 = CARTESIAN_POINT('',(-7.5,-6.6,0.));
#263 = VECTOR('',#264,1.);
#264 = DIRECTION('',(-0.,-0.,1.));
#265 = PCURVE('',#158,#266);
#266 = DEFINITIONAL_REPRESENTATION('',(#267),#271);
#267 = LINE('',#268,#269);
#268 = CARTESIAN_POINT('',(-0.,0.));
#269 = VECTOR('',#270,1.);
#270 = DIRECTION('',(-0.,-1.));
#271 = ( GEOMETRIC_REPRESENTATION_CONTEXT(2) 
PARAMETRIC_REPRESENTATION_CONTEXT() REPRESENTATION_CONTEXT('2D SPACE',''
  ) );
#272 = PCURVE('',#273,#278);
#273 = PLANE('',#274);
#274 = AXIS2_PLACEMENT_3D('',#275,#276,#277);
#275 = CARTESIAN_POINT('',(7.5,-6.6,0.));
#276 = DIRECTION('',(-0.,1.,-0.));
#277 = DIRECTION('',(1.,0.,0.));
#278 = DEFINITIONAL_REPRESENTATION('',(#279),#283);
#279 = LINE('',#280,#281);
#280 = CARTESIAN_POINT('',(-15.,0.));
#281 = VECTOR('',#282,1.);
#282 = DIRECTION('',(-0.,-1.));
#283 = ( GEOMETRIC_REPRESENTATION_CONTEXT(2) 
PARAMETRIC_REPRESENTATION_CONTEXT() REPRESENTATION_CONTEXT('2D SPACE',''
  ) );
#284 = ORIENTED_EDGE('',*,*,#285,.T.);
#285 = EDGE_CURVE('',#258,#138,#286,.T.);
#286 = SURFACE_CURVE('',#287,(#291,#298),.PCURVE_S1.);
#287 = LINE('',#288,#289);
#288 = CARTESIAN_POINT('',(-7.5,-6.6,1.6));
#289 = VECTOR('',#290,1.);
#290 = DIRECTION('',(-0.,1.,-0.));
#291 = PCURVE('',#158,#292);
#292 = DEFINITIONAL_REPRESENTATION('',(#293),#297);
#293 = LINE('',#294,#295);
#294 = CARTESIAN_POINT('',(-0.,-1.6));
#295 = VECTOR('',#296,1.);
#296 = DIRECTION('',(-1.,-0.));
#297 = ( GEOMETRIC_REPRESENTATION_CONTEXT(2) 
PARAMETRIC_REPRESENTATION_CONTEXT() REPRESENTATION_CONTEXT('2D SPACE',''
  ) );
#298 = PCURVE('',#186,#299);
#299 = DEFINITIONAL_REPRESENTATION('',(#300),#304);
#300 = LINE('',#301,#302);
#301 = CARTESIAN_POINT('',(7.5,6.6));
#302 = VECTOR('',#303,1.);
#303 = DIRECTION('',(-0.,-1.));
#304 = ( GEOMETRIC_REPRESENTATION_CONTEXT(2) 
PARAMETRIC_REPRESENTATION_CONTEXT() REPRESENTATION_CONTEXT('2D SPACE',''
  ) );
#305 = ORIENTED_EDGE('',*,*,#135,.F.);
#306 = ORIENTED_EDGE('',*,*,#307,.F.);
#307 = EDGE_CURVE('',#256,#136,#308,.T.);
#308 = SURFACE_CURVE('',#309,(#313,#320),.PCURVE_S1.);
#309 = LINE('',#310,#311);
#310 = CARTESIAN_POINT('',(-7.5,-6.6,0.));
#311 = VECTOR('',#312,1.);
#312 = DIRECTION('',(-0.,1.,-0.));
#313 = PCURVE('',#158,#314);
#314 = DEFINITIONAL_REPRESENTATION('',(#315),#319);
#315 = LINE('',#316,#317);
#316 = CARTESIAN_POINT('',(-0.,0.));
#317 = VECTOR('',#318,1.);
#318 = DIRECTION('',(-1.,-0.));
#319 = ( GEOMETRIC_REPRESENTATION_CONTEXT(2) 
PARAMETRIC_REPRESENTATION_CONTEXT() REPRESENTATION_CONTEXT('2D SPACE',''
  ) );
#320 = PCURVE('',#240,#321);
#321 = DEFINITIONAL_REPRESENTATION('',(#322),#326);
#322 = LINE('',#323,#324);
#323 = CARTESIAN_POINT('',(7.5,6.6));
#324 = VECTOR('',#325,1.);
#325 = DIRECTION('',(-0.,-1.));
#326 = ( GEOMETRIC_REPRESENTATION_CONTEXT(2) 
PARAMETRIC_REPRESENTATION_CONTEXT() REPRESENTATION_CONTEXT('2D SPACE',''
  ) );
#327 = ADVANCED_FACE('',(#328),#214,.F.);
#328 = FACE_BOUND('',#329,.T.);
#329 = EDGE_LOOP('',(#330,#331,#354,#377));
#330 = ORIENTED_EDGE('',*,*,#198,.T.);
#331 = ORIENTED_EDGE('',*,*,#332,.T.);
#332 = EDGE_CURVE('',#171,#333,#335,.T.);
#333 = VERTEX_POINT('',#334);
#334 = CARTESIAN_POINT('',(7.5,-6.6,1.6));
#335 = SURFACE_CURVE('',#336,(#340,#347),.PCURVE_S1.);
#336 = LINE('',#337,#338);
#337 = CARTESIAN_POINT('',(7.5,6.6,1.6));
#338 = VECTOR('',#339,1.);
#339 = DIRECTION('',(-0.,-1.,-0.));
#340 = PCURVE('',#214,#341);
#341 = DEFINITIONAL_REPRESENTATION('',(#342),#346);
#342 = LINE('',#343,#344);
#343 = CARTESIAN_POINT('',(-0.,-1.6));
#344 = VECTOR('',#345,1.);
#345 = DIRECTION('',(-1.,0.));
#346 = ( GEOMETRIC_REPRESENTATION_CONTEXT(2) 
PARAMETRIC_REPRESENTATION_CONTEXT() REPRESENTATION_CONTEXT('2D SPACE',''
  ) );
#347 = PCURVE('',#186,#348);
#348 = DEFINITIONAL_REPRESENTATION('',(#349),#353);
#349 = LINE('',#350,#351);
#350 = CARTESIAN_POINT('',(-7.5,-6.6));
#351 = VECTOR('',#352,1.);
#352 = DIRECTION('',(-0.,1.));
#353 = ( GEOMETRIC_REPRESENTATION_CONTEXT(2) 
PARAMETRIC_REPRESENTATION_CONTEXT() REPRESENTATION_CONTEXT('2D SPACE',''
  ) );
#354 = ORIENTED_EDGE('',*,*,#355,.F.);
#355 = EDGE_CURVE('',#356,#333,#358,.T.);
#356 = VERTEX_POINT('',#357);
#357 = CARTESIAN_POINT('',(7.5,-6.6,0.));
#358 = SURFACE_CURVE('',#359,(#363,#370),.PCURVE_S1.);
#359 = LINE('',#360,#361);
#360 = CARTESIAN_POINT('',(7.5,-6.6,0.));
#361 = VECTOR('',#362,1.);
#362 = DIRECTION('',(-0.,-0.,1.));
#363 = PCURVE('',#214,#364);
#364 = DEFINITIONAL_REPRESENTATION('',(#365),#369);
#365 = LINE('',#366,#367);
#366 = CARTESIAN_POINT('',(-13.2,0.));
#367 = VECTOR('',#368,1.);
#368 = DIRECTION('',(-0.,-1.));
#369 = ( GEOMETRIC_REPRESENTATION_CONTEXT(2) 
PARAMETRIC_REPRESENTATION_CONTEXT() REPRESENTATION_CONTEXT('2D SPACE',''
  ) );
#370 = PCURVE('',#273,#371);
#371 = DEFINITIONAL_REPRESENTATION('',(#372),#376);
#372 = LINE('',#373,#374);
#373 = CARTESIAN_POINT('',(0.,-0.));
#374 = VECTOR('',#375,1.);
#375 = DIRECTION('',(-0.,-1.));
#376 = ( GEOMETRIC_REPRESENTATION_CONTEXT(2) 
PARAMETRIC_REPRESENTATION_CONTEXT() REPRESENTATION_CONTEXT('2D SPACE',''
  ) );
#377 = ORIENTED_EDGE('',*,*,#378,.F.);
#378 = EDGE_CURVE('',#199,#356,#379,.T.);
#379 = SURFACE_CURVE('',#380,(#384,#391),.PCURVE_S1.);
#380 = LINE('',#381,#382);
#381 = CARTESIAN_POINT('',(7.5,6.6,0.));
#382 = VECTOR('',#383,1.);
#383 = DIRECTION('',(-0.,-1.,-0.));
#384 = PCURVE('',#214,#385);
#385 = DEFINITIONAL_REPRESENTATION('',(#386),#390);
#386 = LINE('',#387,#388);
#387 = CARTESIAN_POINT('',(-0.,-0.));
#388 = VECTOR('',#389,1.);
#389 = DIRECTION('',(-1.,0.));
#390 = ( GEOMETRIC_REPRESENTATION_CONTEXT(2) 
PARAMETRIC_REPRESENTATION_CONTEXT() REPRESENTATION_CONTEXT('2D SPACE',''
  ) );
#391 = PCURVE('',#240,#392);
#392 = DEFINITIONAL_REPRESENTATION('',(#393),#397);
#393 = LINE('',#394,#395);
#394 = CARTESIAN_POINT('',(-7.5,-6.6));
#395 = VECTOR('',#396,1.);
#396 = DIRECTION('',(-0.,1.));
#397 = ( GEOMETRIC_REPRESENTATION_CONTEXT(2) 
PARAMETRIC_REPRESENTATION_CONTEXT() REPRESENTATION_CONTEXT('2D SPACE',''
  ) );
#398 = ADVANCED_FACE('',(#399,#425,#460,#495,#530,#565,#600,#635,#670,
    #705,#740,#775,#810),#240,.F.);
#399 = FACE_BOUND('',#400,.T.);
#400 = EDGE_LOOP('',(#401,#402,#403,#424));
#401 = ORIENTED_EDGE('',*,*,#226,.T.);
#402 = ORIENTED_EDGE('',*,*,#378,.T.);
#403 = ORIENTED_EDGE('',*,*,#404,.T.);
#404 = EDGE_CURVE('',#356,#256,#405,.T.);
#405 = SURFACE_CURVE('',#406,(#410,#417),.PCURVE_S1.);
#406 = LINE('',#407,#408);
#407 = CARTESIAN_POINT('',(7.5,-6.6,0.));
#408 = VECTOR('',#409,1.);
#409 = DIRECTION('',(-1.,-0.,-0.));
#410 = PCURVE('',#240,#411);
#411 = DEFINITIONAL_REPRESENTATION('',(#412),#416);
#412 = LINE('',#413,#414);
#413 = CARTESIAN_POINT('',(-7.5,6.6));
#414 = VECTOR('',#415,1.);
#415 = DIRECTION('',(1.,-0.));
#416 = ( GEOMETRIC_REPRESENTATION_CONTEXT(2) 
PARAMETRIC_REPRESENTATION_CONTEXT() REPRESENTATION_CONTEXT('2D SPACE',''
  ) );
#417 = PCURVE('',#273,#418);
#418 = DEFINITIONAL_REPRESENTATION('',(#419),#423);
#419 = LINE('',#420,#421);
#420 = CARTESIAN_POINT('',(0.,-0.));
#421 = VECTOR('',#422,1.);
#422 = DIRECTION('',(-1.,0.));
#423 = ( GEOMETRIC_REPRESENTATION_CONTEXT(2) 
PARAMETRIC_REPRESENTATION_CONTEXT() REPRESENTATION_CONTEXT('2D SPACE',''
  ) );
#424 = ORIENTED_EDGE('',*,*,#307,.T.);
#425 = FACE_BOUND('',#426,.T.);
#426 = EDGE_LOOP('',(#427));
#427 = ORIENTED_EDGE('',*,*,#428,.F.);
#428 = EDGE_CURVE('',#429,#429,#431,.T.);
#429 = VERTEX_POINT('',#430);
#430 = CARTESIAN_POINT('',(-5.85,5.75,0.));
#431 = SURFACE_CURVE('',#432,(#437,#448),.PCURVE_S1.);
#432 = CIRCLE('',#433,0.5);
#433 = AXIS2_PLACEMENT_3D('',#434,#435,#436);
#434 = CARTESIAN_POINT('',(-6.35,5.75,0.));
#435 = DIRECTION('',(0.,0.,-1.));
#436 = DIRECTION('',(1.,-0.,-0.));
#437 = PCURVE('',#240,#438);
#438 = DEFINITIONAL_REPRESENTATION('',(#439),#447);
#439 = ( BOUNDED_CURVE() B_SPLINE_CURVE(2,(#440,#441,#442,#443,#444,#445
,#446),.UNSPECIFIED.,.T.,.F.) B_SPLINE_CURVE_WITH_KNOTS((1,2,2,2,2,1),(
    -2.094395102393,0.,2.094395102393,4.188790204786,6.28318530718,
8.377580409573),.UNSPECIFIED.) CURVE() GEOMETRIC_REPRESENTATION_ITEM() 
RATIONAL_B_SPLINE_CURVE((1.,0.5,1.,0.5,1.,0.5,1.)) REPRESENTATION_ITEM(
  '') );
#440 = CARTESIAN_POINT('',(5.85,-5.75));
#441 = CARTESIAN_POINT('',(5.85,-4.883974596216));
#442 = CARTESIAN_POINT('',(6.6,-5.316987298108));
#443 = CARTESIAN_POINT('',(7.35,-5.75));
#444 = CARTESIAN_POINT('',(6.6,-6.183012701892));
#445 = CARTESIAN_POINT('',(5.85,-6.616025403784));
#446 = CARTESIAN_POINT('',(5.85,-5.75));
#447 = ( GEOMETRIC_REPRESENTATION_CONTEXT(2) 
PARAMETRIC_REPRESENTATION_CONTEXT() REPRESENTATION_CONTEXT('2D SPACE',''
  ) );
#448 = PCURVE('',#449,#454);
#449 = CYLINDRICAL_SURFACE('',#450,0.5);
#450 = AXIS2_PLACEMENT_3D('',#451,#452,#453);
#451 = CARTESIAN_POINT('',(-6.35,5.75,0.));
#452 = DIRECTION('',(-0.,0.,-1.));
#453 = DIRECTION('',(1.,-0.,-0.));
#454 = DEFINITIONAL_REPRESENTATION('',(#455),#459);
#455 = LINE('',#456,#457);
#456 = CARTESIAN_POINT('',(0.,0.));
#457 = VECTOR('',#458,1.);
#458 = DIRECTION('',(1.,0.));
#459 = ( GEOMETRIC_REPRESENTATION_CONTEXT(2) 
PARAMETRIC_REPRESENTATION_CONTEXT() REPRESENTATION_CONTEXT('2D SPACE',''
  ) );
#460 = FACE_BOUND('',#461,.T.);
#461 = EDGE_LOOP('',(#462));
#462 = ORIENTED_EDGE('',*,*,#463,.F.);
#463 = EDGE_CURVE('',#464,#464,#466,.T.);
#464 = VERTEX_POINT('',#465);
#465 = CARTESIAN_POINT('',(-3.31,5.75,0.));
#466 = SURFACE_CURVE('',#467,(#472,#483),.PCURVE_S1.);
#467 = CIRCLE('',#468,0.5);
#468 = AXIS2_PLACEMENT_3D('',#469,#470,#471);
#469 = CARTESIAN_POINT('',(-3.81,5.75,0.));
#470 = DIRECTION('',(0.,0.,-1.));
#471 = DIRECTION('',(1.,-0.,-0.));
#472 = PCURVE('',#240,#473);
#473 = DEFINITIONAL_REPRESENTATION('',(#474),#482);
#474 = ( BOUNDED_CURVE() B_SPLINE_CURVE(2,(#475,#476,#477,#478,#479,#480
,#481),.UNSPECIFIED.,.T.,.F.) B_SPLINE_CURVE_WITH_KNOTS((1,2,2,2,2,1),(
    -2.094395102393,0.,2.094395102393,4.188790204786,6.28318530718,
8.377580409573),.UNSPECIFIED.) CURVE() GEOMETRIC_REPRESENTATION_ITEM() 
RATIONAL_B_SPLINE_CURVE((1.,0.5,1.,0.5,1.,0.5,1.)) REPRESENTATION_ITEM(
  '') );
#475 = CARTESIAN_POINT('',(3.31,-5.75));
#476 = CARTESIAN_POINT('',(3.31,-4.883974596216));
#477 = CARTESIAN_POINT('',(4.06,-5.316987298108));
#478 = CARTESIAN_POINT('',(4.81,-5.75));
#479 = CARTESIAN_POINT('',(4.06,-6.183012701892));
#480 = CARTESIAN_POINT('',(3.31,-6.616025403784));
#481 = CARTESIAN_POINT('',(3.31,-5.75));
#482 = ( GEOMETRIC_REPRESENTATION_CONTEXT(2) 
PARAMETRIC_REPRESENTATION_CONTEXT() REPRESENTATION_CONTEXT('2D SPACE',''
  ) );
#483 = PCURVE('',#484,#489);
#484 = CYLINDRICAL_SURFACE('',#485,0.5);
#485 = AXIS2_PLACEMENT_3D('',#486,#487,#488);
#486 = CARTESIAN_POINT('',(-3.81,5.75,0.));
#487 = DIRECTION('',(-0.,0.,-1.));
#488 = DIRECTION('',(1.,-0.,-0.));
#489 = DEFINITIONAL_REPRESENTATION('',(#490),#494);
#490 = LINE('',#491,#492);
#491 = CARTESIAN_POINT('',(0.,0.));
#492 = VECTOR('',#493,1.);
#493 = DIRECTION('',(1.,0.));
#494 = ( GEOMETRIC_REPRESENTATION_CONTEXT(2) 
PARAMETRIC_REPRESENTATION_CONTEXT() REPRESENTATION_CONTEXT('2D SPACE',''
  ) );
#495 = FACE_BOUND('',#496,.T.);
#496 = EDGE_LOOP('',(#497));
#497 = ORIENTED_EDGE('',*,*,#498,.F.);
#498 = EDGE_CURVE('',#499,#499,#501,.T.);
#499 = VERTEX_POINT('',#500);
#500 = CARTESIAN_POINT('',(-0.77,5.75,0.));
#501 = SURFACE_CURVE('',#502,(#507,#518),.PCURVE_S1.);
#502 = CIRCLE('',#503,0.5);
#503 = AXIS2_PLACEMENT_3D('',#504,#505,#506);
#504 = CARTESIAN_POINT('',(-1.27,5.75,0.));
#505 = DIRECTION('',(0.,0.,-1.));
#506 = DIRECTION('',(1.,-0.,-0.));
#507 = PCURVE('',#240,#508);
#508 = DEFINITIONAL_REPRESENTATION('',(#509),#517);
#509 = ( BOUNDED_CURVE() B_SPLINE_CURVE(2,(#510,#511,#512,#513,#514,#515
,#516),.UNSPECIFIED.,.T.,.F.) B_SPLINE_CURVE_WITH_KNOTS((1,2,2,2,2,1),(
    -2.094395102393,0.,2.094395102393,4.188790204786,6.28318530718,
8.377580409573),.UNSPECIFIED.) CURVE() GEOMETRIC_REPRESENTATION_ITEM() 
RATIONAL_B_SPLINE_CURVE((1.,0.5,1.,0.5,1.,0.5,1.)) REPRESENTATION_ITEM(
  '') );
#510 = CARTESIAN_POINT('',(0.77,-5.75));
#511 = CARTESIAN_POINT('',(0.77,-4.883974596216));
#512 = CARTESIAN_POINT('',(1.52,-5.316987298108));
#513 = CARTESIAN_POINT('',(2.27,-5.75));
#514 = CARTESIAN_POINT('',(1.52,-6.183012701892));
#515 = CARTESIAN_POINT('',(0.77,-6.616025403784));
#516 = CARTESIAN_POINT('',(0.77,-5.75));
#517 = ( GEOMETRIC_REPRESENTATION_CONTEXT(2) 
PARAMETRIC_REPRESENTATION_CONTEXT() REPRESENTATION_CONTEXT('2D SPACE',''
  ) );
#518 = PCURVE('',#519,#524);
#519 = CYLINDRICAL_SURFACE('',#520,0.5);
#520 = AXIS2_PLACEMENT_3D('',#521,#522,#523);
#521 = CARTESIAN_POINT('',(-1.27,5.75,0.));
#522 = DIRECTION('',(-0.,0.,-1.));
#523 = DIRECTION('',(1.,-0.,-0.));
#524 = DEFINITIONAL_REPRESENTATION('',(#525),#529);
#525 = LINE('',#526,#527);
#526 = CARTESIAN_POINT('',(0.,0.));
#527 = VECTOR('',#528,1.);
#528 = DIRECTION('',(1.,0.));
#529 = ( GEOMETRIC_REPRESENTATION_CONTEXT(2) 
PARAMETRIC_REPRESENTATION_CONTEXT() REPRESENTATION_CONTEXT('2D SPACE',''
  ) );
#530 = FACE_BOUND('',#531,.T.);
#531 = EDGE_LOOP('',(#532));
#532 = ORIENTED_EDGE('',*,*,#533,.F.);
#533 = EDGE_CURVE('',#534,#534,#536,.T.);
#534 = VERTEX_POINT('',#535);
#535 = CARTESIAN_POINT('',(1.77,5.75,0.));
#536 = SURFACE_CURVE('',#537,(#542,#553),.PCURVE_S1.);
#537 = CIRCLE('',#538,0.5);
#538 = AXIS2_PLACEMENT_3D('',#539,#540,#541);
#539 = CARTESIAN_POINT('',(1.27,5.75,0.));
#540 = DIRECTION('',(0.,0.,-1.));
#541 = DIRECTION('',(1.,-0.,-0.));
#542 = PCURVE('',#240,#543);
#543 = DEFINITIONAL_REPRESENTATION('',(#544),#552);
#544 = ( BOUNDED_CURVE() B_SPLINE_CURVE(2,(#545,#546,#547,#548,#549,#550
,#551),.UNSPECIFIED.,.T.,.F.) B_SPLINE_CURVE_WITH_KNOTS((1,2,2,2,2,1),(
    -2.094395102393,0.,2.094395102393,4.188790204786,6.28318530718,
8.377580409573),.UNSPECIFIED.) CURVE() GEOMETRIC_REPRESENTATION_ITEM() 
RATIONAL_B_SPLINE_CURVE((1.,0.5,1.,0.5,1.,0.5,1.)) REPRESENTATION_ITEM(
  '') );
#545 = CARTESIAN_POINT('',(-1.77,-5.75));
#546 = CARTESIAN_POINT('',(-1.77,-4.883974596216));
#547 = CARTESIAN_POINT('',(-1.02,-5.316987298108));
#548 = CARTESIAN_POINT('',(-0.27,-5.75));
#549 = CARTESIAN_POINT('',(-1.02,-6.183012701892));
#550 = CARTESIAN_POINT('',(-1.77,-6.616025403784));
#551 = CARTESIAN_POINT('',(-1.77,-5.75));
#552 = ( GEOMETRIC_REPRESENTATION_CONTEXT(2) 
PARAMETRIC_REPRESENTATION_CONTEXT() REPRESENTATION_CONTEXT('2D SPACE',''
  ) );
#553 = PCURVE('',#554,#559);
#554 = CYLINDRICAL_SURFACE('',#555,0.5);
#555 = AXIS2_PLACEMENT_3D('',#556,#557,#558);
#556 = CARTESIAN_POINT('',(1.27,5.75,0.));
#557 = DIRECTION('',(-0.,0.,-1.));
#558 = DIRECTION('',(1.,-0.,-0.));
#559 = DEFINITIONAL_REPRESENTATION('',(#560),#564);
#560 = LINE('',#561,#562);
#561 = CARTESIAN_POINT('',(0.,0.));
#562 = VECTOR('',#563,1.);
#563 = DIRECTION('',(1.,0.));
#564 = ( GEOMETRIC_REPRESENTATION_CONTEXT(2) 
PARAMETRIC_REPRESENTATION_CONTEXT() REPRESENTATION_CONTEXT('2D SPACE',''
  ) );
#565 = FACE_BOUND('',#566,.T.);
#566 = EDGE_LOOP('',(#567));
#567 = ORIENTED_EDGE('',*,*,#568,.F.);
#568 = EDGE_CURVE('',#569,#569,#571,.T.);
#569 = VERTEX_POINT('',#570);
#570 = CARTESIAN_POINT('',(4.31,5.75,0.));
#571 = SURFACE_CURVE('',#572,(#577,#588),.PCURVE_S1.);
#572 = CIRCLE('',#573,0.5);
#573 = AXIS2_PLACEMENT_3D('',#574,#575,#576);
#574 = CARTESIAN_POINT('',(3.81,5.75,0.));
#575 = DIRECTION('',(0.,0.,-1.));
#576 = DIRECTION('',(1.,-0.,-0.));
#577 = PCURVE('',#240,#578);
#578 = DEFINITIONAL_REPRESENTATION('',(#579),#587);
#579 = ( BOUNDED_CURVE() B_SPLINE_CURVE(2,(#580,#581,#582,#583,#584,#585
,#586),.UNSPECIFIED.,.T.,.F.) B_SPLINE_CURVE_WITH_KNOTS((1,2,2,2,2,1),(
    -2.094395102393,0.,2.094395102393,4.188790204786,6.28318530718,
8.377580409573),.UNSPECIFIED.) CURVE() GEOMETRIC_REPRESENTATION_ITEM() 
RATIONAL_B_SPLINE_CURVE((1.,0.5,1.,0.5,1.,0.5,1.)) REPRESENTATION_ITEM(
  '') );
#580 = CARTESIAN_POINT('',(-4.31,-5.75));
#581 = CARTESIAN_POINT('',(-4.31,-4.883974596216));
#582 = CARTESIAN_POINT('',(-3.56,-5.316987298108));
#583 = CARTESIAN_POINT('',(-2.81,-5.75));
#584 = CARTESIAN_POINT('',(-3.56,-6.183012701892));
#585 = CARTESIAN_POINT('',(-4.31,-6.616025403784));
#586 = CARTESIAN_POINT('',(-4.31,-5.75));
#587 = ( GEOMETRIC_REPRESENTATION_CONTEXT(2) 
PARAMETRIC_REPRESENTATION_CONTEXT() REPRESENTATION_CONTEXT('2D SPACE',''
  ) );
#588 = PCURVE('',#589,#594);
#589 = CYLINDRICAL_SURFACE('',#590,0.5);
#590 = AXIS2_PLACEMENT_3D('',#591,#592,#593);
#591 = CARTESIAN_POINT('',(3.81,5.75,0.));
#592 = DIRECTION('',(-0.,0.,-1.));
#593 = DIRECTION('',(1.,-0.,-0.));
#594 = DEFINITIONAL_REPRESENTATION('',(#595),#599);
#595 = LINE('',#596,#597);
#596 = CARTESIAN_POINT('',(0.,0.));
#597 = VECTOR('',#598,1.);
#598 = DIRECTION('',(1.,0.));
#599 = ( GEOMETRIC_REPRESENTATION_CONTEXT(2) 
PARAMETRIC_REPRESENTATION_CONTEXT() REPRESENTATION_CONTEXT('2D SPACE',''
  ) );
#600 = FACE_BOUND('',#601,.T.);
#601 = EDGE_LOOP('',(#602));
#602 = ORIENTED_EDGE('',*,*,#603,.F.);
#603 = EDGE_CURVE('',#604,#604,#606,.T.);
#604 = VERTEX_POINT('',#605);
#605 = CARTESIAN_POINT('',(6.85,5.75,0.));
#606 = SURFACE_CURVE('',#607,(#612,#623),.PCURVE_S1.);
#607 = CIRCLE('',#608,0.5);
#608 = AXIS2_PLACEMENT_3D('',#609,#610,#611);
#609 = CARTESIAN_POINT('',(6.35,5.75,0.));
#610 = DIRECTION('',(0.,0.,-1.));
#611 = DIRECTION('',(1.,-0.,-0.));
#612 = PCURVE('',#240,#613);
#613 = DEFINITIONAL_REPRESENTATION('',(#614),#622);
#614 = ( BOUNDED_CURVE() B_SPLINE_CURVE(2,(#615,#616,#617,#618,#619,#620
,#621),.UNSPECIFIED.,.T.,.F.) B_SPLINE_CURVE_WITH_KNOTS((1,2,2,2,2,1),(
    -2.094395102393,0.,2.094395102393,4.188790204786,6.28318530718,
8.377580409573),.UNSPECIFIED.) CURVE() GEOMETRIC_REPRESENTATION_ITEM() 
RATIONAL_B_SPLINE_CURVE((1.,0.5,1.,0.5,1.,0.5,1.)) REPRESENTATION_ITEM(
  '') );
#615 = CARTESIAN_POINT('',(-6.85,-5.75));
#616 = CARTESIAN_POINT('',(-6.85,-4.883974596216));
#617 = CARTESIAN_POINT('',(-6.1,-5.316987298108));
#618 = CARTESIAN_POINT('',(-5.35,-5.75));
#619 = CARTESIAN_POINT('',(-6.1,-6.183012701892));
#620 = CARTESIAN_POINT('',(-6.85,-6.616025403784));
#621 = CARTESIAN_POINT('',(-6.85,-5.75));
#622 = ( GEOMETRIC_REPRESENTATION_CONTEXT(2) 
PARAMETRIC_REPRESENTATION_CONTEXT() REPRESENTATION_CONTEXT('2D SPACE',''
  ) );
#623 = PCURVE('',#624,#629);
#624 = CYLINDRICAL_SURFACE('',#625,0.5);
#625 = AXIS2_PLACEMENT_3D('',#626,#627,#628);
#626 = CARTESIAN_POINT('',(6.35,5.75,0.));
#627 = DIRECTION('',(-0.,0.,-1.));
#628 = DIRECTION('',(1.,-0.,-0.));
#629 = DEFINITIONAL_REPRESENTATION('',(#630),#634);
#630 = LINE('',#631,#632);
#631 = CARTESIAN_POINT('',(0.,0.));
#632 = VECTOR('',#633,1.);
#633 = DIRECTION('',(1.,0.));
#634 = ( GEOMETRIC_REPRESENTATION_CONTEXT(2) 
PARAMETRIC_REPRESENTATION_CONTEXT() REPRESENTATION_CONTEXT('2D SPACE',''
  ) );
#635 = FACE_BOUND('',#636,.T.);
#636 = EDGE_LOOP('',(#637));
#637 = ORIENTED_EDGE('',*,*,#638,.F.);
#638 = EDGE_CURVE('',#639,#639,#641,.T.);
#639 = VERTEX_POINT('',#640);
#640 = CARTESIAN_POINT('',(-5.85,-5.75,0.));
#641 = SURFACE_CURVE('',#642,(#647,#658),.PCURVE_S1.);
#642 = CIRCLE('',#643,0.5);
#643 = AXIS2_PLACEMENT_3D('',#644,#645,#646);
#644 = CARTESIAN_POINT('',(-6.35,-5.75,0.));
#645 = DIRECTION('',(0.,0.,-1.));
#646 = DIRECTION('',(1.,-0.,-0.));
#647 = PCURVE('',#240,#648);
#648 = DEFINITIONAL_REPRESENTATION('',(#649),#657);
#649 = ( BOUNDED_CURVE() B_SPLINE_CURVE(2,(#650,#651,#652,#653,#654,#655
,#656),.UNSPECIFIED.,.T.,.F.) B_SPLINE_CURVE_WITH_KNOTS((1,2,2,2,2,1),(
    -2.094395102393,0.,2.094395102393,4.188790204786,6.28318530718,
8.377580409573),.UNSPECIFIED.) CURVE() GEOMETRIC_REPRESENTATION_ITEM() 
RATIONAL_B_SPLINE_CURVE((1.,0.5,1.,0.5,1.,0.5,1.)) REPRESENTATION_ITEM(
  '') );
#650 = CARTESIAN_POINT('',(5.85,5.75));
#651 = CARTESIAN_POINT('',(5.85,6.616025403784));
#652 = CARTESIAN_POINT('',(6.6,6.183012701892));
#653 = CARTESIAN_POINT('',(7.35,5.75));
#654 = CARTESIAN_POINT('',(6.6,5.316987298108));
#655 = CARTESIAN_POINT('',(5.85,4.883974596216));
#656 = CARTESIAN_POINT('',(5.85,5.75));
#657 = ( GEOMETRIC_REPRESENTATION_CONTEXT(2) 
PARAMETRIC_REPRESENTATION_CONTEXT() REPRESENTATION_CONTEXT('2D SPACE',''
  ) );
#658 = PCURVE('',#659,#664);
#659 = CYLINDRICAL_SURFACE('',#660,0.5);
#660 = AXIS2_PLACEMENT_3D('',#661,#662,#663);
#661 = CARTESIAN_POINT('',(-6.35,-5.75,0.));
#662 = DIRECTION('',(-0.,0.,-1.));
#663 = DIRECTION('',(1.,-0.,-0.));
#664 = DEFINITIONAL_REPRESENTATION('',(#665),#669);
#665 = LINE('',#666,#667);
#666 = CARTESIAN_POINT('',(0.,0.));
#667 = VECTOR('',#668,1.);
#668 = DIRECTION('',(1.,0.));
#669 = ( GEOMETRIC_REPRESENTATION_CONTEXT(2) 
PARAMETRIC_REPRESENTATION_CONTEXT() REPRESENTATION_CONTEXT('2D SPACE',''
  ) );
#670 = FACE_BOUND('',#671,.T.);
#671 = EDGE_LOOP('',(#672));
#672 = ORIENTED_EDGE('',*,*,#673,.F.);
#673 = EDGE_CURVE('',#674,#674,#676,.T.);
#674 = VERTEX_POINT('',#675);
#675 = CARTESIAN_POINT('',(-3.31,-5.75,0.));
#676 = SURFACE_CURVE('',#677,(#682,#693),.PCURVE_S1.);
#677 = CIRCLE('',#678,0.5);
#678 = AXIS2_PLACEMENT_3D('',#679,#680,#681);
#679 = CARTESIAN_POINT('',(-3.81,-5.75,0.));
#680 = DIRECTION('',(0.,0.,-1.));
#681 = DIRECTION('',(1.,-0.,-0.));
#682 = PCURVE('',#240,#683);
#683 = DEFINITIONAL_REPRESENTATION('',(#684),#692);
#684 = ( BOUNDED_CURVE() B_SPLINE_CURVE(2,(#685,#686,#687,#688,#689,#690
,#691),.UNSPECIFIED.,.T.,.F.) B_SPLINE_CURVE_WITH_KNOTS((1,2,2,2,2,1),(
    -2.094395102393,0.,2.094395102393,4.188790204786,6.28318530718,
8.377580409573),.UNSPECIFIED.) CURVE() GEOMETRIC_REPRESENTATION_ITEM() 
RATIONAL_B_SPLINE_CURVE((1.,0.5,1.,0.5,1.,0.5,1.)) REPRESENTATION_ITEM(
  '') );
#685 = CARTESIAN_POINT('',(3.31,5.75));
#686 = CARTESIAN_POINT('',(3.31,6.616025403784));
#687 = CARTESIAN_POINT('',(4.06,6.183012701892));
#688 = CARTESIAN_POINT('',(4.81,5.75));
#689 = CARTESIAN_POINT('',(4.06,5.316987298108));
#690 = CARTESIAN_POINT('',(3.31,4.883974596216));
#691 = CARTESIAN_POINT('',(3.31,5.75));
#692 = ( GEOMETRIC_REPRESENTATION_CONTEXT(2) 
PARAMETRIC_REPRESENTATION_CONTEXT() REPRESENTATION_CONTEXT('2D SPACE',''
  ) );
#693 = PCURVE('',#694,#699);
#694 = CYLINDRICAL_SURFACE('',#695,0.5);
#695 = AXIS2_PLACEMENT_3D('',#696,#697,#698);
#696 = CARTESIAN_POINT('',(-3.81,-5.75,0.));
#697 = DIRECTION('',(-0.,0.,-1.));
#698 = DIRECTION('',(1.,-0.,-0.));
#699 = DEFINITIONAL_REPRESENTATION('',(#700),#704);
#700 = LINE('',#701,#702);
#701 = CARTESIAN_POINT('',(0.,0.));
#702 = VECTOR('',#703,1.);
#703 = DIRECTION('',(1.,0.));
#704 = ( GEOMETRIC_REPRESENTATION_CONTEXT(2) 
PARAMETRIC_REPRESENTATION_CONTEXT() REPRESENTATION_CONTEXT('2D SPACE',''
  ) );
#705 = FACE_BOUND('',#706,.T.);
#706 = EDGE_LOOP('',(#707));
#707 = ORIENTED_EDGE('',*,*,#708,.F.);
#708 = EDGE_CURVE('',#709,#709,#711,.T.);
#709 = VERTEX_POINT('',#710);
#710 = CARTESIAN_POINT('',(-0.77,-5.75,0.));
#711 = SURFACE_CURVE('',#712,(#717,#728),.PCURVE_S1.);
#712 = CIRCLE('',#713,0.5);
#713 = AXIS2_PLACEMENT_3D('',#714,#715,#716);
#714 = CARTESIAN_POINT('',(-1.27,-5.75,0.));
#715 = DIRECTION('',(0.,0.,-1.));
#716 = DIRECTION('',(1.,-0.,-0.));
#717 = PCURVE('',#240,#718);
#718 = DEFINITIONAL_REPRESENTATION('',(#719),#727);
#719 = ( BOUNDED_CURVE() B_SPLINE_CURVE(2,(#720,#721,#722,#723,#724,#725
,#726),.UNSPECIFIED.,.T.,.F.) B_SPLINE_CURVE_WITH_KNOTS((1,2,2,2,2,1),(
    -2.094395102393,0.,2.094395102393,4.188790204786,6.28318530718,
8.377580409573),.UNSPECIFIED.) CURVE() GEOMETRIC_REPRESENTATION_ITEM() 
RATIONAL_B_SPLINE_CURVE((1.,0.5,1.,0.5,1.,0.5,1.)) REPRESENTATION_ITEM(
  '') );
#720 = CARTESIAN_POINT('',(0.77,5.75));
#721 = CARTESIAN_POINT('',(0.77,6.616025403784));
#722 = CARTESIAN_POINT('',(1.52,6.183012701892));
#723 = CARTESIAN_POINT('',(2.27,5.75));
#724 = CARTESIAN_POINT('',(1.52,5.316987298108));
#725 = CARTESIAN_POINT('',(0.77,4.883974596216));
#726 = CARTESIAN_POINT('',(0.77,5.75));
#727 = ( GEOMETRIC_REPRESENTATION_CONTEXT(2) 
PARAMETRIC_REPRESENTATION_CONTEXT() REPRESENTATION_CONTEXT('2D SPACE',''
  ) );
#728 = PCURVE('',#729,#734);
#729 = CYLINDRICAL_SURFACE('',#730,0.5);
#730 = AXIS2_PLACEMENT_3D('',#731,#732,#733);
#731 = CARTESIAN_POINT('',(-1.27,-5.75,0.));
#732 = DIRECTION('',(-0.,0.,-1.));
#733 = DIRECTION('',(1.,-0.,-0.));
#734 = DEFINITIONAL_REPRESENTATION('',(#735),#739);
#735 = LINE('',#736,#737);
#736 = CARTESIAN_POINT('',(0.,0.));
#737 = VECTOR('',#738,1.);
#738 = DIRECTION('',(1.,0.));
#739 = ( GEOMETRIC_REPRESENTATION_CONTEXT(2) 
PARAMETRIC_REPRESENTATION_CONTEXT() REPRESENTATION_CONTEXT('2D SPACE',''
  ) );
#740 = FACE_BOUND('',#741,.T.);
#741 = EDGE_LOOP('',(#742));
#742 = ORIENTED_EDGE('',*,*,#743,.F.);
#743 = EDGE_CURVE('',#744,#744,#746,.T.);
#744 = VERTEX_POINT('',#745);
#745 = CARTESIAN_POINT('',(1.77,-5.75,0.));
#746 = SURFACE_CURVE('',#747,(#752,#763),.PCURVE_S1.);
#747 = CIRCLE('',#748,0.5);
#748 = AXIS2_PLACEMENT_3D('',#749,#750,#751);
#749 = CARTESIAN_POINT('',(1.27,-5.75,0.));
#750 = DIRECTION('',(0.,0.,-1.));
#751 = DIRECTION('',(1.,-0.,-0.));
#752 = PCURVE('',#240,#753);
#753 = DEFINITIONAL_REPRESENTATION('',(#754),#762);
#754 = ( BOUNDED_CURVE() B_SPLINE_CURVE(2,(#755,#756,#757,#758,#759,#760
,#761),.UNSPECIFIED.,.T.,.F.) B_SPLINE_CURVE_WITH_KNOTS((1,2,2,2,2,1),(
    -2.094395102393,0.,2.094395102393,4.188790204786,6.28318530718,
8.377580409573),.UNSPECIFIED.) CURVE() GEOMETRIC_REPRESENTATION_ITEM() 
RATIONAL_B_SPLINE_CURVE((1.,0.5,1.,0.5,1.,0.5,1.)) REPRESENTATION_ITEM(
  '') );
#755 = CARTESIAN_POINT('',(-1.77,5.75));
#756 = CARTESIAN_POINT('',(-1.77,6.616025403784));
#757 = CARTESIAN_POINT('',(-1.02,6.183012701892));
#758 = CARTESIAN_POINT('',(-0.27,5.75));
#759 = CARTESIAN_POINT('',(-1.02,5.316987298108));
#760 = CARTESIAN_POINT('',(-1.77,4.883974596216));
#761 = CARTESIAN_POINT('',(-1.77,5.75));
#762 = ( GEOMETRIC_REPRESENTATION_CONTEXT(2) 
PARAMETRIC_REPRESENTATION_CONTEXT() REPRESENTATION_CONTEXT('2D SPACE',''
  ) );
#763 = PCURVE('',#764,#769);
#764 = CYLINDRICAL_SURFACE('',#765,0.5);
#765 = AXIS2_PLACEMENT_3D('',#766,#767,#768);
#766 = CARTESIAN_POINT('',(1.27,-5.75,0.));
#767 = DIRECTION('',(-0.,0.,-1.));
#768 = DIRECTION('',(1.,-0.,-0.));
#769 = DEFINITIONAL_REPRESENTATION('',(#770),#774);
#770 = LINE('',#771,#772);
#771 = CARTESIAN_POINT('',(0.,0.));
#772 = VECTOR('',#773,1.);
#773 = DIRECTION('',(1.,0.));
#774 = ( GEOMETRIC_REPRESENTATION_CONTEXT(2) 
PARAMETRIC_REPRESENTATION_CONTEXT() REPRESENTATION_CONTEXT('2D SPACE',''
  ) );
#775 = FACE_BOUND('',#776,.T.);
#776 = EDGE_LOOP('',(#777));
#777 = ORIENTED_EDGE('',*,*,#778,.F.);
#778 = EDGE_CURVE('',#779,#779,#781,.T.);
#779 = VERTEX_POINT('',#780);
#780 = CARTESIAN_POINT('',(4.31,-5.75,0.));
#781 = SURFACE_CURVE('',#782,(#787,#798),.PCURVE_S1.);
#782 = CIRCLE('',#783,0.5);
#783 = AXIS2_PLACEMENT_3D('',#784,#785,#786);
#784 = CARTESIAN_POINT('',(3.81,-5.75,0.));
#785 = DIRECTION('',(0.,0.,-1.));
#786 = DIRECTION('',(1.,-0.,-0.));
#787 = PCURVE('',#240,#788);
#788 = DEFINITIONAL_REPRESENTATION('',(#789),#797);
#789 = ( BOUNDED_CURVE() B_SPLINE_CURVE(2,(#790,#791,#792,#793,#794,#795
,#796),.UNSPECIFIED.,.T.,.F.) B_SPLINE_CURVE_WITH_KNOTS((1,2,2,2,2,1),(
    -2.094395102393,0.,2.094395102393,4.188790204786,6.28318530718,
8.377580409573),.UNSPECIFIED.) CURVE() GEOMETRIC_REPRESENTATION_ITEM() 
RATIONAL_B_SPLINE_CURVE((1.,0.5,1.,0.5,1.,0.5,1.)) REPRESENTATION_ITEM(
  '') );
#790 = CARTESIAN_POINT('',(-4.31,5.75));
#791 = CARTESIAN_POINT('',(-4.31,6.616025403784));
#792 = CARTESIAN_POINT('',(-3.56,6.183012701892));
#793 = CARTESIAN_POINT('',(-2.81,5.75));
#794 = CARTESIAN_POINT('',(-3.56,5.316987298108));
#795 = CARTESIAN_POINT('',(-4.31,4.883974596216));
#796 = CARTESIAN_POINT('',(-4.31,5.75));
#797 = ( GEOMETRIC_REPRESENTATION_CONTEXT(2) 
PARAMETRIC_REPRESENTATION_CONTEXT() REPRESENTATION_CONTEXT('2D SPACE',''
  ) );
#798 = PCURVE('',#799,#804);
#799 = CYLINDRICAL_SURFACE('',#800,0.5);
#800 = AXIS2_PLACEMENT_3D('',#801,#802,#803);
#801 = CARTESIAN_POINT('',(3.81,-5.75,0.));
#802 = DIRECTION('',(-0.,0.,-1.));
#803 = DIRECTION('',(1.,-0.,-0.));
#804 = DEFINITIONAL_REPRESENTATION('',(#805),#809);
#805 = LINE('',#806,#807);
#806 = CARTESIAN_POINT('',(0.,0.));
#807 = VECTOR('',#808,1.);
#808 = DIRECTION('',(1.,0.));
#809 = ( GEOMETRIC_REPRESENTATION_CONTEXT(2) 
PARAMETRIC_REPRESENTATION_CONTEXT() REPRESENTATION_CONTEXT('2D SPACE',''
  ) );
#810 = FACE_BOUND('',#811,.T.);
#811 = EDGE_LOOP('',(#812));
#812 = ORIENTED_EDGE('',*,*,#813,.F.);
#813 = EDGE_CURVE('',#814,#814,#816,.T.);
#814 = VERTEX_POINT('',#815);
#815 = CARTESIAN_POINT('',(6.85,-5.75,0.));
#816 = SURFACE_CURVE('',#817,(#822,#833),.PCURVE_S1.);
#817 = CIRCLE('',#818,0.5);
#818 = AXIS2_PLACEMENT_3D('',#819,#820,#821);
#819 = CARTESIAN_POINT('',(6.35,-5.75,0.));
#820 = DIRECTION('',(0.,0.,-1.));
#821 = DIRECTION('',(1.,-0.,-0.));
#822 = PCURVE('',#240,#823);
#823 = DEFINITIONAL_REPRESENTATION('',(#824),#832);
#824 = ( BOUNDED_CURVE() B_SPLINE_CURVE(2,(#825,#826,#827,#828,#829,#830
,#831),.UNSPECIFIED.,.T.,.F.) B_SPLINE_CURVE_WITH_KNOTS((1,2,2,2,2,1),(
    -2.094395102393,0.,2.094395102393,4.188790204786,6.28318530718,
8.377580409573),.UNSPECIFIED.) CURVE() GEOMETRIC_REPRESENTATION_ITEM() 
RATIONAL_B_SPLINE_CURVE((1.,0.5,1.,0.5,1.,0.5,1.)) REPRESENTATION_ITEM(
  '') );
#825 = CARTESIAN_POINT('',(-6.85,5.75));
#826 = CARTESIAN_POINT('',(-6.85,6.616025403784));
#827 = CARTESIAN_POINT('',(-6.1,6.183012701892));
#828 = CARTESIAN_POINT('',(-5.35,5.75));
#829 = CARTESIAN_POINT('',(-6.1,5.316987298108));
#830 = CARTESIAN_POINT('',(-6.85,4.883974596216));
#831 = CARTESIAN_POINT('',(-6.85,5.75));
#832 = ( GEOMETRIC_REPRESENTATION_CONTEXT(2) 
PARAMETRIC_REPRESENTATION_CONTEXT() REPRESENTATION_CONTEXT('2D SPACE',''
  ) );
#833 = PCURVE('',#834,#839);
#834 = CYLINDRICAL_SURFACE('',#835,0.5);
#835 = AXIS2_PLACEMENT_3D('',#836,#837,#838);
#836 = CARTESIAN_POINT('',(6.35,-5.75,0.));
#837 = DIRECTION('',(-0.,0.,-1.));
#838 = DIRECTION('',(1.,-0.,-0.));
#839 = DEFINITIONAL_REPRESENTATION('',(#840),#844);
#840 = LINE('',#841,#842);
#841 = CARTESIAN_POINT('',(0.,0.));
#842 = VECTOR('',#843,1.);
#843 = DIRECTION('',(1.,0.));
#844 = ( GEOMETRIC_REPRESENTATION_CONTEXT(2) 
PARAMETRIC_REPRESENTATION_CONTEXT() REPRESENTATION_CONTEXT('2D SPACE',''
  ) );
#845 = ADVANCED_FACE('',(#846,#872,#902,#932,#962,#992,#1022,#1052,#1082
    ,#1112,#1142,#1172,#1202),#186,.T.);
#846 = FACE_BOUND('',#847,.F.);
#847 = EDGE_LOOP('',(#848,#849,#850,#871));
#848 = ORIENTED_EDGE('',*,*,#170,.T.);
#849 = ORIENTED_EDGE('',*,*,#332,.T.);
#850 = ORIENTED_EDGE('',*,*,#851,.T.);
#851 = EDGE_CURVE('',#333,#258,#852,.T.);
#852 = SURFACE_CURVE('',#853,(#857,#864),.PCURVE_S1.);
#853 = LINE('',#854,#855);
#854 = CARTESIAN_POINT('',(7.5,-6.6,1.6));
#855 = VECTOR('',#856,1.);
#856 = DIRECTION('',(-1.,-0.,-0.));
#857 = PCURVE('',#186,#858);
#858 = DEFINITIONAL_REPRESENTATION('',(#859),#863);
#859 = LINE('',#860,#861);
#860 = CARTESIAN_POINT('',(-7.5,6.6));
#861 = VECTOR('',#862,1.);
#862 = DIRECTION('',(1.,-0.));
#863 = ( GEOMETRIC_REPRESENTATION_CONTEXT(2) 
PARAMETRIC_REPRESENTATION_CONTEXT() REPRESENTATION_CONTEXT('2D SPACE',''
  ) );
#864 = PCURVE('',#273,#865);
#865 = DEFINITIONAL_REPRESENTATION('',(#866),#870);
#866 = LINE('',#867,#868);
#867 = CARTESIAN_POINT('',(-0.,-1.6));
#868 = VECTOR('',#869,1.);
#869 = DIRECTION('',(-1.,0.));
#870 = ( GEOMETRIC_REPRESENTATION_CONTEXT(2) 
PARAMETRIC_REPRESENTATION_CONTEXT() REPRESENTATION_CONTEXT('2D SPACE',''
  ) );
#871 = ORIENTED_EDGE('',*,*,#285,.T.);
#872 = FACE_BOUND('',#873,.F.);
#873 = EDGE_LOOP('',(#874));
#874 = ORIENTED_EDGE('',*,*,#875,.F.);
#875 = EDGE_CURVE('',#876,#876,#878,.T.);
#876 = VERTEX_POINT('',#877);
#877 = CARTESIAN_POINT('',(-5.85,5.75,1.6));
#878 = SURFACE_CURVE('',#879,(#884,#895),.PCURVE_S1.);
#879 = CIRCLE('',#880,0.5);
#880 = AXIS2_PLACEMENT_3D('',#881,#882,#883);
#881 = CARTESIAN_POINT('',(-6.35,5.75,1.6));
#882 = DIRECTION('',(0.,0.,-1.));
#883 = DIRECTION('',(1.,-0.,-0.));
#884 = PCURVE('',#186,#885);
#885 = DEFINITIONAL_REPRESENTATION('',(#886),#894);
#886 = ( BOUNDED_CURVE() B_SPLINE_CURVE(2,(#887,#888,#889,#890,#891,#892
,#893),.UNSPECIFIED.,.T.,.F.) B_SPLINE_CURVE_WITH_KNOTS((1,2,2,2,2,1),(
    -2.094395102393,0.,2.094395102393,4.188790204786,6.28318530718,
8.377580409573),.UNSPECIFIED.) CURVE() GEOMETRIC_REPRESENTATION_ITEM() 
RATIONAL_B_SPLINE_CURVE((1.,0.5,1.,0.5,1.,0.5,1.)) REPRESENTATION_ITEM(
  '') );
#887 = CARTESIAN_POINT('',(5.85,-5.75));
#888 = CARTESIAN_POINT('',(5.85,-4.883974596216));
#889 = CARTESIAN_POINT('',(6.6,-5.316987298108));
#890 = CARTESIAN_POINT('',(7.35,-5.75));
#891 = CARTESIAN_POINT('',(6.6,-6.183012701892));
#892 = CARTESIAN_POINT('',(5.85,-6.616025403784));
#893 = CARTESIAN_POINT('',(5.85,-5.75));
#894 = ( GEOMETRIC_REPRESENTATION_CONTEXT(2) 
PARAMETRIC_REPRESENTATION_CONTEXT() REPRESENTATION_CONTEXT('2D SPACE',''
  ) );
#895 = PCURVE('',#449,#896);
#896 = DEFINITIONAL_REPRESENTATION('',(#897),#901);
#897 = LINE('',#898,#899);
#898 = CARTESIAN_POINT('',(0.,-1.6));
#899 = VECTOR('',#900,1.);
#900 = DIRECTION('',(1.,0.));
#901 = ( GEOMETRIC_REPRESENTATION_CONTEXT(2) 
PARAMETRIC_REPRESENTATION_CONTEXT() REPRESENTATION_CONTEXT('2D SPACE',''
  ) );
#902 = FACE_BOUND('',#903,.F.);
#903 = EDGE_LOOP('',(#904));
#904 = ORIENTED_EDGE('',*,*,#905,.F.);
#905 = EDGE_CURVE('',#906,#906,#908,.T.);
#906 = VERTEX_POINT('',#907);
#907 = CARTESIAN_POINT('',(-3.31,5.75,1.6));
#908 = SURFACE_CURVE('',#909,(#914,#925),.PCURVE_S1.);
#909 = CIRCLE('',#910,0.5);
#910 = AXIS2_PLACEMENT_3D('',#911,#912,#913);
#911 = CARTESIAN_POINT('',(-3.81,5.75,1.6));
#912 = DIRECTION('',(0.,0.,-1.));
#913 = DIRECTION('',(1.,-0.,-0.));
#914 = PCURVE('',#186,#915);
#915 = DEFINITIONAL_REPRESENTATION('',(#916),#924);
#916 = ( BOUNDED_CURVE() B_SPLINE_CURVE(2,(#917,#918,#919,#920,#921,#922
,#923),.UNSPECIFIED.,.T.,.F.) B_SPLINE_CURVE_WITH_KNOTS((1,2,2,2,2,1),(
    -2.094395102393,0.,2.094395102393,4.188790204786,6.28318530718,
8.377580409573),.UNSPECIFIED.) CURVE() GEOMETRIC_REPRESENTATION_ITEM() 
RATIONAL_B_SPLINE_CURVE((1.,0.5,1.,0.5,1.,0.5,1.)) REPRESENTATION_ITEM(
  '') );
#917 = CARTESIAN_POINT('',(3.31,-5.75));
#918 = CARTESIAN_POINT('',(3.31,-4.883974596216));
#919 = CARTESIAN_POINT('',(4.06,-5.316987298108));
#920 = CARTESIAN_POINT('',(4.81,-5.75));
#921 = CARTESIAN_POINT('',(4.06,-6.183012701892));
#922 = CARTESIAN_POINT('',(3.31,-6.616025403784));
#923 = CARTESIAN_POINT('',(3.31,-5.75));
#924 = ( GEOMETRIC_REPRESENTATION_CONTEXT(2) 
PARAMETRIC_REPRESENTATION_CONTEXT() REPRESENTATION_CONTEXT('2D SPACE',''
  ) );
#925 = PCURVE('',#484,#926);
#926 = DEFINITIONAL_REPRESENTATION('',(#927),#931);
#927 = LINE('',#928,#929);
#928 = CARTESIAN_POINT('',(0.,-1.6));
#929 = VECTOR('',#930,1.);
#930 = DIRECTION('',(1.,0.));
#931 = ( GEOMETRIC_REPRESENTATION_CONTEXT(2) 
PARAMETRIC_REPRESENTATION_CONTEXT() REPRESENTATION_CONTEXT('2D SPACE',''
  ) );
#932 = FACE_BOUND('',#933,.F.);
#933 = EDGE_LOOP('',(#934));
#934 = ORIENTED_EDGE('',*,*,#935,.F.);
#935 = EDGE_CURVE('',#936,#936,#938,.T.);
#936 = VERTEX_POINT('',#937);
#937 = CARTESIAN_POINT('',(-0.77,5.75,1.6));
#938 = SURFACE_CURVE('',#939,(#944,#955),.PCURVE_S1.);
#939 = CIRCLE('',#940,0.5);
#940 = AXIS2_PLACEMENT_3D('',#941,#942,#943);
#941 = CARTESIAN_POINT('',(-1.27,5.75,1.6));
#942 = DIRECTION('',(0.,0.,-1.));
#943 = DIRECTION('',(1.,-0.,-0.));
#944 = PCURVE('',#186,#945);
#945 = DEFINITIONAL_REPRESENTATION('',(#946),#954);
#946 = ( BOUNDED_CURVE() B_SPLINE_CURVE(2,(#947,#948,#949,#950,#951,#952
,#953),.UNSPECIFIED.,.T.,.F.) B_SPLINE_CURVE_WITH_KNOTS((1,2,2,2,2,1),(
    -2.094395102393,0.,2.094395102393,4.188790204786,6.28318530718,
8.377580409573),.UNSPECIFIED.) CURVE() GEOMETRIC_REPRESENTATION_ITEM() 
RATIONAL_B_SPLINE_CURVE((1.,0.5,1.,0.5,1.,0.5,1.)) REPRESENTATION_ITEM(
  '') );
#947 = CARTESIAN_POINT('',(0.77,-5.75));
#948 = CARTESIAN_POINT('',(0.77,-4.883974596216));
#949 = CARTESIAN_POINT('',(1.52,-5.316987298108));
#950 = CARTESIAN_POINT('',(2.27,-5.75));
#951 = CARTESIAN_POINT('',(1.52,-6.183012701892));
#952 = CARTESIAN_POINT('',(0.77,-6.616025403784));
#953 = CARTESIAN_POINT('',(0.77,-5.75));
#954 = ( GEOMETRIC_REPRESENTATION_CONTEXT(2) 
PARAMETRIC_REPRESENTATION_CONTEXT() REPRESENTATION_CONTEXT('2D SPACE',''
  ) );
#955 = PCURVE('',#519,#956);
#956 = DEFINITIONAL_REPRESENTATION('',(#957),#961);
#957 = LINE('',#958,#959);
#958 = CARTESIAN_POINT('',(0.,-1.6));
#959 = VECTOR('',#960,1.);
#960 = DIRECTION('',(1.,0.));
#961 = ( GEOMETRIC_REPRESENTATION_CONTEXT(2) 
PARAMETRIC_REPRESENTATION_CONTEXT() REPRESENTATION_CONTEXT('2D SPACE',''
  ) );
#962 = FACE_BOUND('',#963,.F.);
#963 = EDGE_LOOP('',(#964));
#964 = ORIENTED_EDGE('',*,*,#965,.F.);
#965 = EDGE_CURVE('',#966,#966,#968,.T.);
#966 = VERTEX_POINT('',#967);
#967 = CARTESIAN_POINT('',(1.77,5.75,1.6));
#968 = SURFACE_CURVE('',#969,(#974,#985),.PCURVE_S1.);
#969 = CIRCLE('',#970,0.5);
#970 = AXIS2_PLACEMENT_3D('',#971,#972,#973);
#971 = CARTESIAN_POINT('',(1.27,5.75,1.6));
#972 = DIRECTION('',(0.,0.,-1.));
#973 = DIRECTION('',(1.,-0.,-0.));
#974 = PCURVE('',#186,#975);
#975 = DEFINITIONAL_REPRESENTATION('',(#976),#984);
#976 = ( BOUNDED_CURVE() B_SPLINE_CURVE(2,(#977,#978,#979,#980,#981,#982
,#983),.UNSPECIFIED.,.T.,.F.) B_SPLINE_CURVE_WITH_KNOTS((1,2,2,2,2,1),(
    -2.094395102393,0.,2.094395102393,4.188790204786,6.28318530718,
8.377580409573),.UNSPECIFIED.) CURVE() GEOMETRIC_REPRESENTATION_ITEM() 
RATIONAL_B_SPLINE_CURVE((1.,0.5,1.,0.5,1.,0.5,1.)) REPRESENTATION_ITEM(
  '') );
#977 = CARTESIAN_POINT('',(-1.77,-5.75));
#978 = CARTESIAN_POINT('',(-1.77,-4.883974596216));
#979 = CARTESIAN_POINT('',(-1.02,-5.316987298108));
#980 = CARTESIAN_POINT('',(-0.27,-5.75));
#981 = CARTESIAN_POINT('',(-1.02,-6.183012701892));
#982 = CARTESIAN_POINT('',(-1.77,-6.616025403784));
#983 = CARTESIAN_POINT('',(-1.77,-5.75));
#984 = ( GEOMETRIC_REPRESENTATION_CONTEXT(2) 
PARAMETRIC_REPRESENTATION_CONTEXT() REPRESENTATION_CONTEXT('2D SPACE',''
  ) );
#985 = PCURVE('',#554,#986);
#986 = DEFINITIONAL_REPRESENTATION('',(#987),#991);
#987 = LINE('',#988,#989);
#988 = CARTESIAN_POINT('',(0.,-1.6));
#989 = VECTOR('',#990,1.);
#990 = DIRECTION('',(1.,0.));
#991 = ( GEOMETRIC_REPRESENTATION_CONTEXT(2) 
PARAMETRIC_REPRESENTATION_CONTEXT() REPRESENTATION_CONTEXT('2D SPACE',''
  ) );
#992 = FACE_BOUND('',#993,.F.);
#993 = EDGE_LOOP('',(#994));
#994 = ORIENTED_EDGE('',*,*,#995,.F.);
#995 = EDGE_CURVE('',#996,#996,#998,.T.);
#996 = VERTEX_POINT('',#997);
#997 = CARTESIAN_POINT('',(4.31,5.75,1.6));
#998 = SURFACE_CURVE('',#999,(#1004,#1015),.PCURVE_S1.);
#999 = CIRCLE('',#1000,0.5);
#1000 = AXIS2_PLACEMENT_3D('',#1001,#1002,#1003);
#1001 = CARTESIAN_POINT('',(3.81,5.75,1.6));
#1002 = DIRECTION('',(0.,0.,-1.));
#1003 = DIRECTION('',(1.,-0.,-0.));
#1004 = PCURVE('',#186,#1005);
#1005 = DEFINITIONAL_REPRESENTATION('',(#1006),#1014);
#1006 = ( BOUNDED_CURVE() B_SPLINE_CURVE(2,(#1007,#1008,#1009,#1010,
#1011,#1012,#1013),.UNSPECIFIED.,.T.,.F.) B_SPLINE_CURVE_WITH_KNOTS((1,2
    ,2,2,2,1),(-2.094395102393,0.,2.094395102393,4.188790204786,
6.28318530718,8.377580409573),.UNSPECIFIED.) CURVE() 
GEOMETRIC_REPRESENTATION_ITEM() RATIONAL_B_SPLINE_CURVE((1.,0.5,1.,0.5,
1.,0.5,1.)) REPRESENTATION_ITEM('') );
#1007 = CARTESIAN_POINT('',(-4.31,-5.75));
#1008 = CARTESIAN_POINT('',(-4.31,-4.883974596216));
#1009 = CARTESIAN_POINT('',(-3.56,-5.316987298108));
#1010 = CARTESIAN_POINT('',(-2.81,-5.75));
#1011 = CARTESIAN_POINT('',(-3.56,-6.183012701892));
#1012 = CARTESIAN_POINT('',(-4.31,-6.616025403784));
#1013 = CARTESIAN_POINT('',(-4.31,-5.75));
#1014 = ( GEOMETRIC_REPRESENTATION_CONTEXT(2) 
PARAMETRIC_REPRESENTATION_CONTEXT() REPRESENTATION_CONTEXT('2D SPACE',''
  ) );
#1015 = PCURVE('',#589,#1016);
#1016 = DEFINITIONAL_REPRESENTATION('',(#1017),#1021);
#1017 = LINE('',#1018,#1019);
#1018 = CARTESIAN_POINT('',(0.,-1.6));
#1019 = VECTOR('',#1020,1.);
#1020 = DIRECTION('',(1.,0.));
#1021 = ( GEOMETRIC_REPRESENTATION_CONTEXT(2) 
PARAMETRIC_REPRESENTATION_CONTEXT() REPRESENTATION_CONTEXT('2D SPACE',''
  ) );
#1022 = FACE_BOUND('',#1023,.F.);
#1023 = EDGE_LOOP('',(#1024));
#1024 = ORIENTED_EDGE('',*,*,#1025,.F.);
#1025 = EDGE_CURVE('',#1026,#1026,#1028,.T.);
#1026 = VERTEX_POINT('',#1027);
#1027 = CARTESIAN_POINT('',(6.85,5.75,1.6));
#1028 = SURFACE_CURVE('',#1029,(#1034,#1045),.PCURVE_S1.);
#1029 = CIRCLE('',#1030,0.5);
#1030 = AXIS2_PLACEMENT_3D('',#1031,#1032,#1033);
#1031 = CARTESIAN_POINT('',(6.35,5.75,1.6));
#1032 = DIRECTION('',(0.,0.,-1.));
#1033 = DIRECTION('',(1.,-0.,-0.));
#1034 = PCURVE('',#186,#1035);
#1035 = DEFINITIONAL_REPRESENTATION('',(#1036),#1044);
#1036 = ( BOUNDED_CURVE() B_SPLINE_CURVE(2,(#1037,#1038,#1039,#1040,
#1041,#1042,#1043),.UNSPECIFIED.,.T.,.F.) B_SPLINE_CURVE_WITH_KNOTS((1,2
    ,2,2,2,1),(-2.094395102393,0.,2.094395102393,4.188790204786,
6.28318530718,8.377580409573),.UNSPECIFIED.) CURVE() 
GEOMETRIC_REPRESENTATION_ITEM() RATIONAL_B_SPLINE_CURVE((1.,0.5,1.,0.5,
1.,0.5,1.)) REPRESENTATION_ITEM('') );
#1037 = CARTESIAN_POINT('',(-6.85,-5.75));
#1038 = CARTESIAN_POINT('',(-6.85,-4.883974596216));
#1039 = CARTESIAN_POINT('',(-6.1,-5.316987298108));
#1040 = CARTESIAN_POINT('',(-5.35,-5.75));
#1041 = CARTESIAN_POINT('',(-6.1,-6.183012701892));
#1042 = CARTESIAN_POINT('',(-6.85,-6.616025403784));
#1043 = CARTESIAN_POINT('',(-6.85,-5.75));
#1044 = ( GEOMETRIC_REPRESENTATION_CONTEXT(2) 
PARAMETRIC_REPRESENTATION_CONTEXT() REPRESENTATION_CONTEXT('2D SPACE',''
  ) );
#1045 = PCURVE('',#624,#1046);
#1046 = DEFINITIONAL_REPRESENTATION('',(#1047),#1051);
#1047 = LINE('',#1048,#1049);
#1048 = CARTESIAN_POINT('',(0.,-1.6));
#1049 = VECTOR('',#1050,1.);
#1050 = DIRECTION('',(1.,0.));
#1051 = ( GEOMETRIC_REPRESENTATION_CONTEXT(2) 
PARAMETRIC_REPRESENTATION_CONTEXT() REPRESENTATION_CONTEXT('2D SPACE',''
  ) );
#1052 = FACE_BOUND('',#1053,.F.);
#1053 = EDGE_LOOP('',(#1054));
#1054 = ORIENTED_EDGE('',*,*,#1055,.F.);
#1055 = EDGE_CURVE('',#1056,#1056,#1058,.T.);
#1056 = VERTEX_POINT('',#1057);
#1057 = CARTESIAN_POINT('',(-5.85,-5.75,1.6));
#1058 = SURFACE_CURVE('',#1059,(#1064,#1075),.PCURVE_S1.);
#1059 = CIRCLE('',#1060,0.5);
#1060 = AXIS2_PLACEMENT_3D('',#1061,#1062,#1063);
#1061 = CARTESIAN_POINT('',(-6.35,-5.75,1.6));
#1062 = DIRECTION('',(0.,0.,-1.));
#1063 = DIRECTION('',(1.,-0.,-0.));
#1064 = PCURVE('',#186,#1065);
#1065 = DEFINITIONAL_REPRESENTATION('',(#1066),#1074);
#1066 = ( BOUNDED_CURVE() B_SPLINE_CURVE(2,(#1067,#1068,#1069,#1070,
#1071,#1072,#1073),.UNSPECIFIED.,.T.,.F.) B_SPLINE_CURVE_WITH_KNOTS((1,2
    ,2,2,2,1),(-2.094395102393,0.,2.094395102393,4.188790204786,
6.28318530718,8.377580409573),.UNSPECIFIED.) CURVE() 
GEOMETRIC_REPRESENTATION_ITEM() RATIONAL_B_SPLINE_CURVE((1.,0.5,1.,0.5,
1.,0.5,1.)) REPRESENTATION_ITEM('') );
#1067 = CARTESIAN_POINT('',(5.85,5.75));
#1068 = CARTESIAN_POINT('',(5.85,6.616025403784));
#1069 = CARTESIAN_POINT('',(6.6,6.183012701892));
#1070 = CARTESIAN_POINT('',(7.35,5.75));
#1071 = CARTESIAN_POINT('',(6.6,5.316987298108));
#1072 = CARTESIAN_POINT('',(5.85,4.883974596216));
#1073 = CARTESIAN_POINT('',(5.85,5.75));
#1074 = ( GEOMETRIC_REPRESENTATION_CONTEXT(2) 
PARAMETRIC_REPRESENTATION_CONTEXT() REPRESENTATION_CONTEXT('2D SPACE',''
  ) );
#1075 = PCURVE('',#659,#1076);
#1076 = DEFINITIONAL_REPRESENTATION('',(#1077),#1081);
#1077 = LINE('',#1078,#1079);
#1078 = CARTESIAN_POINT('',(0.,-1.6));
#1079 = VECTOR('',#1080,1.);
#1080 = DIRECTION('',(1.,0.));
#1081 = ( GEOMETRIC_REPRESENTATION_CONTEXT(2) 
PARAMETRIC_REPRESENTATION_CONTEXT() REPRESENTATION_CONTEXT('2D SPACE',''
  ) );
#1082 = FACE_BOUND('',#1083,.F.);
#1083 = EDGE_LOOP('',(#1084));
#1084 = ORIENTED_EDGE('',*,*,#1085,.F.);
#1085 = EDGE_CURVE('',#1086,#1086,#1088,.T.);
#1086 = VERTEX_POINT('',#1087);
#1087 = CARTESIAN_POINT('',(-3.31,-5.75,1.6));
#1088 = SURFACE_CURVE('',#1089,(#1094,#1105),.PCURVE_S1.);
#1089 = CIRCLE('',#1090,0.5);
#1090 = AXIS2_PLACEMENT_3D('',#1091,#1092,#1093);
#1091 = CARTESIAN_POINT('',(-3.81,-5.75,1.6));
#1092 = DIRECTION('',(0.,0.,-1.));
#1093 = DIRECTION('',(1.,-0.,-0.));
#1094 = PCURVE('',#186,#1095);
#1095 = DEFINITIONAL_REPRESENTATION('',(#1096),#1104);
#1096 = ( BOUNDED_CURVE() B_SPLINE_CURVE(2,(#1097,#1098,#1099,#1100,
#1101,#1102,#1103),.UNSPECIFIED.,.T.,.F.) B_SPLINE_CURVE_WITH_KNOTS((1,2
    ,2,2,2,1),(-2.094395102393,0.,2.094395102393,4.188790204786,
6.28318530718,8.377580409573),.UNSPECIFIED.) CURVE() 
GEOMETRIC_REPRESENTATION_ITEM() RATIONAL_B_SPLINE_CURVE((1.,0.5,1.,0.5,
1.,0.5,1.)) REPRESENTATION_ITEM('') );
#1097 = CARTESIAN_POINT('',(3.31,5.75));
#1098 = CARTESIAN_POINT('',(3.31,6.616025403784));
#1099 = CARTESIAN_POINT('',(4.06,6.183012701892));
#1100 = CARTESIAN_POINT('',(4.81,5.75));
#1101 = CARTESIAN_POINT('',(4.06,5.316987298108));
#1102 = CARTESIAN_POINT('',(3.31,4.883974596216));
#1103 = CARTESIAN_POINT('',(3.31,5.75));
#1104 = ( GEOMETRIC_REPRESENTATION_CONTEXT(2) 
PARAMETRIC_REPRESENTATION_CONTEXT() REPRESENTATION_CONTEXT('2D SPACE',''
  ) );
#1105 = PCURVE('',#694,#1106);
#1106 = DEFINITIONAL_REPRESENTATION('',(#1107),#1111);
#1107 = LINE('',#1108,#1109);
#1108 = CARTESIAN_POINT('',(0.,-1.6));
#1109 = VECTOR('',#1110,1.);
#1110 = DIRECTION('',(1.,0.));
#1111 = ( GEOMETRIC_REPRESENTATION_CONTEXT(2) 
PARAMETRIC_REPRESENTATION_CONTEXT() REPRESENTATION_CONTEXT('2D SPACE',''
  ) );
#1112 = FACE_BOUND('',#1113,.F.);
#1113 = EDGE_LOOP('',(#1114));
#1114 = ORIENTED_EDGE('',*,*,#1115,.F.);
#1115 = EDGE_CURVE('',#1116,#1116,#1118,.T.);
#1116 = VERTEX_POINT('',#1117);
#1117 = CARTESIAN_POINT('',(-0.77,-5.75,1.6));
#1118 = SURFACE_CURVE('',#1119,(#1124,#1135),.PCURVE_S1.);
#1119 = CIRCLE('',#1120,0.5);
#1120 = AXIS2_PLACEMENT_3D('',#1121,#1122,#1123);
#1121 = CARTESIAN_POINT('',(-1.27,-5.75,1.6));
#1122 = DIRECTION('',(0.,0.,-1.));
#1123 = DIRECTION('',(1.,-0.,-0.));
#1124 = PCURVE('',#186,#1125);
#1125 = DEFINITIONAL_REPRESENTATION('',(#1126),#1134);
#1126 = ( BOUNDED_CURVE() B_SPLINE_CURVE(2,(#1127,#1128,#1129,#1130,
#1131,#1132,#1133),.UNSPECIFIED.,.T.,.F.) B_SPLINE_CURVE_WITH_KNOTS((1,2
    ,2,2,2,1),(-2.094395102393,0.,2.094395102393,4.188790204786,
6.28318530718,8.377580409573),.UNSPECIFIED.) CURVE() 
GEOMETRIC_REPRESENTATION_ITEM() RATIONAL_B_SPLINE_CURVE((1.,0.5,1.,0.5,
1.,0.5,1.)) REPRESENTATION_ITEM('') );
#1127 = CARTESIAN_POINT('',(0.77,5.75));
#1128 = CARTESIAN_POINT('',(0.77,6.616025403784));
#1129 = CARTESIAN_POINT('',(1.52,6.183012701892));
#1130 = CARTESIAN_POINT('',(2.27,5.75));
#1131 = CARTESIAN_POINT('',(1.52,5.316987298108));
#1132 = CARTESIAN_POINT('',(0.77,4.883974596216));
#1133 = CARTESIAN_POINT('',(0.77,5.75));
#1134 = ( GEOMETRIC_REPRESENTATION_CONTEXT(2) 
PARAMETRIC_REPRESENTATION_CONTEXT() REPRESENTATION_CONTEXT('2D SPACE',''
  ) );
#1135 = PCURVE('',#729,#1136);
#1136 = DEFINITIONAL_REPRESENTATION('',(#1137),#1141);
#1137 = LINE('',#1138,#1139);
#1138 = CARTESIAN_POINT('',(0.,-1.6));
#1139 = VECTOR('',#1140,1.);
#1140 = DIRECTION('',(1.,0.));
#1141 = ( GEOMETRIC_REPRESENTATION_CONTEXT(2) 
PARAMETRIC_REPRESENTATION_CONTEXT() REPRESENTATION_CONTEXT('2D SPACE',''
  ) );
#1142 = FACE_BOUND('',#1143,.F.);
#1143 = EDGE_LOOP('',(#1144));
#1144 = ORIENTED_EDGE('',*,*,#1145,.F.);
#1145 = EDGE_CURVE('',#1146,#1146,#1148,.T.);
#1146 = VERTEX_POINT('',#1147);
#1147 = CARTESIAN_POINT('',(1.77,-5.75,1.6));
#1148 = SURFACE_CURVE('',#1149,(#1154,#1165),.PCURVE_S1.);
#1149 = CIRCLE('',#1150,0.5);
#1150 = AXIS2_PLACEMENT_3D('',#1151,#1152,#1153);
#1151 = CARTESIAN_POINT('',(1.27,-5.75,1.6));
#1152 = DIRECTION('',(0.,0.,-1.));
#1153 = DIRECTION('',(1.,-0.,-0.));
#1154 = PCURVE('',#186,#1155);
#1155 = DEFINITIONAL_REPRESENTATION('',(#1156),#1164);
#1156 = ( BOUNDED_CURVE() B_SPLINE_CURVE(2,(#1157,#1158,#1159,#1160,
#1161,#1162,#1163),.UNSPECIFIED.,.T.,.F.) B_SPLINE_CURVE_WITH_KNOTS((1,2
    ,2,2,2,1),(-2.094395102393,0.,2.094395102393,4.188790204786,
6.28318530718,8.377580409573),.UNSPECIFIED.) CURVE() 
GEOMETRIC_REPRESENTATION_ITEM() RATIONAL_B_SPLINE_CURVE((1.,0.5,1.,0.5,
1.,0.5,1.)) REPRESENTATION_ITEM('') );
#1157 = CARTESIAN_POINT('',(-1.77,5.75));
#1158 = CARTESIAN_POINT('',(-1.77,6.616025403784));
#1159 = CARTESIAN_POINT('',(-1.02,6.183012701892));
#1160 = CARTESIAN_POINT('',(-0.27,5.75));
#1161 = CARTESIAN_POINT('',(-1.02,5.316987298108));
#1162 = CARTESIAN_POINT('',(-1.77,4.883974596216));
#1163 = CARTESIAN_POINT('',(-1.77,5.75));
#1164 = ( GEOMETRIC_REPRESENTATION_CONTEXT(2) 
PARAMETRIC_REPRESENTATION_CONTEXT() REPRESENTATION_CONTEXT('2D SPACE',''
  ) );
#1165 = PCURVE('',#764,#1166);
#1166 = DEFINITIONAL_REPRESENTATION('',(#1167),#1171);
#1167 = LINE('',#1168,#1169);
#1168 = CARTESIAN_POINT('',(0.,-1.6));
#1169 = VECTOR('',#1170,1.);
#1170 = DIRECTION('',(1.,0.));
#1171 = ( GEOMETRIC_REPRESENTATION_CONTEXT(2) 
PARAMETRIC_REPRESENTATION_CONTEXT() REPRESENTATION_CONTEXT('2D SPACE',''
  ) );
#1172 = FACE_BOUND('',#1173,.F.);
#1173 = EDGE_LOOP('',(#1174));
#1174 = ORIENTED_EDGE('',*,*,#1175,.F.);
#1175 = EDGE_CURVE('',#1176,#1176,#1178,.T.);
#1176 = VERTEX_POINT('',#1177);
#1177 = CARTESIAN_POINT('',(4.31,-5.75,1.6));
#1178 = SURFACE_CURVE('',#1179,(#1184,#1195),.PCURVE_S1.);
#1179 = CIRCLE('',#1180,0.5);
#1180 = AXIS2_PLACEMENT_3D('',#1181,#1182,#1183);
#1181 = CARTESIAN_POINT('',(3.81,-5.75,1.6));
#1182 = DIRECTION('',(0.,0.,-1.));
#1183 = DIRECTION('',(1.,-0.,-0.));
#1184 = PCURVE('',#186,#1185);
#1185 = DEFINITIONAL_REPRESENTATION('',(#1186),#1194);
#1186 = ( BOUNDED_CURVE() B_SPLINE_CURVE(2,(#1187,#1188,#1189,#1190,
#1191,#1192,#1193),.UNSPECIFIED.,.T.,.F.) B_SPLINE_CURVE_WITH_KNOTS((1,2
    ,2,2,2,1),(-2.094395102393,0.,2.094395102393,4.188790204786,
6.28318530718,8.377580409573),.UNSPECIFIED.) CURVE() 
GEOMETRIC_REPRESENTATION_ITEM() RATIONAL_B_SPLINE_CURVE((1.,0.5,1.,0.5,
1.,0.5,1.)) REPRESENTATION_ITEM('') );
#1187 = CARTESIAN_POINT('',(-4.31,5.75));
#1188 = CARTESIAN_POINT('',(-4.31,6.616025403784));
#1189 = CARTESIAN_POINT('',(-3.56,6.183012701892));
#1190 = CARTESIAN_POINT('',(-2.81,5.75));
#1191 = CARTESIAN_POINT('',(-3.56,5.316987298108));
#1192 = CARTESIAN_POINT('',(-4.31,4.883974596216));
#1193 = CARTESIAN_POINT('',(-4.31,5.75));
#1194 = ( GEOMETRIC_REPRESENTATION_CONTEXT(2) 
PARAMETRIC_REPRESENTATION_CONTEXT() REPRESENTATION_CONTEXT('2D SPACE',''
  ) );
#1195 = PCURVE('',#799,#1196);
#1196 = DEFINITIONAL_REPRESENTATION('',(#1197),#1201);
#1197 = LINE('',#1198,#1199);
#1198 = CARTESIAN_POINT('',(0.,-1.6));
#1199 = VECTOR('',#1200,1.);
#1200 = DIRECTION('',(1.,0.));
#1201 = ( GEOMETRIC_REPRESENTATION_CONTEXT(2) 
PARAMETRIC_REPRESENTATION_CONTEXT() REPRESENTATION_CONTEXT('2D SPACE',''
  ) );
#1202 = FACE_BOUND('',#1203,.F.);
#1203 = EDGE_LOOP('',(#1204));
#1204 = ORIENTED_EDGE('',*,*,#1205,.F.);
#1205 = EDGE_CURVE('',#1206,#1206,#1208,.T.);
#1206 = VERTEX_POINT('',#1207);
#1207 = CARTESIAN_POINT('',(6.85,-5.75,1.6));
#1208 = SURFACE_CURVE('',#1209,(#1214,#1225),.PCURVE_S1.);
#1209 = CIRCLE('',#1210,0.5);
#1210 = AXIS2_PLACEMENT_3D('',#1211,#1212,#1213);
#1211 = CARTESIAN_POINT('',(6.35,-5.75,1.6));
#1212 = DIRECTION('',(0.,0.,-1.));
#1213 = DIRECTION('',(1.,-0.,-0.));
#1214 = PCURVE('',#186,#1215);
#1215 = DEFINITIONAL_REPRESENTATION('',(#1216),#1224);
#1216 = ( BOUNDED_CURVE() B_SPLINE_CURVE(2,(#1217,#1218,#1219,#1220,
#1221,#1222,#1223),.UNSPECIFIED.,.T.,.F.) B_SPLINE_CURVE_WITH_KNOTS((1,2
    ,2,2,2,1),(-2.094395102393,0.,2.094395102393,4.188790204786,
6.28318530718,8.377580409573),.UNSPECIFIED.) CURVE() 
GEOMETRIC_REPRESENTATION_ITEM() RATIONAL_B_SPLINE_CURVE((1.,0.5,1.,0.5,
1.,0.5,1.)) REPRESENTATION_ITEM('') );
#1217 = CARTESIAN_POINT('',(-6.85,5.75));
#1218 = CARTESIAN_POINT('',(-6.85,6.616025403784));
#1219 = CARTESIAN_POINT('',(-6.1,6.183012701892));
#1220 = CARTESIAN_POINT('',(-5.35,5.75));
#1221 = CARTESIAN_POINT('',(-6.1,5.316987298108));
#1222 = CARTESIAN_POINT('',(-6.85,4.883974596216));
#1223 = CARTESIAN_POINT('',(-6.85,5.75));
#1224 = ( GEOMETRIC_REPRESENTATION_CONTEXT(2) 
PARAMETRIC_REPRESENTATION_CONTEXT() REPRESENTATION_CONTEXT('2D SPACE',''
  ) );
#1225 = PCURVE('',#834,#1226);
#1226 = DEFINITIONAL_REPRESENTATION('',(#1227),#1231);
#1227 = LINE('',#1228,#1229);
#1228 = CARTESIAN_POINT('',(0.,-1.6));
#1229 = VECTOR('',#1230,1.);
#1230 = DIRECTION('',(1.,0.));
#1231 = ( GEOMETRIC_REPRESENTATION_CONTEXT(2) 
PARAMETRIC_REPRESENTATION_CONTEXT() REPRESENTATION_CONTEXT('2D SPACE',''
  ) );
#1232 = ADVANCED_FACE('',(#1233),#273,.F.);
#1233 = FACE_BOUND('',#1234,.T.);
#1234 = EDGE_LOOP('',(#1235,#1236,#1237,#1238));
#1235 = ORIENTED_EDGE('',*,*,#355,.T.);
#1236 = ORIENTED_EDGE('',*,*,#851,.T.);
#1237 = ORIENTED_EDGE('',*,*,#255,.F.);
#1238 = ORIENTED_EDGE('',*,*,#404,.F.);
#1239 = ADVANCED_FACE('',(#1240),#449,.F.);
#1240 = FACE_BOUND('',#1241,.F.);
#1241 = EDGE_LOOP('',(#1242,#1263,#1264,#1265));
#1242 = ORIENTED_EDGE('',*,*,#1243,.T.);
#1243 = EDGE_CURVE('',#429,#876,#1244,.T.);
#1244 = SEAM_CURVE('',#1245,(#1249,#1256),.PCURVE_S1.);
#1245 = LINE('',#1246,#1247);
#1246 = CARTESIAN_POINT('',(-5.85,5.75,0.));
#1247 = VECTOR('',#1248,1.);
#1248 = DIRECTION('',(-0.,-0.,1.));
#1249 = PCURVE('',#449,#1250);
#1250 = DEFINITIONAL_REPRESENTATION('',(#1251),#1255);
#1251 = LINE('',#1252,#1253);
#1252 = CARTESIAN_POINT('',(0.,0.));
#1253 = VECTOR('',#1254,1.);
#1254 = DIRECTION('',(0.,-1.));
#1255 = ( GEOMETRIC_REPRESENTATION_CONTEXT(2) 
PARAMETRIC_REPRESENTATION_CONTEXT() REPRESENTATION_CONTEXT('2D SPACE',''
  ) );
#1256 = PCURVE('',#449,#1257);
#1257 = DEFINITIONAL_REPRESENTATION('',(#1258),#1262);
#1258 = LINE('',#1259,#1260);
#1259 = CARTESIAN_POINT('',(6.28318530718,0.));
#1260 = VECTOR('',#1261,1.);
#1261 = DIRECTION('',(0.,-1.));
#1262 = ( GEOMETRIC_REPRESENTATION_CONTEXT(2) 
PARAMETRIC_REPRESENTATION_CONTEXT() REPRESENTATION_CONTEXT('2D SPACE',''
  ) );
#1263 = ORIENTED_EDGE('',*,*,#875,.T.);
#1264 = ORIENTED_EDGE('',*,*,#1243,.F.);
#1265 = ORIENTED_EDGE('',*,*,#428,.F.);
#1266 = ADVANCED_FACE('',(#1267),#484,.F.);
#1267 = FACE_BOUND('',#1268,.F.);
#1268 = EDGE_LOOP('',(#1269,#1290,#1291,#1292));
#1269 = ORIENTED_EDGE('',*,*,#1270,.T.);
#1270 = EDGE_CURVE('',#464,#906,#1271,.T.);
#1271 = SEAM_CURVE('',#1272,(#1276,#1283),.PCURVE_S1.);
#1272 = LINE('',#1273,#1274);
#1273 = CARTESIAN_POINT('',(-3.31,5.75,0.));
#1274 = VECTOR('',#1275,1.);
#1275 = DIRECTION('',(-0.,-0.,1.));
#1276 = PCURVE('',#484,#1277);
#1277 = DEFINITIONAL_REPRESENTATION('',(#1278),#1282);
#1278 = LINE('',#1279,#1280);
#1279 = CARTESIAN_POINT('',(0.,0.));
#1280 = VECTOR('',#1281,1.);
#1281 = DIRECTION('',(0.,-1.));
#1282 = ( GEOMETRIC_REPRESENTATION_CONTEXT(2) 
PARAMETRIC_REPRESENTATION_CONTEXT() REPRESENTATION_CONTEXT('2D SPACE',''
  ) );
#1283 = PCURVE('',#484,#1284);
#1284 = DEFINITIONAL_REPRESENTATION('',(#1285),#1289);
#1285 = LINE('',#1286,#1287);
#1286 = CARTESIAN_POINT('',(6.28318530718,0.));
#1287 = VECTOR('',#1288,1.);
#1288 = DIRECTION('',(0.,-1.));
#1289 = ( GEOMETRIC_REPRESENTATION_CONTEXT(2) 
PARAMETRIC_REPRESENTATION_CONTEXT() REPRESENTATION_CONTEXT('2D SPACE',''
  ) );
#1290 = ORIENTED_EDGE('',*,*,#905,.T.);
#1291 = ORIENTED_EDGE('',*,*,#1270,.F.);
#1292 = ORIENTED_EDGE('',*,*,#463,.F.);
#1293 = ADVANCED_FACE('',(#1294),#519,.F.);
#1294 = FACE_BOUND('',#1295,.F.);
#1295 = EDGE_LOOP('',(#1296,#1317,#1318,#1319));
#1296 = ORIENTED_EDGE('',*,*,#1297,.T.);
#1297 = EDGE_CURVE('',#499,#936,#1298,.T.);
#1298 = SEAM_CURVE('',#1299,(#1303,#1310),.PCURVE_S1.);
#1299 = LINE('',#1300,#1301);
#1300 = CARTESIAN_POINT('',(-0.77,5.75,0.));
#1301 = VECTOR('',#1302,1.);
#1302 = DIRECTION('',(-0.,-0.,1.));
#1303 = PCURVE('',#519,#1304);
#1304 = DEFINITIONAL_REPRESENTATION('',(#1305),#1309);
#1305 = LINE('',#1306,#1307);
#1306 = CARTESIAN_POINT('',(0.,0.));
#1307 = VECTOR('',#1308,1.);
#1308 = DIRECTION('',(0.,-1.));
#1309 = ( GEOMETRIC_REPRESENTATION_CONTEXT(2) 
PARAMETRIC_REPRESENTATION_CONTEXT() REPRESENTATION_CONTEXT('2D SPACE',''
  ) );
#1310 = PCURVE('',#519,#1311);
#1311 = DEFINITIONAL_REPRESENTATION('',(#1312),#1316);
#1312 = LINE('',#1313,#1314);
#1313 = CARTESIAN_POINT('',(6.28318530718,0.));
#1314 = VECTOR('',#1315,1.);
#1315 = DIRECTION('',(0.,-1.));
#1316 = ( GEOMETRIC_REPRESENTATION_CONTEXT(2) 
PARAMETRIC_REPRESENTATION_CONTEXT() REPRESENTATION_CONTEXT('2D SPACE',''
  ) );
#1317 = ORIENTED_EDGE('',*,*,#935,.T.);
#1318 = ORIENTED_EDGE('',*,*,#1297,.F.);
#1319 = ORIENTED_EDGE('',*,*,#498,.F.);
#1320 = ADVANCED_FACE('',(#1321),#554,.F.);
#1321 = FACE_BOUND('',#1322,.F.);
#1322 = EDGE_LOOP('',(#1323,#1344,#1345,#1346));
#1323 = ORIENTED_EDGE('',*,*,#1324,.T.);
#1324 = EDGE_CURVE('',#534,#966,#1325,.T.);
#1325 = SEAM_CURVE('',#1326,(#1330,#1337),.PCURVE_S1.);
#1326 = LINE('',#1327,#1328);
#1327 = CARTESIAN_POINT('',(1.77,5.75,0.));
#1328 = VECTOR('',#1329,1.);
#1329 = DIRECTION('',(-0.,-0.,1.));
#1330 = PCURVE('',#554,#1331);
#1331 = DEFINITIONAL_REPRESENTATION('',(#1332),#1336);
#1332 = LINE('',#1333,#1334);
#1333 = CARTESIAN_POINT('',(0.,0.));
#1334 = VECTOR('',#1335,1.);
#1335 = DIRECTION('',(0.,-1.));
#1336 = ( GEOMETRIC_REPRESENTATION_CONTEXT(2) 
PARAMETRIC_REPRESENTATION_CONTEXT() REPRESENTATION_CONTEXT('2D SPACE',''
  ) );
#1337 = PCURVE('',#554,#1338);
#1338 = DEFINITIONAL_REPRESENTATION('',(#1339),#1343);
#1339 = LINE('',#1340,#1341);
#1340 = CARTESIAN_POINT('',(6.28318530718,0.));
#1341 = VECTOR('',#1342,1.);
#1342 = DIRECTION('',(0.,-1.));
#1343 = ( GEOMETRIC_REPRESENTATION_CONTEXT(2) 
PARAMETRIC_REPRESENTATION_CONTEXT() REPRESENTATION_CONTEXT('2D SPACE',''
  ) );
#1344 = ORIENTED_EDGE('',*,*,#965,.T.);
#1345 = ORIENTED_EDGE('',*,*,#1324,.F.);
#1346 = ORIENTED_EDGE('',*,*,#533,.F.);
#1347 = ADVANCED_FACE('',(#1348),#589,.F.);
#1348 = FACE_BOUND('',#1349,.F.);
#1349 = EDGE_LOOP('',(#1350,#1371,#1372,#1373));
#1350 = ORIENTED_EDGE('',*,*,#1351,.T.);
#1351 = EDGE_CURVE('',#569,#996,#1352,.T.);
#1352 = SEAM_CURVE('',#1353,(#1357,#1364),.PCURVE_S1.);
#1353 = LINE('',#1354,#1355);
#1354 = CARTESIAN_POINT('',(4.31,5.75,0.));
#1355 = VECTOR('',#1356,1.);
#1356 = DIRECTION('',(-0.,-0.,1.));
#1357 = PCURVE('',#589,#1358);
#1358 = DEFINITIONAL_REPRESENTATION('',(#1359),#1363);
#1359 = LINE('',#1360,#1361);
#1360 = CARTESIAN_POINT('',(0.,0.));
#1361 = VECTOR('',#1362,1.);
#1362 = DIRECTION('',(0.,-1.));
#1363 = ( GEOMETRIC_REPRESENTATION_CONTEXT(2) 
PARAMETRIC_REPRESENTATION_CONTEXT() REPRESENTATION_CONTEXT('2D SPACE',''
  ) );
#1364 = PCURVE('',#589,#1365);
#1365 = DEFINITIONAL_REPRESENTATION('',(#1366),#1370);
#1366 = LINE('',#1367,#1368);
#1367 = CARTESIAN_POINT('',(6.28318530718,0.));
#1368 = VECTOR('',#1369,1.);
#1369 = DIRECTION('',(0.,-1.));
#1370 = ( GEOMETRIC_REPRESENTATION_CONTEXT(2) 
PARAMETRIC_REPRESENTATION_CONTEXT() REPRESENTATION_CONTEXT('2D SPACE',''
  ) );
#1371 = ORIENTED_EDGE('',*,*,#995,.T.);
#1372 = ORIENTED_EDGE('',*,*,#1351,.F.);
#1373 = ORIENTED_EDGE('',*,*,#568,.F.);
#1374 = ADVANCED_FACE('',(#1375),#624,.F.);
#1375 = FACE_BOUND('',#1376,.F.);
#1376 = EDGE_LOOP('',(#1377,#1398,#1399,#1400));
#1377 = ORIENTED_EDGE('',*,*,#1378,.T.);
#1378 = EDGE_CURVE('',#604,#1026,#1379,.T.);
#1379 = SEAM_CURVE('',#1380,(#1384,#1391),.PCURVE_S1.);
#1380 = LINE('',#1381,#1382);
#1381 = CARTESIAN_POINT('',(6.85,5.75,0.));
#1382 = VECTOR('',#1383,1.);
#1383 = DIRECTION('',(-0.,-0.,1.));
#1384 = PCURVE('',#624,#1385);
#1385 = DEFINITIONAL_REPRESENTATION('',(#1386),#1390);
#1386 = LINE('',#1387,#1388);
#1387 = CARTESIAN_POINT('',(0.,0.));
#1388 = VECTOR('',#1389,1.);
#1389 = DIRECTION('',(0.,-1.));
#1390 = ( GEOMETRIC_REPRESENTATION_CONTEXT(2) 
PARAMETRIC_REPRESENTATION_CONTEXT() REPRESENTATION_CONTEXT('2D SPACE',''
  ) );
#1391 = PCURVE('',#624,#1392);
#1392 = DEFINITIONAL_REPRESENTATION('',(#1393),#1397);
#1393 = LINE('',#1394,#1395);
#1394 = CARTESIAN_POINT('',(6.28318530718,0.));
#1395 = VECTOR('',#1396,1.);
#1396 = DIRECTION('',(0.,-1.));
#1397 = ( GEOMETRIC_REPRESENTATION_CONTEXT(2) 
PARAMETRIC_REPRESENTATION_CONTEXT() REPRESENTATION_CONTEXT('2D SPACE',''
  ) );
#1398 = ORIENTED_EDGE('',*,*,#1025,.T.);
#1399 = ORIENTED_EDGE('',*,*,#1378,.F.);
#1400 = ORIENTED_EDGE('',*,*,#603,.F.);
#1401 = ADVANCED_FACE('',(#1402),#659,.F.);
#1402 = FACE_BOUND('',#1403,.F.);
#1403 = EDGE_LOOP('',(#1404,#1425,#1426,#1427));
#1404 = ORIENTED_EDGE('',*,*,#1405,.T.);
#1405 = EDGE_CURVE('',#639,#1056,#1406,.T.);
#1406 = SEAM_CURVE('',#1407,(#1411,#1418),.PCURVE_S1.);
#1407 = LINE('',#1408,#1409);
#1408 = CARTESIAN_POINT('',(-5.85,-5.75,0.));
#1409 = VECTOR('',#1410,1.);
#1410 = DIRECTION('',(-0.,-0.,1.));
#1411 = PCURVE('',#659,#1412);
#1412 = DEFINITIONAL_REPRESENTATION('',(#1413),#1417);
#1413 = LINE('',#1414,#1415);
#1414 = CARTESIAN_POINT('',(0.,0.));
#1415 = VECTOR('',#1416,1.);
#1416 = DIRECTION('',(0.,-1.));
#1417 = ( GEOMETRIC_REPRESENTATION_CONTEXT(2) 
PARAMETRIC_REPRESENTATION_CONTEXT() REPRESENTATION_CONTEXT('2D SPACE',''
  ) );
#1418 = PCURVE('',#659,#1419);
#1419 = DEFINITIONAL_REPRESENTATION('',(#1420),#1424);
#1420 = LINE('',#1421,#1422);
#1421 = CARTESIAN_POINT('',(6.28318530718,0.));
#1422 = VECTOR('',#1423,1.);
#1423 = DIRECTION('',(0.,-1.));
#1424 = ( GEOMETRIC_REPRESENTATION_CONTEXT(2) 
PARAMETRIC_REPRESENTATION_CONTEXT() REPRESENTATION_CONTEXT('2D SPACE',''
  ) );
#1425 = ORIENTED_EDGE('',*,*,#1055,.T.);
#1426 = ORIENTED_EDGE('',*,*,#1405,.F.);
#1427 = ORIENTED_EDGE('',*,*,#638,.F.);
#1428 = ADVANCED_FACE('',(#1429),#694,.F.);
#1429 = FACE_BOUND('',#1430,.F.);
#1430 = EDGE_LOOP('',(#1431,#1452,#1453,#1454));
#1431 = ORIENTED_EDGE('',*,*,#1432,.T.);
#1432 = EDGE_CURVE('',#674,#1086,#1433,.T.);
#1433 = SEAM_CURVE('',#1434,(#1438,#1445),.PCURVE_S1.);
#1434 = LINE('',#1435,#1436);
#1435 = CARTESIAN_POINT('',(-3.31,-5.75,0.));
#1436 = VECTOR('',#1437,1.);
#1437 = DIRECTION('',(-0.,-0.,1.));
#1438 = PCURVE('',#694,#1439);
#1439 = DEFINITIONAL_REPRESENTATION('',(#1440),#1444);
#1440 = LINE('',#1441,#1442);
#1441 = CARTESIAN_POINT('',(0.,0.));
#1442 = VECTOR('',#1443,1.);
#1443 = DIRECTION('',(0.,-1.));
#1444 = ( GEOMETRIC_REPRESENTATION_CONTEXT(2) 
PARAMETRIC_REPRESENTATION_CONTEXT() REPRESENTATION_CONTEXT('2D SPACE',''
  ) );
#1445 = PCURVE('',#694,#1446);
#1446 = DEFINITIONAL_REPRESENTATION('',(#1447),#1451);
#1447 = LINE('',#1448,#1449);
#1448 = CARTESIAN_POINT('',(6.28318530718,0.));
#1449 = VECTOR('',#1450,1.);
#1450 = DIRECTION('',(0.,-1.));
#1451 = ( GEOMETRIC_REPRESENTATION_CONTEXT(2) 
PARAMETRIC_REPRESENTATION_CONTEXT() REPRESENTATION_CONTEXT('2D SPACE',''
  ) );
#1452 = ORIENTED_EDGE('',*,*,#1085,.T.);
#1453 = ORIENTED_EDGE('',*,*,#1432,.F.);
#1454 = ORIENTED_EDGE('',*,*,#673,.F.);
#1455 = ADVANCED_FACE('',(#1456),#729,.F.);
#1456 = FACE_BOUND('',#1457,.F.);
#1457 = EDGE_LOOP('',(#1458,#1479,#1480,#1481));
#1458 = ORIENTED_EDGE('',*,*,#1459,.T.);
#1459 = EDGE_CURVE('',#709,#1116,#1460,.T.);
#1460 = SEAM_CURVE('',#1461,(#1465,#1472),.PCURVE_S1.);
#1461 = LINE('',#1462,#1463);
#1462 = CARTESIAN_POINT('',(-0.77,-5.75,0.));
#1463 = VECTOR('',#1464,1.);
#1464 = DIRECTION('',(-0.,-0.,1.));
#1465 = PCURVE('',#729,#1466);
#1466 = DEFINITIONAL_REPRESENTATION('',(#1467),#1471);
#1467 = LINE('',#1468,#1469);
#1468 = CARTESIAN_POINT('',(0.,0.));
#1469 = VECTOR('',#1470,1.);
#1470 = DIRECTION('',(0.,-1.));
#1471 = ( GEOMETRIC_REPRESENTATION_CONTEXT(2) 
PARAMETRIC_REPRESENTATION_CONTEXT() REPRESENTATION_CONTEXT('2D SPACE',''
  ) );
#1472 = PCURVE('',#729,#1473);
#1473 = DEFINITIONAL_REPRESENTATION('',(#1474),#1478);
#1474 = LINE('',#1475,#1476);
#1475 = CARTESIAN_POINT('',(6.28318530718,0.));
#1476 = VECTOR('',#1477,1.);
#1477 = DIRECTION('',(0.,-1.));
#1478 = ( GEOMETRIC_REPRESENTATION_CONTEXT(2) 
PARAMETRIC_REPRESENTATION_CONTEXT() REPRESENTATION_CONTEXT('2D SPACE',''
  ) );
#1479 = ORIENTED_EDGE('',*,*,#1115,.T.);
#1480 = ORIENTED_EDGE('',*,*,#1459,.F.);
#1481 = ORIENTED_EDGE('',*,*,#708,.F.);
#1482 = ADVANCED_FACE('',(#1483),#764,.F.);
#1483 = FACE_BOUND('',#1484,.F.);
#1484 = EDGE_LOOP('',(#1485,#1506,#1507,#1508));
#1485 = ORIENTED_EDGE('',*,*,#1486,.T.);
#1486 = EDGE_CURVE('',#744,#1146,#1487,.T.);
#1487 = SEAM_CURVE('',#1488,(#1492,#1499),.PCURVE_S1.);
#1488 = LINE('',#1489,#1490);
#1489 = CARTESIAN_POINT('',(1.77,-5.75,0.));
#1490 = VECTOR('',#1491,1.);
#1491 = DIRECTION('',(-0.,-0.,1.));
#1492 = PCURVE('',#764,#1493);
#1493 = DEFINITIONAL_REPRESENTATION('',(#1494),#1498);
#1494 = LINE('',#1495,#1496);
#1495 = CARTESIAN_POINT('',(0.,0.));
#1496 = VECTOR('',#1497,1.);
#1497 = DIRECTION('',(0.,-1.));
#1498 = ( GEOMETRIC_REPRESENTATION_CONTEXT(2) 
PARAMETRIC_REPRESENTATION_CONTEXT() REPRESENTATION_CONTEXT('2D SPACE',''
  ) );
#1499 = PCURVE('',#764,#1500);
#1500 = DEFINITIONAL_REPRESENTATION('',(#1501),#1505);
#1501 = LINE('',#1502,#1503);
#1502 = CARTESIAN_POINT('',(6.28318530718,0.));
#1503 = VECTOR('',#1504,1.);
#1504 = DIRECTION('',(0.,-1.));
#1505 = ( GEOMETRIC_REPRESENTATION_CONTEXT(2) 
PARAMETRIC_REPRESENTATION_CONTEXT() REPRESENTATION_CONTEXT('2D SPACE',''
  ) );
#1506 = ORIENTED_EDGE('',*,*,#1145,.T.);
#1507 = ORIENTED_EDGE('',*,*,#1486,.F.);
#1508 = ORIENTED_EDGE('',*,*,#743,.F.);
#1509 = ADVANCED_FACE('',(#1510),#799,.F.);
#1510 = FACE_BOUND('',#1511,.F.);
#1511 = EDGE_LOOP('',(#1512,#1533,#1534,#1535));
#1512 = ORIENTED_EDGE('',*,*,#1513,.T.);
#1513 = EDGE_CURVE('',#779,#1176,#1514,.T.);
#1514 = SEAM_CURVE('',#1515,(#1519,#1526),.PCURVE_S1.);
#1515 = LINE('',#1516,#1517);
#1516 = CARTESIAN_POINT('',(4.31,-5.75,0.));
#1517 = VECTOR('',#1518,1.);
#1518 = DIRECTION('',(-0.,-0.,1.));
#1519 = PCURVE('',#799,#1520);
#1520 = DEFINITIONAL_REPRESENTATION('',(#1521),#1525);
#1521 = LINE('',#1522,#1523);
#1522 = CARTESIAN_POINT('',(0.,0.));
#1523 = VECTOR('',#1524,1.);
#1524 = DIRECTION('',(0.,-1.));
#1525 = ( GEOMETRIC_REPRESENTATION_CONTEXT(2) 
PARAMETRIC_REPRESENTATION_CONTEXT() REPRESENTATION_CONTEXT('2D SPACE',''
  ) );
#1526 = PCURVE('',#799,#1527);
#1527 = DEFINITIONAL_REPRESENTATION('',(#1528),#1532);
#1528 = LINE('',#1529,#1530);
#1529 = CARTESIAN_POINT('',(6.28318530718,0.));
#1530 = VECTOR('',#1531,1.);
#1531 = DIRECTION('',(0.,-1.));
#1532 = ( GEOMETRIC_REPRESENTATION_CONTEXT(2) 
PARAMETRIC_REPRESENTATION_CONTEXT() REPRESENTATION_CONTEXT('2D SPACE',''
  ) );
#1533 = ORIENTED_EDGE('',*,*,#1175,.T.);
#1534 = ORIENTED_EDGE('',*,*,#1513,.F.);
#1535 = ORIENTED_EDGE('',*,*,#778,.F.);
#1536 = ADVANCED_FACE('',(#1537),#834,.F.);
#1537 = FACE_BOUND('',#1538,.F.);
#1538 = EDGE_LOOP('',(#1539,#1560,#1561,#1562));
#1539 = ORIENTED_EDGE('',*,*,#1540,.T.);
#1540 = EDGE_CURVE('',#814,#1206,#1541,.T.);
#1541 = SEAM_CURVE('',#1542,(#1546,#1553),.PCURVE_S1.);
#1542 = LINE('',#1543,#1544);
#1543 = CARTESIAN_POINT('',(6.85,-5.75,0.));
#1544 = VECTOR('',#1545,1.);
#1545 = DIRECTION('',(-0.,-0.,1.));
#1546 = PCURVE('',#834,#1547);
#1547 = DEFINITIONAL_REPRESENTATION('',(#1548),#1552);
#1548 = LINE('',#1549,#1550);
#1549 = CARTESIAN_POINT('',(0.,0.));
#1550 = VECTOR('',#1551,1.);
#1551 = DIRECTION('',(0.,-1.));
#1552 = ( GEOMETRIC_REPRESENTATION_CONTEXT(2) 
PARAMETRIC_REPRESENTATION_CONTEXT() REPRESENTATION_CONTEXT('2D SPACE',''
  ) );
#1553 = PCURVE('',#834,#1554);
#1554 = DEFINITIONAL_REPRESENTATION('',(#1555),#1559);
#1555 = LINE('',#1556,#1557);
#1556 = CARTESIAN_POINT('',(6.28318530718,0.));
#1557 = VECTOR('',#1558,1.);
#1558 = DIRECTION('',(0.,-1.));
#1559 = ( GEOMETRIC_REPRESENTATION_CONTEXT(2) 
PARAMETRIC_REPRESENTATION_CONTEXT() REPRESENTATION_CONTEXT('2D SPACE',''
  ) );
#1560 = ORIENTED_EDGE('',*,*,#1205,.T.);
#1561 = ORIENTED_EDGE('',*,*,#1540,.F.);
#1562 = ORIENTED_EDGE('',*,*,#813,.F.);
#1563 = ( GEOMETRIC_REPRESENTATION_CONTEXT(3) 
GLOBAL_UNCERTAINTY_ASSIGNED_CONTEXT((#1567)) 
GLOBAL_UNIT_ASSIGNED_CONTEXT((#1564,#1565,#1566)) REPRESENTATION_CONTEXT
('Context #1','3D Context with UNIT and UNCERTAINTY') );
#1564 = ( LENGTH_UNIT() NAMED_UNIT(*) SI_UNIT(.MILLI.,.METRE.) );
#1565 = ( NAMED_UNIT(*) PLANE_ANGLE_UNIT() SI_UNIT($,.RADIAN.) );
#1566 = ( NAMED_UNIT(*) SI_UNIT($,.STERADIAN.) SOLID_ANGLE_UNIT() );
#1567 = UNCERTAINTY_MEASURE_WITH_UNIT(LENGTH_MEASURE(1.E-07),#1564,
  'distance_accuracy_value','confusion accuracy');
#1568 = CONTEXT_DEPENDENT_SHAPE_REPRESENTATION(#1569,#1571);
#1569 = ( REPRESENTATION_RELATIONSHIP('','',#128,#10) 
REPRESENTATION_RELATIONSHIP_WITH_TRANSFORMATION(#1570) 
SHAPE_REPRESENTATION_RELATIONSHIP() );
#1570 = ITEM_DEFINED_TRANSFORMATION('','',#11,#15);
#1571 = PRODUCT_DEFINITION_SHAPE('Placement','Placement of an item',
  #1572);
#1572 = NEXT_ASSEMBLY_USAGE_OCCURRENCE('63','pcb','',#5,#123,$);
#1573 = PRODUCT_RELATED_PRODUCT_CATEGORY('part',$,(#125));
#1574 = SHAPE_DEFINITION_REPRESENTATION(#1575,#1581);
#1575 = PRODUCT_DEFINITION_SHAPE('','',#1576);
#1576 = PRODUCT_DEFINITION('design','',#1577,#1580);
#1577 = PRODUCT_DEFINITION_FORMATION('','',#1578);
#1578 = PRODUCT('ring0','ring0','',(#1579));
#1579 = PRODUCT_CONTEXT('',#2,'mechanical');
#1580 = PRODUCT_DEFINITION_CONTEXT('part definition',#2,'design');
#1581 = ADVANCED_BREP_SHAPE_REPRESENTATION('',(#11,#1582),#1780);
#1582 = MANIFOLD_SOLID_BREP('',#1583);
#1583 = CLOSED_SHELL('',(#1584,#1680,#1766,#1773));
#1584 = ADVANCED_FACE('',(#1585),#1599,.T.);
#1585 = FACE_BOUND('',#1586,.T.);
#1586 = EDGE_LOOP('',(#1587,#1617,#1648,#1649));
#1587 = ORIENTED_EDGE('',*,*,#1588,.T.);
#1588 = EDGE_CURVE('',#1589,#1591,#1593,.T.);
#1589 = VERTEX_POINT('',#1590);
#1590 = CARTESIAN_POINT('',(-5.5,5.75,1.6));
#1591 = VERTEX_POINT('',#1592);
#1592 = CARTESIAN_POINT('',(-5.5,5.75,1.65));
#1593 = SEAM_CURVE('',#1594,(#1598,#1610),.PCURVE_S1.);
#1594 = LINE('',#1595,#1596);
#1595 = CARTESIAN_POINT('',(-5.5,5.75,1.6));
#1596 = VECTOR('',#1597,1.);
#1597 = DIRECTION('',(-0.,-0.,1.));
#1598 = PCURVE('',#1599,#1604);
#1599 = CYLINDRICAL_SURFACE('',#1600,0.85);
#1600 = AXIS2_PLACEMENT_3D('',#1601,#1602,#1603);
#1601 = CARTESIAN_POINT('',(-6.35,5.75,1.6));
#1602 = DIRECTION('',(-0.,0.,-1.));
#1603 = DIRECTION('',(1.,-0.,-0.));
#1604 = DEFINITIONAL_REPRESENTATION('',(#1605),#1609);
#1605 = LINE('',#1606,#1607);
#1606 = CARTESIAN_POINT('',(0.,0.));
#1607 = VECTOR('',#1608,1.);
#1608 = DIRECTION('',(0.,-1.));
#1609 = ( GEOMETRIC_REPRESENTATION_CONTEXT(2) 
PARAMETRIC_REPRESENTATION_CONTEXT() REPRESENTATION_CONTEXT('2D SPACE',''
  ) );
#1610 = PCURVE('',#1599,#1611);
#1611 = DEFINITIONAL_REPRESENTATION('',(#1612),#1616);
#1612 = LINE('',#1613,#1614);
#1613 = CARTESIAN_POINT('',(6.28318530718,0.));
#1614 = VECTOR('',#1615,1.);
#1615 = DIRECTION('',(0.,-1.));
#1616 = ( GEOMETRIC_REPRESENTATION_CONTEXT(2) 
PARAMETRIC_REPRESENTATION_CONTEXT() REPRESENTATION_CONTEXT('2D SPACE',''
  ) );
#1617 = ORIENTED_EDGE('',*,*,#1618,.T.);
#1618 = EDGE_CURVE('',#1591,#1591,#1619,.T.);
#1619 = SURFACE_CURVE('',#1620,(#1625,#1632),.PCURVE_S1.);
#1620 = CIRCLE('',#1621,0.85);
#1621 = AXIS2_PLACEMENT_3D('',#1622,#1623,#1624);
#1622 = CARTESIAN_POINT('',(-6.35,5.75,1.65));
#1623 = DIRECTION('',(0.,0.,-1.));
#1624 = DIRECTION('',(1.,-0.,-0.));
#1625 = PCURVE('',#1599,#1626);
#1626 = DEFINITIONAL_REPRESENTATION('',(#1627),#1631);
#1627 = LINE('',#1628,#1629);
#1628 = CARTESIAN_POINT('',(0.,-5.E-02));
#1629 = VECTOR('',#1630,1.);
#1630 = DIRECTION('',(1.,0.));
#1631 = ( GEOMETRIC_REPRESENTATION_CONTEXT(2) 
PARAMETRIC_REPRESENTATION_CONTEXT() REPRESENTATION_CONTEXT('2D SPACE',''
  ) );
#1632 = PCURVE('',#1633,#1638);
#1633 = PLANE('',#1634);
#1634 = AXIS2_PLACEMENT_3D('',#1635,#1636,#1637);
#1635 = CARTESIAN_POINT('',(-6.35,5.75,1.65));
#1636 = DIRECTION('',(-0.,-0.,1.));
#1637 = DIRECTION('',(-1.,0.,0.));
#1638 = DEFINITIONAL_REPRESENTATION('',(#1639),#1647);
#1639 = ( BOUNDED_CURVE() B_SPLINE_CURVE(2,(#1640,#1641,#1642,#1643,
#1644,#1645,#1646),.UNSPECIFIED.,.T.,.F.) B_SPLINE_CURVE_WITH_KNOTS((1,2
    ,2,2,2,1),(-2.094395102393,0.,2.094395102393,4.188790204786,
6.28318530718,8.377580409573),.UNSPECIFIED.) CURVE() 
GEOMETRIC_REPRESENTATION_ITEM() RATIONAL_B_SPLINE_CURVE((1.,0.5,1.,0.5,
1.,0.5,1.)) REPRESENTATION_ITEM('') );
#1640 = CARTESIAN_POINT('',(-0.85,8.881784197001E-16));
#1641 = CARTESIAN_POINT('',(-0.85,1.472243186434));
#1642 = CARTESIAN_POINT('',(0.425,0.736121593217));
#1643 = CARTESIAN_POINT('',(1.7,1.096368375555E-15));
#1644 = CARTESIAN_POINT('',(0.425,-0.736121593217));
#1645 = CARTESIAN_POINT('',(-0.85,-1.472243186434));
#1646 = CARTESIAN_POINT('',(-0.85,8.881784197001E-16));
#1647 = ( GEOMETRIC_REPRESENTATION_CONTEXT(2) 
PARAMETRIC_REPRESENTATION_CONTEXT() REPRESENTATION_CONTEXT('2D SPACE',''
  ) );
#1648 = ORIENTED_EDGE('',*,*,#1588,.F.);
#1649 = ORIENTED_EDGE('',*,*,#1650,.F.);
#1650 = EDGE_CURVE('',#1589,#1589,#1651,.T.);
#1651 = SURFACE_CURVE('',#1652,(#1657,#1664),.PCURVE_S1.);
#1652 = CIRCLE('',#1653,0.85);
#1653 = AXIS2_PLACEMENT_3D('',#1654,#1655,#1656);
#1654 = CARTESIAN_POINT('',(-6.35,5.75,1.6));
#1655 = DIRECTION('',(0.,0.,-1.));
#1656 = DIRECTION('',(1.,-0.,-0.));
#1657 = PCURVE('',#1599,#1658);
#1658 = DEFINITIONAL_REPRESENTATION('',(#1659),#1663);
#1659 = LINE('',#1660,#1661);
#1660 = CARTESIAN_POINT('',(0.,0.));
#1661 = VECTOR('',#1662,1.);
#1662 = DIRECTION('',(1.,0.));
#1663 = ( GEOMETRIC_REPRESENTATION_CONTEXT(2) 
PARAMETRIC_REPRESENTATION_CONTEXT() REPRESENTATION_CONTEXT('2D SPACE',''
  ) );
#1664 = PCURVE('',#1665,#1670);
#1665 = PLANE('',#1666);
#1666 = AXIS2_PLACEMENT_3D('',#1667,#1668,#1669);
#1667 = CARTESIAN_POINT('',(-6.35,5.75,1.6));
#1668 = DIRECTION('',(-0.,-0.,1.));
#1669 = DIRECTION('',(-1.,0.,0.));
#1670 = DEFINITIONAL_REPRESENTATION('',(#1671),#1679);
#1671 = ( BOUNDED_CURVE() B_SPLINE_CURVE(2,(#1672,#1673,#1674,#1675,
#1676,#1677,#1678),.UNSPECIFIED.,.T.,.F.) B_SPLINE_CURVE_WITH_KNOTS((1,2
    ,2,2,2,1),(-2.094395102393,0.,2.094395102393,4.188790204786,
6.28318530718,8.377580409573),.UNSPECIFIED.) CURVE() 
GEOMETRIC_REPRESENTATION_ITEM() RATIONAL_B_SPLINE_CURVE((1.,0.5,1.,0.5,
1.,0.5,1.)) REPRESENTATION_ITEM('') );
#1672 = CARTESIAN_POINT('',(-0.85,8.881784197001E-16));
#1673 = CARTESIAN_POINT('',(-0.85,1.472243186434));
#1674 = CARTESIAN_POINT('',(0.425,0.736121593217));
#1675 = CARTESIAN_POINT('',(1.7,1.096368375555E-15));
#1676 = CARTESIAN_POINT('',(0.425,-0.736121593217));
#1677 = CARTESIAN_POINT('',(-0.85,-1.472243186434));
#1678 = CARTESIAN_POINT('',(-0.85,8.881784197001E-16));
#1679 = ( GEOMETRIC_REPRESENTATION_CONTEXT(2) 
PARAMETRIC_REPRESENTATION_CONTEXT() REPRESENTATION_CONTEXT('2D SPACE',''
  ) );
#1680 = ADVANCED_FACE('',(#1681),#1695,.F.);
#1681 = FACE_BOUND('',#1682,.F.);
#1682 = EDGE_LOOP('',(#1683,#1713,#1739,#1740));
#1683 = ORIENTED_EDGE('',*,*,#1684,.T.);
#1684 = EDGE_CURVE('',#1685,#1687,#1689,.T.);
#1685 = VERTEX_POINT('',#1686);
#1686 = CARTESIAN_POINT('',(-5.85,5.75,1.6));
#1687 = VERTEX_POINT('',#1688);
#1688 = CARTESIAN_POINT('',(-5.85,5.75,1.65));
#1689 = SEAM_CURVE('',#1690,(#1694,#1706),.PCURVE_S1.);
#1690 = LINE('',#1691,#1692);
#1691 = CARTESIAN_POINT('',(-5.85,5.75,1.6));
#1692 = VECTOR('',#1693,1.);
#1693 = DIRECTION('',(-0.,-0.,1.));
#1694 = PCURVE('',#1695,#1700);
#1695 = CYLINDRICAL_SURFACE('',#1696,0.5);
#1696 = AXIS2_PLACEMENT_3D('',#1697,#1698,#1699);
#1697 = CARTESIAN_POINT('',(-6.35,5.75,1.6));
#1698 = DIRECTION('',(-0.,0.,-1.));
#1699 = DIRECTION('',(1.,-0.,-0.));
#1700 = DEFINITIONAL_REPRESENTATION('',(#1701),#1705);
#1701 = LINE('',#1702,#1703);
#1702 = CARTESIAN_POINT('',(0.,0.));
#1703 = VECTOR('',#1704,1.);
#1704 = DIRECTION('',(0.,-1.));
#1705 = ( GEOMETRIC_REPRESENTATION_CONTEXT(2) 
PARAMETRIC_REPRESENTATION_CONTEXT() REPRESENTATION_CONTEXT('2D SPACE',''
  ) );
#1706 = PCURVE('',#1695,#1707);
#1707 = DEFINITIONAL_REPRESENTATION('',(#1708),#1712);
#1708 = LINE('',#1709,#1710);
#1709 = CARTESIAN_POINT('',(6.28318530718,0.));
#1710 = VECTOR('',#1711,1.);
#1711 = DIRECTION('',(0.,-1.));
#1712 = ( GEOMETRIC_REPRESENTATION_CONTEXT(2) 
PARAMETRIC_REPRESENTATION_CONTEXT() REPRESENTATION_CONTEXT('2D SPACE',''
  ) );
#1713 = ORIENTED_EDGE('',*,*,#1714,.T.);
#1714 = EDGE_CURVE('',#1687,#1687,#1715,.T.);
#1715 = SURFACE_CURVE('',#1716,(#1721,#1728),.PCURVE_S1.);
#1716 = CIRCLE('',#1717,0.5);
#1717 = AXIS2_PLACEMENT_3D('',#1718,#1719,#1720);
#1718 = CARTESIAN_POINT('',(-6.35,5.75,1.65));
#1719 = DIRECTION('',(0.,0.,-1.));
#1720 = DIRECTION('',(1.,-0.,-0.));
#1721 = PCURVE('',#1695,#1722);
#1722 = DEFINITIONAL_REPRESENTATION('',(#1723),#1727);
#1723 = LINE('',#1724,#1725);
#1724 = CARTESIAN_POINT('',(0.,-5.E-02));
#1725 = VECTOR('',#1726,1.);
#1726 = DIRECTION('',(1.,0.));
#1727 = ( GEOMETRIC_REPRESENTATION_CONTEXT(2) 
PARAMETRIC_REPRESENTATION_CONTEXT() REPRESENTATION_CONTEXT('2D SPACE',''
  ) );
#1728 = PCURVE('',#1633,#1729);
#1729 = DEFINITIONAL_REPRESENTATION('',(#1730),#1738);
#1730 = ( BOUNDED_CURVE() B_SPLINE_CURVE(2,(#1731,#1732,#1733,#1734,
#1735,#1736,#1737),.UNSPECIFIED.,.T.,.F.) B_SPLINE_CURVE_WITH_KNOTS((1,2
    ,2,2,2,1),(-2.094395102393,0.,2.094395102393,4.188790204786,
6.28318530718,8.377580409573),.UNSPECIFIED.) CURVE() 
GEOMETRIC_REPRESENTATION_ITEM() RATIONAL_B_SPLINE_CURVE((1.,0.5,1.,0.5,
1.,0.5,1.)) REPRESENTATION_ITEM('') );
#1731 = CARTESIAN_POINT('',(-0.5,8.881784197001E-16));
#1732 = CARTESIAN_POINT('',(-0.5,0.866025403784));
#1733 = CARTESIAN_POINT('',(0.25,0.433012701892));
#1734 = CARTESIAN_POINT('',(1.,1.010643099615E-15));
#1735 = CARTESIAN_POINT('',(0.25,-0.433012701892));
#1736 = CARTESIAN_POINT('',(-0.5,-0.866025403784));
#1737 = CARTESIAN_POINT('',(-0.5,8.881784197001E-16));
#1738 = ( GEOMETRIC_REPRESENTATION_CONTEXT(2) 
PARAMETRIC_REPRESENTATION_CONTEXT() REPRESENTATION_CONTEXT('2D SPACE',''
  ) );
#1739 = ORIENTED_EDGE('',*,*,#1684,.F.);
#1740 = ORIENTED_EDGE('',*,*,#1741,.F.);
#1741 = EDGE_CURVE('',#1685,#1685,#1742,.T.);
#1742 = SURFACE_CURVE('',#1743,(#1748,#1755),.PCURVE_S1.);
#1743 = CIRCLE('',#1744,0.5);
#1744 = AXIS2_PLACEMENT_3D('',#1745,#1746,#1747);
#1745 = CARTESIAN_POINT('',(-6.35,5.75,1.6));
#1746 = DIRECTION('',(0.,0.,-1.));
#1747 = DIRECTION('',(1.,-0.,-0.));
#1748 = PCURVE('',#1695,#1749);
#1749 = DEFINITIONAL_REPRESENTATION('',(#1750),#1754);
#1750 = LINE('',#1751,#1752);
#1751 = CARTESIAN_POINT('',(0.,0.));
#1752 = VECTOR('',#1753,1.);
#1753 = DIRECTION('',(1.,0.));
#1754 = ( GEOMETRIC_REPRESENTATION_CONTEXT(2) 
PARAMETRIC_REPRESENTATION_CONTEXT() REPRESENTATION_CONTEXT('2D SPACE',''
  ) );
#1755 = PCURVE('',#1665,#1756);
#1756 = DEFINITIONAL_REPRESENTATION('',(#1757),#1765);
#1757 = ( BOUNDED_CURVE() B_SPLINE_CURVE(2,(#1758,#1759,#1760,#1761,
#1762,#1763,#1764),.UNSPECIFIED.,.T.,.F.) B_SPLINE_CURVE_WITH_KNOTS((1,2
    ,2,2,2,1),(-2.094395102393,0.,2.094395102393,4.188790204786,
6.28318530718,8.377580409573),.UNSPECIFIED.) CURVE() 
GEOMETRIC_REPRESENTATION_ITEM() RATIONAL_B_SPLINE_CURVE((1.,0.5,1.,0.5,
1.,0.5,1.)) REPRESENTATION_ITEM('') );
#1758 = CARTESIAN_POINT('',(-0.5,8.881784197001E-16));
#1759 = CARTESIAN_POINT('',(-0.5,0.866025403784));
#1760 = CARTESIAN_POINT('',(0.25,0.433012701892));
#1761 = CARTESIAN_POINT('',(1.,1.010643099615E-15));
#1762 = CARTESIAN_POINT('',(0.25,-0.433012701892));
#1763 = CARTESIAN_POINT('',(-0.5,-0.866025403784));
#1764 = CARTESIAN_POINT('',(-0.5,8.881784197001E-16));
#1765 = ( GEOMETRIC_REPRESENTATION_CONTEXT(2) 
PARAMETRIC_REPRESENTATION_CONTEXT() REPRESENTATION_CONTEXT('2D SPACE',''
  ) );
#1766 = ADVANCED_FACE('',(#1767,#1770),#1665,.F.);
#1767 = FACE_BOUND('',#1768,.T.);
#1768 = EDGE_LOOP('',(#1769));
#1769 = ORIENTED_EDGE('',*,*,#1650,.T.);
#1770 = FACE_BOUND('',#1771,.T.);
#1771 = EDGE_LOOP('',(#1772));
#1772 = ORIENTED_EDGE('',*,*,#1741,.F.);
#1773 = ADVANCED_FACE('',(#1774,#1777),#1633,.T.);
#1774 = FACE_BOUND('',#1775,.F.);
#1775 = EDGE_LOOP('',(#1776));
#1776 = ORIENTED_EDGE('',*,*,#1618,.T.);
#1777 = FACE_BOUND('',#1778,.F.);
#1778 = EDGE_LOOP('',(#1779));
#1779 = ORIENTED_EDGE('',*,*,#1714,.F.);
#1780 = ( GEOMETRIC_REPRESENTATION_CONTEXT(3) 
GLOBAL_UNCERTAINTY_ASSIGNED_CONTEXT((#1784)) 
GLOBAL_UNIT_ASSIGNED_CONTEXT((#1781,#1782,#1783)) REPRESENTATION_CONTEXT
('Context #1','3D Context with UNIT and UNCERTAINTY') );
#1781 = ( LENGTH_UNIT() NAMED_UNIT(*) SI_UNIT(.MILLI.,.METRE.) );
#1782 = ( NAMED_UNIT(*) PLANE_ANGLE_UNIT() SI_UNIT($,.RADIAN.) );
#1783 = ( NAMED_UNIT(*) SI_UNIT($,.STERADIAN.) SOLID_ANGLE_UNIT() );
#1784 = UNCERTAINTY_MEASURE_WITH_UNIT(LENGTH_MEASURE(1.E-07),#1781,
  'distance_accuracy_value','confusion accuracy');
#1785 = CONTEXT_DEPENDENT_SHAPE_REPRESENTATION(#1786,#1788);
#1786 = ( REPRESENTATION_RELATIONSHIP('','',#1581,#10) 
REPRESENTATION_RELATIONSHIP_WITH_TRANSFORMATION(#1787) 
SHAPE_REPRESENTATION_RELATIONSHIP() );
#1787 = ITEM_DEFINED_TRANSFORMATION('','',#11,#19);
#1788 = PRODUCT_DEFINITION_SHAPE('Placement','Placement of an item',
  #1789);
#1789 = NEXT_ASSEMBLY_USAGE_OCCURRENCE('64','ring0','',#5,#1576,$);
#1790 = PRODUCT_RELATED_PRODUCT_CATEGORY('part',$,(#1578));
#1791 = SHAPE_DEFINITION_REPRESENTATION(#1792,#1798);
#1792 = PRODUCT_DEFINITION_SHAPE('','',#1793);
#1793 = PRODUCT_DEFINITION('design','',#1794,#1797);
#1794 = PRODUCT_DEFINITION_FORMATION('','',#1795);
#1795 = PRODUCT('ring1','ring1','',(#1796));
#1796 = PRODUCT_CONTEXT('',#2,'mechanical');
#1797 = PRODUCT_DEFINITION_CONTEXT('part definition',#2,'design');
#1798 = ADVANCED_BREP_SHAPE_REPRESENTATION('',(#11,#1799),#1997);
#1799 = MANIFOLD_SOLID_BREP('',#1800);
#1800 = CLOSED_SHELL('',(#1801,#1897,#1983,#1990));
#1801 = ADVANCED_FACE('',(#1802),#1816,.T.);
#1802 = FACE_BOUND('',#1803,.T.);
#1803 = EDGE_LOOP('',(#1804,#1834,#1865,#1866));
#1804 = ORIENTED_EDGE('',*,*,#1805,.T.);
#1805 = EDGE_CURVE('',#1806,#1808,#1810,.T.);
#1806 = VERTEX_POINT('',#1807);
#1807 = CARTESIAN_POINT('',(-2.96,5.75,1.6));
#1808 = VERTEX_POINT('',#1809);
#1809 = CARTESIAN_POINT('',(-2.96,5.75,1.65));
#1810 = SEAM_CURVE('',#1811,(#1815,#1827),.PCURVE_S1.);
#1811 = LINE('',#1812,#1813);
#1812 = CARTESIAN_POINT('',(-2.96,5.75,1.6));
#1813 = VECTOR('',#1814,1.);
#1814 = DIRECTION('',(-0.,-0.,1.));
#1815 = PCURVE('',#1816,#1821);
#1816 = CYLINDRICAL_SURFACE('',#1817,0.85);
#1817 = AXIS2_PLACEMENT_3D('',#1818,#1819,#1820);
#1818 = CARTESIAN_POINT('',(-3.81,5.75,1.6));
#1819 = DIRECTION('',(-0.,0.,-1.));
#1820 = DIRECTION('',(1.,-0.,-0.));
#1821 = DEFINITIONAL_REPRESENTATION('',(#1822),#1826);
#1822 = LINE('',#1823,#1824);
#1823 = CARTESIAN_POINT('',(0.,0.));
#1824 = VECTOR('',#1825,1.);
#1825 = DIRECTION('',(0.,-1.));
#1826 = ( GEOMETRIC_REPRESENTATION_CONTEXT(2) 
PARAMETRIC_REPRESENTATION_CONTEXT() REPRESENTATION_CONTEXT('2D SPACE',''
  ) );
#1827 = PCURVE('',#1816,#1828);
#1828 = DEFINITIONAL_REPRESENTATION('',(#1829),#1833);
#1829 = LINE('',#1830,#1831);
#1830 = CARTESIAN_POINT('',(6.28318530718,0.));
#1831 = VECTOR('',#1832,1.);
#1832 = DIRECTION('',(0.,-1.));
#1833 = ( GEOMETRIC_REPRESENTATION_CONTEXT(2) 
PARAMETRIC_REPRESENTATION_CONTEXT() REPRESENTATION_CONTEXT('2D SPACE',''
  ) );
#1834 = ORIENTED_EDGE('',*,*,#1835,.T.);
#1835 = EDGE_CURVE('',#1808,#1808,#1836,.T.);
#1836 = SURFACE_CURVE('',#1837,(#1842,#1849),.PCURVE_S1.);
#1837 = CIRCLE('',#1838,0.85);
#1838 = AXIS2_PLACEMENT_3D('',#1839,#1840,#1841);
#1839 = CARTESIAN_POINT('',(-3.81,5.75,1.65));
#1840 = DIRECTION('',(0.,0.,-1.));
#1841 = DIRECTION('',(1.,-0.,-0.));
#1842 = PCURVE('',#1816,#1843);
#1843 = DEFINITIONAL_REPRESENTATION('',(#1844),#1848);
#1844 = LINE('',#1845,#1846);
#1845 = CARTESIAN_POINT('',(0.,-5.E-02));
#1846 = VECTOR('',#1847,1.);
#1847 = DIRECTION('',(1.,0.));
#1848 = ( GEOMETRIC_REPRESENTATION_CONTEXT(2) 
PARAMETRIC_REPRESENTATION_CONTEXT() REPRESENTATION_CONTEXT('2D SPACE',''
  ) );
#1849 = PCURVE('',#1850,#1855);
#1850 = PLANE('',#1851);
#1851 = AXIS2_PLACEMENT_3D('',#1852,#1853,#1854);
#1852 = CARTESIAN_POINT('',(-3.81,5.75,1.65));
#1853 = DIRECTION('',(-0.,-0.,1.));
#1854 = DIRECTION('',(-1.,0.,0.));
#1855 = DEFINITIONAL_REPRESENTATION('',(#1856),#1864);
#1856 = ( BOUNDED_CURVE() B_SPLINE_CURVE(2,(#1857,#1858,#1859,#1860,
#1861,#1862,#1863),.UNSPECIFIED.,.T.,.F.) B_SPLINE_CURVE_WITH_KNOTS((1,2
    ,2,2,2,1),(-2.094395102393,0.,2.094395102393,4.188790204786,
6.28318530718,8.377580409573),.UNSPECIFIED.) CURVE() 
GEOMETRIC_REPRESENTATION_ITEM() RATIONAL_B_SPLINE_CURVE((1.,0.5,1.,0.5,
1.,0.5,1.)) REPRESENTATION_ITEM('') );
#1857 = CARTESIAN_POINT('',(-0.85,-8.881784197001E-16));
#1858 = CARTESIAN_POINT('',(-0.85,1.472243186434));
#1859 = CARTESIAN_POINT('',(0.425,0.736121593217));
#1860 = CARTESIAN_POINT('',(1.7,-6.799884638451E-16));
#1861 = CARTESIAN_POINT('',(0.425,-0.736121593217));
#1862 = CARTESIAN_POINT('',(-0.85,-1.472243186434));
#1863 = CARTESIAN_POINT('',(-0.85,-8.881784197001E-16));
#1864 = ( GEOMETRIC_REPRESENTATION_CONTEXT(2) 
PARAMETRIC_REPRESENTATION_CONTEXT() REPRESENTATION_CONTEXT('2D SPACE',''
  ) );
#1865 = ORIENTED_EDGE('',*,*,#1805,.F.);
#1866 = ORIENTED_EDGE('',*,*,#1867,.F.);
#1867 = EDGE_CURVE('',#1806,#1806,#1868,.T.);
#1868 = SURFACE_CURVE('',#1869,(#1874,#1881),.PCURVE_S1.);
#1869 = CIRCLE('',#1870,0.85);
#1870 = AXIS2_PLACEMENT_3D('',#1871,#1872,#1873);
#1871 = CARTESIAN_POINT('',(-3.81,5.75,1.6));
#1872 = DIRECTION('',(0.,0.,-1.));
#1873 = DIRECTION('',(1.,-0.,-0.));
#1874 = PCURVE('',#1816,#1875);
#1875 = DEFINITIONAL_REPRESENTATION('',(#1876),#1880);
#1876 = LINE('',#1877,#1878);
#1877 = CARTESIAN_POINT('',(0.,0.));
#1878 = VECTOR('',#1879,1.);
#1879 = DIRECTION('',(1.,0.));
#1880 = ( GEOMETRIC_REPRESENTATION_CONTEXT(2) 
PARAMETRIC_REPRESENTATION_CONTEXT() REPRESENTATION_CONTEXT('2D SPACE',''
  ) );
#1881 = PCURVE('',#1882,#1887);
#1882 = PLANE('',#1883);
#1883 = AXIS2_PLACEMENT_3D('',#1884,#1885,#1886);
#1884 = CARTESIAN_POINT('',(-3.81,5.75,1.6));
#1885 = DIRECTION('',(-0.,-0.,1.));
#1886 = DIRECTION('',(-1.,0.,0.));
#1887 = DEFINITIONAL_REPRESENTATION('',(#1888),#1896);
#1888 = ( BOUNDED_CURVE() B_SPLINE_CURVE(2,(#1889,#1890,#1891,#1892,
#1893,#1894,#1895),.UNSPECIFIED.,.T.,.F.) B_SPLINE_CURVE_WITH_KNOTS((1,2
    ,2,2,2,1),(-2.094395102393,0.,2.094395102393,4.188790204786,
6.28318530718,8.377580409573),.UNSPECIFIED.) CURVE() 
GEOMETRIC_REPRESENTATION_ITEM() RATIONAL_B_SPLINE_CURVE((1.,0.5,1.,0.5,
1.,0.5,1.)) REPRESENTATION_ITEM('') );
#1889 = CARTESIAN_POINT('',(-0.85,-8.881784197001E-16));
#1890 = CARTESIAN_POINT('',(-0.85,1.472243186434));
#1891 = CARTESIAN_POINT('',(0.425,0.736121593217));
#1892 = CARTESIAN_POINT('',(1.7,-6.799884638451E-16));
#1893 = CARTESIAN_POINT('',(0.425,-0.736121593217));
#1894 = CARTESIAN_POINT('',(-0.85,-1.472243186434));
#1895 = CARTESIAN_POINT('',(-0.85,-8.881784197001E-16));
#1896 = ( GEOMETRIC_REPRESENTATION_CONTEXT(2) 
PARAMETRIC_REPRESENTATION_CONTEXT() REPRESENTATION_CONTEXT('2D SPACE',''
  ) );
#1897 = ADVANCED_FACE('',(#1898),#1912,.F.);
#1898 = FACE_BOUND('',#1899,.F.);
#1899 = EDGE_LOOP('',(#1900,#1930,#1956,#1957));
#1900 = ORIENTED_EDGE('',*,*,#1901,.T.);
#1901 = EDGE_CURVE('',#1902,#1904,#1906,.T.);
#1902 = VERTEX_POINT('',#1903);
#1903 = CARTESIAN_POINT('',(-3.31,5.75,1.6));
#1904 = VERTEX_POINT('',#1905);
#1905 = CARTESIAN_POINT('',(-3.31,5.75,1.65));
#1906 = SEAM_CURVE('',#1907,(#1911,#1923),.PCURVE_S1.);
#1907 = LINE('',#1908,#1909);
#1908 = CARTESIAN_POINT('',(-3.31,5.75,1.6));
#1909 = VECTOR('',#1910,1.);
#1910 = DIRECTION('',(-0.,-0.,1.));
#1911 = PCURVE('',#1912,#1917);
#1912 = CYLINDRICAL_SURFACE('',#1913,0.5);
#1913 = AXIS2_PLACEMENT_3D('',#1914,#1915,#1916);
#1914 = CARTESIAN_POINT('',(-3.81,5.75,1.6));
#1915 = DIRECTION('',(-0.,0.,-1.));
#1916 = DIRECTION('',(1.,-0.,-0.));
#1917 = DEFINITIONAL_REPRESENTATION('',(#1918),#1922);
#1918 = LINE('',#1919,#1920);
#1919 = CARTESIAN_POINT('',(0.,0.));
#1920 = VECTOR('',#1921,1.);
#1921 = DIRECTION('',(0.,-1.));
#1922 = ( GEOMETRIC_REPRESENTATION_CONTEXT(2) 
PARAMETRIC_REPRESENTATION_CONTEXT() REPRESENTATION_CONTEXT('2D SPACE',''
  ) );
#1923 = PCURVE('',#1912,#1924);
#1924 = DEFINITIONAL_REPRESENTATION('',(#1925),#1929);
#1925 = LINE('',#1926,#1927);
#1926 = CARTESIAN_POINT('',(6.28318530718,0.));
#1927 = VECTOR('',#1928,1.);
#1928 = DIRECTION('',(0.,-1.));
#1929 = ( GEOMETRIC_REPRESENTATION_CONTEXT(2) 
PARAMETRIC_REPRESENTATION_CONTEXT() REPRESENTATION_CONTEXT('2D SPACE',''
  ) );
#1930 = ORIENTED_EDGE('',*,*,#1931,.T.);
#1931 = EDGE_CURVE('',#1904,#1904,#1932,.T.);
#1932 = SURFACE_CURVE('',#1933,(#1938,#1945),.PCURVE_S1.);
#1933 = CIRCLE('',#1934,0.5);
#1934 = AXIS2_PLACEMENT_3D('',#1935,#1936,#1937);
#1935 = CARTESIAN_POINT('',(-3.81,5.75,1.65));
#1936 = DIRECTION('',(0.,0.,-1.));
#1937 = DIRECTION('',(1.,-0.,-0.));
#1938 = PCURVE('',#1912,#1939);
#1939 = DEFINITIONAL_REPRESENTATION('',(#1940),#1944);
#1940 = LINE('',#1941,#1942);
#1941 = CARTESIAN_POINT('',(0.,-5.E-02));
#1942 = VECTOR('',#1943,1.);
#1943 = DIRECTION('',(1.,0.));
#1944 = ( GEOMETRIC_REPRESENTATION_CONTEXT(2) 
PARAMETRIC_REPRESENTATION_CONTEXT() REPRESENTATION_CONTEXT('2D SPACE',''
  ) );
#1945 = PCURVE('',#1850,#1946);
#1946 = DEFINITIONAL_REPRESENTATION('',(#1947),#1955);
#1947 = ( BOUNDED_CURVE() B_SPLINE_CURVE(2,(#1948,#1949,#1950,#1951,
#1952,#1953,#1954),.UNSPECIFIED.,.T.,.F.) B_SPLINE_CURVE_WITH_KNOTS((1,2
    ,2,2,2,1),(-2.094395102393,0.,2.094395102393,4.188790204786,
6.28318530718,8.377580409573),.UNSPECIFIED.) CURVE() 
GEOMETRIC_REPRESENTATION_ITEM() RATIONAL_B_SPLINE_CURVE((1.,0.5,1.,0.5,
1.,0.5,1.)) REPRESENTATION_ITEM('') );
#1948 = CARTESIAN_POINT('',(-0.5,-8.881784197001E-16));
#1949 = CARTESIAN_POINT('',(-0.5,0.866025403784));
#1950 = CARTESIAN_POINT('',(0.25,0.433012701892));
#1951 = CARTESIAN_POINT('',(1.,-7.657137397854E-16));
#1952 = CARTESIAN_POINT('',(0.25,-0.433012701892));
#1953 = CARTESIAN_POINT('',(-0.5,-0.866025403784));
#1954 = CARTESIAN_POINT('',(-0.5,-8.881784197001E-16));
#1955 = ( GEOMETRIC_REPRESENTATION_CONTEXT(2) 
PARAMETRIC_REPRESENTATION_CONTEXT() REPRESENTATION_CONTEXT('2D SPACE',''
  ) );
#1956 = ORIENTED_EDGE('',*,*,#1901,.F.);
#1957 = ORIENTED_EDGE('',*,*,#1958,.F.);
#1958 = EDGE_CURVE('',#1902,#1902,#1959,.T.);
#1959 = SURFACE_CURVE('',#1960,(#1965,#1972),.PCURVE_S1.);
#1960 = CIRCLE('',#1961,0.5);
#1961 = AXIS2_PLACEMENT_3D('',#1962,#1963,#1964);
#1962 = CARTESIAN_POINT('',(-3.81,5.75,1.6));
#1963 = DIRECTION('',(0.,0.,-1.));
#1964 = DIRECTION('',(1.,-0.,-0.));
#1965 = PCURVE('',#1912,#1966);
#1966 = DEFINITIONAL_REPRESENTATION('',(#1967),#1971);
#1967 = LINE('',#1968,#1969);
#1968 = CARTESIAN_POINT('',(0.,0.));
#1969 = VECTOR('',#1970,1.);
#1970 = DIRECTION('',(1.,0.));
#1971 = ( GEOMETRIC_REPRESENTATION_CONTEXT(2) 
PARAMETRIC_REPRESENTATION_CONTEXT() REPRESENTATION_CONTEXT('2D SPACE',''
  ) );
#1972 = PCURVE('',#1882,#1973);
#1973 = DEFINITIONAL_REPRESENTATION('',(#1974),#1982);
#1974 = ( BOUNDED_CURVE() B_SPLINE_CURVE(2,(#1975,#1976,#1977,#1978,
#1979,#1980,#1981),.UNSPECIFIED.,.T.,.F.) B_SPLINE_CURVE_WITH_KNOTS((1,2
    ,2,2,2,1),(-2.094395102393,0.,2.094395102393,4.188790204786,
6.28318530718,8.377580409573),.UNSPECIFIED.) CURVE() 
GEOMETRIC_REPRESENTATION_ITEM() RATIONAL_B_SPLINE_CURVE((1.,0.5,1.,0.5,
1.,0.5,1.)) REPRESENTATION_ITEM('') );
#1975 = CARTESIAN_POINT('',(-0.5,-8.881784197001E-16));
#1976 = CARTESIAN_POINT('',(-0.5,0.866025403784));
#1977 = CARTESIAN_POINT('',(0.25,0.433012701892));
#1978 = CARTESIAN_POINT('',(1.,-7.657137397854E-16));
#1979 = CARTESIAN_POINT('',(0.25,-0.433012701892));
#1980 = CARTESIAN_POINT('',(-0.5,-0.866025403784));
#1981 = CARTESIAN_POINT('',(-0.5,-8.881784197001E-16));
#1982 = ( GEOMETRIC_REPRESENTATION_CONTEXT(2) 
PARAMETRIC_REPRESENTATION_CONTEXT() REPRESENTATION_CONTEXT('2D SPACE',''
  ) );
#1983 = ADVANCED_FACE('',(#1984,#1987),#1882,.F.);
#1984 = FACE_BOUND('',#1985,.T.);
#1985 = EDGE_LOOP('',(#1986));
#1986 = ORIENTED_EDGE('',*,*,#1867,.T.);
#1987 = FACE_BOUND('',#1988,.T.);
#1988 = EDGE_LOOP('',(#1989));
#1989 = ORIENTED_EDGE('',*,*,#1958,.F.);
#1990 = ADVANCED_FACE('',(#1991,#1994),#1850,.T.);
#1991 = FACE_BOUND('',#1992,.F.);
#1992 = EDGE_LOOP('',(#1993));
#1993 = ORIENTED_EDGE('',*,*,#1835,.T.);
#1994 = FACE_BOUND('',#1995,.F.);
#1995 = EDGE_LOOP('',(#1996));
#1996 = ORIENTED_EDGE('',*,*,#1931,.F.);
#1997 = ( GEOMETRIC_REPRESENTATION_CONTEXT(3) 
GLOBAL_UNCERTAINTY_ASSIGNED_CONTEXT((#2001)) 
GLOBAL_UNIT_ASSIGNED_CONTEXT((#1998,#1999,#2000)) REPRESENTATION_CONTEXT
('Context #1','3D Context with UNIT and UNCERTAINTY') );
#1998 = ( LENGTH_UNIT() NAMED_UNIT(*) SI_UNIT(.MILLI.,.METRE.) );
#1999 = ( NAMED_UNIT(*) PLANE_ANGLE_UNIT() SI_UNIT($,.RADIAN.) );
#2000 = ( NAMED_UNIT(*) SI_UNIT($,.STERADIAN.) SOLID_ANGLE_UNIT() );
#2001 = UNCERTAINTY_MEASURE_WITH_UNIT(LENGTH_MEASURE(1.E-07),#1998,
  'distance_accuracy_value','confusion accuracy');
#2002 = CONTEXT_DEPENDENT_SHAPE_REPRESENTATION(#2003,#2005);
#2003 = ( REPRESENTATION_RELATIONSHIP('','',#1798,#10) 
REPRESENTATION_RELATIONSHIP_WITH_TRANSFORMATION(#2004) 
SHAPE_REPRESENTATION_RELATIONSHIP() );
#2004 = ITEM_DEFINED_TRANSFORMATION('','',#11,#23);
#2005 = PRODUCT_DEFINITION_SHAPE('Placement','Placement of an item',
  #2006);
#2006 = NEXT_ASSEMBLY_USAGE_OCCURRENCE('65','ring1','',#5,#1793,$);
#2007 = PRODUCT_RELATED_PRODUCT_CATEGORY('part',$,(#1795));
#2008 = SHAPE_DEFINITION_REPRESENTATION(#2009,#2015);
#2009 = PRODUCT_DEFINITION_SHAPE('','',#2010);
#2010 = PRODUCT_DEFINITION('design','',#2011,#2014);
#2011 = PRODUCT_DEFINITION_FORMATION('','',#2012);
#2012 = PRODUCT('ring2','ring2','',(#2013));
#2013 = PRODUCT_CONTEXT('',#2,'mechanical');
#2014 = PRODUCT_DEFINITION_CONTEXT('part definition',#2,'design');
#2015 = ADVANCED_BREP_SHAPE_REPRESENTATION('',(#11,#2016),#2214);
#2016 = MANIFOLD_SOLID_BREP('',#2017);
#2017 = CLOSED_SHELL('',(#2018,#2114,#2200,#2207));
#2018 = ADVANCED_FACE('',(#2019),#2033,.T.);
#2019 = FACE_BOUND('',#2020,.T.);
#2020 = EDGE_LOOP('',(#2021,#2051,#2082,#2083));
#2021 = ORIENTED_EDGE('',*,*,#2022,.T.);
#2022 = EDGE_CURVE('',#2023,#2025,#2027,.T.);
#2023 = VERTEX_POINT('',#2024);
#2024 = CARTESIAN_POINT('',(-0.42,5.75,1.6));
#2025 = VERTEX_POINT('',#2026);
#2026 = CARTESIAN_POINT('',(-0.42,5.75,1.65));
#2027 = SEAM_CURVE('',#2028,(#2032,#2044),.PCURVE_S1.);
#2028 = LINE('',#2029,#2030);
#2029 = CARTESIAN_POINT('',(-0.42,5.75,1.6));
#2030 = VECTOR('',#2031,1.);
#2031 = DIRECTION('',(-0.,-0.,1.));
#2032 = PCURVE('',#2033,#2038);
#2033 = CYLINDRICAL_SURFACE('',#2034,0.85);
#2034 = AXIS2_PLACEMENT_3D('',#2035,#2036,#2037);
#2035 = CARTESIAN_POINT('',(-1.27,5.75,1.6));
#2036 = DIRECTION('',(-0.,0.,-1.));
#2037 = DIRECTION('',(1.,-0.,-0.));
#2038 = DEFINITIONAL_REPRESENTATION('',(#2039),#2043);
#2039 = LINE('',#2040,#2041);
#2040 = CARTESIAN_POINT('',(0.,0.));
#2041 = VECTOR('',#2042,1.);
#2042 = DIRECTION('',(0.,-1.));
#2043 = ( GEOMETRIC_REPRESENTATION_CONTEXT(2) 
PARAMETRIC_REPRESENTATION_CONTEXT() REPRESENTATION_CONTEXT('2D SPACE',''
  ) );
#2044 = PCURVE('',#2033,#2045);
#2045 = DEFINITIONAL_REPRESENTATION('',(#2046),#2050);
#2046 = LINE('',#2047,#2048);
#2047 = CARTESIAN_POINT('',(6.28318530718,0.));
#2048 = VECTOR('',#2049,1.);
#2049 = DIRECTION('',(0.,-1.));
#2050 = ( GEOMETRIC_REPRESENTATION_CONTEXT(2) 
PARAMETRIC_REPRESENTATION_CONTEXT() REPRESENTATION_CONTEXT('2D SPACE',''
  ) );
#2051 = ORIENTED_EDGE('',*,*,#2052,.T.);
#2052 = EDGE_CURVE('',#2025,#2025,#2053,.T.);
#2053 = SURFACE_CURVE('',#2054,(#2059,#2066),.PCURVE_S1.);
#2054 = CIRCLE('',#2055,0.85);
#2055 = AXIS2_PLACEMENT_3D('',#2056,#2057,#2058);
#2056 = CARTESIAN_POINT('',(-1.27,5.75,1.65));
#2057 = DIRECTION('',(0.,0.,-1.));
#2058 = DIRECTION('',(1.,-0.,-0.));
#2059 = PCURVE('',#2033,#2060);
#2060 = DEFINITIONAL_REPRESENTATION('',(#2061),#2065);
#2061 = LINE('',#2062,#2063);
#2062 = CARTESIAN_POINT('',(0.,-5.E-02));
#2063 = VECTOR('',#2064,1.);
#2064 = DIRECTION('',(1.,0.));
#2065 = ( GEOMETRIC_REPRESENTATION_CONTEXT(2) 
PARAMETRIC_REPRESENTATION_CONTEXT() REPRESENTATION_CONTEXT('2D SPACE',''
  ) );
#2066 = PCURVE('',#2067,#2072);
#2067 = PLANE('',#2068);
#2068 = AXIS2_PLACEMENT_3D('',#2069,#2070,#2071);
#2069 = CARTESIAN_POINT('',(-1.27,5.75,1.65));
#2070 = DIRECTION('',(-0.,-0.,1.));
#2071 = DIRECTION('',(-1.,0.,0.));
#2072 = DEFINITIONAL_REPRESENTATION('',(#2073),#2081);
#2073 = ( BOUNDED_CURVE() B_SPLINE_CURVE(2,(#2074,#2075,#2076,#2077,
#2078,#2079,#2080),.UNSPECIFIED.,.T.,.F.) B_SPLINE_CURVE_WITH_KNOTS((1,2
    ,2,2,2,1),(-2.094395102393,0.,2.094395102393,4.188790204786,
6.28318530718,8.377580409573),.UNSPECIFIED.) CURVE() 
GEOMETRIC_REPRESENTATION_ITEM() RATIONAL_B_SPLINE_CURVE((1.,0.5,1.,0.5,
1.,0.5,1.)) REPRESENTATION_ITEM('') );
#2074 = CARTESIAN_POINT('',(-0.85,0.));
#2075 = CARTESIAN_POINT('',(-0.85,1.472243186434));
#2076 = CARTESIAN_POINT('',(0.425,0.736121593217));
#2077 = CARTESIAN_POINT('',(1.7,2.081899558551E-16));
#2078 = CARTESIAN_POINT('',(0.425,-0.736121593217));
#2079 = CARTESIAN_POINT('',(-0.85,-1.472243186434));
#2080 = CARTESIAN_POINT('',(-0.85,0.));
#2081 = ( GEOMETRIC_REPRESENTATION_CONTEXT(2) 
PARAMETRIC_REPRESENTATION_CONTEXT() REPRESENTATION_CONTEXT('2D SPACE',''
  ) );
#2082 = ORIENTED_EDGE('',*,*,#2022,.F.);
#2083 = ORIENTED_EDGE('',*,*,#2084,.F.);
#2084 = EDGE_CURVE('',#2023,#2023,#2085,.T.);
#2085 = SURFACE_CURVE('',#2086,(#2091,#2098),.PCURVE_S1.);
#2086 = CIRCLE('',#2087,0.85);
#2087 = AXIS2_PLACEMENT_3D('',#2088,#2089,#2090);
#2088 = CARTESIAN_POINT('',(-1.27,5.75,1.6));
#2089 = DIRECTION('',(0.,0.,-1.));
#2090 = DIRECTION('',(1.,-0.,-0.));
#2091 = PCURVE('',#2033,#2092);
#2092 = DEFINITIONAL_REPRESENTATION('',(#2093),#2097);
#2093 = LINE('',#2094,#2095);
#2094 = CARTESIAN_POINT('',(0.,0.));
#2095 = VECTOR('',#2096,1.);
#2096 = DIRECTION('',(1.,0.));
#2097 = ( GEOMETRIC_REPRESENTATION_CONTEXT(2) 
PARAMETRIC_REPRESENTATION_CONTEXT() REPRESENTATION_CONTEXT('2D SPACE',''
  ) );
#2098 = PCURVE('',#2099,#2104);
#2099 = PLANE('',#2100);
#2100 = AXIS2_PLACEMENT_3D('',#2101,#2102,#2103);
#2101 = CARTESIAN_POINT('',(-1.27,5.75,1.6));
#2102 = DIRECTION('',(-0.,-0.,1.));
#2103 = DIRECTION('',(-1.,0.,0.));
#2104 = DEFINITIONAL_REPRESENTATION('',(#2105),#2113);
#2105 = ( BOUNDED_CURVE() B_SPLINE_CURVE(2,(#2106,#2107,#2108,#2109,
#2110,#2111,#2112),.UNSPECIFIED.,.T.,.F.) B_SPLINE_CURVE_WITH_KNOTS((1,2
    ,2,2,2,1),(-2.094395102393,0.,2.094395102393,4.188790204786,
6.28318530718,8.377580409573),.UNSPECIFIED.) CURVE() 
GEOMETRIC_REPRESENTATION_ITEM() RATIONAL_B_SPLINE_CURVE((1.,0.5,1.,0.5,
1.,0.5,1.)) REPRESENTATION_ITEM('') );
#2106 = CARTESIAN_POINT('',(-0.85,0.));
#2107 = CARTESIAN_POINT('',(-0.85,1.472243186434));
#2108 = CARTESIAN_POINT('',(0.425,0.736121593217));
#2109 = CARTESIAN_POINT('',(1.7,2.081899558551E-16));
#2110 = CARTESIAN_POINT('',(0.425,-0.736121593217));
#2111 = CARTESIAN_POINT('',(-0.85,-1.472243186434));
#2112 = CARTESIAN_POINT('',(-0.85,0.));
#2113 = ( GEOMETRIC_REPRESENTATION_CONTEXT(2) 
PARAMETRIC_REPRESENTATION_CONTEXT() REPRESENTATION_CONTEXT('2D SPACE',''
  ) );
#2114 = ADVANCED_FACE('',(#2115),#2129,.F.);
#2115 = FACE_BOUND('',#2116,.F.);
#2116 = EDGE_LOOP('',(#2117,#2147,#2173,#2174));
#2117 = ORIENTED_EDGE('',*,*,#2118,.T.);
#2118 = EDGE_CURVE('',#2119,#2121,#2123,.T.);
#2119 = VERTEX_POINT('',#2120);
#2120 = CARTESIAN_POINT('',(-0.77,5.75,1.6));
#2121 = VERTEX_POINT('',#2122);
#2122 = CARTESIAN_POINT('',(-0.77,5.75,1.65));
#2123 = SEAM_CURVE('',#2124,(#2128,#2140),.PCURVE_S1.);
#2124 = LINE('',#2125,#2126);
#2125 = CARTESIAN_POINT('',(-0.77,5.75,1.6));
#2126 = VECTOR('',#2127,1.);
#2127 = DIRECTION('',(-0.,-0.,1.));
#2128 = PCURVE('',#2129,#2134);
#2129 = CYLINDRICAL_SURFACE('',#2130,0.5);
#2130 = AXIS2_PLACEMENT_3D('',#2131,#2132,#2133);
#2131 = CARTESIAN_POINT('',(-1.27,5.75,1.6));
#2132 = DIRECTION('',(-0.,0.,-1.));
#2133 = DIRECTION('',(1.,-0.,-0.));
#2134 = DEFINITIONAL_REPRESENTATION('',(#2135),#2139);
#2135 = LINE('',#2136,#2137);
#2136 = CARTESIAN_POINT('',(0.,0.));
#2137 = VECTOR('',#2138,1.);
#2138 = DIRECTION('',(0.,-1.));
#2139 = ( GEOMETRIC_REPRESENTATION_CONTEXT(2) 
PARAMETRIC_REPRESENTATION_CONTEXT() REPRESENTATION_CONTEXT('2D SPACE',''
  ) );
#2140 = PCURVE('',#2129,#2141);
#2141 = DEFINITIONAL_REPRESENTATION('',(#2142),#2146);
#2142 = LINE('',#2143,#2144);
#2143 = CARTESIAN_POINT('',(6.28318530718,0.));
#2144 = VECTOR('',#2145,1.);
#2145 = DIRECTION('',(0.,-1.));
#2146 = ( GEOMETRIC_REPRESENTATION_CONTEXT(2) 
PARAMETRIC_REPRESENTATION_CONTEXT() REPRESENTATION_CONTEXT('2D SPACE',''
  ) );
#2147 = ORIENTED_EDGE('',*,*,#2148,.T.);
#2148 = EDGE_CURVE('',#2121,#2121,#2149,.T.);
#2149 = SURFACE_CURVE('',#2150,(#2155,#2162),.PCURVE_S1.);
#2150 = CIRCLE('',#2151,0.5);
#2151 = AXIS2_PLACEMENT_3D('',#2152,#2153,#2154);
#2152 = CARTESIAN_POINT('',(-1.27,5.75,1.65));
#2153 = DIRECTION('',(0.,0.,-1.));
#2154 = DIRECTION('',(1.,-0.,-0.));
#2155 = PCURVE('',#2129,#2156);
#2156 = DEFINITIONAL_REPRESENTATION('',(#2157),#2161);
#2157 = LINE('',#2158,#2159);
#2158 = CARTESIAN_POINT('',(0.,-5.E-02));
#2159 = VECTOR('',#2160,1.);
#2160 = DIRECTION('',(1.,0.));
#2161 = ( GEOMETRIC_REPRESENTATION_CONTEXT(2) 
PARAMETRIC_REPRESENTATION_CONTEXT() REPRESENTATION_CONTEXT('2D SPACE',''
  ) );
#2162 = PCURVE('',#2067,#2163);
#2163 = DEFINITIONAL_REPRESENTATION('',(#2164),#2172);
#2164 = ( BOUNDED_CURVE() B_SPLINE_CURVE(2,(#2165,#2166,#2167,#2168,
#2169,#2170,#2171),.UNSPECIFIED.,.T.,.F.) B_SPLINE_CURVE_WITH_KNOTS((1,2
    ,2,2,2,1),(-2.094395102393,0.,2.094395102393,4.188790204786,
6.28318530718,8.377580409573),.UNSPECIFIED.) CURVE() 
GEOMETRIC_REPRESENTATION_ITEM() RATIONAL_B_SPLINE_CURVE((1.,0.5,1.,0.5,
1.,0.5,1.)) REPRESENTATION_ITEM('') );
#2165 = CARTESIAN_POINT('',(-0.5,0.));
#2166 = CARTESIAN_POINT('',(-0.5,0.866025403784));
#2167 = CARTESIAN_POINT('',(0.25,0.433012701892));
#2168 = CARTESIAN_POINT('',(1.,1.224646799147E-16));
#2169 = CARTESIAN_POINT('',(0.25,-0.433012701892));
#2170 = CARTESIAN_POINT('',(-0.5,-0.866025403784));
#2171 = CARTESIAN_POINT('',(-0.5,0.));
#2172 = ( GEOMETRIC_REPRESENTATION_CONTEXT(2) 
PARAMETRIC_REPRESENTATION_CONTEXT() REPRESENTATION_CONTEXT('2D SPACE',''
  ) );
#2173 = ORIENTED_EDGE('',*,*,#2118,.F.);
#2174 = ORIENTED_EDGE('',*,*,#2175,.F.);
#2175 = EDGE_CURVE('',#2119,#2119,#2176,.T.);
#2176 = SURFACE_CURVE('',#2177,(#2182,#2189),.PCURVE_S1.);
#2177 = CIRCLE('',#2178,0.5);
#2178 = AXIS2_PLACEMENT_3D('',#2179,#2180,#2181);
#2179 = CARTESIAN_POINT('',(-1.27,5.75,1.6));
#2180 = DIRECTION('',(0.,0.,-1.));
#2181 = DIRECTION('',(1.,-0.,-0.));
#2182 = PCURVE('',#2129,#2183);
#2183 = DEFINITIONAL_REPRESENTATION('',(#2184),#2188);
#2184 = LINE('',#2185,#2186);
#2185 = CARTESIAN_POINT('',(0.,0.));
#2186 = VECTOR('',#2187,1.);
#2187 = DIRECTION('',(1.,0.));
#2188 = ( GEOMETRIC_REPRESENTATION_CONTEXT(2) 
PARAMETRIC_REPRESENTATION_CONTEXT() REPRESENTATION_CONTEXT('2D SPACE',''
  ) );
#2189 = PCURVE('',#2099,#2190);
#2190 = DEFINITIONAL_REPRESENTATION('',(#2191),#2199);
#2191 = ( BOUNDED_CURVE() B_SPLINE_CURVE(2,(#2192,#2193,#2194,#2195,
#2196,#2197,#2198),.UNSPECIFIED.,.T.,.F.) B_SPLINE_CURVE_WITH_KNOTS((1,2
    ,2,2,2,1),(-2.094395102393,0.,2.094395102393,4.188790204786,
6.28318530718,8.377580409573),.UNSPECIFIED.) CURVE() 
GEOMETRIC_REPRESENTATION_ITEM() RATIONAL_B_SPLINE_CURVE((1.,0.5,1.,0.5,
1.,0.5,1.)) REPRESENTATION_ITEM('') );
#2192 = CARTESIAN_POINT('',(-0.5,0.));
#2193 = CARTESIAN_POINT('',(-0.5,0.866025403784));
#2194 = CARTESIAN_POINT('',(0.25,0.433012701892));
#2195 = CARTESIAN_POINT('',(1.,1.224646799147E-16));
#2196 = CARTESIAN_POINT('',(0.25,-0.433012701892));
#2197 = CARTESIAN_POINT('',(-0.5,-0.866025403784));
#2198 = CARTESIAN_POINT('',(-0.5,0.));
#2199 = ( GEOMETRIC_REPRESENTATION_CONTEXT(2) 
PARAMETRIC_REPRESENTATION_CONTEXT() REPRESENTATION_CONTEXT('2D SPACE',''
  ) );
#2200 = ADVANCED_FACE('',(#2201,#2204),#2099,.F.);
#2201 = FACE_BOUND('',#2202,.T.);
#2202 = EDGE_LOOP('',(#2203));
#2203 = ORIENTED_EDGE('',*,*,#2084,.T.);
#2204 = FACE_BOUND('',#2205,.T.);
#2205 = EDGE_LOOP('',(#2206));
#2206 = ORIENTED_EDGE('',*,*,#2175,.F.);
#2207 = ADVANCED_FACE('',(#2208,#2211),#2067,.T.);
#2208 = FACE_BOUND('',#2209,.F.);
#2209 = EDGE_LOOP('',(#2210));
#2210 = ORIENTED_EDGE('',*,*,#2052,.T.);
#2211 = FACE_BOUND('',#2212,.F.);
#2212 = EDGE_LOOP('',(#2213));
#2213 = ORIENTED_EDGE('',*,*,#2148,.F.);
#2214 = ( GEOMETRIC_REPRESENTATION_CONTEXT(3) 
GLOBAL_UNCERTAINTY_ASSIGNED_CONTEXT((#2218)) 
GLOBAL_UNIT_ASSIGNED_CONTEXT((#2215,#2216,#2217)) REPRESENTATION_CONTEXT
('Context #1','3D Context with UNIT and UNCERTAINTY') );
#2215 = ( LENGTH_UNIT() NAMED_UNIT(*) SI_UNIT(.MILLI.,.METRE.) );
#2216 = ( NAMED_UNIT(*) PLANE_ANGLE_UNIT() SI_UNIT($,.RADIAN.) );
#2217 = ( NAMED_UNIT(*) SI_UNIT($,.STERADIAN.) SOLID_ANGLE_UNIT() );
#2218 = UNCERTAINTY_MEASURE_WITH_UNIT(LENGTH_MEASURE(1.E-07),#2215,
  'distance_accuracy_value','confusion accuracy');
#2219 = CONTEXT_DEPENDENT_SHAPE_REPRESENTATION(#2220,#2222);
#2220 = ( REPRESENTATION_RELATIONSHIP('','',#2015,#10) 
REPRESENTATION_RELATIONSHIP_WITH_TRANSFORMATION(#2221) 
SHAPE_REPRESENTATION_RELATIONSHIP() );
#2221 = ITEM_DEFINED_TRANSFORMATION('','',#11,#27);
#2222 = PRODUCT_DEFINITION_SHAPE('Placement','Placement of an item',
  #2223);
#2223 = NEXT_ASSEMBLY_USAGE_OCCURRENCE('66','ring2','',#5,#2010,$);
#2224 = PRODUCT_RELATED_PRODUCT_CATEGORY('part',$,(#2012));
#2225 = SHAPE_DEFINITION_REPRESENTATION(#2226,#2232);
#2226 = PRODUCT_DEFINITION_SHAPE('','',#2227);
#2227 = PRODUCT_DEFINITION('design','',#2228,#2231);
#2228 = PRODUCT_DEFINITION_FORMATION('','',#2229);
#2229 = PRODUCT('ring3','ring3','',(#2230));
#2230 = PRODUCT_CONTEXT('',#2,'mechanical');
#2231 = PRODUCT_DEFINITION_CONTEXT('part definition',#2,'design');
#2232 = ADVANCED_BREP_SHAPE_REPRESENTATION('',(#11,#2233),#2431);
#2233 = MANIFOLD_SOLID_BREP('',#2234);
#2234 = CLOSED_SHELL('',(#2235,#2331,#2417,#2424));
#2235 = ADVANCED_FACE('',(#2236),#2250,.T.);
#2236 = FACE_BOUND('',#2237,.T.);
#2237 = EDGE_LOOP('',(#2238,#2268,#2299,#2300));
#2238 = ORIENTED_EDGE('',*,*,#2239,.T.);
#2239 = EDGE_CURVE('',#2240,#2242,#2244,.T.);
#2240 = VERTEX_POINT('',#2241);
#2241 = CARTESIAN_POINT('',(2.12,5.75,1.6));
#2242 = VERTEX_POINT('',#2243);
#2243 = CARTESIAN_POINT('',(2.12,5.75,1.65));
#2244 = SEAM_CURVE('',#2245,(#2249,#2261),.PCURVE_S1.);
#2245 = LINE('',#2246,#2247);
#2246 = CARTESIAN_POINT('',(2.12,5.75,1.6));
#2247 = VECTOR('',#2248,1.);
#2248 = DIRECTION('',(-0.,-0.,1.));
#2249 = PCURVE('',#2250,#2255);
#2250 = CYLINDRICAL_SURFACE('',#2251,0.85);
#2251 = AXIS2_PLACEMENT_3D('',#2252,#2253,#2254);
#2252 = CARTESIAN_POINT('',(1.27,5.75,1.6));
#2253 = DIRECTION('',(-0.,0.,-1.));
#2254 = DIRECTION('',(1.,-0.,-0.));
#2255 = DEFINITIONAL_REPRESENTATION('',(#2256),#2260);
#2256 = LINE('',#2257,#2258);
#2257 = CARTESIAN_POINT('',(0.,0.));
#2258 = VECTOR('',#2259,1.);
#2259 = DIRECTION('',(0.,-1.));
#2260 = ( GEOMETRIC_REPRESENTATION_CONTEXT(2) 
PARAMETRIC_REPRESENTATION_CONTEXT() REPRESENTATION_CONTEXT('2D SPACE',''
  ) );
#2261 = PCURVE('',#2250,#2262);
#2262 = DEFINITIONAL_REPRESENTATION('',(#2263),#2267);
#2263 = LINE('',#2264,#2265);
#2264 = CARTESIAN_POINT('',(6.28318530718,0.));
#2265 = VECTOR('',#2266,1.);
#2266 = DIRECTION('',(0.,-1.));
#2267 = ( GEOMETRIC_REPRESENTATION_CONTEXT(2) 
PARAMETRIC_REPRESENTATION_CONTEXT() REPRESENTATION_CONTEXT('2D SPACE',''
  ) );
#2268 = ORIENTED_EDGE('',*,*,#2269,.T.);
#2269 = EDGE_CURVE('',#2242,#2242,#2270,.T.);
#2270 = SURFACE_CURVE('',#2271,(#2276,#2283),.PCURVE_S1.);
#2271 = CIRCLE('',#2272,0.85);
#2272 = AXIS2_PLACEMENT_3D('',#2273,#2274,#2275);
#2273 = CARTESIAN_POINT('',(1.27,5.75,1.65));
#2274 = DIRECTION('',(0.,0.,-1.));
#2275 = DIRECTION('',(1.,-0.,-0.));
#2276 = PCURVE('',#2250,#2277);
#2277 = DEFINITIONAL_REPRESENTATION('',(#2278),#2282);
#2278 = LINE('',#2279,#2280);
#2279 = CARTESIAN_POINT('',(0.,-5.E-02));
#2280 = VECTOR('',#2281,1.);
#2281 = DIRECTION('',(1.,0.));
#2282 = ( GEOMETRIC_REPRESENTATION_CONTEXT(2) 
PARAMETRIC_REPRESENTATION_CONTEXT() REPRESENTATION_CONTEXT('2D SPACE',''
  ) );
#2283 = PCURVE('',#2284,#2289);
#2284 = PLANE('',#2285);
#2285 = AXIS2_PLACEMENT_3D('',#2286,#2287,#2288);
#2286 = CARTESIAN_POINT('',(1.27,5.75,1.65));
#2287 = DIRECTION('',(-0.,-0.,1.));
#2288 = DIRECTION('',(-1.,0.,0.));
#2289 = DEFINITIONAL_REPRESENTATION('',(#2290),#2298);
#2290 = ( BOUNDED_CURVE() B_SPLINE_CURVE(2,(#2291,#2292,#2293,#2294,
#2295,#2296,#2297),.UNSPECIFIED.,.T.,.F.) B_SPLINE_CURVE_WITH_KNOTS((1,2
    ,2,2,2,1),(-2.094395102393,0.,2.094395102393,4.188790204786,
6.28318530718,8.377580409573),.UNSPECIFIED.) CURVE() 
GEOMETRIC_REPRESENTATION_ITEM() RATIONAL_B_SPLINE_CURVE((1.,0.5,1.,0.5,
1.,0.5,1.)) REPRESENTATION_ITEM('') );
#2291 = CARTESIAN_POINT('',(-0.85,0.));
#2292 = CARTESIAN_POINT('',(-0.85,1.472243186434));
#2293 = CARTESIAN_POINT('',(0.425,0.736121593217));
#2294 = CARTESIAN_POINT('',(1.7,2.081899558551E-16));
#2295 = CARTESIAN_POINT('',(0.425,-0.736121593217));
#2296 = CARTESIAN_POINT('',(-0.85,-1.472243186434));
#2297 = CARTESIAN_POINT('',(-0.85,0.));
#2298 = ( GEOMETRIC_REPRESENTATION_CONTEXT(2) 
PARAMETRIC_REPRESENTATION_CONTEXT() REPRESENTATION_CONTEXT('2D SPACE',''
  ) );
#2299 = ORIENTED_EDGE('',*,*,#2239,.F.);
#2300 = ORIENTED_EDGE('',*,*,#2301,.F.);
#2301 = EDGE_CURVE('',#2240,#2240,#2302,.T.);
#2302 = SURFACE_CURVE('',#2303,(#2308,#2315),.PCURVE_S1.);
#2303 = CIRCLE('',#2304,0.85);
#2304 = AXIS2_PLACEMENT_3D('',#2305,#2306,#2307);
#2305 = CARTESIAN_POINT('',(1.27,5.75,1.6));
#2306 = DIRECTION('',(0.,0.,-1.));
#2307 = DIRECTION('',(1.,-0.,-0.));
#2308 = PCURVE('',#2250,#2309);
#2309 = DEFINITIONAL_REPRESENTATION('',(#2310),#2314);
#2310 = LINE('',#2311,#2312);
#2311 = CARTESIAN_POINT('',(0.,0.));
#2312 = VECTOR('',#2313,1.);
#2313 = DIRECTION('',(1.,0.));
#2314 = ( GEOMETRIC_REPRESENTATION_CONTEXT(2) 
PARAMETRIC_REPRESENTATION_CONTEXT() REPRESENTATION_CONTEXT('2D SPACE',''
  ) );
#2315 = PCURVE('',#2316,#2321);
#2316 = PLANE('',#2317);
#2317 = AXIS2_PLACEMENT_3D('',#2318,#2319,#2320);
#2318 = CARTESIAN_POINT('',(1.27,5.75,1.6));
#2319 = DIRECTION('',(-0.,-0.,1.));
#2320 = DIRECTION('',(-1.,0.,0.));
#2321 = DEFINITIONAL_REPRESENTATION('',(#2322),#2330);
#2322 = ( BOUNDED_CURVE() B_SPLINE_CURVE(2,(#2323,#2324,#2325,#2326,
#2327,#2328,#2329),.UNSPECIFIED.,.T.,.F.) B_SPLINE_CURVE_WITH_KNOTS((1,2
    ,2,2,2,1),(-2.094395102393,0.,2.094395102393,4.188790204786,
6.28318530718,8.377580409573),.UNSPECIFIED.) CURVE() 
GEOMETRIC_REPRESENTATION_ITEM() RATIONAL_B_SPLINE_CURVE((1.,0.5,1.,0.5,
1.,0.5,1.)) REPRESENTATION_ITEM('') );
#2323 = CARTESIAN_POINT('',(-0.85,0.));
#2324 = CARTESIAN_POINT('',(-0.85,1.472243186434));
#2325 = CARTESIAN_POINT('',(0.425,0.736121593217));
#2326 = CARTESIAN_POINT('',(1.7,2.081899558551E-16));
#2327 = CARTESIAN_POINT('',(0.425,-0.736121593217));
#2328 = CARTESIAN_POINT('',(-0.85,-1.472243186434));
#2329 = CARTESIAN_POINT('',(-0.85,0.));
#2330 = ( GEOMETRIC_REPRESENTATION_CONTEXT(2) 
PARAMETRIC_REPRESENTATION_CONTEXT() REPRESENTATION_CONTEXT('2D SPACE',''
  ) );
#2331 = ADVANCED_FACE('',(#2332),#2346,.F.);
#2332 = FACE_BOUND('',#2333,.F.);
#2333 = EDGE_LOOP('',(#2334,#2364,#2390,#2391));
#2334 = ORIENTED_EDGE('',*,*,#2335,.T.);
#2335 = EDGE_CURVE('',#2336,#2338,#2340,.T.);
#2336 = VERTEX_POINT('',#2337);
#2337 = CARTESIAN_POINT('',(1.77,5.75,1.6));
#2338 = VERTEX_POINT('',#2339);
#2339 = CARTESIAN_POINT('',(1.77,5.75,1.65));
#2340 = SEAM_CURVE('',#2341,(#2345,#2357),.PCURVE_S1.);
#2341 = LINE('',#2342,#2343);
#2342 = CARTESIAN_POINT('',(1.77,5.75,1.6));
#2343 = VECTOR('',#2344,1.);
#2344 = DIRECTION('',(-0.,-0.,1.));
#2345 = PCURVE('',#2346,#2351);
#2346 = CYLINDRICAL_SURFACE('',#2347,0.5);
#2347 = AXIS2_PLACEMENT_3D('',#2348,#2349,#2350);
#2348 = CARTESIAN_POINT('',(1.27,5.75,1.6));
#2349 = DIRECTION('',(-0.,0.,-1.));
#2350 = DIRECTION('',(1.,-0.,-0.));
#2351 = DEFINITIONAL_REPRESENTATION('',(#2352),#2356);
#2352 = LINE('',#2353,#2354);
#2353 = CARTESIAN_POINT('',(0.,0.));
#2354 = VECTOR('',#2355,1.);
#2355 = DIRECTION('',(0.,-1.));
#2356 = ( GEOMETRIC_REPRESENTATION_CONTEXT(2) 
PARAMETRIC_REPRESENTATION_CONTEXT() REPRESENTATION_CONTEXT('2D SPACE',''
  ) );
#2357 = PCURVE('',#2346,#2358);
#2358 = DEFINITIONAL_REPRESENTATION('',(#2359),#2363);
#2359 = LINE('',#2360,#2361);
#2360 = CARTESIAN_POINT('',(6.28318530718,0.));
#2361 = VECTOR('',#2362,1.);
#2362 = DIRECTION('',(0.,-1.));
#2363 = ( GEOMETRIC_REPRESENTATION_CONTEXT(2) 
PARAMETRIC_REPRESENTATION_CONTEXT() REPRESENTATION_CONTEXT('2D SPACE',''
  ) );
#2364 = ORIENTED_EDGE('',*,*,#2365,.T.);
#2365 = EDGE_CURVE('',#2338,#2338,#2366,.T.);
#2366 = SURFACE_CURVE('',#2367,(#2372,#2379),.PCURVE_S1.);
#2367 = CIRCLE('',#2368,0.5);
#2368 = AXIS2_PLACEMENT_3D('',#2369,#2370,#2371);
#2369 = CARTESIAN_POINT('',(1.27,5.75,1.65));
#2370 = DIRECTION('',(0.,0.,-1.));
#2371 = DIRECTION('',(1.,-0.,-0.));
#2372 = PCURVE('',#2346,#2373);
#2373 = DEFINITIONAL_REPRESENTATION('',(#2374),#2378);
#2374 = LINE('',#2375,#2376);
#2375 = CARTESIAN_POINT('',(0.,-5.E-02));
#2376 = VECTOR('',#2377,1.);
#2377 = DIRECTION('',(1.,0.));
#2378 = ( GEOMETRIC_REPRESENTATION_CONTEXT(2) 
PARAMETRIC_REPRESENTATION_CONTEXT() REPRESENTATION_CONTEXT('2D SPACE',''
  ) );
#2379 = PCURVE('',#2284,#2380);
#2380 = DEFINITIONAL_REPRESENTATION('',(#2381),#2389);
#2381 = ( BOUNDED_CURVE() B_SPLINE_CURVE(2,(#2382,#2383,#2384,#2385,
#2386,#2387,#2388),.UNSPECIFIED.,.T.,.F.) B_SPLINE_CURVE_WITH_KNOTS((1,2
    ,2,2,2,1),(-2.094395102393,0.,2.094395102393,4.188790204786,
6.28318530718,8.377580409573),.UNSPECIFIED.) CURVE() 
GEOMETRIC_REPRESENTATION_ITEM() RATIONAL_B_SPLINE_CURVE((1.,0.5,1.,0.5,
1.,0.5,1.)) REPRESENTATION_ITEM('') );
#2382 = CARTESIAN_POINT('',(-0.5,0.));
#2383 = CARTESIAN_POINT('',(-0.5,0.866025403784));
#2384 = CARTESIAN_POINT('',(0.25,0.433012701892));
#2385 = CARTESIAN_POINT('',(1.,1.224646799147E-16));
#2386 = CARTESIAN_POINT('',(0.25,-0.433012701892));
#2387 = CARTESIAN_POINT('',(-0.5,-0.866025403784));
#2388 = CARTESIAN_POINT('',(-0.5,0.));
#2389 = ( GEOMETRIC_REPRESENTATION_CONTEXT(2) 
PARAMETRIC_REPRESENTATION_CONTEXT() REPRESENTATION_CONTEXT('2D SPACE',''
  ) );
#2390 = ORIENTED_EDGE('',*,*,#2335,.F.);
#2391 = ORIENTED_EDGE('',*,*,#2392,.F.);
#2392 = EDGE_CURVE('',#2336,#2336,#2393,.T.);
#2393 = SURFACE_CURVE('',#2394,(#2399,#2406),.PCURVE_S1.);
#2394 = CIRCLE('',#2395,0.5);
#2395 = AXIS2_PLACEMENT_3D('',#2396,#2397,#2398);
#2396 = CARTESIAN_POINT('',(1.27,5.75,1.6));
#2397 = DIRECTION('',(0.,0.,-1.));
#2398 = DIRECTION('',(1.,-0.,-0.));
#2399 = PCURVE('',#2346,#2400);
#2400 = DEFINITIONAL_REPRESENTATION('',(#2401),#2405);
#2401 = LINE('',#2402,#2403);
#2402 = CARTESIAN_POINT('',(0.,0.));
#2403 = VECTOR('',#2404,1.);
#2404 = DIRECTION('',(1.,0.));
#2405 = ( GEOMETRIC_REPRESENTATION_CONTEXT(2) 
PARAMETRIC_REPRESENTATION_CONTEXT() REPRESENTATION_CONTEXT('2D SPACE',''
  ) );
#2406 = PCURVE('',#2316,#2407);
#2407 = DEFINITIONAL_REPRESENTATION('',(#2408),#2416);
#2408 = ( BOUNDED_CURVE() B_SPLINE_CURVE(2,(#2409,#2410,#2411,#2412,
#2413,#2414,#2415),.UNSPECIFIED.,.T.,.F.) B_SPLINE_CURVE_WITH_KNOTS((1,2
    ,2,2,2,1),(-2.094395102393,0.,2.094395102393,4.188790204786,
6.28318530718,8.377580409573),.UNSPECIFIED.) CURVE() 
GEOMETRIC_REPRESENTATION_ITEM() RATIONAL_B_SPLINE_CURVE((1.,0.5,1.,0.5,
1.,0.5,1.)) REPRESENTATION_ITEM('') );
#2409 = CARTESIAN_POINT('',(-0.5,0.));
#2410 = CARTESIAN_POINT('',(-0.5,0.866025403784));
#2411 = CARTESIAN_POINT('',(0.25,0.433012701892));
#2412 = CARTESIAN_POINT('',(1.,1.224646799147E-16));
#2413 = CARTESIAN_POINT('',(0.25,-0.433012701892));
#2414 = CARTESIAN_POINT('',(-0.5,-0.866025403784));
#2415 = CARTESIAN_POINT('',(-0.5,0.));
#2416 = ( GEOMETRIC_REPRESENTATION_CONTEXT(2) 
PARAMETRIC_REPRESENTATION_CONTEXT() REPRESENTATION_CONTEXT('2D SPACE',''
  ) );
#2417 = ADVANCED_FACE('',(#2418,#2421),#2316,.F.);
#2418 = FACE_BOUND('',#2419,.T.);
#2419 = EDGE_LOOP('',(#2420));
#2420 = ORIENTED_EDGE('',*,*,#2301,.T.);
#2421 = FACE_BOUND('',#2422,.T.);
#2422 = EDGE_LOOP('',(#2423));
#2423 = ORIENTED_EDGE('',*,*,#2392,.F.);
#2424 = ADVANCED_FACE('',(#2425,#2428),#2284,.T.);
#2425 = FACE_BOUND('',#2426,.F.);
#2426 = EDGE_LOOP('',(#2427));
#2427 = ORIENTED_EDGE('',*,*,#2269,.T.);
#2428 = FACE_BOUND('',#2429,.F.);
#2429 = EDGE_LOOP('',(#2430));
#2430 = ORIENTED_EDGE('',*,*,#2365,.F.);
#2431 = ( GEOMETRIC_REPRESENTATION_CONTEXT(3) 
GLOBAL_UNCERTAINTY_ASSIGNED_CONTEXT((#2435)) 
GLOBAL_UNIT_ASSIGNED_CONTEXT((#2432,#2433,#2434)) REPRESENTATION_CONTEXT
('Context #1','3D Context with UNIT and UNCERTAINTY') );
#2432 = ( LENGTH_UNIT() NAMED_UNIT(*) SI_UNIT(.MILLI.,.METRE.) );
#2433 = ( NAMED_UNIT(*) PLANE_ANGLE_UNIT() SI_UNIT($,.RADIAN.) );
#2434 = ( NAMED_UNIT(*) SI_UNIT($,.STERADIAN.) SOLID_ANGLE_UNIT() );
#2435 = UNCERTAINTY_MEASURE_WITH_UNIT(LENGTH_MEASURE(1.E-07),#2432,
  'distance_accuracy_value','confusion accuracy');
#2436 = CONTEXT_DEPENDENT_SHAPE_REPRESENTATION(#2437,#2439);
#2437 = ( REPRESENTATION_RELATIONSHIP('','',#2232,#10) 
REPRESENTATION_RELATIONSHIP_WITH_TRANSFORMATION(#2438) 
SHAPE_REPRESENTATION_RELATIONSHIP() );
#2438 = ITEM_DEFINED_TRANSFORMATION('','',#11,#31);
#2439 = PRODUCT_DEFINITION_SHAPE('Placement','Placement of an item',
  #2440);
#2440 = NEXT_ASSEMBLY_USAGE_OCCURRENCE('67','ring3','',#5,#2227,$);
#2441 = PRODUCT_RELATED_PRODUCT_CATEGORY('part',$,(#2229));
#2442 = SHAPE_DEFINITION_REPRESENTATION(#2443,#2449);
#2443 = PRODUCT_DEFINITION_SHAPE('','',#2444);
#2444 = PRODUCT_DEFINITION('design','',#2445,#2448);
#2445 = PRODUCT_DEFINITION_FORMATION('','',#2446);
#2446 = PRODUCT('ring4','ring4','',(#2447));
#2447 = PRODUCT_CONTEXT('',#2,'mechanical');
#2448 = PRODUCT_DEFINITION_CONTEXT('part definition',#2,'design');
#2449 = ADVANCED_BREP_SHAPE_REPRESENTATION('',(#11,#2450),#2648);
#2450 = MANIFOLD_SOLID_BREP('',#2451);
#2451 = CLOSED_SHELL('',(#2452,#2548,#2634,#2641));
#2452 = ADVANCED_FACE('',(#2453),#2467,.T.);
#2453 = FACE_BOUND('',#2454,.T.);
#2454 = EDGE_LOOP('',(#2455,#2485,#2516,#2517));
#2455 = ORIENTED_EDGE('',*,*,#2456,.T.);
#2456 = EDGE_CURVE('',#2457,#2459,#2461,.T.);
#2457 = VERTEX_POINT('',#2458);
#2458 = CARTESIAN_POINT('',(4.66,5.75,1.6));
#2459 = VERTEX_POINT('',#2460);
#2460 = CARTESIAN_POINT('',(4.66,5.75,1.65));
#2461 = SEAM_CURVE('',#2462,(#2466,#2478),.PCURVE_S1.);
#2462 = LINE('',#2463,#2464);
#2463 = CARTESIAN_POINT('',(4.66,5.75,1.6));
#2464 = VECTOR('',#2465,1.);
#2465 = DIRECTION('',(-0.,-0.,1.));
#2466 = PCURVE('',#2467,#2472);
#2467 = CYLINDRICAL_SURFACE('',#2468,0.85);
#2468 = AXIS2_PLACEMENT_3D('',#2469,#2470,#2471);
#2469 = CARTESIAN_POINT('',(3.81,5.75,1.6));
#2470 = DIRECTION('',(-0.,0.,-1.));
#2471 = DIRECTION('',(1.,-0.,-0.));
#2472 = DEFINITIONAL_REPRESENTATION('',(#2473),#2477);
#2473 = LINE('',#2474,#2475);
#2474 = CARTESIAN_POINT('',(0.,0.));
#2475 = VECTOR('',#2476,1.);
#2476 = DIRECTION('',(0.,-1.));
#2477 = ( GEOMETRIC_REPRESENTATION_CONTEXT(2) 
PARAMETRIC_REPRESENTATION_CONTEXT() REPRESENTATION_CONTEXT('2D SPACE',''
  ) );
#2478 = PCURVE('',#2467,#2479);
#2479 = DEFINITIONAL_REPRESENTATION('',(#2480),#2484);
#2480 = LINE('',#2481,#2482);
#2481 = CARTESIAN_POINT('',(6.28318530718,0.));
#2482 = VECTOR('',#2483,1.);
#2483 = DIRECTION('',(0.,-1.));
#2484 = ( GEOMETRIC_REPRESENTATION_CONTEXT(2) 
PARAMETRIC_REPRESENTATION_CONTEXT() REPRESENTATION_CONTEXT('2D SPACE',''
  ) );
#2485 = ORIENTED_EDGE('',*,*,#2486,.T.);
#2486 = EDGE_CURVE('',#2459,#2459,#2487,.T.);
#2487 = SURFACE_CURVE('',#2488,(#2493,#2500),.PCURVE_S1.);
#2488 = CIRCLE('',#2489,0.85);
#2489 = AXIS2_PLACEMENT_3D('',#2490,#2491,#2492);
#2490 = CARTESIAN_POINT('',(3.81,5.75,1.65));
#2491 = DIRECTION('',(0.,0.,-1.));
#2492 = DIRECTION('',(1.,-0.,-0.));
#2493 = PCURVE('',#2467,#2494);
#2494 = DEFINITIONAL_REPRESENTATION('',(#2495),#2499);
#2495 = LINE('',#2496,#2497);
#2496 = CARTESIAN_POINT('',(0.,-5.E-02));
#2497 = VECTOR('',#2498,1.);
#2498 = DIRECTION('',(1.,0.));
#2499 = ( GEOMETRIC_REPRESENTATION_CONTEXT(2) 
PARAMETRIC_REPRESENTATION_CONTEXT() REPRESENTATION_CONTEXT('2D SPACE',''
  ) );
#2500 = PCURVE('',#2501,#2506);
#2501 = PLANE('',#2502);
#2502 = AXIS2_PLACEMENT_3D('',#2503,#2504,#2505);
#2503 = CARTESIAN_POINT('',(3.81,5.75,1.65));
#2504 = DIRECTION('',(-0.,-0.,1.));
#2505 = DIRECTION('',(-1.,0.,0.));
#2506 = DEFINITIONAL_REPRESENTATION('',(#2507),#2515);
#2507 = ( BOUNDED_CURVE() B_SPLINE_CURVE(2,(#2508,#2509,#2510,#2511,
#2512,#2513,#2514),.UNSPECIFIED.,.T.,.F.) B_SPLINE_CURVE_WITH_KNOTS((1,2
    ,2,2,2,1),(-2.094395102393,0.,2.094395102393,4.188790204786,
6.28318530718,8.377580409573),.UNSPECIFIED.) CURVE() 
GEOMETRIC_REPRESENTATION_ITEM() RATIONAL_B_SPLINE_CURVE((1.,0.5,1.,0.5,
1.,0.5,1.)) REPRESENTATION_ITEM('') );
#2508 = CARTESIAN_POINT('',(-0.85,8.881784197001E-16));
#2509 = CARTESIAN_POINT('',(-0.85,1.472243186434));
#2510 = CARTESIAN_POINT('',(0.425,0.736121593217));
#2511 = CARTESIAN_POINT('',(1.7,1.096368375555E-15));
#2512 = CARTESIAN_POINT('',(0.425,-0.736121593217));
#2513 = CARTESIAN_POINT('',(-0.85,-1.472243186434));
#2514 = CARTESIAN_POINT('',(-0.85,8.881784197001E-16));
#2515 = ( GEOMETRIC_REPRESENTATION_CONTEXT(2) 
PARAMETRIC_REPRESENTATION_CONTEXT() REPRESENTATION_CONTEXT('2D SPACE',''
  ) );
#2516 = ORIENTED_EDGE('',*,*,#2456,.F.);
#2517 = ORIENTED_EDGE('',*,*,#2518,.F.);
#2518 = EDGE_CURVE('',#2457,#2457,#2519,.T.);
#2519 = SURFACE_CURVE('',#2520,(#2525,#2532),.PCURVE_S1.);
#2520 = CIRCLE('',#2521,0.85);
#2521 = AXIS2_PLACEMENT_3D('',#2522,#2523,#2524);
#2522 = CARTESIAN_POINT('',(3.81,5.75,1.6));
#2523 = DIRECTION('',(0.,0.,-1.));
#2524 = DIRECTION('',(1.,-0.,-0.));
#2525 = PCURVE('',#2467,#2526);
#2526 = DEFINITIONAL_REPRESENTATION('',(#2527),#2531);
#2527 = LINE('',#2528,#2529);
#2528 = CARTESIAN_POINT('',(0.,0.));
#2529 = VECTOR('',#2530,1.);
#2530 = DIRECTION('',(1.,0.));
#2531 = ( GEOMETRIC_REPRESENTATION_CONTEXT(2) 
PARAMETRIC_REPRESENTATION_CONTEXT() REPRESENTATION_CONTEXT('2D SPACE',''
  ) );
#2532 = PCURVE('',#2533,#2538);
#2533 = PLANE('',#2534);
#2534 = AXIS2_PLACEMENT_3D('',#2535,#2536,#2537);
#2535 = CARTESIAN_POINT('',(3.81,5.75,1.6));
#2536 = DIRECTION('',(-0.,-0.,1.));
#2537 = DIRECTION('',(-1.,0.,0.));
#2538 = DEFINITIONAL_REPRESENTATION('',(#2539),#2547);
#2539 = ( BOUNDED_CURVE() B_SPLINE_CURVE(2,(#2540,#2541,#2542,#2543,
#2544,#2545,#2546),.UNSPECIFIED.,.T.,.F.) B_SPLINE_CURVE_WITH_KNOTS((1,2
    ,2,2,2,1),(-2.094395102393,0.,2.094395102393,4.188790204786,
6.28318530718,8.377580409573),.UNSPECIFIED.) CURVE() 
GEOMETRIC_REPRESENTATION_ITEM() RATIONAL_B_SPLINE_CURVE((1.,0.5,1.,0.5,
1.,0.5,1.)) REPRESENTATION_ITEM('') );
#2540 = CARTESIAN_POINT('',(-0.85,8.881784197001E-16));
#2541 = CARTESIAN_POINT('',(-0.85,1.472243186434));
#2542 = CARTESIAN_POINT('',(0.425,0.736121593217));
#2543 = CARTESIAN_POINT('',(1.7,1.096368375555E-15));
#2544 = CARTESIAN_POINT('',(0.425,-0.736121593217));
#2545 = CARTESIAN_POINT('',(-0.85,-1.472243186434));
#2546 = CARTESIAN_POINT('',(-0.85,8.881784197001E-16));
#2547 = ( GEOMETRIC_REPRESENTATION_CONTEXT(2) 
PARAMETRIC_REPRESENTATION_CONTEXT() REPRESENTATION_CONTEXT('2D SPACE',''
  ) );
#2548 = ADVANCED_FACE('',(#2549),#2563,.F.);
#2549 = FACE_BOUND('',#2550,.F.);
#2550 = EDGE_LOOP('',(#2551,#2581,#2607,#2608));
#2551 = ORIENTED_EDGE('',*,*,#2552,.T.);
#2552 = EDGE_CURVE('',#2553,#2555,#2557,.T.);
#2553 = VERTEX_POINT('',#2554);
#2554 = CARTESIAN_POINT('',(4.31,5.75,1.6));
#2555 = VERTEX_POINT('',#2556);
#2556 = CARTESIAN_POINT('',(4.31,5.75,1.65));
#2557 = SEAM_CURVE('',#2558,(#2562,#2574),.PCURVE_S1.);
#2558 = LINE('',#2559,#2560);
#2559 = CARTESIAN_POINT('',(4.31,5.75,1.6));
#2560 = VECTOR('',#2561,1.);
#2561 = DIRECTION('',(-0.,-0.,1.));
#2562 = PCURVE('',#2563,#2568);
#2563 = CYLINDRICAL_SURFACE('',#2564,0.5);
#2564 = AXIS2_PLACEMENT_3D('',#2565,#2566,#2567);
#2565 = CARTESIAN_POINT('',(3.81,5.75,1.6));
#2566 = DIRECTION('',(-0.,0.,-1.));
#2567 = DIRECTION('',(1.,-0.,-0.));
#2568 = DEFINITIONAL_REPRESENTATION('',(#2569),#2573);
#2569 = LINE('',#2570,#2571);
#2570 = CARTESIAN_POINT('',(0.,0.));
#2571 = VECTOR('',#2572,1.);
#2572 = DIRECTION('',(0.,-1.));
#2573 = ( GEOMETRIC_REPRESENTATION_CONTEXT(2) 
PARAMETRIC_REPRESENTATION_CONTEXT() REPRESENTATION_CONTEXT('2D SPACE',''
  ) );
#2574 = PCURVE('',#2563,#2575);
#2575 = DEFINITIONAL_REPRESENTATION('',(#2576),#2580);
#2576 = LINE('',#2577,#2578);
#2577 = CARTESIAN_POINT('',(6.28318530718,0.));
#2578 = VECTOR('',#2579,1.);
#2579 = DIRECTION('',(0.,-1.));
#2580 = ( GEOMETRIC_REPRESENTATION_CONTEXT(2) 
PARAMETRIC_REPRESENTATION_CONTEXT() REPRESENTATION_CONTEXT('2D SPACE',''
  ) );
#2581 = ORIENTED_EDGE('',*,*,#2582,.T.);
#2582 = EDGE_CURVE('',#2555,#2555,#2583,.T.);
#2583 = SURFACE_CURVE('',#2584,(#2589,#2596),.PCURVE_S1.);
#2584 = CIRCLE('',#2585,0.5);
#2585 = AXIS2_PLACEMENT_3D('',#2586,#2587,#2588);
#2586 = CARTESIAN_POINT('',(3.81,5.75,1.65));
#2587 = DIRECTION('',(0.,0.,-1.));
#2588 = DIRECTION('',(1.,-0.,-0.));
#2589 = PCURVE('',#2563,#2590);
#2590 = DEFINITIONAL_REPRESENTATION('',(#2591),#2595);
#2591 = LINE('',#2592,#2593);
#2592 = CARTESIAN_POINT('',(0.,-5.E-02));
#2593 = VECTOR('',#2594,1.);
#2594 = DIRECTION('',(1.,0.));
#2595 = ( GEOMETRIC_REPRESENTATION_CONTEXT(2) 
PARAMETRIC_REPRESENTATION_CONTEXT() REPRESENTATION_CONTEXT('2D SPACE',''
  ) );
#2596 = PCURVE('',#2501,#2597);
#2597 = DEFINITIONAL_REPRESENTATION('',(#2598),#2606);
#2598 = ( BOUNDED_CURVE() B_SPLINE_CURVE(2,(#2599,#2600,#2601,#2602,
#2603,#2604,#2605),.UNSPECIFIED.,.T.,.F.) B_SPLINE_CURVE_WITH_KNOTS((1,2
    ,2,2,2,1),(-2.094395102393,0.,2.094395102393,4.188790204786,
6.28318530718,8.377580409573),.UNSPECIFIED.) CURVE() 
GEOMETRIC_REPRESENTATION_ITEM() RATIONAL_B_SPLINE_CURVE((1.,0.5,1.,0.5,
1.,0.5,1.)) REPRESENTATION_ITEM('') );
#2599 = CARTESIAN_POINT('',(-0.5,8.881784197001E-16));
#2600 = CARTESIAN_POINT('',(-0.5,0.866025403784));
#2601 = CARTESIAN_POINT('',(0.25,0.433012701892));
#2602 = CARTESIAN_POINT('',(1.,1.010643099615E-15));
#2603 = CARTESIAN_POINT('',(0.25,-0.433012701892));
#2604 = CARTESIAN_POINT('',(-0.5,-0.866025403784));
#2605 = CARTESIAN_POINT('',(-0.5,8.881784197001E-16));
#2606 = ( GEOMETRIC_REPRESENTATION_CONTEXT(2) 
PARAMETRIC_REPRESENTATION_CONTEXT() REPRESENTATION_CONTEXT('2D SPACE',''
  ) );
#2607 = ORIENTED_EDGE('',*,*,#2552,.F.);
#2608 = ORIENTED_EDGE('',*,*,#2609,.F.);
#2609 = EDGE_CURVE('',#2553,#2553,#2610,.T.);
#2610 = SURFACE_CURVE('',#2611,(#2616,#2623),.PCURVE_S1.);
#2611 = CIRCLE('',#2612,0.5);
#2612 = AXIS2_PLACEMENT_3D('',#2613,#2614,#2615);
#2613 = CARTESIAN_POINT('',(3.81,5.75,1.6));
#2614 = DIRECTION('',(0.,0.,-1.));
#2615 = DIRECTION('',(1.,-0.,-0.));
#2616 = PCURVE('',#2563,#2617);
#2617 = DEFINITIONAL_REPRESENTATION('',(#2618),#2622);
#2618 = LINE('',#2619,#2620);
#2619 = CARTESIAN_POINT('',(0.,0.));
#2620 = VECTOR('',#2621,1.);
#2621 = DIRECTION('',(1.,0.));
#2622 = ( GEOMETRIC_REPRESENTATION_CONTEXT(2) 
PARAMETRIC_REPRESENTATION_CONTEXT() REPRESENTATION_CONTEXT('2D SPACE',''
  ) );
#2623 = PCURVE('',#2533,#2624);
#2624 = DEFINITIONAL_REPRESENTATION('',(#2625),#2633);
#2625 = ( BOUNDED_CURVE() B_SPLINE_CURVE(2,(#2626,#2627,#2628,#2629,
#2630,#2631,#2632),.UNSPECIFIED.,.T.,.F.) B_SPLINE_CURVE_WITH_KNOTS((1,2
    ,2,2,2,1),(-2.094395102393,0.,2.094395102393,4.188790204786,
6.28318530718,8.377580409573),.UNSPECIFIED.) CURVE() 
GEOMETRIC_REPRESENTATION_ITEM() RATIONAL_B_SPLINE_CURVE((1.,0.5,1.,0.5,
1.,0.5,1.)) REPRESENTATION_ITEM('') );
#2626 = CARTESIAN_POINT('',(-0.5,8.881784197001E-16));
#2627 = CARTESIAN_POINT('',(-0.5,0.866025403784));
#2628 = CARTESIAN_POINT('',(0.25,0.433012701892));
#2629 = CARTESIAN_POINT('',(1.,1.010643099615E-15));
#2630 = CARTESIAN_POINT('',(0.25,-0.433012701892));
#2631 = CARTESIAN_POINT('',(-0.5,-0.866025403784));
#2632 = CARTESIAN_POINT('',(-0.5,8.881784197001E-16));
#2633 = ( GEOMETRIC_REPRESENTATION_CONTEXT(2) 
PARAMETRIC_REPRESENTATION_CONTEXT() REPRESENTATION_CONTEXT('2D SPACE',''
  ) );
#2634 = ADVANCED_FACE('',(#2635,#2638),#2533,.F.);
#2635 = FACE_BOUND('',#2636,.T.);
#2636 = EDGE_LOOP('',(#2637));
#2637 = ORIENTED_EDGE('',*,*,#2518,.T.);
#2638 = FACE_BOUND('',#2639,.T.);
#2639 = EDGE_LOOP('',(#2640));
#2640 = ORIENTED_EDGE('',*,*,#2609,.F.);
#2641 = ADVANCED_FACE('',(#2642,#2645),#2501,.T.);
#2642 = FACE_BOUND('',#2643,.F.);
#2643 = EDGE_LOOP('',(#2644));
#2644 = ORIENTED_EDGE('',*,*,#2486,.T.);
#2645 = FACE_BOUND('',#2646,.F.);
#2646 = EDGE_LOOP('',(#2647));
#2647 = ORIENTED_EDGE('',*,*,#2582,.F.);
#2648 = ( GEOMETRIC_REPRESENTATION_CONTEXT(3) 
GLOBAL_UNCERTAINTY_ASSIGNED_CONTEXT((#2652)) 
GLOBAL_UNIT_ASSIGNED_CONTEXT((#2649,#2650,#2651)) REPRESENTATION_CONTEXT
('Context #1','3D Context with UNIT and UNCERTAINTY') );
#2649 = ( LENGTH_UNIT() NAMED_UNIT(*) SI_UNIT(.MILLI.,.METRE.) );
#2650 = ( NAMED_UNIT(*) PLANE_ANGLE_UNIT() SI_UNIT($,.RADIAN.) );
#2651 = ( NAMED_UNIT(*) SI_UNIT($,.STERADIAN.) SOLID_ANGLE_UNIT() );
#2652 = UNCERTAINTY_MEASURE_WITH_UNIT(LENGTH_MEASURE(1.E-07),#2649,
  'distance_accuracy_value','confusion accuracy');
#2653 = CONTEXT_DEPENDENT_SHAPE_REPRESENTATION(#2654,#2656);
#2654 = ( REPRESENTATION_RELATIONSHIP('','',#2449,#10) 
REPRESENTATION_RELATIONSHIP_WITH_TRANSFORMATION(#2655) 
SHAPE_REPRESENTATION_RELATIONSHIP() );
#2655 = ITEM_DEFINED_TRANSFORMATION('','',#11,#35);
#2656 = PRODUCT_DEFINITION_SHAPE('Placement','Placement of an item',
  #2657);
#2657 = NEXT_ASSEMBLY_USAGE_OCCURRENCE('68','ring4','',#5,#2444,$);
#2658 = PRODUCT_RELATED_PRODUCT_CATEGORY('part',$,(#2446));
#2659 = SHAPE_DEFINITION_REPRESENTATION(#2660,#2666);
#2660 = PRODUCT_DEFINITION_SHAPE('','',#2661);
#2661 = PRODUCT_DEFINITION('design','',#2662,#2665);
#2662 = PRODUCT_DEFINITION_FORMATION('','',#2663);
#2663 = PRODUCT('ring5','ring5','',(#2664));
#2664 = PRODUCT_CONTEXT('',#2,'mechanical');
#2665 = PRODUCT_DEFINITION_CONTEXT('part definition',#2,'design');
#2666 = ADVANCED_BREP_SHAPE_REPRESENTATION('',(#11,#2667),#2865);
#2667 = MANIFOLD_SOLID_BREP('',#2668);
#2668 = CLOSED_SHELL('',(#2669,#2765,#2851,#2858));
#2669 = ADVANCED_FACE('',(#2670),#2684,.T.);
#2670 = FACE_BOUND('',#2671,.T.);
#2671 = EDGE_LOOP('',(#2672,#2702,#2733,#2734));
#2672 = ORIENTED_EDGE('',*,*,#2673,.T.);
#2673 = EDGE_CURVE('',#2674,#2676,#2678,.T.);
#2674 = VERTEX_POINT('',#2675);
#2675 = CARTESIAN_POINT('',(7.2,5.75,1.6));
#2676 = VERTEX_POINT('',#2677);
#2677 = CARTESIAN_POINT('',(7.2,5.75,1.65));
#2678 = SEAM_CURVE('',#2679,(#2683,#2695),.PCURVE_S1.);
#2679 = LINE('',#2680,#2681);
#2680 = CARTESIAN_POINT('',(7.2,5.75,1.6));
#2681 = VECTOR('',#2682,1.);
#2682 = DIRECTION('',(-0.,-0.,1.));
#2683 = PCURVE('',#2684,#2689);
#2684 = CYLINDRICAL_SURFACE('',#2685,0.85);
#2685 = AXIS2_PLACEMENT_3D('',#2686,#2687,#2688);
#2686 = CARTESIAN_POINT('',(6.35,5.75,1.6));
#2687 = DIRECTION('',(-0.,0.,-1.));
#2688 = DIRECTION('',(1.,-0.,-0.));
#2689 = DEFINITIONAL_REPRESENTATION('',(#2690),#2694);
#2690 = LINE('',#2691,#2692);
#2691 = CARTESIAN_POINT('',(0.,0.));
#2692 = VECTOR('',#2693,1.);
#2693 = DIRECTION('',(0.,-1.));
#2694 = ( GEOMETRIC_REPRESENTATION_CONTEXT(2) 
PARAMETRIC_REPRESENTATION_CONTEXT() REPRESENTATION_CONTEXT('2D SPACE',''
  ) );
#2695 = PCURVE('',#2684,#2696);
#2696 = DEFINITIONAL_REPRESENTATION('',(#2697),#2701);
#2697 = LINE('',#2698,#2699);
#2698 = CARTESIAN_POINT('',(6.28318530718,0.));
#2699 = VECTOR('',#2700,1.);
#2700 = DIRECTION('',(0.,-1.));
#2701 = ( GEOMETRIC_REPRESENTATION_CONTEXT(2) 
PARAMETRIC_REPRESENTATION_CONTEXT() REPRESENTATION_CONTEXT('2D SPACE',''
  ) );
#2702 = ORIENTED_EDGE('',*,*,#2703,.T.);
#2703 = EDGE_CURVE('',#2676,#2676,#2704,.T.);
#2704 = SURFACE_CURVE('',#2705,(#2710,#2717),.PCURVE_S1.);
#2705 = CIRCLE('',#2706,0.85);
#2706 = AXIS2_PLACEMENT_3D('',#2707,#2708,#2709);
#2707 = CARTESIAN_POINT('',(6.35,5.75,1.65));
#2708 = DIRECTION('',(0.,0.,-1.));
#2709 = DIRECTION('',(1.,-0.,-0.));
#2710 = PCURVE('',#2684,#2711);
#2711 = DEFINITIONAL_REPRESENTATION('',(#2712),#2716);
#2712 = LINE('',#2713,#2714);
#2713 = CARTESIAN_POINT('',(0.,-5.E-02));
#2714 = VECTOR('',#2715,1.);
#2715 = DIRECTION('',(1.,0.));
#2716 = ( GEOMETRIC_REPRESENTATION_CONTEXT(2) 
PARAMETRIC_REPRESENTATION_CONTEXT() REPRESENTATION_CONTEXT('2D SPACE',''
  ) );
#2717 = PCURVE('',#2718,#2723);
#2718 = PLANE('',#2719);
#2719 = AXIS2_PLACEMENT_3D('',#2720,#2721,#2722);
#2720 = CARTESIAN_POINT('',(6.35,5.75,1.65));
#2721 = DIRECTION('',(-0.,-0.,1.));
#2722 = DIRECTION('',(-1.,0.,0.));
#2723 = DEFINITIONAL_REPRESENTATION('',(#2724),#2732);
#2724 = ( BOUNDED_CURVE() B_SPLINE_CURVE(2,(#2725,#2726,#2727,#2728,
#2729,#2730,#2731),.UNSPECIFIED.,.T.,.F.) B_SPLINE_CURVE_WITH_KNOTS((1,2
    ,2,2,2,1),(-2.094395102393,0.,2.094395102393,4.188790204786,
6.28318530718,8.377580409573),.UNSPECIFIED.) CURVE() 
GEOMETRIC_REPRESENTATION_ITEM() RATIONAL_B_SPLINE_CURVE((1.,0.5,1.,0.5,
1.,0.5,1.)) REPRESENTATION_ITEM('') );
#2725 = CARTESIAN_POINT('',(-0.85,8.881784197001E-16));
#2726 = CARTESIAN_POINT('',(-0.85,1.472243186434));
#2727 = CARTESIAN_POINT('',(0.425,0.736121593217));
#2728 = CARTESIAN_POINT('',(1.7,1.096368375555E-15));
#2729 = CARTESIAN_POINT('',(0.425,-0.736121593217));
#2730 = CARTESIAN_POINT('',(-0.85,-1.472243186434));
#2731 = CARTESIAN_POINT('',(-0.85,8.881784197001E-16));
#2732 = ( GEOMETRIC_REPRESENTATION_CONTEXT(2) 
PARAMETRIC_REPRESENTATION_CONTEXT() REPRESENTATION_CONTEXT('2D SPACE',''
  ) );
#2733 = ORIENTED_EDGE('',*,*,#2673,.F.);
#2734 = ORIENTED_EDGE('',*,*,#2735,.F.);
#2735 = EDGE_CURVE('',#2674,#2674,#2736,.T.);
#2736 = SURFACE_CURVE('',#2737,(#2742,#2749),.PCURVE_S1.);
#2737 = CIRCLE('',#2738,0.85);
#2738 = AXIS2_PLACEMENT_3D('',#2739,#2740,#2741);
#2739 = CARTESIAN_POINT('',(6.35,5.75,1.6));
#2740 = DIRECTION('',(0.,0.,-1.));
#2741 = DIRECTION('',(1.,-0.,-0.));
#2742 = PCURVE('',#2684,#2743);
#2743 = DEFINITIONAL_REPRESENTATION('',(#2744),#2748);
#2744 = LINE('',#2745,#2746);
#2745 = CARTESIAN_POINT('',(0.,0.));
#2746 = VECTOR('',#2747,1.);
#2747 = DIRECTION('',(1.,0.));
#2748 = ( GEOMETRIC_REPRESENTATION_CONTEXT(2) 
PARAMETRIC_REPRESENTATION_CONTEXT() REPRESENTATION_CONTEXT('2D SPACE',''
  ) );
#2749 = PCURVE('',#2750,#2755);
#2750 = PLANE('',#2751);
#2751 = AXIS2_PLACEMENT_3D('',#2752,#2753,#2754);
#2752 = CARTESIAN_POINT('',(6.35,5.75,1.6));
#2753 = DIRECTION('',(-0.,-0.,1.));
#2754 = DIRECTION('',(-1.,0.,0.));
#2755 = DEFINITIONAL_REPRESENTATION('',(#2756),#2764);
#2756 = ( BOUNDED_CURVE() B_SPLINE_CURVE(2,(#2757,#2758,#2759,#2760,
#2761,#2762,#2763),.UNSPECIFIED.,.T.,.F.) B_SPLINE_CURVE_WITH_KNOTS((1,2
    ,2,2,2,1),(-2.094395102393,0.,2.094395102393,4.188790204786,
6.28318530718,8.377580409573),.UNSPECIFIED.) CURVE() 
GEOMETRIC_REPRESENTATION_ITEM() RATIONAL_B_SPLINE_CURVE((1.,0.5,1.,0.5,
1.,0.5,1.)) REPRESENTATION_ITEM('') );
#2757 = CARTESIAN_POINT('',(-0.85,8.881784197001E-16));
#2758 = CARTESIAN_POINT('',(-0.85,1.472243186434));
#2759 = CARTESIAN_POINT('',(0.425,0.736121593217));
#2760 = CARTESIAN_POINT('',(1.7,1.096368375555E-15));
#2761 = CARTESIAN_POINT('',(0.425,-0.736121593217));
#2762 = CARTESIAN_POINT('',(-0.85,-1.472243186434));
#2763 = CARTESIAN_POINT('',(-0.85,8.881784197001E-16));
#2764 = ( GEOMETRIC_REPRESENTATION_CONTEXT(2) 
PARAMETRIC_REPRESENTATION_CONTEXT() REPRESENTATION_CONTEXT('2D SPACE',''
  ) );
#2765 = ADVANCED_FACE('',(#2766),#2780,.F.);
#2766 = FACE_BOUND('',#2767,.F.);
#2767 = EDGE_LOOP('',(#2768,#2798,#2824,#2825));
#2768 = ORIENTED_EDGE('',*,*,#2769,.T.);
#2769 = EDGE_CURVE('',#2770,#2772,#2774,.T.);
#2770 = VERTEX_POINT('',#2771);
#2771 = CARTESIAN_POINT('',(6.85,5.75,1.6));
#2772 = VERTEX_POINT('',#2773);
#2773 = CARTESIAN_POINT('',(6.85,5.75,1.65));
#2774 = SEAM_CURVE('',#2775,(#2779,#2791),.PCURVE_S1.);
#2775 = LINE('',#2776,#2777);
#2776 = CARTESIAN_POINT('',(6.85,5.75,1.6));
#2777 = VECTOR('',#2778,1.);
#2778 = DIRECTION('',(-0.,-0.,1.));
#2779 = PCURVE('',#2780,#2785);
#2780 = CYLINDRICAL_SURFACE('',#2781,0.5);
#2781 = AXIS2_PLACEMENT_3D('',#2782,#2783,#2784);
#2782 = CARTESIAN_POINT('',(6.35,5.75,1.6));
#2783 = DIRECTION('',(-0.,0.,-1.));
#2784 = DIRECTION('',(1.,-0.,-0.));
#2785 = DEFINITIONAL_REPRESENTATION('',(#2786),#2790);
#2786 = LINE('',#2787,#2788);
#2787 = CARTESIAN_POINT('',(0.,0.));
#2788 = VECTOR('',#2789,1.);
#2789 = DIRECTION('',(0.,-1.));
#2790 = ( GEOMETRIC_REPRESENTATION_CONTEXT(2) 
PARAMETRIC_REPRESENTATION_CONTEXT() REPRESENTATION_CONTEXT('2D SPACE',''
  ) );
#2791 = PCURVE('',#2780,#2792);
#2792 = DEFINITIONAL_REPRESENTATION('',(#2793),#2797);
#2793 = LINE('',#2794,#2795);
#2794 = CARTESIAN_POINT('',(6.28318530718,0.));
#2795 = VECTOR('',#2796,1.);
#2796 = DIRECTION('',(0.,-1.));
#2797 = ( GEOMETRIC_REPRESENTATION_CONTEXT(2) 
PARAMETRIC_REPRESENTATION_CONTEXT() REPRESENTATION_CONTEXT('2D SPACE',''
  ) );
#2798 = ORIENTED_EDGE('',*,*,#2799,.T.);
#2799 = EDGE_CURVE('',#2772,#2772,#2800,.T.);
#2800 = SURFACE_CURVE('',#2801,(#2806,#2813),.PCURVE_S1.);
#2801 = CIRCLE('',#2802,0.5);
#2802 = AXIS2_PLACEMENT_3D('',#2803,#2804,#2805);
#2803 = CARTESIAN_POINT('',(6.35,5.75,1.65));
#2804 = DIRECTION('',(0.,0.,-1.));
#2805 = DIRECTION('',(1.,-0.,-0.));
#2806 = PCURVE('',#2780,#2807);
#2807 = DEFINITIONAL_REPRESENTATION('',(#2808),#2812);
#2808 = LINE('',#2809,#2810);
#2809 = CARTESIAN_POINT('',(0.,-5.E-02));
#2810 = VECTOR('',#2811,1.);
#2811 = DIRECTION('',(1.,0.));
#2812 = ( GEOMETRIC_REPRESENTATION_CONTEXT(2) 
PARAMETRIC_REPRESENTATION_CONTEXT() REPRESENTATION_CONTEXT('2D SPACE',''
  ) );
#2813 = PCURVE('',#2718,#2814);
#2814 = DEFINITIONAL_REPRESENTATION('',(#2815),#2823);
#2815 = ( BOUNDED_CURVE() B_SPLINE_CURVE(2,(#2816,#2817,#2818,#2819,
#2820,#2821,#2822),.UNSPECIFIED.,.T.,.F.) B_SPLINE_CURVE_WITH_KNOTS((1,2
    ,2,2,2,1),(-2.094395102393,0.,2.094395102393,4.188790204786,
6.28318530718,8.377580409573),.UNSPECIFIED.) CURVE() 
GEOMETRIC_REPRESENTATION_ITEM() RATIONAL_B_SPLINE_CURVE((1.,0.5,1.,0.5,
1.,0.5,1.)) REPRESENTATION_ITEM('') );
#2816 = CARTESIAN_POINT('',(-0.5,8.881784197001E-16));
#2817 = CARTESIAN_POINT('',(-0.5,0.866025403784));
#2818 = CARTESIAN_POINT('',(0.25,0.433012701892));
#2819 = CARTESIAN_POINT('',(1.,1.010643099615E-15));
#2820 = CARTESIAN_POINT('',(0.25,-0.433012701892));
#2821 = CARTESIAN_POINT('',(-0.5,-0.866025403784));
#2822 = CARTESIAN_POINT('',(-0.5,8.881784197001E-16));
#2823 = ( GEOMETRIC_REPRESENTATION_CONTEXT(2) 
PARAMETRIC_REPRESENTATION_CONTEXT() REPRESENTATION_CONTEXT('2D SPACE',''
  ) );
#2824 = ORIENTED_EDGE('',*,*,#2769,.F.);
#2825 = ORIENTED_EDGE('',*,*,#2826,.F.);
#2826 = EDGE_CURVE('',#2770,#2770,#2827,.T.);
#2827 = SURFACE_CURVE('',#2828,(#2833,#2840),.PCURVE_S1.);
#2828 = CIRCLE('',#2829,0.5);
#2829 = AXIS2_PLACEMENT_3D('',#2830,#2831,#2832);
#2830 = CARTESIAN_POINT('',(6.35,5.75,1.6));
#2831 = DIRECTION('',(0.,0.,-1.));
#2832 = DIRECTION('',(1.,-0.,-0.));
#2833 = PCURVE('',#2780,#2834);
#2834 = DEFINITIONAL_REPRESENTATION('',(#2835),#2839);
#2835 = LINE('',#2836,#2837);
#2836 = CARTESIAN_POINT('',(0.,0.));
#2837 = VECTOR('',#2838,1.);
#2838 = DIRECTION('',(1.,0.));
#2839 = ( GEOMETRIC_REPRESENTATION_CONTEXT(2) 
PARAMETRIC_REPRESENTATION_CONTEXT() REPRESENTATION_CONTEXT('2D SPACE',''
  ) );
#2840 = PCURVE('',#2750,#2841);
#2841 = DEFINITIONAL_REPRESENTATION('',(#2842),#2850);
#2842 = ( BOUNDED_CURVE() B_SPLINE_CURVE(2,(#2843,#2844,#2845,#2846,
#2847,#2848,#2849),.UNSPECIFIED.,.T.,.F.) B_SPLINE_CURVE_WITH_KNOTS((1,2
    ,2,2,2,1),(-2.094395102393,0.,2.094395102393,4.188790204786,
6.28318530718,8.377580409573),.UNSPECIFIED.) CURVE() 
GEOMETRIC_REPRESENTATION_ITEM() RATIONAL_B_SPLINE_CURVE((1.,0.5,1.,0.5,
1.,0.5,1.)) REPRESENTATION_ITEM('') );
#2843 = CARTESIAN_POINT('',(-0.5,8.881784197001E-16));
#2844 = CARTESIAN_POINT('',(-0.5,0.866025403784));
#2845 = CARTESIAN_POINT('',(0.25,0.433012701892));
#2846 = CARTESIAN_POINT('',(1.,1.010643099615E-15));
#2847 = CARTESIAN_POINT('',(0.25,-0.433012701892));
#2848 = CARTESIAN_POINT('',(-0.5,-0.866025403784));
#2849 = CARTESIAN_POINT('',(-0.5,8.881784197001E-16));
#2850 = ( GEOMETRIC_REPRESENTATION_CONTEXT(2) 
PARAMETRIC_REPRESENTATION_CONTEXT() REPRESENTATION_CONTEXT('2D SPACE',''
  ) );
#2851 = ADVANCED_FACE('',(#2852,#2855),#2750,.F.);
#2852 = FACE_BOUND('',#2853,.T.);
#2853 = EDGE_LOOP('',(#2854));
#2854 = ORIENTED_EDGE('',*,*,#2735,.T.);
#2855 = FACE_BOUND('',#2856,.T.);
#2856 = EDGE_LOOP('',(#2857));
#2857 = ORIENTED_EDGE('',*,*,#2826,.F.);
#2858 = ADVANCED_FACE('',(#2859,#2862),#2718,.T.);
#2859 = FACE_BOUND('',#2860,.F.);
#2860 = EDGE_LOOP('',(#2861));
#2861 = ORIENTED_EDGE('',*,*,#2703,.T.);
#2862 = FACE_BOUND('',#2863,.F.);
#2863 = EDGE_LOOP('',(#2864));
#2864 = ORIENTED_EDGE('',*,*,#2799,.F.);
#2865 = ( GEOMETRIC_REPRESENTATION_CONTEXT(3) 
GLOBAL_UNCERTAINTY_ASSIGNED_CONTEXT((#2869)) 
GLOBAL_UNIT_ASSIGNED_CONTEXT((#2866,#2867,#2868)) REPRESENTATION_CONTEXT
('Context #1','3D Context with UNIT and UNCERTAINTY') );
#2866 = ( LENGTH_UNIT() NAMED_UNIT(*) SI_UNIT(.MILLI.,.METRE.) );
#2867 = ( NAMED_UNIT(*) PLANE_ANGLE_UNIT() SI_UNIT($,.RADIAN.) );
#2868 = ( NAMED_UNIT(*) SI_UNIT($,.STERADIAN.) SOLID_ANGLE_UNIT() );
#2869 = UNCERTAINTY_MEASURE_WITH_UNIT(LENGTH_MEASURE(1.E-07),#2866,
  'distance_accuracy_value','confusion accuracy');
#2870 = CONTEXT_DEPENDENT_SHAPE_REPRESENTATION(#2871,#2873);
#2871 = ( REPRESENTATION_RELATIONSHIP('','',#2666,#10) 
REPRESENTATION_RELATIONSHIP_WITH_TRANSFORMATION(#2872) 
SHAPE_REPRESENTATION_RELATIONSHIP() );
#2872 = ITEM_DEFINED_TRANSFORMATION('','',#11,#39);
#2873 = PRODUCT_DEFINITION_SHAPE('Placement','Placement of an item',
  #2874);
#2874 = NEXT_ASSEMBLY_USAGE_OCCURRENCE('69','ring5','',#5,#2661,$);
#2875 = PRODUCT_RELATED_PRODUCT_CATEGORY('part',$,(#2663));
#2876 = SHAPE_DEFINITION_REPRESENTATION(#2877,#2883);
#2877 = PRODUCT_DEFINITION_SHAPE('','',#2878);
#2878 = PRODUCT_DEFINITION('design','',#2879,#2882);
#2879 = PRODUCT_DEFINITION_FORMATION('','',#2880);
#2880 = PRODUCT('ring6','ring6','',(#2881));
#2881 = PRODUCT_CONTEXT('',#2,'mechanical');
#2882 = PRODUCT_DEFINITION_CONTEXT('part definition',#2,'design');
#2883 = ADVANCED_BREP_SHAPE_REPRESENTATION('',(#11,#2884),#3082);
#2884 = MANIFOLD_SOLID_BREP('',#2885);
#2885 = CLOSED_SHELL('',(#2886,#2982,#3068,#3075));
#2886 = ADVANCED_FACE('',(#2887),#2901,.T.);
#2887 = FACE_BOUND('',#2888,.T.);
#2888 = EDGE_LOOP('',(#2889,#2919,#2950,#2951));
#2889 = ORIENTED_EDGE('',*,*,#2890,.T.);
#2890 = EDGE_CURVE('',#2891,#2893,#2895,.T.);
#2891 = VERTEX_POINT('',#2892);
#2892 = CARTESIAN_POINT('',(-5.5,-5.75,1.6));
#2893 = VERTEX_POINT('',#2894);
#2894 = CARTESIAN_POINT('',(-5.5,-5.75,1.65));
#2895 = SEAM_CURVE('',#2896,(#2900,#2912),.PCURVE_S1.);
#2896 = LINE('',#2897,#2898);
#2897 = CARTESIAN_POINT('',(-5.5,-5.75,1.6));
#2898 = VECTOR('',#2899,1.);
#2899 = DIRECTION('',(-0.,-0.,1.));
#2900 = PCURVE('',#2901,#2906);
#2901 = CYLINDRICAL_SURFACE('',#2902,0.85);
#2902 = AXIS2_PLACEMENT_3D('',#2903,#2904,#2905);
#2903 = CARTESIAN_POINT('',(-6.35,-5.75,1.6));
#2904 = DIRECTION('',(-0.,0.,-1.));
#2905 = DIRECTION('',(1.,-0.,-0.));
#2906 = DEFINITIONAL_REPRESENTATION('',(#2907),#2911);
#2907 = LINE('',#2908,#2909);
#2908 = CARTESIAN_POINT('',(0.,0.));
#2909 = VECTOR('',#2910,1.);
#2910 = DIRECTION('',(0.,-1.));
#2911 = ( GEOMETRIC_REPRESENTATION_CONTEXT(2) 
PARAMETRIC_REPRESENTATION_CONTEXT() REPRESENTATION_CONTEXT('2D SPACE',''
  ) );
#2912 = PCURVE('',#2901,#2913);
#2913 = DEFINITIONAL_REPRESENTATION('',(#2914),#2918);
#2914 = LINE('',#2915,#2916);
#2915 = CARTESIAN_POINT('',(6.28318530718,0.));
#2916 = VECTOR('',#2917,1.);
#2917 = DIRECTION('',(0.,-1.));
#2918 = ( GEOMETRIC_REPRESENTATION_CONTEXT(2) 
PARAMETRIC_REPRESENTATION_CONTEXT() REPRESENTATION_CONTEXT('2D SPACE',''
  ) );
#2919 = ORIENTED_EDGE('',*,*,#2920,.T.);
#2920 = EDGE_CURVE('',#2893,#2893,#2921,.T.);
#2921 = SURFACE_CURVE('',#2922,(#2927,#2934),.PCURVE_S1.);
#2922 = CIRCLE('',#2923,0.85);
#2923 = AXIS2_PLACEMENT_3D('',#2924,#2925,#2926);
#2924 = CARTESIAN_POINT('',(-6.35,-5.75,1.65));
#2925 = DIRECTION('',(0.,0.,-1.));
#2926 = DIRECTION('',(1.,-0.,-0.));
#2927 = PCURVE('',#2901,#2928);
#2928 = DEFINITIONAL_REPRESENTATION('',(#2929),#2933);
#2929 = LINE('',#2930,#2931);
#2930 = CARTESIAN_POINT('',(0.,-5.E-02));
#2931 = VECTOR('',#2932,1.);
#2932 = DIRECTION('',(1.,0.));
#2933 = ( GEOMETRIC_REPRESENTATION_CONTEXT(2) 
PARAMETRIC_REPRESENTATION_CONTEXT() REPRESENTATION_CONTEXT('2D SPACE',''
  ) );
#2934 = PCURVE('',#2935,#2940);
#2935 = PLANE('',#2936);
#2936 = AXIS2_PLACEMENT_3D('',#2937,#2938,#2939);
#2937 = CARTESIAN_POINT('',(-6.35,-5.75,1.65));
#2938 = DIRECTION('',(-0.,-0.,1.));
#2939 = DIRECTION('',(-1.,0.,0.));
#2940 = DEFINITIONAL_REPRESENTATION('',(#2941),#2949);
#2941 = ( BOUNDED_CURVE() B_SPLINE_CURVE(2,(#2942,#2943,#2944,#2945,
#2946,#2947,#2948),.UNSPECIFIED.,.T.,.F.) B_SPLINE_CURVE_WITH_KNOTS((1,2
    ,2,2,2,1),(-2.094395102393,0.,2.094395102393,4.188790204786,
6.28318530718,8.377580409573),.UNSPECIFIED.) CURVE() 
GEOMETRIC_REPRESENTATION_ITEM() RATIONAL_B_SPLINE_CURVE((1.,0.5,1.,0.5,
1.,0.5,1.)) REPRESENTATION_ITEM('') );
#2942 = CARTESIAN_POINT('',(-0.85,-8.881784197001E-16));
#2943 = CARTESIAN_POINT('',(-0.85,1.472243186434));
#2944 = CARTESIAN_POINT('',(0.425,0.736121593217));
#2945 = CARTESIAN_POINT('',(1.7,-6.799884638451E-16));
#2946 = CARTESIAN_POINT('',(0.425,-0.736121593217));
#2947 = CARTESIAN_POINT('',(-0.85,-1.472243186434));
#2948 = CARTESIAN_POINT('',(-0.85,-8.881784197001E-16));
#2949 = ( GEOMETRIC_REPRESENTATION_CONTEXT(2) 
PARAMETRIC_REPRESENTATION_CONTEXT() REPRESENTATION_CONTEXT('2D SPACE',''
  ) );
#2950 = ORIENTED_EDGE('',*,*,#2890,.F.);
#2951 = ORIENTED_EDGE('',*,*,#2952,.F.);
#2952 = EDGE_CURVE('',#2891,#2891,#2953,.T.);
#2953 = SURFACE_CURVE('',#2954,(#2959,#2966),.PCURVE_S1.);
#2954 = CIRCLE('',#2955,0.85);
#2955 = AXIS2_PLACEMENT_3D('',#2956,#2957,#2958);
#2956 = CARTESIAN_POINT('',(-6.35,-5.75,1.6));
#2957 = DIRECTION('',(0.,0.,-1.));
#2958 = DIRECTION('',(1.,-0.,-0.));
#2959 = PCURVE('',#2901,#2960);
#2960 = DEFINITIONAL_REPRESENTATION('',(#2961),#2965);
#2961 = LINE('',#2962,#2963);
#2962 = CARTESIAN_POINT('',(0.,0.));
#2963 = VECTOR('',#2964,1.);
#2964 = DIRECTION('',(1.,0.));
#2965 = ( GEOMETRIC_REPRESENTATION_CONTEXT(2) 
PARAMETRIC_REPRESENTATION_CONTEXT() REPRESENTATION_CONTEXT('2D SPACE',''
  ) );
#2966 = PCURVE('',#2967,#2972);
#2967 = PLANE('',#2968);
#2968 = AXIS2_PLACEMENT_3D('',#2969,#2970,#2971);
#2969 = CARTESIAN_POINT('',(-6.35,-5.75,1.6));
#2970 = DIRECTION('',(-0.,-0.,1.));
#2971 = DIRECTION('',(-1.,0.,0.));
#2972 = DEFINITIONAL_REPRESENTATION('',(#2973),#2981);
#2973 = ( BOUNDED_CURVE() B_SPLINE_CURVE(2,(#2974,#2975,#2976,#2977,
#2978,#2979,#2980),.UNSPECIFIED.,.T.,.F.) B_SPLINE_CURVE_WITH_KNOTS((1,2
    ,2,2,2,1),(-2.094395102393,0.,2.094395102393,4.188790204786,
6.28318530718,8.377580409573),.UNSPECIFIED.) CURVE() 
GEOMETRIC_REPRESENTATION_ITEM() RATIONAL_B_SPLINE_CURVE((1.,0.5,1.,0.5,
1.,0.5,1.)) REPRESENTATION_ITEM('') );
#2974 = CARTESIAN_POINT('',(-0.85,-8.881784197001E-16));
#2975 = CARTESIAN_POINT('',(-0.85,1.472243186434));
#2976 = CARTESIAN_POINT('',(0.425,0.736121593217));
#2977 = CARTESIAN_POINT('',(1.7,-6.799884638451E-16));
#2978 = CARTESIAN_POINT('',(0.425,-0.736121593217));
#2979 = CARTESIAN_POINT('',(-0.85,-1.472243186434));
#2980 = CARTESIAN_POINT('',(-0.85,-8.881784197001E-16));
#2981 = ( GEOMETRIC_REPRESENTATION_CONTEXT(2) 
PARAMETRIC_REPRESENTATION_CONTEXT() REPRESENTATION_CONTEXT('2D SPACE',''
  ) );
#2982 = ADVANCED_FACE('',(#2983),#2997,.F.);
#2983 = FACE_BOUND('',#2984,.F.);
#2984 = EDGE_LOOP('',(#2985,#3015,#3041,#3042));
#2985 = ORIENTED_EDGE('',*,*,#2986,.T.);
#2986 = EDGE_CURVE('',#2987,#2989,#2991,.T.);
#2987 = VERTEX_POINT('',#2988);
#2988 = CARTESIAN_POINT('',(-5.85,-5.75,1.6));
#2989 = VERTEX_POINT('',#2990);
#2990 = CARTESIAN_POINT('',(-5.85,-5.75,1.65));
#2991 = SEAM_CURVE('',#2992,(#2996,#3008),.PCURVE_S1.);
#2992 = LINE('',#2993,#2994);
#2993 = CARTESIAN_POINT('',(-5.85,-5.75,1.6));
#2994 = VECTOR('',#2995,1.);
#2995 = DIRECTION('',(-0.,-0.,1.));
#2996 = PCURVE('',#2997,#3002);
#2997 = CYLINDRICAL_SURFACE('',#2998,0.5);
#2998 = AXIS2_PLACEMENT_3D('',#2999,#3000,#3001);
#2999 = CARTESIAN_POINT('',(-6.35,-5.75,1.6));
#3000 = DIRECTION('',(-0.,0.,-1.));
#3001 = DIRECTION('',(1.,-0.,-0.));
#3002 = DEFINITIONAL_REPRESENTATION('',(#3003),#3007);
#3003 = LINE('',#3004,#3005);
#3004 = CARTESIAN_POINT('',(0.,0.));
#3005 = VECTOR('',#3006,1.);
#3006 = DIRECTION('',(0.,-1.));
#3007 = ( GEOMETRIC_REPRESENTATION_CONTEXT(2) 
PARAMETRIC_REPRESENTATION_CONTEXT() REPRESENTATION_CONTEXT('2D SPACE',''
  ) );
#3008 = PCURVE('',#2997,#3009);
#3009 = DEFINITIONAL_REPRESENTATION('',(#3010),#3014);
#3010 = LINE('',#3011,#3012);
#3011 = CARTESIAN_POINT('',(6.28318530718,0.));
#3012 = VECTOR('',#3013,1.);
#3013 = DIRECTION('',(0.,-1.));
#3014 = ( GEOMETRIC_REPRESENTATION_CONTEXT(2) 
PARAMETRIC_REPRESENTATION_CONTEXT() REPRESENTATION_CONTEXT('2D SPACE',''
  ) );
#3015 = ORIENTED_EDGE('',*,*,#3016,.T.);
#3016 = EDGE_CURVE('',#2989,#2989,#3017,.T.);
#3017 = SURFACE_CURVE('',#3018,(#3023,#3030),.PCURVE_S1.);
#3018 = CIRCLE('',#3019,0.5);
#3019 = AXIS2_PLACEMENT_3D('',#3020,#3021,#3022);
#3020 = CARTESIAN_POINT('',(-6.35,-5.75,1.65));
#3021 = DIRECTION('',(0.,0.,-1.));
#3022 = DIRECTION('',(1.,-0.,-0.));
#3023 = PCURVE('',#2997,#3024);
#3024 = DEFINITIONAL_REPRESENTATION('',(#3025),#3029);
#3025 = LINE('',#3026,#3027);
#3026 = CARTESIAN_POINT('',(0.,-5.E-02));
#3027 = VECTOR('',#3028,1.);
#3028 = DIRECTION('',(1.,0.));
#3029 = ( GEOMETRIC_REPRESENTATION_CONTEXT(2) 
PARAMETRIC_REPRESENTATION_CONTEXT() REPRESENTATION_CONTEXT('2D SPACE',''
  ) );
#3030 = PCURVE('',#2935,#3031);
#3031 = DEFINITIONAL_REPRESENTATION('',(#3032),#3040);
#3032 = ( BOUNDED_CURVE() B_SPLINE_CURVE(2,(#3033,#3034,#3035,#3036,
#3037,#3038,#3039),.UNSPECIFIED.,.T.,.F.) B_SPLINE_CURVE_WITH_KNOTS((1,2
    ,2,2,2,1),(-2.094395102393,0.,2.094395102393,4.188790204786,
6.28318530718,8.377580409573),.UNSPECIFIED.) CURVE() 
GEOMETRIC_REPRESENTATION_ITEM() RATIONAL_B_SPLINE_CURVE((1.,0.5,1.,0.5,
1.,0.5,1.)) REPRESENTATION_ITEM('') );
#3033 = CARTESIAN_POINT('',(-0.5,-8.881784197001E-16));
#3034 = CARTESIAN_POINT('',(-0.5,0.866025403784));
#3035 = CARTESIAN_POINT('',(0.25,0.433012701892));
#3036 = CARTESIAN_POINT('',(1.,-7.657137397854E-16));
#3037 = CARTESIAN_POINT('',(0.25,-0.433012701892));
#3038 = CARTESIAN_POINT('',(-0.5,-0.866025403784));
#3039 = CARTESIAN_POINT('',(-0.5,-8.881784197001E-16));
#3040 = ( GEOMETRIC_REPRESENTATION_CONTEXT(2) 
PARAMETRIC_REPRESENTATION_CONTEXT() REPRESENTATION_CONTEXT('2D SPACE',''
  ) );
#3041 = ORIENTED_EDGE('',*,*,#2986,.F.);
#3042 = ORIENTED_EDGE('',*,*,#3043,.F.);
#3043 = EDGE_CURVE('',#2987,#2987,#3044,.T.);
#3044 = SURFACE_CURVE('',#3045,(#3050,#3057),.PCURVE_S1.);
#3045 = CIRCLE('',#3046,0.5);
#3046 = AXIS2_PLACEMENT_3D('',#3047,#3048,#3049);
#3047 = CARTESIAN_POINT('',(-6.35,-5.75,1.6));
#3048 = DIRECTION('',(0.,0.,-1.));
#3049 = DIRECTION('',(1.,-0.,-0.));
#3050 = PCURVE('',#2997,#3051);
#3051 = DEFINITIONAL_REPRESENTATION('',(#3052),#3056);
#3052 = LINE('',#3053,#3054);
#3053 = CARTESIAN_POINT('',(0.,0.));
#3054 = VECTOR('',#3055,1.);
#3055 = DIRECTION('',(1.,0.));
#3056 = ( GEOMETRIC_REPRESENTATION_CONTEXT(2) 
PARAMETRIC_REPRESENTATION_CONTEXT() REPRESENTATION_CONTEXT('2D SPACE',''
  ) );
#3057 = PCURVE('',#2967,#3058);
#3058 = DEFINITIONAL_REPRESENTATION('',(#3059),#3067);
#3059 = ( BOUNDED_CURVE() B_SPLINE_CURVE(2,(#3060,#3061,#3062,#3063,
#3064,#3065,#3066),.UNSPECIFIED.,.T.,.F.) B_SPLINE_CURVE_WITH_KNOTS((1,2
    ,2,2,2,1),(-2.094395102393,0.,2.094395102393,4.188790204786,
6.28318530718,8.377580409573),.UNSPECIFIED.) CURVE() 
GEOMETRIC_REPRESENTATION_ITEM() RATIONAL_B_SPLINE_CURVE((1.,0.5,1.,0.5,
1.,0.5,1.)) REPRESENTATION_ITEM('') );
#3060 = CARTESIAN_POINT('',(-0.5,-8.881784197001E-16));
#3061 = CARTESIAN_POINT('',(-0.5,0.866025403784));
#3062 = CARTESIAN_POINT('',(0.25,0.433012701892));
#3063 = CARTESIAN_POINT('',(1.,-7.657137397854E-16));
#3064 = CARTESIAN_POINT('',(0.25,-0.433012701892));
#3065 = CARTESIAN_POINT('',(-0.5,-0.866025403784));
#3066 = CARTESIAN_POINT('',(-0.5,-8.881784197001E-16));
#3067 = ( GEOMETRIC_REPRESENTATION_CONTEXT(2) 
PARAMETRIC_REPRESENTATION_CONTEXT() REPRESENTATION_CONTEXT('2D SPACE',''
  ) );
#3068 = ADVANCED_FACE('',(#3069,#3072),#2967,.F.);
#3069 = FACE_BOUND('',#3070,.T.);
#3070 = EDGE_LOOP('',(#3071));
#3071 = ORIENTED_EDGE('',*,*,#2952,.T.);
#3072 = FACE_BOUND('',#3073,.T.);
#3073 = EDGE_LOOP('',(#3074));
#3074 = ORIENTED_EDGE('',*,*,#3043,.F.);
#3075 = ADVANCED_FACE('',(#3076,#3079),#2935,.T.);
#3076 = FACE_BOUND('',#3077,.F.);
#3077 = EDGE_LOOP('',(#3078));
#3078 = ORIENTED_EDGE('',*,*,#2920,.T.);
#3079 = FACE_BOUND('',#3080,.F.);
#3080 = EDGE_LOOP('',(#3081));
#3081 = ORIENTED_EDGE('',*,*,#3016,.F.);
#3082 = ( GEOMETRIC_REPRESENTATION_CONTEXT(3) 
GLOBAL_UNCERTAINTY_ASSIGNED_CONTEXT((#3086)) 
GLOBAL_UNIT_ASSIGNED_CONTEXT((#3083,#3084,#3085)) REPRESENTATION_CONTEXT
('Context #1','3D Context with UNIT and UNCERTAINTY') );
#3083 = ( LENGTH_UNIT() NAMED_UNIT(*) SI_UNIT(.MILLI.,.METRE.) );
#3084 = ( NAMED_UNIT(*) PLANE_ANGLE_UNIT() SI_UNIT($,.RADIAN.) );
#3085 = ( NAMED_UNIT(*) SI_UNIT($,.STERADIAN.) SOLID_ANGLE_UNIT() );
#3086 = UNCERTAINTY_MEASURE_WITH_UNIT(LENGTH_MEASURE(1.E-07),#3083,
  'distance_accuracy_value','confusion accuracy');
#3087 = CONTEXT_DEPENDENT_SHAPE_REPRESENTATION(#3088,#3090);
#3088 = ( REPRESENTATION_RELATIONSHIP('','',#2883,#10) 
REPRESENTATION_RELATIONSHIP_WITH_TRANSFORMATION(#3089) 
SHAPE_REPRESENTATION_RELATIONSHIP() );
#3089 = ITEM_DEFINED_TRANSFORMATION('','',#11,#43);
#3090 = PRODUCT_DEFINITION_SHAPE('Placement','Placement of an item',
  #3091);
#3091 = NEXT_ASSEMBLY_USAGE_OCCURRENCE('70','ring6','',#5,#2878,$);
#3092 = PRODUCT_RELATED_PRODUCT_CATEGORY('part',$,(#2880));
#3093 = SHAPE_DEFINITION_REPRESENTATION(#3094,#3100);
#3094 = PRODUCT_DEFINITION_SHAPE('','',#3095);
#3095 = PRODUCT_DEFINITION('design','',#3096,#3099);
#3096 = PRODUCT_DEFINITION_FORMATION('','',#3097);
#3097 = PRODUCT('ring7','ring7','',(#3098));
#3098 = PRODUCT_CONTEXT('',#2,'mechanical');
#3099 = PRODUCT_DEFINITION_CONTEXT('part definition',#2,'design');
#3100 = ADVANCED_BREP_SHAPE_REPRESENTATION('',(#11,#3101),#3299);
#3101 = MANIFOLD_SOLID_BREP('',#3102);
#3102 = CLOSED_SHELL('',(#3103,#3199,#3285,#3292));
#3103 = ADVANCED_FACE('',(#3104),#3118,.T.);
#3104 = FACE_BOUND('',#3105,.T.);
#3105 = EDGE_LOOP('',(#3106,#3136,#3167,#3168));
#3106 = ORIENTED_EDGE('',*,*,#3107,.T.);
#3107 = EDGE_CURVE('',#3108,#3110,#3112,.T.);
#3108 = VERTEX_POINT('',#3109);
#3109 = CARTESIAN_POINT('',(-2.96,-5.75,1.6));
#3110 = VERTEX_POINT('',#3111);
#3111 = CARTESIAN_POINT('',(-2.96,-5.75,1.65));
#3112 = SEAM_CURVE('',#3113,(#3117,#3129),.PCURVE_S1.);
#3113 = LINE('',#3114,#3115);
#3114 = CARTESIAN_POINT('',(-2.96,-5.75,1.6));
#3115 = VECTOR('',#3116,1.);
#3116 = DIRECTION('',(-0.,-0.,1.));
#3117 = PCURVE('',#3118,#3123);
#3118 = CYLINDRICAL_SURFACE('',#3119,0.85);
#3119 = AXIS2_PLACEMENT_3D('',#3120,#3121,#3122);
#3120 = CARTESIAN_POINT('',(-3.81,-5.75,1.6));
#3121 = DIRECTION('',(-0.,0.,-1.));
#3122 = DIRECTION('',(1.,-0.,-0.));
#3123 = DEFINITIONAL_REPRESENTATION('',(#3124),#3128);
#3124 = LINE('',#3125,#3126);
#3125 = CARTESIAN_POINT('',(0.,0.));
#3126 = VECTOR('',#3127,1.);
#3127 = DIRECTION('',(0.,-1.));
#3128 = ( GEOMETRIC_REPRESENTATION_CONTEXT(2) 
PARAMETRIC_REPRESENTATION_CONTEXT() REPRESENTATION_CONTEXT('2D SPACE',''
  ) );
#3129 = PCURVE('',#3118,#3130);
#3130 = DEFINITIONAL_REPRESENTATION('',(#3131),#3135);
#3131 = LINE('',#3132,#3133);
#3132 = CARTESIAN_POINT('',(6.28318530718,0.));
#3133 = VECTOR('',#3134,1.);
#3134 = DIRECTION('',(0.,-1.));
#3135 = ( GEOMETRIC_REPRESENTATION_CONTEXT(2) 
PARAMETRIC_REPRESENTATION_CONTEXT() REPRESENTATION_CONTEXT('2D SPACE',''
  ) );
#3136 = ORIENTED_EDGE('',*,*,#3137,.T.);
#3137 = EDGE_CURVE('',#3110,#3110,#3138,.T.);
#3138 = SURFACE_CURVE('',#3139,(#3144,#3151),.PCURVE_S1.);
#3139 = CIRCLE('',#3140,0.85);
#3140 = AXIS2_PLACEMENT_3D('',#3141,#3142,#3143);
#3141 = CARTESIAN_POINT('',(-3.81,-5.75,1.65));
#3142 = DIRECTION('',(0.,0.,-1.));
#3143 = DIRECTION('',(1.,-0.,-0.));
#3144 = PCURVE('',#3118,#3145);
#3145 = DEFINITIONAL_REPRESENTATION('',(#3146),#3150);
#3146 = LINE('',#3147,#3148);
#3147 = CARTESIAN_POINT('',(0.,-5.E-02));
#3148 = VECTOR('',#3149,1.);
#3149 = DIRECTION('',(1.,0.));
#3150 = ( GEOMETRIC_REPRESENTATION_CONTEXT(2) 
PARAMETRIC_REPRESENTATION_CONTEXT() REPRESENTATION_CONTEXT('2D SPACE',''
  ) );
#3151 = PCURVE('',#3152,#3157);
#3152 = PLANE('',#3153);
#3153 = AXIS2_PLACEMENT_3D('',#3154,#3155,#3156);
#3154 = CARTESIAN_POINT('',(-3.81,-5.75,1.65));
#3155 = DIRECTION('',(-0.,-0.,1.));
#3156 = DIRECTION('',(-1.,0.,0.));
#3157 = DEFINITIONAL_REPRESENTATION('',(#3158),#3166);
#3158 = ( BOUNDED_CURVE() B_SPLINE_CURVE(2,(#3159,#3160,#3161,#3162,
#3163,#3164,#3165),.UNSPECIFIED.,.T.,.F.) B_SPLINE_CURVE_WITH_KNOTS((1,2
    ,2,2,2,1),(-2.094395102393,0.,2.094395102393,4.188790204786,
6.28318530718,8.377580409573),.UNSPECIFIED.) CURVE() 
GEOMETRIC_REPRESENTATION_ITEM() RATIONAL_B_SPLINE_CURVE((1.,0.5,1.,0.5,
1.,0.5,1.)) REPRESENTATION_ITEM('') );
#3159 = CARTESIAN_POINT('',(-0.85,8.881784197001E-16));
#3160 = CARTESIAN_POINT('',(-0.85,1.472243186434));
#3161 = CARTESIAN_POINT('',(0.425,0.736121593217));
#3162 = CARTESIAN_POINT('',(1.7,1.096368375555E-15));
#3163 = CARTESIAN_POINT('',(0.425,-0.736121593217));
#3164 = CARTESIAN_POINT('',(-0.85,-1.472243186434));
#3165 = CARTESIAN_POINT('',(-0.85,8.881784197001E-16));
#3166 = ( GEOMETRIC_REPRESENTATION_CONTEXT(2) 
PARAMETRIC_REPRESENTATION_CONTEXT() REPRESENTATION_CONTEXT('2D SPACE',''
  ) );
#3167 = ORIENTED_EDGE('',*,*,#3107,.F.);
#3168 = ORIENTED_EDGE('',*,*,#3169,.F.);
#3169 = EDGE_CURVE('',#3108,#3108,#3170,.T.);
#3170 = SURFACE_CURVE('',#3171,(#3176,#3183),.PCURVE_S1.);
#3171 = CIRCLE('',#3172,0.85);
#3172 = AXIS2_PLACEMENT_3D('',#3173,#3174,#3175);
#3173 = CARTESIAN_POINT('',(-3.81,-5.75,1.6));
#3174 = DIRECTION('',(0.,0.,-1.));
#3175 = DIRECTION('',(1.,-0.,-0.));
#3176 = PCURVE('',#3118,#3177);
#3177 = DEFINITIONAL_REPRESENTATION('',(#3178),#3182);
#3178 = LINE('',#3179,#3180);
#3179 = CARTESIAN_POINT('',(0.,0.));
#3180 = VECTOR('',#3181,1.);
#3181 = DIRECTION('',(1.,0.));
#3182 = ( GEOMETRIC_REPRESENTATION_CONTEXT(2) 
PARAMETRIC_REPRESENTATION_CONTEXT() REPRESENTATION_CONTEXT('2D SPACE',''
  ) );
#3183 = PCURVE('',#3184,#3189);
#3184 = PLANE('',#3185);
#3185 = AXIS2_PLACEMENT_3D('',#3186,#3187,#3188);
#3186 = CARTESIAN_POINT('',(-3.81,-5.75,1.6));
#3187 = DIRECTION('',(-0.,-0.,1.));
#3188 = DIRECTION('',(-1.,0.,0.));
#3189 = DEFINITIONAL_REPRESENTATION('',(#3190),#3198);
#3190 = ( BOUNDED_CURVE() B_SPLINE_CURVE(2,(#3191,#3192,#3193,#3194,
#3195,#3196,#3197),.UNSPECIFIED.,.T.,.F.) B_SPLINE_CURVE_WITH_KNOTS((1,2
    ,2,2,2,1),(-2.094395102393,0.,2.094395102393,4.188790204786,
6.28318530718,8.377580409573),.UNSPECIFIED.) CURVE() 
GEOMETRIC_REPRESENTATION_ITEM() RATIONAL_B_SPLINE_CURVE((1.,0.5,1.,0.5,
1.,0.5,1.)) REPRESENTATION_ITEM('') );
#3191 = CARTESIAN_POINT('',(-0.85,8.881784197001E-16));
#3192 = CARTESIAN_POINT('',(-0.85,1.472243186434));
#3193 = CARTESIAN_POINT('',(0.425,0.736121593217));
#3194 = CARTESIAN_POINT('',(1.7,1.096368375555E-15));
#3195 = CARTESIAN_POINT('',(0.425,-0.736121593217));
#3196 = CARTESIAN_POINT('',(-0.85,-1.472243186434));
#3197 = CARTESIAN_POINT('',(-0.85,8.881784197001E-16));
#3198 = ( GEOMETRIC_REPRESENTATION_CONTEXT(2) 
PARAMETRIC_REPRESENTATION_CONTEXT() REPRESENTATION_CONTEXT('2D SPACE',''
  ) );
#3199 = ADVANCED_FACE('',(#3200),#3214,.F.);
#3200 = FACE_BOUND('',#3201,.F.);
#3201 = EDGE_LOOP('',(#3202,#3232,#3258,#3259));
#3202 = ORIENTED_EDGE('',*,*,#3203,.T.);
#3203 = EDGE_CURVE('',#3204,#3206,#3208,.T.);
#3204 = VERTEX_POINT('',#3205);
#3205 = CARTESIAN_POINT('',(-3.31,-5.75,1.6));
#3206 = VERTEX_POINT('',#3207);
#3207 = CARTESIAN_POINT('',(-3.31,-5.75,1.65));
#3208 = SEAM_CURVE('',#3209,(#3213,#3225),.PCURVE_S1.);
#3209 = LINE('',#3210,#3211);
#3210 = CARTESIAN_POINT('',(-3.31,-5.75,1.6));
#3211 = VECTOR('',#3212,1.);
#3212 = DIRECTION('',(-0.,-0.,1.));
#3213 = PCURVE('',#3214,#3219);
#3214 = CYLINDRICAL_SURFACE('',#3215,0.5);
#3215 = AXIS2_PLACEMENT_3D('',#3216,#3217,#3218);
#3216 = CARTESIAN_POINT('',(-3.81,-5.75,1.6));
#3217 = DIRECTION('',(-0.,0.,-1.));
#3218 = DIRECTION('',(1.,-0.,-0.));
#3219 = DEFINITIONAL_REPRESENTATION('',(#3220),#3224);
#3220 = LINE('',#3221,#3222);
#3221 = CARTESIAN_POINT('',(0.,0.));
#3222 = VECTOR('',#3223,1.);
#3223 = DIRECTION('',(0.,-1.));
#3224 = ( GEOMETRIC_REPRESENTATION_CONTEXT(2) 
PARAMETRIC_REPRESENTATION_CONTEXT() REPRESENTATION_CONTEXT('2D SPACE',''
  ) );
#3225 = PCURVE('',#3214,#3226);
#3226 = DEFINITIONAL_REPRESENTATION('',(#3227),#3231);
#3227 = LINE('',#3228,#3229);
#3228 = CARTESIAN_POINT('',(6.28318530718,0.));
#3229 = VECTOR('',#3230,1.);
#3230 = DIRECTION('',(0.,-1.));
#3231 = ( GEOMETRIC_REPRESENTATION_CONTEXT(2) 
PARAMETRIC_REPRESENTATION_CONTEXT() REPRESENTATION_CONTEXT('2D SPACE',''
  ) );
#3232 = ORIENTED_EDGE('',*,*,#3233,.T.);
#3233 = EDGE_CURVE('',#3206,#3206,#3234,.T.);
#3234 = SURFACE_CURVE('',#3235,(#3240,#3247),.PCURVE_S1.);
#3235 = CIRCLE('',#3236,0.5);
#3236 = AXIS2_PLACEMENT_3D('',#3237,#3238,#3239);
#3237 = CARTESIAN_POINT('',(-3.81,-5.75,1.65));
#3238 = DIRECTION('',(0.,0.,-1.));
#3239 = DIRECTION('',(1.,-0.,-0.));
#3240 = PCURVE('',#3214,#3241);
#3241 = DEFINITIONAL_REPRESENTATION('',(#3242),#3246);
#3242 = LINE('',#3243,#3244);
#3243 = CARTESIAN_POINT('',(0.,-5.E-02));
#3244 = VECTOR('',#3245,1.);
#3245 = DIRECTION('',(1.,0.));
#3246 = ( GEOMETRIC_REPRESENTATION_CONTEXT(2) 
PARAMETRIC_REPRESENTATION_CONTEXT() REPRESENTATION_CONTEXT('2D SPACE',''
  ) );
#3247 = PCURVE('',#3152,#3248);
#3248 = DEFINITIONAL_REPRESENTATION('',(#3249),#3257);
#3249 = ( BOUNDED_CURVE() B_SPLINE_CURVE(2,(#3250,#3251,#3252,#3253,
#3254,#3255,#3256),.UNSPECIFIED.,.T.,.F.) B_SPLINE_CURVE_WITH_KNOTS((1,2
    ,2,2,2,1),(-2.094395102393,0.,2.094395102393,4.188790204786,
6.28318530718,8.377580409573),.UNSPECIFIED.) CURVE() 
GEOMETRIC_REPRESENTATION_ITEM() RATIONAL_B_SPLINE_CURVE((1.,0.5,1.,0.5,
1.,0.5,1.)) REPRESENTATION_ITEM('') );
#3250 = CARTESIAN_POINT('',(-0.5,8.881784197001E-16));
#3251 = CARTESIAN_POINT('',(-0.5,0.866025403784));
#3252 = CARTESIAN_POINT('',(0.25,0.433012701892));
#3253 = CARTESIAN_POINT('',(1.,1.010643099615E-15));
#3254 = CARTESIAN_POINT('',(0.25,-0.433012701892));
#3255 = CARTESIAN_POINT('',(-0.5,-0.866025403784));
#3256 = CARTESIAN_POINT('',(-0.5,8.881784197001E-16));
#3257 = ( GEOMETRIC_REPRESENTATION_CONTEXT(2) 
PARAMETRIC_REPRESENTATION_CONTEXT() REPRESENTATION_CONTEXT('2D SPACE',''
  ) );
#3258 = ORIENTED_EDGE('',*,*,#3203,.F.);
#3259 = ORIENTED_EDGE('',*,*,#3260,.F.);
#3260 = EDGE_CURVE('',#3204,#3204,#3261,.T.);
#3261 = SURFACE_CURVE('',#3262,(#3267,#3274),.PCURVE_S1.);
#3262 = CIRCLE('',#3263,0.5);
#3263 = AXIS2_PLACEMENT_3D('',#3264,#3265,#3266);
#3264 = CARTESIAN_POINT('',(-3.81,-5.75,1.6));
#3265 = DIRECTION('',(0.,0.,-1.));
#3266 = DIRECTION('',(1.,-0.,-0.));
#3267 = PCURVE('',#3214,#3268);
#3268 = DEFINITIONAL_REPRESENTATION('',(#3269),#3273);
#3269 = LINE('',#3270,#3271);
#3270 = CARTESIAN_POINT('',(0.,0.));
#3271 = VECTOR('',#3272,1.);
#3272 = DIRECTION('',(1.,0.));
#3273 = ( GEOMETRIC_REPRESENTATION_CONTEXT(2) 
PARAMETRIC_REPRESENTATION_CONTEXT() REPRESENTATION_CONTEXT('2D SPACE',''
  ) );
#3274 = PCURVE('',#3184,#3275);
#3275 = DEFINITIONAL_REPRESENTATION('',(#3276),#3284);
#3276 = ( BOUNDED_CURVE() B_SPLINE_CURVE(2,(#3277,#3278,#3279,#3280,
#3281,#3282,#3283),.UNSPECIFIED.,.T.,.F.) B_SPLINE_CURVE_WITH_KNOTS((1,2
    ,2,2,2,1),(-2.094395102393,0.,2.094395102393,4.188790204786,
6.28318530718,8.377580409573),.UNSPECIFIED.) CURVE() 
GEOMETRIC_REPRESENTATION_ITEM() RATIONAL_B_SPLINE_CURVE((1.,0.5,1.,0.5,
1.,0.5,1.)) REPRESENTATION_ITEM('') );
#3277 = CARTESIAN_POINT('',(-0.5,8.881784197001E-16));
#3278 = CARTESIAN_POINT('',(-0.5,0.866025403784));
#3279 = CARTESIAN_POINT('',(0.25,0.433012701892));
#3280 = CARTESIAN_POINT('',(1.,1.010643099615E-15));
#3281 = CARTESIAN_POINT('',(0.25,-0.433012701892));
#3282 = CARTESIAN_POINT('',(-0.5,-0.866025403784));
#3283 = CARTESIAN_POINT('',(-0.5,8.881784197001E-16));
#3284 = ( GEOMETRIC_REPRESENTATION_CONTEXT(2) 
PARAMETRIC_REPRESENTATION_CONTEXT() REPRESENTATION_CONTEXT('2D SPACE',''
  ) );
#3285 = ADVANCED_FACE('',(#3286,#3289),#3184,.F.);
#3286 = FACE_BOUND('',#3287,.T.);
#3287 = EDGE_LOOP('',(#3288));
#3288 = ORIENTED_EDGE('',*,*,#3169,.T.);
#3289 = FACE_BOUND('',#3290,.T.);
#3290 = EDGE_LOOP('',(#3291));
#3291 = ORIENTED_EDGE('',*,*,#3260,.F.);
#3292 = ADVANCED_FACE('',(#3293,#3296),#3152,.T.);
#3293 = FACE_BOUND('',#3294,.F.);
#3294 = EDGE_LOOP('',(#3295));
#3295 = ORIENTED_EDGE('',*,*,#3137,.T.);
#3296 = FACE_BOUND('',#3297,.F.);
#3297 = EDGE_LOOP('',(#3298));
#3298 = ORIENTED_EDGE('',*,*,#3233,.F.);
#3299 = ( GEOMETRIC_REPRESENTATION_CONTEXT(3) 
GLOBAL_UNCERTAINTY_ASSIGNED_CONTEXT((#3303)) 
GLOBAL_UNIT_ASSIGNED_CONTEXT((#3300,#3301,#3302)) REPRESENTATION_CONTEXT
('Context #1','3D Context with UNIT and UNCERTAINTY') );
#3300 = ( LENGTH_UNIT() NAMED_UNIT(*) SI_UNIT(.MILLI.,.METRE.) );
#3301 = ( NAMED_UNIT(*) PLANE_ANGLE_UNIT() SI_UNIT($,.RADIAN.) );
#3302 = ( NAMED_UNIT(*) SI_UNIT($,.STERADIAN.) SOLID_ANGLE_UNIT() );
#3303 = UNCERTAINTY_MEASURE_WITH_UNIT(LENGTH_MEASURE(1.E-07),#3300,
  'distance_accuracy_value','confusion accuracy');
#3304 = CONTEXT_DEPENDENT_SHAPE_REPRESENTATION(#3305,#3307);
#3305 = ( REPRESENTATION_RELATIONSHIP('','',#3100,#10) 
REPRESENTATION_RELATIONSHIP_WITH_TRANSFORMATION(#3306) 
SHAPE_REPRESENTATION_RELATIONSHIP() );
#3306 = ITEM_DEFINED_TRANSFORMATION('','',#11,#47);
#3307 = PRODUCT_DEFINITION_SHAPE('Placement','Placement of an item',
  #3308);
#3308 = NEXT_ASSEMBLY_USAGE_OCCURRENCE('71','ring7','',#5,#3095,$);
#3309 = PRODUCT_RELATED_PRODUCT_CATEGORY('part',$,(#3097));
#3310 = SHAPE_DEFINITION_REPRESENTATION(#3311,#3317);
#3311 = PRODUCT_DEFINITION_SHAPE('','',#3312);
#3312 = PRODUCT_DEFINITION('design','',#3313,#3316);
#3313 = PRODUCT_DEFINITION_FORMATION('','',#3314);
#3314 = PRODUCT('ring8','ring8','',(#3315));
#3315 = PRODUCT_CONTEXT('',#2,'mechanical');
#3316 = PRODUCT_DEFINITION_CONTEXT('part definition',#2,'design');
#3317 = ADVANCED_BREP_SHAPE_REPRESENTATION('',(#11,#3318),#3516);
#3318 = MANIFOLD_SOLID_BREP('',#3319);
#3319 = CLOSED_SHELL('',(#3320,#3416,#3502,#3509));
#3320 = ADVANCED_FACE('',(#3321),#3335,.T.);
#3321 = FACE_BOUND('',#3322,.T.);
#3322 = EDGE_LOOP('',(#3323,#3353,#3384,#3385));
#3323 = ORIENTED_EDGE('',*,*,#3324,.T.);
#3324 = EDGE_CURVE('',#3325,#3327,#3329,.T.);
#3325 = VERTEX_POINT('',#3326);
#3326 = CARTESIAN_POINT('',(-0.42,-5.75,1.6));
#3327 = VERTEX_POINT('',#3328);
#3328 = CARTESIAN_POINT('',(-0.42,-5.75,1.65));
#3329 = SEAM_CURVE('',#3330,(#3334,#3346),.PCURVE_S1.);
#3330 = LINE('',#3331,#3332);
#3331 = CARTESIAN_POINT('',(-0.42,-5.75,1.6));
#3332 = VECTOR('',#3333,1.);
#3333 = DIRECTION('',(-0.,-0.,1.));
#3334 = PCURVE('',#3335,#3340);
#3335 = CYLINDRICAL_SURFACE('',#3336,0.85);
#3336 = AXIS2_PLACEMENT_3D('',#3337,#3338,#3339);
#3337 = CARTESIAN_POINT('',(-1.27,-5.75,1.6));
#3338 = DIRECTION('',(-0.,0.,-1.));
#3339 = DIRECTION('',(1.,-0.,-0.));
#3340 = DEFINITIONAL_REPRESENTATION('',(#3341),#3345);
#3341 = LINE('',#3342,#3343);
#3342 = CARTESIAN_POINT('',(0.,0.));
#3343 = VECTOR('',#3344,1.);
#3344 = DIRECTION('',(0.,-1.));
#3345 = ( GEOMETRIC_REPRESENTATION_CONTEXT(2) 
PARAMETRIC_REPRESENTATION_CONTEXT() REPRESENTATION_CONTEXT('2D SPACE',''
  ) );
#3346 = PCURVE('',#3335,#3347);
#3347 = DEFINITIONAL_REPRESENTATION('',(#3348),#3352);
#3348 = LINE('',#3349,#3350);
#3349 = CARTESIAN_POINT('',(6.28318530718,0.));
#3350 = VECTOR('',#3351,1.);
#3351 = DIRECTION('',(0.,-1.));
#3352 = ( GEOMETRIC_REPRESENTATION_CONTEXT(2) 
PARAMETRIC_REPRESENTATION_CONTEXT() REPRESENTATION_CONTEXT('2D SPACE',''
  ) );
#3353 = ORIENTED_EDGE('',*,*,#3354,.T.);
#3354 = EDGE_CURVE('',#3327,#3327,#3355,.T.);
#3355 = SURFACE_CURVE('',#3356,(#3361,#3368),.PCURVE_S1.);
#3356 = CIRCLE('',#3357,0.85);
#3357 = AXIS2_PLACEMENT_3D('',#3358,#3359,#3360);
#3358 = CARTESIAN_POINT('',(-1.27,-5.75,1.65));
#3359 = DIRECTION('',(0.,0.,-1.));
#3360 = DIRECTION('',(1.,-0.,-0.));
#3361 = PCURVE('',#3335,#3362);
#3362 = DEFINITIONAL_REPRESENTATION('',(#3363),#3367);
#3363 = LINE('',#3364,#3365);
#3364 = CARTESIAN_POINT('',(0.,-5.E-02));
#3365 = VECTOR('',#3366,1.);
#3366 = DIRECTION('',(1.,0.));
#3367 = ( GEOMETRIC_REPRESENTATION_CONTEXT(2) 
PARAMETRIC_REPRESENTATION_CONTEXT() REPRESENTATION_CONTEXT('2D SPACE',''
  ) );
#3368 = PCURVE('',#3369,#3374);
#3369 = PLANE('',#3370);
#3370 = AXIS2_PLACEMENT_3D('',#3371,#3372,#3373);
#3371 = CARTESIAN_POINT('',(-1.27,-5.75,1.65));
#3372 = DIRECTION('',(-0.,-0.,1.));
#3373 = DIRECTION('',(-1.,0.,0.));
#3374 = DEFINITIONAL_REPRESENTATION('',(#3375),#3383);
#3375 = ( BOUNDED_CURVE() B_SPLINE_CURVE(2,(#3376,#3377,#3378,#3379,
#3380,#3381,#3382),.UNSPECIFIED.,.T.,.F.) B_SPLINE_CURVE_WITH_KNOTS((1,2
    ,2,2,2,1),(-2.094395102393,0.,2.094395102393,4.188790204786,
6.28318530718,8.377580409573),.UNSPECIFIED.) CURVE() 
GEOMETRIC_REPRESENTATION_ITEM() RATIONAL_B_SPLINE_CURVE((1.,0.5,1.,0.5,
1.,0.5,1.)) REPRESENTATION_ITEM('') );
#3376 = CARTESIAN_POINT('',(-0.85,0.));
#3377 = CARTESIAN_POINT('',(-0.85,1.472243186434));
#3378 = CARTESIAN_POINT('',(0.425,0.736121593217));
#3379 = CARTESIAN_POINT('',(1.7,2.081899558551E-16));
#3380 = CARTESIAN_POINT('',(0.425,-0.736121593217));
#3381 = CARTESIAN_POINT('',(-0.85,-1.472243186434));
#3382 = CARTESIAN_POINT('',(-0.85,0.));
#3383 = ( GEOMETRIC_REPRESENTATION_CONTEXT(2) 
PARAMETRIC_REPRESENTATION_CONTEXT() REPRESENTATION_CONTEXT('2D SPACE',''
  ) );
#3384 = ORIENTED_EDGE('',*,*,#3324,.F.);
#3385 = ORIENTED_EDGE('',*,*,#3386,.F.);
#3386 = EDGE_CURVE('',#3325,#3325,#3387,.T.);
#3387 = SURFACE_CURVE('',#3388,(#3393,#3400),.PCURVE_S1.);
#3388 = CIRCLE('',#3389,0.85);
#3389 = AXIS2_PLACEMENT_3D('',#3390,#3391,#3392);
#3390 = CARTESIAN_POINT('',(-1.27,-5.75,1.6));
#3391 = DIRECTION('',(0.,0.,-1.));
#3392 = DIRECTION('',(1.,-0.,-0.));
#3393 = PCURVE('',#3335,#3394);
#3394 = DEFINITIONAL_REPRESENTATION('',(#3395),#3399);
#3395 = LINE('',#3396,#3397);
#3396 = CARTESIAN_POINT('',(0.,0.));
#3397 = VECTOR('',#3398,1.);
#3398 = DIRECTION('',(1.,0.));
#3399 = ( GEOMETRIC_REPRESENTATION_CONTEXT(2) 
PARAMETRIC_REPRESENTATION_CONTEXT() REPRESENTATION_CONTEXT('2D SPACE',''
  ) );
#3400 = PCURVE('',#3401,#3406);
#3401 = PLANE('',#3402);
#3402 = AXIS2_PLACEMENT_3D('',#3403,#3404,#3405);
#3403 = CARTESIAN_POINT('',(-1.27,-5.75,1.6));
#3404 = DIRECTION('',(-0.,-0.,1.));
#3405 = DIRECTION('',(-1.,0.,0.));
#3406 = DEFINITIONAL_REPRESENTATION('',(#3407),#3415);
#3407 = ( BOUNDED_CURVE() B_SPLINE_CURVE(2,(#3408,#3409,#3410,#3411,
#3412,#3413,#3414),.UNSPECIFIED.,.T.,.F.) B_SPLINE_CURVE_WITH_KNOTS((1,2
    ,2,2,2,1),(-2.094395102393,0.,2.094395102393,4.188790204786,
6.28318530718,8.377580409573),.UNSPECIFIED.) CURVE() 
GEOMETRIC_REPRESENTATION_ITEM() RATIONAL_B_SPLINE_CURVE((1.,0.5,1.,0.5,
1.,0.5,1.)) REPRESENTATION_ITEM('') );
#3408 = CARTESIAN_POINT('',(-0.85,0.));
#3409 = CARTESIAN_POINT('',(-0.85,1.472243186434));
#3410 = CARTESIAN_POINT('',(0.425,0.736121593217));
#3411 = CARTESIAN_POINT('',(1.7,2.081899558551E-16));
#3412 = CARTESIAN_POINT('',(0.425,-0.736121593217));
#3413 = CARTESIAN_POINT('',(-0.85,-1.472243186434));
#3414 = CARTESIAN_POINT('',(-0.85,0.));
#3415 = ( GEOMETRIC_REPRESENTATION_CONTEXT(2) 
PARAMETRIC_REPRESENTATION_CONTEXT() REPRESENTATION_CONTEXT('2D SPACE',''
  ) );
#3416 = ADVANCED_FACE('',(#3417),#3431,.F.);
#3417 = FACE_BOUND('',#3418,.F.);
#3418 = EDGE_LOOP('',(#3419,#3449,#3475,#3476));
#3419 = ORIENTED_EDGE('',*,*,#3420,.T.);
#3420 = EDGE_CURVE('',#3421,#3423,#3425,.T.);
#3421 = VERTEX_POINT('',#3422);
#3422 = CARTESIAN_POINT('',(-0.77,-5.75,1.6));
#3423 = VERTEX_POINT('',#3424);
#3424 = CARTESIAN_POINT('',(-0.77,-5.75,1.65));
#3425 = SEAM_CURVE('',#3426,(#3430,#3442),.PCURVE_S1.);
#3426 = LINE('',#3427,#3428);
#3427 = CARTESIAN_POINT('',(-0.77,-5.75,1.6));
#3428 = VECTOR('',#3429,1.);
#3429 = DIRECTION('',(-0.,-0.,1.));
#3430 = PCURVE('',#3431,#3436);
#3431 = CYLINDRICAL_SURFACE('',#3432,0.5);
#3432 = AXIS2_PLACEMENT_3D('',#3433,#3434,#3435);
#3433 = CARTESIAN_POINT('',(-1.27,-5.75,1.6));
#3434 = DIRECTION('',(-0.,0.,-1.));
#3435 = DIRECTION('',(1.,-0.,-0.));
#3436 = DEFINITIONAL_REPRESENTATION('',(#3437),#3441);
#3437 = LINE('',#3438,#3439);
#3438 = CARTESIAN_POINT('',(0.,0.));
#3439 = VECTOR('',#3440,1.);
#3440 = DIRECTION('',(0.,-1.));
#3441 = ( GEOMETRIC_REPRESENTATION_CONTEXT(2) 
PARAMETRIC_REPRESENTATION_CONTEXT() REPRESENTATION_CONTEXT('2D SPACE',''
  ) );
#3442 = PCURVE('',#3431,#3443);
#3443 = DEFINITIONAL_REPRESENTATION('',(#3444),#3448);
#3444 = LINE('',#3445,#3446);
#3445 = CARTESIAN_POINT('',(6.28318530718,0.));
#3446 = VECTOR('',#3447,1.);
#3447 = DIRECTION('',(0.,-1.));
#3448 = ( GEOMETRIC_REPRESENTATION_CONTEXT(2) 
PARAMETRIC_REPRESENTATION_CONTEXT() REPRESENTATION_CONTEXT('2D SPACE',''
  ) );
#3449 = ORIENTED_EDGE('',*,*,#3450,.T.);
#3450 = EDGE_CURVE('',#3423,#3423,#3451,.T.);
#3451 = SURFACE_CURVE('',#3452,(#3457,#3464),.PCURVE_S1.);
#3452 = CIRCLE('',#3453,0.5);
#3453 = AXIS2_PLACEMENT_3D('',#3454,#3455,#3456);
#3454 = CARTESIAN_POINT('',(-1.27,-5.75,1.65));
#3455 = DIRECTION('',(0.,0.,-1.));
#3456 = DIRECTION('',(1.,-0.,-0.));
#3457 = PCURVE('',#3431,#3458);
#3458 = DEFINITIONAL_REPRESENTATION('',(#3459),#3463);
#3459 = LINE('',#3460,#3461);
#3460 = CARTESIAN_POINT('',(0.,-5.E-02));
#3461 = VECTOR('',#3462,1.);
#3462 = DIRECTION('',(1.,0.));
#3463 = ( GEOMETRIC_REPRESENTATION_CONTEXT(2) 
PARAMETRIC_REPRESENTATION_CONTEXT() REPRESENTATION_CONTEXT('2D SPACE',''
  ) );
#3464 = PCURVE('',#3369,#3465);
#3465 = DEFINITIONAL_REPRESENTATION('',(#3466),#3474);
#3466 = ( BOUNDED_CURVE() B_SPLINE_CURVE(2,(#3467,#3468,#3469,#3470,
#3471,#3472,#3473),.UNSPECIFIED.,.T.,.F.) B_SPLINE_CURVE_WITH_KNOTS((1,2
    ,2,2,2,1),(-2.094395102393,0.,2.094395102393,4.188790204786,
6.28318530718,8.377580409573),.UNSPECIFIED.) CURVE() 
GEOMETRIC_REPRESENTATION_ITEM() RATIONAL_B_SPLINE_CURVE((1.,0.5,1.,0.5,
1.,0.5,1.)) REPRESENTATION_ITEM('') );
#3467 = CARTESIAN_POINT('',(-0.5,0.));
#3468 = CARTESIAN_POINT('',(-0.5,0.866025403784));
#3469 = CARTESIAN_POINT('',(0.25,0.433012701892));
#3470 = CARTESIAN_POINT('',(1.,1.224646799147E-16));
#3471 = CARTESIAN_POINT('',(0.25,-0.433012701892));
#3472 = CARTESIAN_POINT('',(-0.5,-0.866025403784));
#3473 = CARTESIAN_POINT('',(-0.5,0.));
#3474 = ( GEOMETRIC_REPRESENTATION_CONTEXT(2) 
PARAMETRIC_REPRESENTATION_CONTEXT() REPRESENTATION_CONTEXT('2D SPACE',''
  ) );
#3475 = ORIENTED_EDGE('',*,*,#3420,.F.);
#3476 = ORIENTED_EDGE('',*,*,#3477,.F.);
#3477 = EDGE_CURVE('',#3421,#3421,#3478,.T.);
#3478 = SURFACE_CURVE('',#3479,(#3484,#3491),.PCURVE_S1.);
#3479 = CIRCLE('',#3480,0.5);
#3480 = AXIS2_PLACEMENT_3D('',#3481,#3482,#3483);
#3481 = CARTESIAN_POINT('',(-1.27,-5.75,1.6));
#3482 = DIRECTION('',(0.,0.,-1.));
#3483 = DIRECTION('',(1.,-0.,-0.));
#3484 = PCURVE('',#3431,#3485);
#3485 = DEFINITIONAL_REPRESENTATION('',(#3486),#3490);
#3486 = LINE('',#3487,#3488);
#3487 = CARTESIAN_POINT('',(0.,0.));
#3488 = VECTOR('',#3489,1.);
#3489 = DIRECTION('',(1.,0.));
#3490 = ( GEOMETRIC_REPRESENTATION_CONTEXT(2) 
PARAMETRIC_REPRESENTATION_CONTEXT() REPRESENTATION_CONTEXT('2D SPACE',''
  ) );
#3491 = PCURVE('',#3401,#3492);
#3492 = DEFINITIONAL_REPRESENTATION('',(#3493),#3501);
#3493 = ( BOUNDED_CURVE() B_SPLINE_CURVE(2,(#3494,#3495,#3496,#3497,
#3498,#3499,#3500),.UNSPECIFIED.,.T.,.F.) B_SPLINE_CURVE_WITH_KNOTS((1,2
    ,2,2,2,1),(-2.094395102393,0.,2.094395102393,4.188790204786,
6.28318530718,8.377580409573),.UNSPECIFIED.) CURVE() 
GEOMETRIC_REPRESENTATION_ITEM() RATIONAL_B_SPLINE_CURVE((1.,0.5,1.,0.5,
1.,0.5,1.)) REPRESENTATION_ITEM('') );
#3494 = CARTESIAN_POINT('',(-0.5,0.));
#3495 = CARTESIAN_POINT('',(-0.5,0.866025403784));
#3496 = CARTESIAN_POINT('',(0.25,0.433012701892));
#3497 = CARTESIAN_POINT('',(1.,1.224646799147E-16));
#3498 = CARTESIAN_POINT('',(0.25,-0.433012701892));
#3499 = CARTESIAN_POINT('',(-0.5,-0.866025403784));
#3500 = CARTESIAN_POINT('',(-0.5,0.));
#3501 = ( GEOMETRIC_REPRESENTATION_CONTEXT(2) 
PARAMETRIC_REPRESENTATION_CONTEXT() REPRESENTATION_CONTEXT('2D SPACE',''
  ) );
#3502 = ADVANCED_FACE('',(#3503,#3506),#3401,.F.);
#3503 = FACE_BOUND('',#3504,.T.);
#3504 = EDGE_LOOP('',(#3505));
#3505 = ORIENTED_EDGE('',*,*,#3386,.T.);
#3506 = FACE_BOUND('',#3507,.T.);
#3507 = EDGE_LOOP('',(#3508));
#3508 = ORIENTED_EDGE('',*,*,#3477,.F.);
#3509 = ADVANCED_FACE('',(#3510,#3513),#3369,.T.);
#3510 = FACE_BOUND('',#3511,.F.);
#3511 = EDGE_LOOP('',(#3512));
#3512 = ORIENTED_EDGE('',*,*,#3354,.T.);
#3513 = FACE_BOUND('',#3514,.F.);
#3514 = EDGE_LOOP('',(#3515));
#3515 = ORIENTED_EDGE('',*,*,#3450,.F.);
#3516 = ( GEOMETRIC_REPRESENTATION_CONTEXT(3) 
GLOBAL_UNCERTAINTY_ASSIGNED_CONTEXT((#3520)) 
GLOBAL_UNIT_ASSIGNED_CONTEXT((#3517,#3518,#3519)) REPRESENTATION_CONTEXT
('Context #1','3D Context with UNIT and UNCERTAINTY') );
#3517 = ( LENGTH_UNIT() NAMED_UNIT(*) SI_UNIT(.MILLI.,.METRE.) );
#3518 = ( NAMED_UNIT(*) PLANE_ANGLE_UNIT() SI_UNIT($,.RADIAN.) );
#3519 = ( NAMED_UNIT(*) SI_UNIT($,.STERADIAN.) SOLID_ANGLE_UNIT() );
#3520 = UNCERTAINTY_MEASURE_WITH_UNIT(LENGTH_MEASURE(1.E-07),#3517,
  'distance_accuracy_value','confusion accuracy');
#3521 = CONTEXT_DEPENDENT_SHAPE_REPRESENTATION(#3522,#3524);
#3522 = ( REPRESENTATION_RELATIONSHIP('','',#3317,#10) 
REPRESENTATION_RELATIONSHIP_WITH_TRANSFORMATION(#3523) 
SHAPE_REPRESENTATION_RELATIONSHIP() );
#3523 = ITEM_DEFINED_TRANSFORMATION('','',#11,#51);
#3524 = PRODUCT_DEFINITION_SHAPE('Placement','Placement of an item',
  #3525);
#3525 = NEXT_ASSEMBLY_USAGE_OCCURRENCE('72','ring8','',#5,#3312,$);
#3526 = PRODUCT_RELATED_PRODUCT_CATEGORY('part',$,(#3314));
#3527 = SHAPE_DEFINITION_REPRESENTATION(#3528,#3534);
#3528 = PRODUCT_DEFINITION_SHAPE('','',#3529);
#3529 = PRODUCT_DEFINITION('design','',#3530,#3533);
#3530 = PRODUCT_DEFINITION_FORMATION('','',#3531);
#3531 = PRODUCT('ring9','ring9','',(#3532));
#3532 = PRODUCT_CONTEXT('',#2,'mechanical');
#3533 = PRODUCT_DEFINITION_CONTEXT('part definition',#2,'design');
#3534 = ADVANCED_BREP_SHAPE_REPRESENTATION('',(#11,#3535),#3733);
#3535 = MANIFOLD_SOLID_BREP('',#3536);
#3536 = CLOSED_SHELL('',(#3537,#3633,#3719,#3726));
#3537 = ADVANCED_FACE('',(#3538),#3552,.T.);
#3538 = FACE_BOUND('',#3539,.T.);
#3539 = EDGE_LOOP('',(#3540,#3570,#3601,#3602));
#3540 = ORIENTED_EDGE('',*,*,#3541,.T.);
#3541 = EDGE_CURVE('',#3542,#3544,#3546,.T.);
#3542 = VERTEX_POINT('',#3543);
#3543 = CARTESIAN_POINT('',(2.12,-5.75,1.6));
#3544 = VERTEX_POINT('',#3545);
#3545 = CARTESIAN_POINT('',(2.12,-5.75,1.65));
#3546 = SEAM_CURVE('',#3547,(#3551,#3563),.PCURVE_S1.);
#3547 = LINE('',#3548,#3549);
#3548 = CARTESIAN_POINT('',(2.12,-5.75,1.6));
#3549 = VECTOR('',#3550,1.);
#3550 = DIRECTION('',(-0.,-0.,1.));
#3551 = PCURVE('',#3552,#3557);
#3552 = CYLINDRICAL_SURFACE('',#3553,0.85);
#3553 = AXIS2_PLACEMENT_3D('',#3554,#3555,#3556);
#3554 = CARTESIAN_POINT('',(1.27,-5.75,1.6));
#3555 = DIRECTION('',(-0.,0.,-1.));
#3556 = DIRECTION('',(1.,-0.,-0.));
#3557 = DEFINITIONAL_REPRESENTATION('',(#3558),#3562);
#3558 = LINE('',#3559,#3560);
#3559 = CARTESIAN_POINT('',(0.,0.));
#3560 = VECTOR('',#3561,1.);
#3561 = DIRECTION('',(0.,-1.));
#3562 = ( GEOMETRIC_REPRESENTATION_CONTEXT(2) 
PARAMETRIC_REPRESENTATION_CONTEXT() REPRESENTATION_CONTEXT('2D SPACE',''
  ) );
#3563 = PCURVE('',#3552,#3564);
#3564 = DEFINITIONAL_REPRESENTATION('',(#3565),#3569);
#3565 = LINE('',#3566,#3567);
#3566 = CARTESIAN_POINT('',(6.28318530718,0.));
#3567 = VECTOR('',#3568,1.);
#3568 = DIRECTION('',(0.,-1.));
#3569 = ( GEOMETRIC_REPRESENTATION_CONTEXT(2) 
PARAMETRIC_REPRESENTATION_CONTEXT() REPRESENTATION_CONTEXT('2D SPACE',''
  ) );
#3570 = ORIENTED_EDGE('',*,*,#3571,.T.);
#3571 = EDGE_CURVE('',#3544,#3544,#3572,.T.);
#3572 = SURFACE_CURVE('',#3573,(#3578,#3585),.PCURVE_S1.);
#3573 = CIRCLE('',#3574,0.85);
#3574 = AXIS2_PLACEMENT_3D('',#3575,#3576,#3577);
#3575 = CARTESIAN_POINT('',(1.27,-5.75,1.65));
#3576 = DIRECTION('',(0.,0.,-1.));
#3577 = DIRECTION('',(1.,-0.,-0.));
#3578 = PCURVE('',#3552,#3579);
#3579 = DEFINITIONAL_REPRESENTATION('',(#3580),#3584);
#3580 = LINE('',#3581,#3582);
#3581 = CARTESIAN_POINT('',(0.,-5.E-02));
#3582 = VECTOR('',#3583,1.);
#3583 = DIRECTION('',(1.,0.));
#3584 = ( GEOMETRIC_REPRESENTATION_CONTEXT(2) 
PARAMETRIC_REPRESENTATION_CONTEXT() REPRESENTATION_CONTEXT('2D SPACE',''
  ) );
#3585 = PCURVE('',#3586,#3591);
#3586 = PLANE('',#3587);
#3587 = AXIS2_PLACEMENT_3D('',#3588,#3589,#3590);
#3588 = CARTESIAN_POINT('',(1.27,-5.75,1.65));
#3589 = DIRECTION('',(-0.,-0.,1.));
#3590 = DIRECTION('',(-1.,0.,0.));
#3591 = DEFINITIONAL_REPRESENTATION('',(#3592),#3600);
#3592 = ( BOUNDED_CURVE() B_SPLINE_CURVE(2,(#3593,#3594,#3595,#3596,
#3597,#3598,#3599),.UNSPECIFIED.,.T.,.F.) B_SPLINE_CURVE_WITH_KNOTS((1,2
    ,2,2,2,1),(-2.094395102393,0.,2.094395102393,4.188790204786,
6.28318530718,8.377580409573),.UNSPECIFIED.) CURVE() 
GEOMETRIC_REPRESENTATION_ITEM() RATIONAL_B_SPLINE_CURVE((1.,0.5,1.,0.5,
1.,0.5,1.)) REPRESENTATION_ITEM('') );
#3593 = CARTESIAN_POINT('',(-0.85,0.));
#3594 = CARTESIAN_POINT('',(-0.85,1.472243186434));
#3595 = CARTESIAN_POINT('',(0.425,0.736121593217));
#3596 = CARTESIAN_POINT('',(1.7,2.081899558551E-16));
#3597 = CARTESIAN_POINT('',(0.425,-0.736121593217));
#3598 = CARTESIAN_POINT('',(-0.85,-1.472243186434));
#3599 = CARTESIAN_POINT('',(-0.85,0.));
#3600 = ( GEOMETRIC_REPRESENTATION_CONTEXT(2) 
PARAMETRIC_REPRESENTATION_CONTEXT() REPRESENTATION_CONTEXT('2D SPACE',''
  ) );
#3601 = ORIENTED_EDGE('',*,*,#3541,.F.);
#3602 = ORIENTED_EDGE('',*,*,#3603,.F.);
#3603 = EDGE_CURVE('',#3542,#3542,#3604,.T.);
#3604 = SURFACE_CURVE('',#3605,(#3610,#3617),.PCURVE_S1.);
#3605 = CIRCLE('',#3606,0.85);
#3606 = AXIS2_PLACEMENT_3D('',#3607,#3608,#3609);
#3607 = CARTESIAN_POINT('',(1.27,-5.75,1.6));
#3608 = DIRECTION('',(0.,0.,-1.));
#3609 = DIRECTION('',(1.,-0.,-0.));
#3610 = PCURVE('',#3552,#3611);
#3611 = DEFINITIONAL_REPRESENTATION('',(#3612),#3616);
#3612 = LINE('',#3613,#3614);
#3613 = CARTESIAN_POINT('',(0.,0.));
#3614 = VECTOR('',#3615,1.);
#3615 = DIRECTION('',(1.,0.));
#3616 = ( GEOMETRIC_REPRESENTATION_CONTEXT(2) 
PARAMETRIC_REPRESENTATION_CONTEXT() REPRESENTATION_CONTEXT('2D SPACE',''
  ) );
#3617 = PCURVE('',#3618,#3623);
#3618 = PLANE('',#3619);
#3619 = AXIS2_PLACEMENT_3D('',#3620,#3621,#3622);
#3620 = CARTESIAN_POINT('',(1.27,-5.75,1.6));
#3621 = DIRECTION('',(-0.,-0.,1.));
#3622 = DIRECTION('',(-1.,0.,0.));
#3623 = DEFINITIONAL_REPRESENTATION('',(#3624),#3632);
#3624 = ( BOUNDED_CURVE() B_SPLINE_CURVE(2,(#3625,#3626,#3627,#3628,
#3629,#3630,#3631),.UNSPECIFIED.,.T.,.F.) B_SPLINE_CURVE_WITH_KNOTS((1,2
    ,2,2,2,1),(-2.094395102393,0.,2.094395102393,4.188790204786,
6.28318530718,8.377580409573),.UNSPECIFIED.) CURVE() 
GEOMETRIC_REPRESENTATION_ITEM() RATIONAL_B_SPLINE_CURVE((1.,0.5,1.,0.5,
1.,0.5,1.)) REPRESENTATION_ITEM('') );
#3625 = CARTESIAN_POINT('',(-0.85,0.));
#3626 = CARTESIAN_POINT('',(-0.85,1.472243186434));
#3627 = CARTESIAN_POINT('',(0.425,0.736121593217));
#3628 = CARTESIAN_POINT('',(1.7,2.081899558551E-16));
#3629 = CARTESIAN_POINT('',(0.425,-0.736121593217));
#3630 = CARTESIAN_POINT('',(-0.85,-1.472243186434));
#3631 = CARTESIAN_POINT('',(-0.85,0.));
#3632 = ( GEOMETRIC_REPRESENTATION_CONTEXT(2) 
PARAMETRIC_REPRESENTATION_CONTEXT() REPRESENTATION_CONTEXT('2D SPACE',''
  ) );
#3633 = ADVANCED_FACE('',(#3634),#3648,.F.);
#3634 = FACE_BOUND('',#3635,.F.);
#3635 = EDGE_LOOP('',(#3636,#3666,#3692,#3693));
#3636 = ORIENTED_EDGE('',*,*,#3637,.T.);
#3637 = EDGE_CURVE('',#3638,#3640,#3642,.T.);
#3638 = VERTEX_POINT('',#3639);
#3639 = CARTESIAN_POINT('',(1.77,-5.75,1.6));
#3640 = VERTEX_POINT('',#3641);
#3641 = CARTESIAN_POINT('',(1.77,-5.75,1.65));
#3642 = SEAM_CURVE('',#3643,(#3647,#3659),.PCURVE_S1.);
#3643 = LINE('',#3644,#3645);
#3644 = CARTESIAN_POINT('',(1.77,-5.75,1.6));
#3645 = VECTOR('',#3646,1.);
#3646 = DIRECTION('',(-0.,-0.,1.));
#3647 = PCURVE('',#3648,#3653);
#3648 = CYLINDRICAL_SURFACE('',#3649,0.5);
#3649 = AXIS2_PLACEMENT_3D('',#3650,#3651,#3652);
#3650 = CARTESIAN_POINT('',(1.27,-5.75,1.6));
#3651 = DIRECTION('',(-0.,0.,-1.));
#3652 = DIRECTION('',(1.,-0.,-0.));
#3653 = DEFINITIONAL_REPRESENTATION('',(#3654),#3658);
#3654 = LINE('',#3655,#3656);
#3655 = CARTESIAN_POINT('',(0.,0.));
#3656 = VECTOR('',#3657,1.);
#3657 = DIRECTION('',(0.,-1.));
#3658 = ( GEOMETRIC_REPRESENTATION_CONTEXT(2) 
PARAMETRIC_REPRESENTATION_CONTEXT() REPRESENTATION_CONTEXT('2D SPACE',''
  ) );
#3659 = PCURVE('',#3648,#3660);
#3660 = DEFINITIONAL_REPRESENTATION('',(#3661),#3665);
#3661 = LINE('',#3662,#3663);
#3662 = CARTESIAN_POINT('',(6.28318530718,0.));
#3663 = VECTOR('',#3664,1.);
#3664 = DIRECTION('',(0.,-1.));
#3665 = ( GEOMETRIC_REPRESENTATION_CONTEXT(2) 
PARAMETRIC_REPRESENTATION_CONTEXT() REPRESENTATION_CONTEXT('2D SPACE',''
  ) );
#3666 = ORIENTED_EDGE('',*,*,#3667,.T.);
#3667 = EDGE_CURVE('',#3640,#3640,#3668,.T.);
#3668 = SURFACE_CURVE('',#3669,(#3674,#3681),.PCURVE_S1.);
#3669 = CIRCLE('',#3670,0.5);
#3670 = AXIS2_PLACEMENT_3D('',#3671,#3672,#3673);
#3671 = CARTESIAN_POINT('',(1.27,-5.75,1.65));
#3672 = DIRECTION('',(0.,0.,-1.));
#3673 = DIRECTION('',(1.,-0.,-0.));
#3674 = PCURVE('',#3648,#3675);
#3675 = DEFINITIONAL_REPRESENTATION('',(#3676),#3680);
#3676 = LINE('',#3677,#3678);
#3677 = CARTESIAN_POINT('',(0.,-5.E-02));
#3678 = VECTOR('',#3679,1.);
#3679 = DIRECTION('',(1.,0.));
#3680 = ( GEOMETRIC_REPRESENTATION_CONTEXT(2) 
PARAMETRIC_REPRESENTATION_CONTEXT() REPRESENTATION_CONTEXT('2D SPACE',''
  ) );
#3681 = PCURVE('',#3586,#3682);
#3682 = DEFINITIONAL_REPRESENTATION('',(#3683),#3691);
#3683 = ( BOUNDED_CURVE() B_SPLINE_CURVE(2,(#3684,#3685,#3686,#3687,
#3688,#3689,#3690),.UNSPECIFIED.,.T.,.F.) B_SPLINE_CURVE_WITH_KNOTS((1,2
    ,2,2,2,1),(-2.094395102393,0.,2.094395102393,4.188790204786,
6.28318530718,8.377580409573),.UNSPECIFIED.) CURVE() 
GEOMETRIC_REPRESENTATION_ITEM() RATIONAL_B_SPLINE_CURVE((1.,0.5,1.,0.5,
1.,0.5,1.)) REPRESENTATION_ITEM('') );
#3684 = CARTESIAN_POINT('',(-0.5,0.));
#3685 = CARTESIAN_POINT('',(-0.5,0.866025403784));
#3686 = CARTESIAN_POINT('',(0.25,0.433012701892));
#3687 = CARTESIAN_POINT('',(1.,1.224646799147E-16));
#3688 = CARTESIAN_POINT('',(0.25,-0.433012701892));
#3689 = CARTESIAN_POINT('',(-0.5,-0.866025403784));
#3690 = CARTESIAN_POINT('',(-0.5,0.));
#3691 = ( GEOMETRIC_REPRESENTATION_CONTEXT(2) 
PARAMETRIC_REPRESENTATION_CONTEXT() REPRESENTATION_CONTEXT('2D SPACE',''
  ) );
#3692 = ORIENTED_EDGE('',*,*,#3637,.F.);
#3693 = ORIENTED_EDGE('',*,*,#3694,.F.);
#3694 = EDGE_CURVE('',#3638,#3638,#3695,.T.);
#3695 = SURFACE_CURVE('',#3696,(#3701,#3708),.PCURVE_S1.);
#3696 = CIRCLE('',#3697,0.5);
#3697 = AXIS2_PLACEMENT_3D('',#3698,#3699,#3700);
#3698 = CARTESIAN_POINT('',(1.27,-5.75,1.6));
#3699 = DIRECTION('',(0.,0.,-1.));
#3700 = DIRECTION('',(1.,-0.,-0.));
#3701 = PCURVE('',#3648,#3702);
#3702 = DEFINITIONAL_REPRESENTATION('',(#3703),#3707);
#3703 = LINE('',#3704,#3705);
#3704 = CARTESIAN_POINT('',(0.,0.));
#3705 = VECTOR('',#3706,1.);
#3706 = DIRECTION('',(1.,0.));
#3707 = ( GEOMETRIC_REPRESENTATION_CONTEXT(2) 
PARAMETRIC_REPRESENTATION_CONTEXT() REPRESENTATION_CONTEXT('2D SPACE',''
  ) );
#3708 = PCURVE('',#3618,#3709);
#3709 = DEFINITIONAL_REPRESENTATION('',(#3710),#3718);
#3710 = ( BOUNDED_CURVE() B_SPLINE_CURVE(2,(#3711,#3712,#3713,#3714,
#3715,#3716,#3717),.UNSPECIFIED.,.T.,.F.) B_SPLINE_CURVE_WITH_KNOTS((1,2
    ,2,2,2,1),(-2.094395102393,0.,2.094395102393,4.188790204786,
6.28318530718,8.377580409573),.UNSPECIFIED.) CURVE() 
GEOMETRIC_REPRESENTATION_ITEM() RATIONAL_B_SPLINE_CURVE((1.,0.5,1.,0.5,
1.,0.5,1.)) REPRESENTATION_ITEM('') );
#3711 = CARTESIAN_POINT('',(-0.5,0.));
#3712 = CARTESIAN_POINT('',(-0.5,0.866025403784));
#3713 = CARTESIAN_POINT('',(0.25,0.433012701892));
#3714 = CARTESIAN_POINT('',(1.,1.224646799147E-16));
#3715 = CARTESIAN_POINT('',(0.25,-0.433012701892));
#3716 = CARTESIAN_POINT('',(-0.5,-0.866025403784));
#3717 = CARTESIAN_POINT('',(-0.5,0.));
#3718 = ( GEOMETRIC_REPRESENTATION_CONTEXT(2) 
PARAMETRIC_REPRESENTATION_CONTEXT() REPRESENTATION_CONTEXT('2D SPACE',''
  ) );
#3719 = ADVANCED_FACE('',(#3720,#3723),#3618,.F.);
#3720 = FACE_BOUND('',#3721,.T.);
#3721 = EDGE_LOOP('',(#3722));
#3722 = ORIENTED_EDGE('',*,*,#3603,.T.);
#3723 = FACE_BOUND('',#3724,.T.);
#3724 = EDGE_LOOP('',(#3725));
#3725 = ORIENTED_EDGE('',*,*,#3694,.F.);
#3726 = ADVANCED_FACE('',(#3727,#3730),#3586,.T.);
#3727 = FACE_BOUND('',#3728,.F.);
#3728 = EDGE_LOOP('',(#3729));
#3729 = ORIENTED_EDGE('',*,*,#3571,.T.);
#3730 = FACE_BOUND('',#3731,.F.);
#3731 = EDGE_LOOP('',(#3732));
#3732 = ORIENTED_EDGE('',*,*,#3667,.F.);
#3733 = ( GEOMETRIC_REPRESENTATION_CONTEXT(3) 
GLOBAL_UNCERTAINTY_ASSIGNED_CONTEXT((#3737)) 
GLOBAL_UNIT_ASSIGNED_CONTEXT((#3734,#3735,#3736)) REPRESENTATION_CONTEXT
('Context #1','3D Context with UNIT and UNCERTAINTY') );
#3734 = ( LENGTH_UNIT() NAMED_UNIT(*) SI_UNIT(.MILLI.,.METRE.) );
#3735 = ( NAMED_UNIT(*) PLANE_ANGLE_UNIT() SI_UNIT($,.RADIAN.) );
#3736 = ( NAMED_UNIT(*) SI_UNIT($,.STERADIAN.) SOLID_ANGLE_UNIT() );
#3737 = UNCERTAINTY_MEASURE_WITH_UNIT(LENGTH_MEASURE(1.E-07),#3734,
  'distance_accuracy_value','confusion accuracy');
#3738 = CONTEXT_DEPENDENT_SHAPE_REPRESENTATION(#3739,#3741);
#3739 = ( REPRESENTATION_RELATIONSHIP('','',#3534,#10) 
REPRESENTATION_RELATIONSHIP_WITH_TRANSFORMATION(#3740) 
SHAPE_REPRESENTATION_RELATIONSHIP() );
#3740 = ITEM_DEFINED_TRANSFORMATION('','',#11,#55);
#3741 = PRODUCT_DEFINITION_SHAPE('Placement','Placement of an item',
  #3742);
#3742 = NEXT_ASSEMBLY_USAGE_OCCURRENCE('73','ring9','',#5,#3529,$);
#3743 = PRODUCT_RELATED_PRODUCT_CATEGORY('part',$,(#3531));
#3744 = SHAPE_DEFINITION_REPRESENTATION(#3745,#3751);
#3745 = PRODUCT_DEFINITION_SHAPE('','',#3746);
#3746 = PRODUCT_DEFINITION('design','',#3747,#3750);
#3747 = PRODUCT_DEFINITION_FORMATION('','',#3748);
#3748 = PRODUCT('ring10','ring10','',(#3749));
#3749 = PRODUCT_CONTEXT('',#2,'mechanical');
#3750 = PRODUCT_DEFINITION_CONTEXT('part definition',#2,'design');
#3751 = ADVANCED_BREP_SHAPE_REPRESENTATION('',(#11,#3752),#3950);
#3752 = MANIFOLD_SOLID_BREP('',#3753);
#3753 = CLOSED_SHELL('',(#3754,#3850,#3936,#3943));
#3754 = ADVANCED_FACE('',(#3755),#3769,.T.);
#3755 = FACE_BOUND('',#3756,.T.);
#3756 = EDGE_LOOP('',(#3757,#3787,#3818,#3819));
#3757 = ORIENTED_EDGE('',*,*,#3758,.T.);
#3758 = EDGE_CURVE('',#3759,#3761,#3763,.T.);
#3759 = VERTEX_POINT('',#3760);
#3760 = CARTESIAN_POINT('',(4.66,-5.75,1.6));
#3761 = VERTEX_POINT('',#3762);
#3762 = CARTESIAN_POINT('',(4.66,-5.75,1.65));
#3763 = SEAM_CURVE('',#3764,(#3768,#3780),.PCURVE_S1.);
#3764 = LINE('',#3765,#3766);
#3765 = CARTESIAN_POINT('',(4.66,-5.75,1.6));
#3766 = VECTOR('',#3767,1.);
#3767 = DIRECTION('',(-0.,-0.,1.));
#3768 = PCURVE('',#3769,#3774);
#3769 = CYLINDRICAL_SURFACE('',#3770,0.85);
#3770 = AXIS2_PLACEMENT_3D('',#3771,#3772,#3773);
#3771 = CARTESIAN_POINT('',(3.81,-5.75,1.6));
#3772 = DIRECTION('',(-0.,0.,-1.));
#3773 = DIRECTION('',(1.,-0.,-0.));
#3774 = DEFINITIONAL_REPRESENTATION('',(#3775),#3779);
#3775 = LINE('',#3776,#3777);
#3776 = CARTESIAN_POINT('',(0.,0.));
#3777 = VECTOR('',#3778,1.);
#3778 = DIRECTION('',(0.,-1.));
#3779 = ( GEOMETRIC_REPRESENTATION_CONTEXT(2) 
PARAMETRIC_REPRESENTATION_CONTEXT() REPRESENTATION_CONTEXT('2D SPACE',''
  ) );
#3780 = PCURVE('',#3769,#3781);
#3781 = DEFINITIONAL_REPRESENTATION('',(#3782),#3786);
#3782 = LINE('',#3783,#3784);
#3783 = CARTESIAN_POINT('',(6.28318530718,0.));
#3784 = VECTOR('',#3785,1.);
#3785 = DIRECTION('',(0.,-1.));
#3786 = ( GEOMETRIC_REPRESENTATION_CONTEXT(2) 
PARAMETRIC_REPRESENTATION_CONTEXT() REPRESENTATION_CONTEXT('2D SPACE',''
  ) );
#3787 = ORIENTED_EDGE('',*,*,#3788,.T.);
#3788 = EDGE_CURVE('',#3761,#3761,#3789,.T.);
#3789 = SURFACE_CURVE('',#3790,(#3795,#3802),.PCURVE_S1.);
#3790 = CIRCLE('',#3791,0.85);
#3791 = AXIS2_PLACEMENT_3D('',#3792,#3793,#3794);
#3792 = CARTESIAN_POINT('',(3.81,-5.75,1.65));
#3793 = DIRECTION('',(0.,0.,-1.));
#3794 = DIRECTION('',(1.,-0.,-0.));
#3795 = PCURVE('',#3769,#3796);
#3796 = DEFINITIONAL_REPRESENTATION('',(#3797),#3801);
#3797 = LINE('',#3798,#3799);
#3798 = CARTESIAN_POINT('',(0.,-5.E-02));
#3799 = VECTOR('',#3800,1.);
#3800 = DIRECTION('',(1.,0.));
#3801 = ( GEOMETRIC_REPRESENTATION_CONTEXT(2) 
PARAMETRIC_REPRESENTATION_CONTEXT() REPRESENTATION_CONTEXT('2D SPACE',''
  ) );
#3802 = PCURVE('',#3803,#3808);
#3803 = PLANE('',#3804);
#3804 = AXIS2_PLACEMENT_3D('',#3805,#3806,#3807);
#3805 = CARTESIAN_POINT('',(3.81,-5.75,1.65));
#3806 = DIRECTION('',(-0.,-0.,1.));
#3807 = DIRECTION('',(-1.,0.,0.));
#3808 = DEFINITIONAL_REPRESENTATION('',(#3809),#3817);
#3809 = ( BOUNDED_CURVE() B_SPLINE_CURVE(2,(#3810,#3811,#3812,#3813,
#3814,#3815,#3816),.UNSPECIFIED.,.T.,.F.) B_SPLINE_CURVE_WITH_KNOTS((1,2
    ,2,2,2,1),(-2.094395102393,0.,2.094395102393,4.188790204786,
6.28318530718,8.377580409573),.UNSPECIFIED.) CURVE() 
GEOMETRIC_REPRESENTATION_ITEM() RATIONAL_B_SPLINE_CURVE((1.,0.5,1.,0.5,
1.,0.5,1.)) REPRESENTATION_ITEM('') );
#3810 = CARTESIAN_POINT('',(-0.85,-8.881784197001E-16));
#3811 = CARTESIAN_POINT('',(-0.85,1.472243186434));
#3812 = CARTESIAN_POINT('',(0.425,0.736121593217));
#3813 = CARTESIAN_POINT('',(1.7,-6.799884638451E-16));
#3814 = CARTESIAN_POINT('',(0.425,-0.736121593217));
#3815 = CARTESIAN_POINT('',(-0.85,-1.472243186434));
#3816 = CARTESIAN_POINT('',(-0.85,-8.881784197001E-16));
#3817 = ( GEOMETRIC_REPRESENTATION_CONTEXT(2) 
PARAMETRIC_REPRESENTATION_CONTEXT() REPRESENTATION_CONTEXT('2D SPACE',''
  ) );
#3818 = ORIENTED_EDGE('',*,*,#3758,.F.);
#3819 = ORIENTED_EDGE('',*,*,#3820,.F.);
#3820 = EDGE_CURVE('',#3759,#3759,#3821,.T.);
#3821 = SURFACE_CURVE('',#3822,(#3827,#3834),.PCURVE_S1.);
#3822 = CIRCLE('',#3823,0.85);
#3823 = AXIS2_PLACEMENT_3D('',#3824,#3825,#3826);
#3824 = CARTESIAN_POINT('',(3.81,-5.75,1.6));
#3825 = DIRECTION('',(0.,0.,-1.));
#3826 = DIRECTION('',(1.,-0.,-0.));
#3827 = PCURVE('',#3769,#3828);
#3828 = DEFINITIONAL_REPRESENTATION('',(#3829),#3833);
#3829 = LINE('',#3830,#3831);
#3830 = CARTESIAN_POINT('',(0.,0.));
#3831 = VECTOR('',#3832,1.);
#3832 = DIRECTION('',(1.,0.));
#3833 = ( GEOMETRIC_REPRESENTATION_CONTEXT(2) 
PARAMETRIC_REPRESENTATION_CONTEXT() REPRESENTATION_CONTEXT('2D SPACE',''
  ) );
#3834 = PCURVE('',#3835,#3840);
#3835 = PLANE('',#3836);
#3836 = AXIS2_PLACEMENT_3D('',#3837,#3838,#3839);
#3837 = CARTESIAN_POINT('',(3.81,-5.75,1.6));
#3838 = DIRECTION('',(-0.,-0.,1.));
#3839 = DIRECTION('',(-1.,0.,0.));
#3840 = DEFINITIONAL_REPRESENTATION('',(#3841),#3849);
#3841 = ( BOUNDED_CURVE() B_SPLINE_CURVE(2,(#3842,#3843,#3844,#3845,
#3846,#3847,#3848),.UNSPECIFIED.,.T.,.F.) B_SPLINE_CURVE_WITH_KNOTS((1,2
    ,2,2,2,1),(-2.094395102393,0.,2.094395102393,4.188790204786,
6.28318530718,8.377580409573),.UNSPECIFIED.) CURVE() 
GEOMETRIC_REPRESENTATION_ITEM() RATIONAL_B_SPLINE_CURVE((1.,0.5,1.,0.5,
1.,0.5,1.)) REPRESENTATION_ITEM('') );
#3842 = CARTESIAN_POINT('',(-0.85,-8.881784197001E-16));
#3843 = CARTESIAN_POINT('',(-0.85,1.472243186434));
#3844 = CARTESIAN_POINT('',(0.425,0.736121593217));
#3845 = CARTESIAN_POINT('',(1.7,-6.799884638451E-16));
#3846 = CARTESIAN_POINT('',(0.425,-0.736121593217));
#3847 = CARTESIAN_POINT('',(-0.85,-1.472243186434));
#3848 = CARTESIAN_POINT('',(-0.85,-8.881784197001E-16));
#3849 = ( GEOMETRIC_REPRESENTATION_CONTEXT(2) 
PARAMETRIC_REPRESENTATION_CONTEXT() REPRESENTATION_CONTEXT('2D SPACE',''
  ) );
#3850 = ADVANCED_FACE('',(#3851),#3865,.F.);
#3851 = FACE_BOUND('',#3852,.F.);
#3852 = EDGE_LOOP('',(#3853,#3883,#3909,#3910));
#3853 = ORIENTED_EDGE('',*,*,#3854,.T.);
#3854 = EDGE_CURVE('',#3855,#3857,#3859,.T.);
#3855 = VERTEX_POINT('',#3856);
#3856 = CARTESIAN_POINT('',(4.31,-5.75,1.6));
#3857 = VERTEX_POINT('',#3858);
#3858 = CARTESIAN_POINT('',(4.31,-5.75,1.65));
#3859 = SEAM_CURVE('',#3860,(#3864,#3876),.PCURVE_S1.);
#3860 = LINE('',#3861,#3862);
#3861 = CARTESIAN_POINT('',(4.31,-5.75,1.6));
#3862 = VECTOR('',#3863,1.);
#3863 = DIRECTION('',(-0.,-0.,1.));
#3864 = PCURVE('',#3865,#3870);
#3865 = CYLINDRICAL_SURFACE('',#3866,0.5);
#3866 = AXIS2_PLACEMENT_3D('',#3867,#3868,#3869);
#3867 = CARTESIAN_POINT('',(3.81,-5.75,1.6));
#3868 = DIRECTION('',(-0.,0.,-1.));
#3869 = DIRECTION('',(1.,-0.,-0.));
#3870 = DEFINITIONAL_REPRESENTATION('',(#3871),#3875);
#3871 = LINE('',#3872,#3873);
#3872 = CARTESIAN_POINT('',(0.,0.));
#3873 = VECTOR('',#3874,1.);
#3874 = DIRECTION('',(0.,-1.));
#3875 = ( GEOMETRIC_REPRESENTATION_CONTEXT(2) 
PARAMETRIC_REPRESENTATION_CONTEXT() REPRESENTATION_CONTEXT('2D SPACE',''
  ) );
#3876 = PCURVE('',#3865,#3877);
#3877 = DEFINITIONAL_REPRESENTATION('',(#3878),#3882);
#3878 = LINE('',#3879,#3880);
#3879 = CARTESIAN_POINT('',(6.28318530718,0.));
#3880 = VECTOR('',#3881,1.);
#3881 = DIRECTION('',(0.,-1.));
#3882 = ( GEOMETRIC_REPRESENTATION_CONTEXT(2) 
PARAMETRIC_REPRESENTATION_CONTEXT() REPRESENTATION_CONTEXT('2D SPACE',''
  ) );
#3883 = ORIENTED_EDGE('',*,*,#3884,.T.);
#3884 = EDGE_CURVE('',#3857,#3857,#3885,.T.);
#3885 = SURFACE_CURVE('',#3886,(#3891,#3898),.PCURVE_S1.);
#3886 = CIRCLE('',#3887,0.5);
#3887 = AXIS2_PLACEMENT_3D('',#3888,#3889,#3890);
#3888 = CARTESIAN_POINT('',(3.81,-5.75,1.65));
#3889 = DIRECTION('',(0.,0.,-1.));
#3890 = DIRECTION('',(1.,-0.,-0.));
#3891 = PCURVE('',#3865,#3892);
#3892 = DEFINITIONAL_REPRESENTATION('',(#3893),#3897);
#3893 = LINE('',#3894,#3895);
#3894 = CARTESIAN_POINT('',(0.,-5.E-02));
#3895 = VECTOR('',#3896,1.);
#3896 = DIRECTION('',(1.,0.));
#3897 = ( GEOMETRIC_REPRESENTATION_CONTEXT(2) 
PARAMETRIC_REPRESENTATION_CONTEXT() REPRESENTATION_CONTEXT('2D SPACE',''
  ) );
#3898 = PCURVE('',#3803,#3899);
#3899 = DEFINITIONAL_REPRESENTATION('',(#3900),#3908);
#3900 = ( BOUNDED_CURVE() B_SPLINE_CURVE(2,(#3901,#3902,#3903,#3904,
#3905,#3906,#3907),.UNSPECIFIED.,.T.,.F.) B_SPLINE_CURVE_WITH_KNOTS((1,2
    ,2,2,2,1),(-2.094395102393,0.,2.094395102393,4.188790204786,
6.28318530718,8.377580409573),.UNSPECIFIED.) CURVE() 
GEOMETRIC_REPRESENTATION_ITEM() RATIONAL_B_SPLINE_CURVE((1.,0.5,1.,0.5,
1.,0.5,1.)) REPRESENTATION_ITEM('') );
#3901 = CARTESIAN_POINT('',(-0.5,-8.881784197001E-16));
#3902 = CARTESIAN_POINT('',(-0.5,0.866025403784));
#3903 = CARTESIAN_POINT('',(0.25,0.433012701892));
#3904 = CARTESIAN_POINT('',(1.,-7.657137397854E-16));
#3905 = CARTESIAN_POINT('',(0.25,-0.433012701892));
#3906 = CARTESIAN_POINT('',(-0.5,-0.866025403784));
#3907 = CARTESIAN_POINT('',(-0.5,-8.881784197001E-16));
#3908 = ( GEOMETRIC_REPRESENTATION_CONTEXT(2) 
PARAMETRIC_REPRESENTATION_CONTEXT() REPRESENTATION_CONTEXT('2D SPACE',''
  ) );
#3909 = ORIENTED_EDGE('',*,*,#3854,.F.);
#3910 = ORIENTED_EDGE('',*,*,#3911,.F.);
#3911 = EDGE_CURVE('',#3855,#3855,#3912,.T.);
#3912 = SURFACE_CURVE('',#3913,(#3918,#3925),.PCURVE_S1.);
#3913 = CIRCLE('',#3914,0.5);
#3914 = AXIS2_PLACEMENT_3D('',#3915,#3916,#3917);
#3915 = CARTESIAN_POINT('',(3.81,-5.75,1.6));
#3916 = DIRECTION('',(0.,0.,-1.));
#3917 = DIRECTION('',(1.,-0.,-0.));
#3918 = PCURVE('',#3865,#3919);
#3919 = DEFINITIONAL_REPRESENTATION('',(#3920),#3924);
#3920 = LINE('',#3921,#3922);
#3921 = CARTESIAN_POINT('',(0.,0.));
#3922 = VECTOR('',#3923,1.);
#3923 = DIRECTION('',(1.,0.));
#3924 = ( GEOMETRIC_REPRESENTATION_CONTEXT(2) 
PARAMETRIC_REPRESENTATION_CONTEXT() REPRESENTATION_CONTEXT('2D SPACE',''
  ) );
#3925 = PCURVE('',#3835,#3926);
#3926 = DEFINITIONAL_REPRESENTATION('',(#3927),#3935);
#3927 = ( BOUNDED_CURVE() B_SPLINE_CURVE(2,(#3928,#3929,#3930,#3931,
#3932,#3933,#3934),.UNSPECIFIED.,.T.,.F.) B_SPLINE_CURVE_WITH_KNOTS((1,2
    ,2,2,2,1),(-2.094395102393,0.,2.094395102393,4.188790204786,
6.28318530718,8.377580409573),.UNSPECIFIED.) CURVE() 
GEOMETRIC_REPRESENTATION_ITEM() RATIONAL_B_SPLINE_CURVE((1.,0.5,1.,0.5,
1.,0.5,1.)) REPRESENTATION_ITEM('') );
#3928 = CARTESIAN_POINT('',(-0.5,-8.881784197001E-16));
#3929 = CARTESIAN_POINT('',(-0.5,0.866025403784));
#3930 = CARTESIAN_POINT('',(0.25,0.433012701892));
#3931 = CARTESIAN_POINT('',(1.,-7.657137397854E-16));
#3932 = CARTESIAN_POINT('',(0.25,-0.433012701892));
#3933 = CARTESIAN_POINT('',(-0.5,-0.866025403784));
#3934 = CARTESIAN_POINT('',(-0.5,-8.881784197001E-16));
#3935 = ( GEOMETRIC_REPRESENTATION_CONTEXT(2) 
PARAMETRIC_REPRESENTATION_CONTEXT() REPRESENTATION_CONTEXT('2D SPACE',''
  ) );
#3936 = ADVANCED_FACE('',(#3937,#3940),#3835,.F.);
#3937 = FACE_BOUND('',#3938,.T.);
#3938 = EDGE_LOOP('',(#3939));
#3939 = ORIENTED_EDGE('',*,*,#3820,.T.);
#3940 = FACE_BOUND('',#3941,.T.);
#3941 = EDGE_LOOP('',(#3942));
#3942 = ORIENTED_EDGE('',*,*,#3911,.F.);
#3943 = ADVANCED_FACE('',(#3944,#3947),#3803,.T.);
#3944 = FACE_BOUND('',#3945,.F.);
#3945 = EDGE_LOOP('',(#3946));
#3946 = ORIENTED_EDGE('',*,*,#3788,.T.);
#3947 = FACE_BOUND('',#3948,.F.);
#3948 = EDGE_LOOP('',(#3949));
#3949 = ORIENTED_EDGE('',*,*,#3884,.F.);
#3950 = ( GEOMETRIC_REPRESENTATION_CONTEXT(3) 
GLOBAL_UNCERTAINTY_ASSIGNED_CONTEXT((#3954)) 
GLOBAL_UNIT_ASSIGNED_CONTEXT((#3951,#3952,#3953)) REPRESENTATION_CONTEXT
('Context #1','3D Context with UNIT and UNCERTAINTY') );
#3951 = ( LENGTH_UNIT() NAMED_UNIT(*) SI_UNIT(.MILLI.,.METRE.) );
#3952 = ( NAMED_UNIT(*) PLANE_ANGLE_UNIT() SI_UNIT($,.RADIAN.) );
#3953 = ( NAMED_UNIT(*) SI_UNIT($,.STERADIAN.) SOLID_ANGLE_UNIT() );
#3954 = UNCERTAINTY_MEASURE_WITH_UNIT(LENGTH_MEASURE(1.E-07),#3951,
  'distance_accuracy_value','confusion accuracy');
#3955 = CONTEXT_DEPENDENT_SHAPE_REPRESENTATION(#3956,#3958);
#3956 = ( REPRESENTATION_RELATIONSHIP('','',#3751,#10) 
REPRESENTATION_RELATIONSHIP_WITH_TRANSFORMATION(#3957) 
SHAPE_REPRESENTATION_RELATIONSHIP() );
#3957 = ITEM_DEFINED_TRANSFORMATION('','',#11,#59);
#3958 = PRODUCT_DEFINITION_SHAPE('Placement','Placement of an item',
  #3959);
#3959 = NEXT_ASSEMBLY_USAGE_OCCURRENCE('74','ring10','',#5,#3746,$);
#3960 = PRODUCT_RELATED_PRODUCT_CATEGORY('part',$,(#3748));
#3961 = SHAPE_DEFINITION_REPRESENTATION(#3962,#3968);
#3962 = PRODUCT_DEFINITION_SHAPE('','',#3963);
#3963 = PRODUCT_DEFINITION('design','',#3964,#3967);
#3964 = PRODUCT_DEFINITION_FORMATION('','',#3965);
#3965 = PRODUCT('ring11','ring11','',(#3966));
#3966 = PRODUCT_CONTEXT('',#2,'mechanical');
#3967 = PRODUCT_DEFINITION_CONTEXT('part definition',#2,'design');
#3968 = ADVANCED_BREP_SHAPE_REPRESENTATION('',(#11,#3969),#4167);
#3969 = MANIFOLD_SOLID_BREP('',#3970);
#3970 = CLOSED_SHELL('',(#3971,#4067,#4153,#4160));
#3971 = ADVANCED_FACE('',(#3972),#3986,.T.);
#3972 = FACE_BOUND('',#3973,.T.);
#3973 = EDGE_LOOP('',(#3974,#4004,#4035,#4036));
#3974 = ORIENTED_EDGE('',*,*,#3975,.T.);
#3975 = EDGE_CURVE('',#3976,#3978,#3980,.T.);
#3976 = VERTEX_POINT('',#3977);
#3977 = CARTESIAN_POINT('',(7.2,-5.75,1.6));
#3978 = VERTEX_POINT('',#3979);
#3979 = CARTESIAN_POINT('',(7.2,-5.75,1.65));
#3980 = SEAM_CURVE('',#3981,(#3985,#3997),.PCURVE_S1.);
#3981 = LINE('',#3982,#3983);
#3982 = CARTESIAN_POINT('',(7.2,-5.75,1.6));
#3983 = VECTOR('',#3984,1.);
#3984 = DIRECTION('',(-0.,-0.,1.));
#3985 = PCURVE('',#3986,#3991);
#3986 = CYLINDRICAL_SURFACE('',#3987,0.85);
#3987 = AXIS2_PLACEMENT_3D('',#3988,#3989,#3990);
#3988 = CARTESIAN_POINT('',(6.35,-5.75,1.6));
#3989 = DIRECTION('',(-0.,0.,-1.));
#3990 = DIRECTION('',(1.,-0.,-0.));
#3991 = DEFINITIONAL_REPRESENTATION('',(#3992),#3996);
#3992 = LINE('',#3993,#3994);
#3993 = CARTESIAN_POINT('',(0.,0.));
#3994 = VECTOR('',#3995,1.);
#3995 = DIRECTION('',(0.,-1.));
#3996 = ( GEOMETRIC_REPRESENTATION_CONTEXT(2) 
PARAMETRIC_REPRESENTATION_CONTEXT() REPRESENTATION_CONTEXT('2D SPACE',''
  ) );
#3997 = PCURVE('',#3986,#3998);
#3998 = DEFINITIONAL_REPRESENTATION('',(#3999),#4003);
#3999 = LINE('',#4000,#4001);
#4000 = CARTESIAN_POINT('',(6.28318530718,0.));
#4001 = VECTOR('',#4002,1.);
#4002 = DIRECTION('',(0.,-1.));
#4003 = ( GEOMETRIC_REPRESENTATION_CONTEXT(2) 
PARAMETRIC_REPRESENTATION_CONTEXT() REPRESENTATION_CONTEXT('2D SPACE',''
  ) );
#4004 = ORIENTED_EDGE('',*,*,#4005,.T.);
#4005 = EDGE_CURVE('',#3978,#3978,#4006,.T.);
#4006 = SURFACE_CURVE('',#4007,(#4012,#4019),.PCURVE_S1.);
#4007 = CIRCLE('',#4008,0.85);
#4008 = AXIS2_PLACEMENT_3D('',#4009,#4010,#4011);
#4009 = CARTESIAN_POINT('',(6.35,-5.75,1.65));
#4010 = DIRECTION('',(0.,0.,-1.));
#4011 = DIRECTION('',(1.,-0.,-0.));
#4012 = PCURVE('',#3986,#4013);
#4013 = DEFINITIONAL_REPRESENTATION('',(#4014),#4018);
#4014 = LINE('',#4015,#4016);
#4015 = CARTESIAN_POINT('',(0.,-5.E-02));
#4016 = VECTOR('',#4017,1.);
#4017 = DIRECTION('',(1.,0.));
#4018 = ( GEOMETRIC_REPRESENTATION_CONTEXT(2) 
PARAMETRIC_REPRESENTATION_CONTEXT() REPRESENTATION_CONTEXT('2D SPACE',''
  ) );
#4019 = PCURVE('',#4020,#4025);
#4020 = PLANE('',#4021);
#4021 = AXIS2_PLACEMENT_3D('',#4022,#4023,#4024);
#4022 = CARTESIAN_POINT('',(6.35,-5.75,1.65));
#4023 = DIRECTION('',(-0.,-0.,1.));
#4024 = DIRECTION('',(-1.,0.,0.));
#4025 = DEFINITIONAL_REPRESENTATION('',(#4026),#4034);
#4026 = ( BOUNDED_CURVE() B_SPLINE_CURVE(2,(#4027,#4028,#4029,#4030,
#4031,#4032,#4033),.UNSPECIFIED.,.T.,.F.) B_SPLINE_CURVE_WITH_KNOTS((1,2
    ,2,2,2,1),(-2.094395102393,0.,2.094395102393,4.188790204786,
6.28318530718,8.377580409573),.UNSPECIFIED.) CURVE() 
GEOMETRIC_REPRESENTATION_ITEM() RATIONAL_B_SPLINE_CURVE((1.,0.5,1.,0.5,
1.,0.5,1.)) REPRESENTATION_ITEM('') );
#4027 = CARTESIAN_POINT('',(-0.85,-8.881784197001E-16));
#4028 = CARTESIAN_POINT('',(-0.85,1.472243186434));
#4029 = CARTESIAN_POINT('',(0.425,0.736121593217));
#4030 = CARTESIAN_POINT('',(1.7,-6.799884638451E-16));
#4031 = CARTESIAN_POINT('',(0.425,-0.736121593217));
#4032 = CARTESIAN_POINT('',(-0.85,-1.472243186434));
#4033 = CARTESIAN_POINT('',(-0.85,-8.881784197001E-16));
#4034 = ( GEOMETRIC_REPRESENTATION_CONTEXT(2) 
PARAMETRIC_REPRESENTATION_CONTEXT() REPRESENTATION_CONTEXT('2D SPACE',''
  ) );
#4035 = ORIENTED_EDGE('',*,*,#3975,.F.);
#4036 = ORIENTED_EDGE('',*,*,#4037,.F.);
#4037 = EDGE_CURVE('',#3976,#3976,#4038,.T.);
#4038 = SURFACE_CURVE('',#4039,(#4044,#4051),.PCURVE_S1.);
#4039 = CIRCLE('',#4040,0.85);
#4040 = AXIS2_PLACEMENT_3D('',#4041,#4042,#4043);
#4041 = CARTESIAN_POINT('',(6.35,-5.75,1.6));
#4042 = DIRECTION('',(0.,0.,-1.));
#4043 = DIRECTION('',(1.,-0.,-0.));
#4044 = PCURVE('',#3986,#4045);
#4045 = DEFINITIONAL_REPRESENTATION('',(#4046),#4050);
#4046 = LINE('',#4047,#4048);
#4047 = CARTESIAN_POINT('',(0.,0.));
#4048 = VECTOR('',#4049,1.);
#4049 = DIRECTION('',(1.,0.));
#4050 = ( GEOMETRIC_REPRESENTATION_CONTEXT(2) 
PARAMETRIC_REPRESENTATION_CONTEXT() REPRESENTATION_CONTEXT('2D SPACE',''
  ) );
#4051 = PCURVE('',#4052,#4057);
#4052 = PLANE('',#4053);
#4053 = AXIS2_PLACEMENT_3D('',#4054,#4055,#4056);
#4054 = CARTESIAN_POINT('',(6.35,-5.75,1.6));
#4055 = DIRECTION('',(-0.,-0.,1.));
#4056 = DIRECTION('',(-1.,0.,0.));
#4057 = DEFINITIONAL_REPRESENTATION('',(#4058),#4066);
#4058 = ( BOUNDED_CURVE() B_SPLINE_CURVE(2,(#4059,#4060,#4061,#4062,
#4063,#4064,#4065),.UNSPECIFIED.,.T.,.F.) B_SPLINE_CURVE_WITH_KNOTS((1,2
    ,2,2,2,1),(-2.094395102393,0.,2.094395102393,4.188790204786,
6.28318530718,8.377580409573),.UNSPECIFIED.) CURVE() 
GEOMETRIC_REPRESENTATION_ITEM() RATIONAL_B_SPLINE_CURVE((1.,0.5,1.,0.5,
1.,0.5,1.)) REPRESENTATION_ITEM('') );
#4059 = CARTESIAN_POINT('',(-0.85,-8.881784197001E-16));
#4060 = CARTESIAN_POINT('',(-0.85,1.472243186434));
#4061 = CARTESIAN_POINT('',(0.425,0.736121593217));
#4062 = CARTESIAN_POINT('',(1.7,-6.799884638451E-16));
#4063 = CARTESIAN_POINT('',(0.425,-0.736121593217));
#4064 = CARTESIAN_POINT('',(-0.85,-1.472243186434));
#4065 = CARTESIAN_POINT('',(-0.85,-8.881784197001E-16));
#4066 = ( GEOMETRIC_REPRESENTATION_CONTEXT(2) 
PARAMETRIC_REPRESENTATION_CONTEXT() REPRESENTATION_CONTEXT('2D SPACE',''
  ) );
#4067 = ADVANCED_FACE('',(#4068),#4082,.F.);
#4068 = FACE_BOUND('',#4069,.F.);
#4069 = EDGE_LOOP('',(#4070,#4100,#4126,#4127));
#4070 = ORIENTED_EDGE('',*,*,#4071,.T.);
#4071 = EDGE_CURVE('',#4072,#4074,#4076,.T.);
#4072 = VERTEX_POINT('',#4073);
#4073 = CARTESIAN_POINT('',(6.85,-5.75,1.6));
#4074 = VERTEX_POINT('',#4075);
#4075 = CARTESIAN_POINT('',(6.85,-5.75,1.65));
#4076 = SEAM_CURVE('',#4077,(#4081,#4093),.PCURVE_S1.);
#4077 = LINE('',#4078,#4079);
#4078 = CARTESIAN_POINT('',(6.85,-5.75,1.6));
#4079 = VECTOR('',#4080,1.);
#4080 = DIRECTION('',(-0.,-0.,1.));
#4081 = PCURVE('',#4082,#4087);
#4082 = CYLINDRICAL_SURFACE('',#4083,0.5);
#4083 = AXIS2_PLACEMENT_3D('',#4084,#4085,#4086);
#4084 = CARTESIAN_POINT('',(6.35,-5.75,1.6));
#4085 = DIRECTION('',(-0.,0.,-1.));
#4086 = DIRECTION('',(1.,-0.,-0.));
#4087 = DEFINITIONAL_REPRESENTATION('',(#4088),#4092);
#4088 = LINE('',#4089,#4090);
#4089 = CARTESIAN_POINT('',(0.,0.));
#4090 = VECTOR('',#4091,1.);
#4091 = DIRECTION('',(0.,-1.));
#4092 = ( GEOMETRIC_REPRESENTATION_CONTEXT(2) 
PARAMETRIC_REPRESENTATION_CONTEXT() REPRESENTATION_CONTEXT('2D SPACE',''
  ) );
#4093 = PCURVE('',#4082,#4094);
#4094 = DEFINITIONAL_REPRESENTATION('',(#4095),#4099);
#4095 = LINE('',#4096,#4097);
#4096 = CARTESIAN_POINT('',(6.28318530718,0.));
#4097 = VECTOR('',#4098,1.);
#4098 = DIRECTION('',(0.,-1.));
#4099 = ( GEOMETRIC_REPRESENTATION_CONTEXT(2) 
PARAMETRIC_REPRESENTATION_CONTEXT() REPRESENTATION_CONTEXT('2D SPACE',''
  ) );
#4100 = ORIENTED_EDGE('',*,*,#4101,.T.);
#4101 = EDGE_CURVE('',#4074,#4074,#4102,.T.);
#4102 = SURFACE_CURVE('',#4103,(#4108,#4115),.PCURVE_S1.);
#4103 = CIRCLE('',#4104,0.5);
#4104 = AXIS2_PLACEMENT_3D('',#4105,#4106,#4107);
#4105 = CARTESIAN_POINT('',(6.35,-5.75,1.65));
#4106 = DIRECTION('',(0.,0.,-1.));
#4107 = DIRECTION('',(1.,-0.,-0.));
#4108 = PCURVE('',#4082,#4109);
#4109 = DEFINITIONAL_REPRESENTATION('',(#4110),#4114);
#4110 = LINE('',#4111,#4112);
#4111 = CARTESIAN_POINT('',(0.,-5.E-02));
#4112 = VECTOR('',#4113,1.);
#4113 = DIRECTION('',(1.,0.));
#4114 = ( GEOMETRIC_REPRESENTATION_CONTEXT(2) 
PARAMETRIC_REPRESENTATION_CONTEXT() REPRESENTATION_CONTEXT('2D SPACE',''
  ) );
#4115 = PCURVE('',#4020,#4116);
#4116 = DEFINITIONAL_REPRESENTATION('',(#4117),#4125);
#4117 = ( BOUNDED_CURVE() B_SPLINE_CURVE(2,(#4118,#4119,#4120,#4121,
#4122,#4123,#4124),.UNSPECIFIED.,.T.,.F.) B_SPLINE_CURVE_WITH_KNOTS((1,2
    ,2,2,2,1),(-2.094395102393,0.,2.094395102393,4.188790204786,
6.28318530718,8.377580409573),.UNSPECIFIED.) CURVE() 
GEOMETRIC_REPRESENTATION_ITEM() RATIONAL_B_SPLINE_CURVE((1.,0.5,1.,0.5,
1.,0.5,1.)) REPRESENTATION_ITEM('') );
#4118 = CARTESIAN_POINT('',(-0.5,-8.881784197001E-16));
#4119 = CARTESIAN_POINT('',(-0.5,0.866025403784));
#4120 = CARTESIAN_POINT('',(0.25,0.433012701892));
#4121 = CARTESIAN_POINT('',(1.,-7.657137397854E-16));
#4122 = CARTESIAN_POINT('',(0.25,-0.433012701892));
#4123 = CARTESIAN_POINT('',(-0.5,-0.866025403784));
#4124 = CARTESIAN_POINT('',(-0.5,-8.881784197001E-16));
#4125 = ( GEOMETRIC_REPRESENTATION_CONTEXT(2) 
PARAMETRIC_REPRESENTATION_CONTEXT() REPRESENTATION_CONTEXT('2D SPACE',''
  ) );
#4126 = ORIENTED_EDGE('',*,*,#4071,.F.);
#4127 = ORIENTED_EDGE('',*,*,#4128,.F.);
#4128 = EDGE_CURVE('',#4072,#4072,#4129,.T.);
#4129 = SURFACE_CURVE('',#4130,(#4135,#4142),.PCURVE_S1.);
#4130 = CIRCLE('',#4131,0.5);
#4131 = AXIS2_PLACEMENT_3D('',#4132,#4133,#4134);
#4132 = CARTESIAN_POINT('',(6.35,-5.75,1.6));
#4133 = DIRECTION('',(0.,0.,-1.));
#4134 = DIRECTION('',(1.,-0.,-0.));
#4135 = PCURVE('',#4082,#4136);
#4136 = DEFINITIONAL_REPRESENTATION('',(#4137),#4141);
#4137 = LINE('',#4138,#4139);
#4138 = CARTESIAN_POINT('',(0.,0.));
#4139 = VECTOR('',#4140,1.);
#4140 = DIRECTION('',(1.,0.));
#4141 = ( GEOMETRIC_REPRESENTATION_CONTEXT(2) 
PARAMETRIC_REPRESENTATION_CONTEXT() REPRESENTATION_CONTEXT('2D SPACE',''
  ) );
#4142 = PCURVE('',#4052,#4143);
#4143 = DEFINITIONAL_REPRESENTATION('',(#4144),#4152);
#4144 = ( BOUNDED_CURVE() B_SPLINE_CURVE(2,(#4145,#4146,#4147,#4148,
#4149,#4150,#4151),.UNSPECIFIED.,.T.,.F.) B_SPLINE_CURVE_WITH_KNOTS((1,2
    ,2,2,2,1),(-2.094395102393,0.,2.094395102393,4.188790204786,
6.28318530718,8.377580409573),.UNSPECIFIED.) CURVE() 
GEOMETRIC_REPRESENTATION_ITEM() RATIONAL_B_SPLINE_CURVE((1.,0.5,1.,0.5,
1.,0.5,1.)) REPRESENTATION_ITEM('') );
#4145 = CARTESIAN_POINT('',(-0.5,-8.881784197001E-16));
#4146 = CARTESIAN_POINT('',(-0.5,0.866025403784));
#4147 = CARTESIAN_POINT('',(0.25,0.433012701892));
#4148 = CARTESIAN_POINT('',(1.,-7.657137397854E-16));
#4149 = CARTESIAN_POINT('',(0.25,-0.433012701892));
#4150 = CARTESIAN_POINT('',(-0.5,-0.866025403784));
#4151 = CARTESIAN_POINT('',(-0.5,-8.881784197001E-16));
#4152 = ( GEOMETRIC_REPRESENTATION_CONTEXT(2) 
PARAMETRIC_REPRESENTATION_CONTEXT() REPRESENTATION_CONTEXT('2D SPACE',''
  ) );
#4153 = ADVANCED_FACE('',(#4154,#4157),#4052,.F.);
#4154 = FACE_BOUND('',#4155,.T.);
#4155 = EDGE_LOOP('',(#4156));
#4156 = ORIENTED_EDGE('',*,*,#4037,.T.);
#4157 = FACE_BOUND('',#4158,.T.);
#4158 = EDGE_LOOP('',(#4159));
#4159 = ORIENTED_EDGE('',*,*,#4128,.F.);
#4160 = ADVANCED_FACE('',(#4161,#4164),#4020,.T.);
#4161 = FACE_BOUND('',#4162,.F.);
#4162 = EDGE_LOOP('',(#4163));
#4163 = ORIENTED_EDGE('',*,*,#4005,.T.);
#4164 = FACE_BOUND('',#4165,.F.);
#4165 = EDGE_LOOP('',(#4166));
#4166 = ORIENTED_EDGE('',*,*,#4101,.F.);
#4167 = ( GEOMETRIC_REPRESENTATION_CONTEXT(3) 
GLOBAL_UNCERTAINTY_ASSIGNED_CONTEXT((#4171)) 
GLOBAL_UNIT_ASSIGNED_CONTEXT((#4168,#4169,#4170)) REPRESENTATION_CONTEXT
('Context #1','3D Context with UNIT and UNCERTAINTY') );
#4168 = ( LENGTH_UNIT() NAMED_UNIT(*) SI_UNIT(.MILLI.,.METRE.) );
#4169 = ( NAMED_UNIT(*) PLANE_ANGLE_UNIT() SI_UNIT($,.RADIAN.) );
#4170 = ( NAMED_UNIT(*) SI_UNIT($,.STERADIAN.) SOLID_ANGLE_UNIT() );
#4171 = UNCERTAINTY_MEASURE_WITH_UNIT(LENGTH_MEASURE(1.E-07),#4168,
  'distance_accuracy_value','confusion accuracy');
#4172 = CONTEXT_DEPENDENT_SHAPE_REPRESENTATION(#4173,#4175);
#4173 = ( REPRESENTATION_RELATIONSHIP('','',#3968,#10) 
REPRESENTATION_RELATIONSHIP_WITH_TRANSFORMATION(#4174) 
SHAPE_REPRESENTATION_RELATIONSHIP() );
#4174 = ITEM_DEFINED_TRANSFORMATION('','',#11,#63);
#4175 = PRODUCT_DEFINITION_SHAPE('Placement','Placement of an item',
  #4176);
#4176 = NEXT_ASSEMBLY_USAGE_OCCURRENCE('75','ring11','',#5,#3963,$);
#4177 = PRODUCT_RELATED_PRODUCT_CATEGORY('part',$,(#3965));
#4178 = SHAPE_DEFINITION_REPRESENTATION(#4179,#4185);
#4179 = PRODUCT_DEFINITION_SHAPE('','',#4180);
#4180 = PRODUCT_DEFINITION('design','',#4181,#4184);
#4181 = PRODUCT_DEFINITION_FORMATION('','',#4182);
#4182 = PRODUCT('Q0','Q0','',(#4183));
#4183 = PRODUCT_CONTEXT('',#2,'mechanical');
#4184 = PRODUCT_DEFINITION_CONTEXT('part definition',#2,'design');
#4185 = ADVANCED_BREP_SHAPE_REPRESENTATION('',(#11,#4186),#4860);
#4186 = MANIFOLD_SOLID_BREP('',#4187);
#4187 = CLOSED_SHELL('',(#4188,#4308,#4512,#4562,#4616,#4745,#4772,#4799
    ,#4826,#4853));
#4188 = ADVANCED_FACE('',(#4189),#4203,.F.);
#4189 = FACE_BOUND('',#4190,.T.);
#4190 = EDGE_LOOP('',(#4191,#4226,#4254,#4282));
#4191 = ORIENTED_EDGE('',*,*,#4192,.F.);
#4192 = EDGE_CURVE('',#4193,#4195,#4197,.T.);
#4193 = VERTEX_POINT('',#4194);
#4194 = CARTESIAN_POINT('',(-6.746,0.65,1.6));
#4195 = VERTEX_POINT('',#4196);
#4196 = CARTESIAN_POINT('',(-4.054,0.65,1.6));
#4197 = SURFACE_CURVE('',#4198,(#4202,#4214),.PCURVE_S1.);
#4198 = LINE('',#4199,#4200);
#4199 = CARTESIAN_POINT('',(-6.85,0.65,1.6));
#4200 = VECTOR('',#4201,1.);
#4201 = DIRECTION('',(1.,-0.,-0.));
#4202 = PCURVE('',#4203,#4208);
#4203 = PLANE('',#4204);
#4204 = AXIS2_PLACEMENT_3D('',#4205,#4206,#4207);
#4205 = CARTESIAN_POINT('',(-6.85,0.65,1.6));
#4206 = DIRECTION('',(-0.,-1.,-0.));
#4207 = DIRECTION('',(-1.,0.,0.));
#4208 = DEFINITIONAL_REPRESENTATION('',(#4209),#4213);
#4209 = LINE('',#4210,#4211);
#4210 = CARTESIAN_POINT('',(-0.,-0.));
#4211 = VECTOR('',#4212,1.);
#4212 = DIRECTION('',(-1.,-0.));
#4213 = ( GEOMETRIC_REPRESENTATION_CONTEXT(2) 
PARAMETRIC_REPRESENTATION_CONTEXT() REPRESENTATION_CONTEXT('2D SPACE',''
  ) );
#4214 = PCURVE('',#4215,#4220);
#4215 = PLANE('',#4216);
#4216 = AXIS2_PLACEMENT_3D('',#4217,#4218,#4219);
#4217 = CARTESIAN_POINT('',(-5.4,-2.643388153869E-17,1.6));
#4218 = DIRECTION('',(-0.,-0.,1.));
#4219 = DIRECTION('',(-1.,0.,0.));
#4220 = DEFINITIONAL_REPRESENTATION('',(#4221),#4225);
#4221 = LINE('',#4222,#4223);
#4222 = CARTESIAN_POINT('',(1.45,-0.65));
#4223 = VECTOR('',#4224,1.);
#4224 = DIRECTION('',(-1.,0.));
#4225 = ( GEOMETRIC_REPRESENTATION_CONTEXT(2) 
PARAMETRIC_REPRESENTATION_CONTEXT() REPRESENTATION_CONTEXT('2D SPACE',''
  ) );
#4226 = ORIENTED_EDGE('',*,*,#4227,.T.);
#4227 = EDGE_CURVE('',#4193,#4228,#4230,.T.);
#4228 = VERTEX_POINT('',#4229);
#4229 = CARTESIAN_POINT('',(-6.746,0.65,2.6));
#4230 = SURFACE_CURVE('',#4231,(#4235,#4242),.PCURVE_S1.);
#4231 = LINE('',#4232,#4233);
#4232 = CARTESIAN_POINT('',(-6.746,0.65,1.6));
#4233 = VECTOR('',#4234,1.);
#4234 = DIRECTION('',(-0.,-0.,1.));
#4235 = PCURVE('',#4203,#4236);
#4236 = DEFINITIONAL_REPRESENTATION('',(#4237),#4241);
#4237 = LINE('',#4238,#4239);
#4238 = CARTESIAN_POINT('',(-0.104,-0.));
#4239 = VECTOR('',#4240,1.);
#4240 = DIRECTION('',(-0.,-1.));
#4241 = ( GEOMETRIC_REPRESENTATION_CONTEXT(2) 
PARAMETRIC_REPRESENTATION_CONTEXT() REPRESENTATION_CONTEXT('2D SPACE',''
  ) );
#4242 = PCURVE('',#4243,#4248);
#4243 = CYLINDRICAL_SURFACE('',#4244,0.104);
#4244 = AXIS2_PLACEMENT_3D('',#4245,#4246,#4247);
#4245 = CARTESIAN_POINT('',(-6.746,0.546,1.6));
#4246 = DIRECTION('',(-0.,-0.,1.));
#4247 = DIRECTION('',(-0.,1.,-0.));
#4248 = DEFINITIONAL_REPRESENTATION('',(#4249),#4253);
#4249 = LINE('',#4250,#4251);
#4250 = CARTESIAN_POINT('',(0.,0.));
#4251 = VECTOR('',#4252,1.);
#4252 = DIRECTION('',(0.,1.));
#4253 = ( GEOMETRIC_REPRESENTATION_CONTEXT(2) 
PARAMETRIC_REPRESENTATION_CONTEXT() REPRESENTATION_CONTEXT('2D SPACE',''
  ) );
#4254 = ORIENTED_EDGE('',*,*,#4255,.T.);
#4255 = EDGE_CURVE('',#4228,#4256,#4258,.T.);
#4256 = VERTEX_POINT('',#4257);
#4257 = CARTESIAN_POINT('',(-4.054,0.65,2.6));
#4258 = SURFACE_CURVE('',#4259,(#4263,#4270),.PCURVE_S1.);
#4259 = LINE('',#4260,#4261);
#4260 = CARTESIAN_POINT('',(-6.85,0.65,2.6));
#4261 = VECTOR('',#4262,1.);
#4262 = DIRECTION('',(1.,-0.,-0.));
#4263 = PCURVE('',#4203,#4264);
#4264 = DEFINITIONAL_REPRESENTATION('',(#4265),#4269);
#4265 = LINE('',#4266,#4267);
#4266 = CARTESIAN_POINT('',(-0.,-1.));
#4267 = VECTOR('',#4268,1.);
#4268 = DIRECTION('',(-1.,-0.));
#4269 = ( GEOMETRIC_REPRESENTATION_CONTEXT(2) 
PARAMETRIC_REPRESENTATION_CONTEXT() REPRESENTATION_CONTEXT('2D SPACE',''
  ) );
#4270 = PCURVE('',#4271,#4276);
#4271 = PLANE('',#4272);
#4272 = AXIS2_PLACEMENT_3D('',#4273,#4274,#4275);
#4273 = CARTESIAN_POINT('',(-5.4,-2.643388153869E-17,2.6));
#4274 = DIRECTION('',(-0.,-0.,1.));
#4275 = DIRECTION('',(-1.,0.,0.));
#4276 = DEFINITIONAL_REPRESENTATION('',(#4277),#4281);
#4277 = LINE('',#4278,#4279);
#4278 = CARTESIAN_POINT('',(1.45,-0.65));
#4279 = VECTOR('',#4280,1.);
#4280 = DIRECTION('',(-1.,0.));
#4281 = ( GEOMETRIC_REPRESENTATION_CONTEXT(2) 
PARAMETRIC_REPRESENTATION_CONTEXT() REPRESENTATION_CONTEXT('2D SPACE',''
  ) );
#4282 = ORIENTED_EDGE('',*,*,#4283,.F.);
#4283 = EDGE_CURVE('',#4195,#4256,#4284,.T.);
#4284 = SURFACE_CURVE('',#4285,(#4289,#4296),.PCURVE_S1.);
#4285 = LINE('',#4286,#4287);
#4286 = CARTESIAN_POINT('',(-4.054,0.65,1.6));
#4287 = VECTOR('',#4288,1.);
#4288 = DIRECTION('',(-0.,-0.,1.));
#4289 = PCURVE('',#4203,#4290);
#4290 = DEFINITIONAL_REPRESENTATION('',(#4291),#4295);
#4291 = LINE('',#4292,#4293);
#4292 = CARTESIAN_POINT('',(-2.796,-0.));
#4293 = VECTOR('',#4294,1.);
#4294 = DIRECTION('',(-0.,-1.));
#4295 = ( GEOMETRIC_REPRESENTATION_CONTEXT(2) 
PARAMETRIC_REPRESENTATION_CONTEXT() REPRESENTATION_CONTEXT('2D SPACE',''
  ) );
#4296 = PCURVE('',#4297,#4302);
#4297 = CYLINDRICAL_SURFACE('',#4298,0.104);
#4298 = AXIS2_PLACEMENT_3D('',#4299,#4300,#4301);
#4299 = CARTESIAN_POINT('',(-4.054,0.546,1.6));
#4300 = DIRECTION('',(-0.,-0.,1.));
#4301 = DIRECTION('',(-0.,1.,-0.));
#4302 = DEFINITIONAL_REPRESENTATION('',(#4303),#4307);
#4303 = LINE('',#4304,#4305);
#4304 = CARTESIAN_POINT('',(-0.,0.));
#4305 = VECTOR('',#4306,1.);
#4306 = DIRECTION('',(-0.,1.));
#4307 = ( GEOMETRIC_REPRESENTATION_CONTEXT(2) 
PARAMETRIC_REPRESENTATION_CONTEXT() REPRESENTATION_CONTEXT('2D SPACE',''
  ) );
#4308 = ADVANCED_FACE('',(#4309),#4215,.F.);
#4309 = FACE_BOUND('',#4310,.T.);
#4310 = EDGE_LOOP('',(#4311,#4312,#4340,#4368,#4401,#4429,#4462,#4490));
#4311 = ORIENTED_EDGE('',*,*,#4192,.T.);
#4312 = ORIENTED_EDGE('',*,*,#4313,.T.);
#4313 = EDGE_CURVE('',#4195,#4314,#4316,.T.);
#4314 = VERTEX_POINT('',#4315);
#4315 = CARTESIAN_POINT('',(-3.95,0.546,1.6));
#4316 = SURFACE_CURVE('',#4317,(#4322,#4333),.PCURVE_S1.);
#4317 = CIRCLE('',#4318,0.104);
#4318 = AXIS2_PLACEMENT_3D('',#4319,#4320,#4321);
#4319 = CARTESIAN_POINT('',(-4.054,0.546,1.6));
#4320 = DIRECTION('',(-0.,-0.,-1.));
#4321 = DIRECTION('',(-0.,1.,-0.));
#4322 = PCURVE('',#4215,#4323);
#4323 = DEFINITIONAL_REPRESENTATION('',(#4324),#4332);
#4324 = ( BOUNDED_CURVE() B_SPLINE_CURVE(2,(#4325,#4326,#4327,#4328,
#4329,#4330,#4331),.UNSPECIFIED.,.T.,.F.) B_SPLINE_CURVE_WITH_KNOTS((1,2
    ,2,2,2,1),(-2.094395102393,0.,2.094395102393,4.188790204786,
6.28318530718,8.377580409573),.UNSPECIFIED.) CURVE() 
GEOMETRIC_REPRESENTATION_ITEM() RATIONAL_B_SPLINE_CURVE((1.,0.5,1.,0.5,
1.,0.5,1.)) REPRESENTATION_ITEM('') );
#4325 = CARTESIAN_POINT('',(-1.346,-0.65));
#4326 = CARTESIAN_POINT('',(-1.526133283987,-0.65));
#4327 = CARTESIAN_POINT('',(-1.436066641994,-0.494));
#4328 = CARTESIAN_POINT('',(-1.346,-0.338));
#4329 = CARTESIAN_POINT('',(-1.255933358006,-0.494));
#4330 = CARTESIAN_POINT('',(-1.165866716013,-0.65));
#4331 = CARTESIAN_POINT('',(-1.346,-0.65));
#4332 = ( GEOMETRIC_REPRESENTATION_CONTEXT(2) 
PARAMETRIC_REPRESENTATION_CONTEXT() REPRESENTATION_CONTEXT('2D SPACE',''
  ) );
#4333 = PCURVE('',#4297,#4334);
#4334 = DEFINITIONAL_REPRESENTATION('',(#4335),#4339);
#4335 = LINE('',#4336,#4337);
#4336 = CARTESIAN_POINT('',(-0.,0.));
#4337 = VECTOR('',#4338,1.);
#4338 = DIRECTION('',(-1.,0.));
#4339 = ( GEOMETRIC_REPRESENTATION_CONTEXT(2) 
PARAMETRIC_REPRESENTATION_CONTEXT() REPRESENTATION_CONTEXT('2D SPACE',''
  ) );
#4340 = ORIENTED_EDGE('',*,*,#4341,.T.);
#4341 = EDGE_CURVE('',#4314,#4342,#4344,.T.);
#4342 = VERTEX_POINT('',#4343);
#4343 = CARTESIAN_POINT('',(-3.95,-0.546,1.6));
#4344 = SURFACE_CURVE('',#4345,(#4349,#4356),.PCURVE_S1.);
#4345 = LINE('',#4346,#4347);
#4346 = CARTESIAN_POINT('',(-3.95,0.65,1.6));
#4347 = VECTOR('',#4348,1.);
#4348 = DIRECTION('',(-0.,-1.,-0.));
#4349 = PCURVE('',#4215,#4350);
#4350 = DEFINITIONAL_REPRESENTATION('',(#4351),#4355);
#4351 = LINE('',#4352,#4353);
#4352 = CARTESIAN_POINT('',(-1.45,-0.65));
#4353 = VECTOR('',#4354,1.);
#4354 = DIRECTION('',(-0.,1.));
#4355 = ( GEOMETRIC_REPRESENTATION_CONTEXT(2) 
PARAMETRIC_REPRESENTATION_CONTEXT() REPRESENTATION_CONTEXT('2D SPACE',''
  ) );
#4356 = PCURVE('',#4357,#4362);
#4357 = PLANE('',#4358);
#4358 = AXIS2_PLACEMENT_3D('',#4359,#4360,#4361);
#4359 = CARTESIAN_POINT('',(-3.95,0.65,1.6));
#4360 = DIRECTION('',(-1.,-0.,-0.));
#4361 = DIRECTION('',(0.,1.,0.));
#4362 = DEFINITIONAL_REPRESENTATION('',(#4363),#4367);
#4363 = LINE('',#4364,#4365);
#4364 = CARTESIAN_POINT('',(-0.,-0.));
#4365 = VECTOR('',#4366,1.);
#4366 = DIRECTION('',(-1.,0.));
#4367 = ( GEOMETRIC_REPRESENTATION_CONTEXT(2) 
PARAMETRIC_REPRESENTATION_CONTEXT() REPRESENTATION_CONTEXT('2D SPACE',''
  ) );
#4368 = ORIENTED_EDGE('',*,*,#4369,.T.);
#4369 = EDGE_CURVE('',#4342,#4370,#4372,.T.);
#4370 = VERTEX_POINT('',#4371);
#4371 = CARTESIAN_POINT('',(-4.054,-0.65,1.6));
#4372 = SURFACE_CURVE('',#4373,(#4378,#4389),.PCURVE_S1.);
#4373 = CIRCLE('',#4374,0.104);
#4374 = AXIS2_PLACEMENT_3D('',#4375,#4376,#4377);
#4375 = CARTESIAN_POINT('',(-4.054,-0.546,1.6));
#4376 = DIRECTION('',(-0.,-0.,-1.));
#4377 = DIRECTION('',(-0.,1.,-0.));
#4378 = PCURVE('',#4215,#4379);
#4379 = DEFINITIONAL_REPRESENTATION('',(#4380),#4388);
#4380 = ( BOUNDED_CURVE() B_SPLINE_CURVE(2,(#4381,#4382,#4383,#4384,
#4385,#4386,#4387),.UNSPECIFIED.,.T.,.F.) B_SPLINE_CURVE_WITH_KNOTS((1,2
    ,2,2,2,1),(-2.094395102393,0.,2.094395102393,4.188790204786,
6.28318530718,8.377580409573),.UNSPECIFIED.) CURVE() 
GEOMETRIC_REPRESENTATION_ITEM() RATIONAL_B_SPLINE_CURVE((1.,0.5,1.,0.5,
1.,0.5,1.)) REPRESENTATION_ITEM('') );
#4381 = CARTESIAN_POINT('',(-1.346,0.442));
#4382 = CARTESIAN_POINT('',(-1.526133283987,0.442));
#4383 = CARTESIAN_POINT('',(-1.436066641994,0.598));
#4384 = CARTESIAN_POINT('',(-1.346,0.754));
#4385 = CARTESIAN_POINT('',(-1.255933358006,0.598));
#4386 = CARTESIAN_POINT('',(-1.165866716013,0.442));
#4387 = CARTESIAN_POINT('',(-1.346,0.442));
#4388 = ( GEOMETRIC_REPRESENTATION_CONTEXT(2) 
PARAMETRIC_REPRESENTATION_CONTEXT() REPRESENTATION_CONTEXT('2D SPACE',''
  ) );
#4389 = PCURVE('',#4390,#4395);
#4390 = CYLINDRICAL_SURFACE('',#4391,0.104);
#4391 = AXIS2_PLACEMENT_3D('',#4392,#4393,#4394);
#4392 = CARTESIAN_POINT('',(-4.054,-0.546,1.6));
#4393 = DIRECTION('',(-0.,-0.,1.));
#4394 = DIRECTION('',(1.,-0.,-0.));
#4395 = DEFINITIONAL_REPRESENTATION('',(#4396),#4400);
#4396 = LINE('',#4397,#4398);
#4397 = CARTESIAN_POINT('',(1.570796326795,-0.));
#4398 = VECTOR('',#4399,1.);
#4399 = DIRECTION('',(-1.,0.));
#4400 = ( GEOMETRIC_REPRESENTATION_CONTEXT(2) 
PARAMETRIC_REPRESENTATION_CONTEXT() REPRESENTATION_CONTEXT('2D SPACE',''
  ) );
#4401 = ORIENTED_EDGE('',*,*,#4402,.T.);
#4402 = EDGE_CURVE('',#4370,#4403,#4405,.T.);
#4403 = VERTEX_POINT('',#4404);
#4404 = CARTESIAN_POINT('',(-6.746,-0.65,1.6));
#4405 = SURFACE_CURVE('',#4406,(#4410,#4417),.PCURVE_S1.);
#4406 = LINE('',#4407,#4408);
#4407 = CARTESIAN_POINT('',(-3.95,-0.65,1.6));
#4408 = VECTOR('',#4409,1.);
#4409 = DIRECTION('',(-1.,-0.,-0.));
#4410 = PCURVE('',#4215,#4411);
#4411 = DEFINITIONAL_REPRESENTATION('',(#4412),#4416);
#4412 = LINE('',#4413,#4414);
#4413 = CARTESIAN_POINT('',(-1.45,0.65));
#4414 = VECTOR('',#4415,1.);
#4415 = DIRECTION('',(1.,-0.));
#4416 = ( GEOMETRIC_REPRESENTATION_CONTEXT(2) 
PARAMETRIC_REPRESENTATION_CONTEXT() REPRESENTATION_CONTEXT('2D SPACE',''
  ) );
#4417 = PCURVE('',#4418,#4423);
#4418 = PLANE('',#4419);
#4419 = AXIS2_PLACEMENT_3D('',#4420,#4421,#4422);
#4420 = CARTESIAN_POINT('',(-3.95,-0.65,1.6));
#4421 = DIRECTION('',(-0.,1.,-0.));
#4422 = DIRECTION('',(1.,0.,0.));
#4423 = DEFINITIONAL_REPRESENTATION('',(#4424),#4428);
#4424 = LINE('',#4425,#4426);
#4425 = CARTESIAN_POINT('',(0.,-0.));
#4426 = VECTOR('',#4427,1.);
#4427 = DIRECTION('',(-1.,0.));
#4428 = ( GEOMETRIC_REPRESENTATION_CONTEXT(2) 
PARAMETRIC_REPRESENTATION_CONTEXT() REPRESENTATION_CONTEXT('2D SPACE',''
  ) );
#4429 = ORIENTED_EDGE('',*,*,#4430,.T.);
#4430 = EDGE_CURVE('',#4403,#4431,#4433,.T.);
#4431 = VERTEX_POINT('',#4432);
#4432 = CARTESIAN_POINT('',(-6.85,-0.546,1.6));
#4433 = SURFACE_CURVE('',#4434,(#4439,#4450),.PCURVE_S1.);
#4434 = CIRCLE('',#4435,0.104);
#4435 = AXIS2_PLACEMENT_3D('',#4436,#4437,#4438);
#4436 = CARTESIAN_POINT('',(-6.746,-0.546,1.6));
#4437 = DIRECTION('',(-0.,-0.,-1.));
#4438 = DIRECTION('',(-0.,1.,-0.));
#4439 = PCURVE('',#4215,#4440);
#4440 = DEFINITIONAL_REPRESENTATION('',(#4441),#4449);
#4441 = ( BOUNDED_CURVE() B_SPLINE_CURVE(2,(#4442,#4443,#4444,#4445,
#4446,#4447,#4448),.UNSPECIFIED.,.T.,.F.) B_SPLINE_CURVE_WITH_KNOTS((1,2
    ,2,2,2,1),(-2.094395102393,0.,2.094395102393,4.188790204786,
6.28318530718,8.377580409573),.UNSPECIFIED.) CURVE() 
GEOMETRIC_REPRESENTATION_ITEM() RATIONAL_B_SPLINE_CURVE((1.,0.5,1.,0.5,
1.,0.5,1.)) REPRESENTATION_ITEM('') );
#4442 = CARTESIAN_POINT('',(1.346,0.442));
#4443 = CARTESIAN_POINT('',(1.165866716013,0.442));
#4444 = CARTESIAN_POINT('',(1.255933358006,0.598));
#4445 = CARTESIAN_POINT('',(1.346,0.754));
#4446 = CARTESIAN_POINT('',(1.436066641994,0.598));
#4447 = CARTESIAN_POINT('',(1.526133283987,0.442));
#4448 = CARTESIAN_POINT('',(1.346,0.442));
#4449 = ( GEOMETRIC_REPRESENTATION_CONTEXT(2) 
PARAMETRIC_REPRESENTATION_CONTEXT() REPRESENTATION_CONTEXT('2D SPACE',''
  ) );
#4450 = PCURVE('',#4451,#4456);
#4451 = CYLINDRICAL_SURFACE('',#4452,0.104);
#4452 = AXIS2_PLACEMENT_3D('',#4453,#4454,#4455);
#4453 = CARTESIAN_POINT('',(-6.746,-0.546,1.6));
#4454 = DIRECTION('',(-0.,-0.,1.));
#4455 = DIRECTION('',(-0.,-1.,-0.));
#4456 = DEFINITIONAL_REPRESENTATION('',(#4457),#4461);
#4457 = LINE('',#4458,#4459);
#4458 = CARTESIAN_POINT('',(3.14159265359,-0.));
#4459 = VECTOR('',#4460,1.);
#4460 = DIRECTION('',(-1.,0.));
#4461 = ( GEOMETRIC_REPRESENTATION_CONTEXT(2) 
PARAMETRIC_REPRESENTATION_CONTEXT() REPRESENTATION_CONTEXT('2D SPACE',''
  ) );
#4462 = ORIENTED_EDGE('',*,*,#4463,.T.);
#4463 = EDGE_CURVE('',#4431,#4464,#4466,.T.);
#4464 = VERTEX_POINT('',#4465);
#4465 = CARTESIAN_POINT('',(-6.85,0.546,1.6));
#4466 = SURFACE_CURVE('',#4467,(#4471,#4478),.PCURVE_S1.);
#4467 = LINE('',#4468,#4469);
#4468 = CARTESIAN_POINT('',(-6.85,-0.65,1.6));
#4469 = VECTOR('',#4470,1.);
#4470 = DIRECTION('',(-0.,1.,-0.));
#4471 = PCURVE('',#4215,#4472);
#4472 = DEFINITIONAL_REPRESENTATION('',(#4473),#4477);
#4473 = LINE('',#4474,#4475);
#4474 = CARTESIAN_POINT('',(1.45,0.65));
#4475 = VECTOR('',#4476,1.);
#4476 = DIRECTION('',(-0.,-1.));
#4477 = ( GEOMETRIC_REPRESENTATION_CONTEXT(2) 
PARAMETRIC_REPRESENTATION_CONTEXT() REPRESENTATION_CONTEXT('2D SPACE',''
  ) );
#4478 = PCURVE('',#4479,#4484);
#4479 = PLANE('',#4480);
#4480 = AXIS2_PLACEMENT_3D('',#4481,#4482,#4483);
#4481 = CARTESIAN_POINT('',(-6.85,-0.65,1.6));
#4482 = DIRECTION('',(1.,-0.,-0.));
#4483 = DIRECTION('',(0.,-1.,0.));
#4484 = DEFINITIONAL_REPRESENTATION('',(#4485),#4489);
#4485 = LINE('',#4486,#4487);
#4486 = CARTESIAN_POINT('',(-0.,0.));
#4487 = VECTOR('',#4488,1.);
#4488 = DIRECTION('',(-1.,-0.));
#4489 = ( GEOMETRIC_REPRESENTATION_CONTEXT(2) 
PARAMETRIC_REPRESENTATION_CONTEXT() REPRESENTATION_CONTEXT('2D SPACE',''
  ) );
#4490 = ORIENTED_EDGE('',*,*,#4491,.F.);
#4491 = EDGE_CURVE('',#4193,#4464,#4492,.T.);
#4492 = SURFACE_CURVE('',#4493,(#4498,#4505),.PCURVE_S1.);
#4493 = CIRCLE('',#4494,0.104);
#4494 = AXIS2_PLACEMENT_3D('',#4495,#4496,#4497);
#4495 = CARTESIAN_POINT('',(-6.746,0.546,1.6));
#4496 = DIRECTION('',(-0.,0.,1.));
#4497 = DIRECTION('',(-0.,1.,-0.));
#4498 = PCURVE('',#4215,#4499);
#4499 = DEFINITIONAL_REPRESENTATION('',(#4500),#4504);
#4500 = CIRCLE('',#4501,0.104);
#4501 = AXIS2_PLACEMENT_2D('',#4502,#4503);
#4502 = CARTESIAN_POINT('',(1.346,-0.546));
#4503 = DIRECTION('',(-0.,-1.));
#4504 = ( GEOMETRIC_REPRESENTATION_CONTEXT(2) 
PARAMETRIC_REPRESENTATION_CONTEXT() REPRESENTATION_CONTEXT('2D SPACE',''
  ) );
#4505 = PCURVE('',#4243,#4506);
#4506 = DEFINITIONAL_REPRESENTATION('',(#4507),#4511);
#4507 = LINE('',#4508,#4509);
#4508 = CARTESIAN_POINT('',(0.,0.));
#4509 = VECTOR('',#4510,1.);
#4510 = DIRECTION('',(1.,0.));
#4511 = ( GEOMETRIC_REPRESENTATION_CONTEXT(2) 
PARAMETRIC_REPRESENTATION_CONTEXT() REPRESENTATION_CONTEXT('2D SPACE',''
  ) );
#4512 = ADVANCED_FACE('',(#4513),#4243,.T.);
#4513 = FACE_BOUND('',#4514,.T.);
#4514 = EDGE_LOOP('',(#4515,#4516,#4539,#4561));
#4515 = ORIENTED_EDGE('',*,*,#4491,.T.);
#4516 = ORIENTED_EDGE('',*,*,#4517,.T.);
#4517 = EDGE_CURVE('',#4464,#4518,#4520,.T.);
#4518 = VERTEX_POINT('',#4519);
#4519 = CARTESIAN_POINT('',(-6.85,0.546,2.6));
#4520 = SURFACE_CURVE('',#4521,(#4525,#4532),.PCURVE_S1.);
#4521 = LINE('',#4522,#4523);
#4522 = CARTESIAN_POINT('',(-6.85,0.546,1.6));
#4523 = VECTOR('',#4524,1.);
#4524 = DIRECTION('',(-0.,-0.,1.));
#4525 = PCURVE('',#4243,#4526);
#4526 = DEFINITIONAL_REPRESENTATION('',(#4527),#4531);
#4527 = LINE('',#4528,#4529);
#4528 = CARTESIAN_POINT('',(1.570796326795,0.));
#4529 = VECTOR('',#4530,1.);
#4530 = DIRECTION('',(0.,1.));
#4531 = ( GEOMETRIC_REPRESENTATION_CONTEXT(2) 
PARAMETRIC_REPRESENTATION_CONTEXT() REPRESENTATION_CONTEXT('2D SPACE',''
  ) );
#4532 = PCURVE('',#4479,#4533);
#4533 = DEFINITIONAL_REPRESENTATION('',(#4534),#4538);
#4534 = LINE('',#4535,#4536);
#4535 = CARTESIAN_POINT('',(-1.196,0.));
#4536 = VECTOR('',#4537,1.);
#4537 = DIRECTION('',(-0.,-1.));
#4538 = ( GEOMETRIC_REPRESENTATION_CONTEXT(2) 
PARAMETRIC_REPRESENTATION_CONTEXT() REPRESENTATION_CONTEXT('2D SPACE',''
  ) );
#4539 = ORIENTED_EDGE('',*,*,#4540,.F.);
#4540 = EDGE_CURVE('',#4228,#4518,#4541,.T.);
#4541 = SURFACE_CURVE('',#4542,(#4547,#4554),.PCURVE_S1.);
#4542 = CIRCLE('',#4543,0.104);
#4543 = AXIS2_PLACEMENT_3D('',#4544,#4545,#4546);
#4544 = CARTESIAN_POINT('',(-6.746,0.546,2.6));
#4545 = DIRECTION('',(-0.,0.,1.));
#4546 = DIRECTION('',(-0.,1.,-0.));
#4547 = PCURVE('',#4243,#4548);
#4548 = DEFINITIONAL_REPRESENTATION('',(#4549),#4553);
#4549 = LINE('',#4550,#4551);
#4550 = CARTESIAN_POINT('',(0.,1.));
#4551 = VECTOR('',#4552,1.);
#4552 = DIRECTION('',(1.,0.));
#4553 = ( GEOMETRIC_REPRESENTATION_CONTEXT(2) 
PARAMETRIC_REPRESENTATION_CONTEXT() REPRESENTATION_CONTEXT('2D SPACE',''
  ) );
#4554 = PCURVE('',#4271,#4555);
#4555 = DEFINITIONAL_REPRESENTATION('',(#4556),#4560);
#4556 = CIRCLE('',#4557,0.104);
#4557 = AXIS2_PLACEMENT_2D('',#4558,#4559);
#4558 = CARTESIAN_POINT('',(1.346,-0.546));
#4559 = DIRECTION('',(-0.,-1.));
#4560 = ( GEOMETRIC_REPRESENTATION_CONTEXT(2) 
PARAMETRIC_REPRESENTATION_CONTEXT() REPRESENTATION_CONTEXT('2D SPACE',''
  ) );
#4561 = ORIENTED_EDGE('',*,*,#4227,.F.);
#4562 = ADVANCED_FACE('',(#4563),#4297,.T.);
#4563 = FACE_BOUND('',#4564,.F.);
#4564 = EDGE_LOOP('',(#4565,#4566,#4589,#4615));
#4565 = ORIENTED_EDGE('',*,*,#4313,.T.);
#4566 = ORIENTED_EDGE('',*,*,#4567,.T.);
#4567 = EDGE_CURVE('',#4314,#4568,#4570,.T.);
#4568 = VERTEX_POINT('',#4569);
#4569 = CARTESIAN_POINT('',(-3.95,0.546,2.6));
#4570 = SURFACE_CURVE('',#4571,(#4575,#4582),.PCURVE_S1.);
#4571 = LINE('',#4572,#4573);
#4572 = CARTESIAN_POINT('',(-3.95,0.546,1.6));
#4573 = VECTOR('',#4574,1.);
#4574 = DIRECTION('',(-0.,-0.,1.));
#4575 = PCURVE('',#4297,#4576);
#4576 = DEFINITIONAL_REPRESENTATION('',(#4577),#4581);
#4577 = LINE('',#4578,#4579);
#4578 = CARTESIAN_POINT('',(-1.570796326795,0.));
#4579 = VECTOR('',#4580,1.);
#4580 = DIRECTION('',(-0.,1.));
#4581 = ( GEOMETRIC_REPRESENTATION_CONTEXT(2) 
PARAMETRIC_REPRESENTATION_CONTEXT() REPRESENTATION_CONTEXT('2D SPACE',''
  ) );
#4582 = PCURVE('',#4357,#4583);
#4583 = DEFINITIONAL_REPRESENTATION('',(#4584),#4588);
#4584 = LINE('',#4585,#4586);
#4585 = CARTESIAN_POINT('',(-0.104,0.));
#4586 = VECTOR('',#4587,1.);
#4587 = DIRECTION('',(-0.,-1.));
#4588 = ( GEOMETRIC_REPRESENTATION_CONTEXT(2) 
PARAMETRIC_REPRESENTATION_CONTEXT() REPRESENTATION_CONTEXT('2D SPACE',''
  ) );
#4589 = ORIENTED_EDGE('',*,*,#4590,.F.);
#4590 = EDGE_CURVE('',#4256,#4568,#4591,.T.);
#4591 = SURFACE_CURVE('',#4592,(#4597,#4604),.PCURVE_S1.);
#4592 = CIRCLE('',#4593,0.104);
#4593 = AXIS2_PLACEMENT_3D('',#4594,#4595,#4596);
#4594 = CARTESIAN_POINT('',(-4.054,0.546,2.6));
#4595 = DIRECTION('',(-0.,-0.,-1.));
#4596 = DIRECTION('',(-0.,1.,-0.));
#4597 = PCURVE('',#4297,#4598);
#4598 = DEFINITIONAL_REPRESENTATION('',(#4599),#4603);
#4599 = LINE('',#4600,#4601);
#4600 = CARTESIAN_POINT('',(-0.,1.));
#4601 = VECTOR('',#4602,1.);
#4602 = DIRECTION('',(-1.,0.));
#4603 = ( GEOMETRIC_REPRESENTATION_CONTEXT(2) 
PARAMETRIC_REPRESENTATION_CONTEXT() REPRESENTATION_CONTEXT('2D SPACE',''
  ) );
#4604 = PCURVE('',#4271,#4605);
#4605 = DEFINITIONAL_REPRESENTATION('',(#4606),#4614);
#4606 = ( BOUNDED_CURVE() B_SPLINE_CURVE(2,(#4607,#4608,#4609,#4610,
#4611,#4612,#4613),.UNSPECIFIED.,.T.,.F.) B_SPLINE_CURVE_WITH_KNOTS((1,2
    ,2,2,2,1),(-2.094395102393,0.,2.094395102393,4.188790204786,
6.28318530718,8.377580409573),.UNSPECIFIED.) CURVE() 
GEOMETRIC_REPRESENTATION_ITEM() RATIONAL_B_SPLINE_CURVE((1.,0.5,1.,0.5,
1.,0.5,1.)) REPRESENTATION_ITEM('') );
#4607 = CARTESIAN_POINT('',(-1.346,-0.65));
#4608 = CARTESIAN_POINT('',(-1.526133283987,-0.65));
#4609 = CARTESIAN_POINT('',(-1.436066641994,-0.494));
#4610 = CARTESIAN_POINT('',(-1.346,-0.338));
#4611 = CARTESIAN_POINT('',(-1.255933358006,-0.494));
#4612 = CARTESIAN_POINT('',(-1.165866716013,-0.65));
#4613 = CARTESIAN_POINT('',(-1.346,-0.65));
#4614 = ( GEOMETRIC_REPRESENTATION_CONTEXT(2) 
PARAMETRIC_REPRESENTATION_CONTEXT() REPRESENTATION_CONTEXT('2D SPACE',''
  ) );
#4615 = ORIENTED_EDGE('',*,*,#4283,.F.);
#4616 = ADVANCED_FACE('',(#4617),#4271,.T.);
#4617 = FACE_BOUND('',#4618,.F.);
#4618 = EDGE_LOOP('',(#4619,#4620,#4621,#4644,#4672,#4695,#4723,#4744));
#4619 = ORIENTED_EDGE('',*,*,#4255,.T.);
#4620 = ORIENTED_EDGE('',*,*,#4590,.T.);
#4621 = ORIENTED_EDGE('',*,*,#4622,.T.);
#4622 = EDGE_CURVE('',#4568,#4623,#4625,.T.);
#4623 = VERTEX_POINT('',#4624);
#4624 = CARTESIAN_POINT('',(-3.95,-0.546,2.6));
#4625 = SURFACE_CURVE('',#4626,(#4630,#4637),.PCURVE_S1.);
#4626 = LINE('',#4627,#4628);
#4627 = CARTESIAN_POINT('',(-3.95,0.65,2.6));
#4628 = VECTOR('',#4629,1.);
#4629 = DIRECTION('',(-0.,-1.,-0.));
#4630 = PCURVE('',#4271,#4631);
#4631 = DEFINITIONAL_REPRESENTATION('',(#4632),#4636);
#4632 = LINE('',#4633,#4634);
#4633 = CARTESIAN_POINT('',(-1.45,-0.65));
#4634 = VECTOR('',#4635,1.);
#4635 = DIRECTION('',(-0.,1.));
#4636 = ( GEOMETRIC_REPRESENTATION_CONTEXT(2) 
PARAMETRIC_REPRESENTATION_CONTEXT() REPRESENTATION_CONTEXT('2D SPACE',''
  ) );
#4637 = PCURVE('',#4357,#4638);
#4638 = DEFINITIONAL_REPRESENTATION('',(#4639),#4643);
#4639 = LINE('',#4640,#4641);
#4640 = CARTESIAN_POINT('',(-0.,-1.));
#4641 = VECTOR('',#4642,1.);
#4642 = DIRECTION('',(-1.,0.));
#4643 = ( GEOMETRIC_REPRESENTATION_CONTEXT(2) 
PARAMETRIC_REPRESENTATION_CONTEXT() REPRESENTATION_CONTEXT('2D SPACE',''
  ) );
#4644 = ORIENTED_EDGE('',*,*,#4645,.T.);
#4645 = EDGE_CURVE('',#4623,#4646,#4648,.T.);
#4646 = VERTEX_POINT('',#4647);
#4647 = CARTESIAN_POINT('',(-4.054,-0.65,2.6));
#4648 = SURFACE_CURVE('',#4649,(#4654,#4665),.PCURVE_S1.);
#4649 = CIRCLE('',#4650,0.104);
#4650 = AXIS2_PLACEMENT_3D('',#4651,#4652,#4653);
#4651 = CARTESIAN_POINT('',(-4.054,-0.546,2.6));
#4652 = DIRECTION('',(-0.,-0.,-1.));
#4653 = DIRECTION('',(-0.,1.,-0.));
#4654 = PCURVE('',#4271,#4655);
#4655 = DEFINITIONAL_REPRESENTATION('',(#4656),#4664);
#4656 = ( BOUNDED_CURVE() B_SPLINE_CURVE(2,(#4657,#4658,#4659,#4660,
#4661,#4662,#4663),.UNSPECIFIED.,.T.,.F.) B_SPLINE_CURVE_WITH_KNOTS((1,2
    ,2,2,2,1),(-2.094395102393,0.,2.094395102393,4.188790204786,
6.28318530718,8.377580409573),.UNSPECIFIED.) CURVE() 
GEOMETRIC_REPRESENTATION_ITEM() RATIONAL_B_SPLINE_CURVE((1.,0.5,1.,0.5,
1.,0.5,1.)) REPRESENTATION_ITEM('') );
#4657 = CARTESIAN_POINT('',(-1.346,0.442));
#4658 = CARTESIAN_POINT('',(-1.526133283987,0.442));
#4659 = CARTESIAN_POINT('',(-1.436066641994,0.598));
#4660 = CARTESIAN_POINT('',(-1.346,0.754));
#4661 = CARTESIAN_POINT('',(-1.255933358006,0.598));
#4662 = CARTESIAN_POINT('',(-1.165866716013,0.442));
#4663 = CARTESIAN_POINT('',(-1.346,0.442));
#4664 = ( GEOMETRIC_REPRESENTATION_CONTEXT(2) 
PARAMETRIC_REPRESENTATION_CONTEXT() REPRESENTATION_CONTEXT('2D SPACE',''
  ) );
#4665 = PCURVE('',#4390,#4666);
#4666 = DEFINITIONAL_REPRESENTATION('',(#4667),#4671);
#4667 = LINE('',#4668,#4669);
#4668 = CARTESIAN_POINT('',(1.570796326795,1.));
#4669 = VECTOR('',#4670,1.);
#4670 = DIRECTION('',(-1.,0.));
#4671 = ( GEOMETRIC_REPRESENTATION_CONTEXT(2) 
PARAMETRIC_REPRESENTATION_CONTEXT() REPRESENTATION_CONTEXT('2D SPACE',''
  ) );
#4672 = ORIENTED_EDGE('',*,*,#4673,.T.);
#4673 = EDGE_CURVE('',#4646,#4674,#4676,.T.);
#4674 = VERTEX_POINT('',#4675);
#4675 = CARTESIAN_POINT('',(-6.746,-0.65,2.6));
#4676 = SURFACE_CURVE('',#4677,(#4681,#4688),.PCURVE_S1.);
#4677 = LINE('',#4678,#4679);
#4678 = CARTESIAN_POINT('',(-3.95,-0.65,2.6));
#4679 = VECTOR('',#4680,1.);
#4680 = DIRECTION('',(-1.,-0.,-0.));
#4681 = PCURVE('',#4271,#4682);
#4682 = DEFINITIONAL_REPRESENTATION('',(#4683),#4687);
#4683 = LINE('',#4684,#4685);
#4684 = CARTESIAN_POINT('',(-1.45,0.65));
#4685 = VECTOR('',#4686,1.);
#4686 = DIRECTION('',(1.,-0.));
#4687 = ( GEOMETRIC_REPRESENTATION_CONTEXT(2) 
PARAMETRIC_REPRESENTATION_CONTEXT() REPRESENTATION_CONTEXT('2D SPACE',''
  ) );
#4688 = PCURVE('',#4418,#4689);
#4689 = DEFINITIONAL_REPRESENTATION('',(#4690),#4694);
#4690 = LINE('',#4691,#4692);
#4691 = CARTESIAN_POINT('',(-0.,-1.));
#4692 = VECTOR('',#4693,1.);
#4693 = DIRECTION('',(-1.,0.));
#4694 = ( GEOMETRIC_REPRESENTATION_CONTEXT(2) 
PARAMETRIC_REPRESENTATION_CONTEXT() REPRESENTATION_CONTEXT('2D SPACE',''
  ) );
#4695 = ORIENTED_EDGE('',*,*,#4696,.T.);
#4696 = EDGE_CURVE('',#4674,#4697,#4699,.T.);
#4697 = VERTEX_POINT('',#4698);
#4698 = CARTESIAN_POINT('',(-6.85,-0.546,2.6));
#4699 = SURFACE_CURVE('',#4700,(#4705,#4716),.PCURVE_S1.);
#4700 = CIRCLE('',#4701,0.104);
#4701 = AXIS2_PLACEMENT_3D('',#4702,#4703,#4704);
#4702 = CARTESIAN_POINT('',(-6.746,-0.546,2.6));
#4703 = DIRECTION('',(-0.,-0.,-1.));
#4704 = DIRECTION('',(-0.,1.,-0.));
#4705 = PCURVE('',#4271,#4706);
#4706 = DEFINITIONAL_REPRESENTATION('',(#4707),#4715);
#4707 = ( BOUNDED_CURVE() B_SPLINE_CURVE(2,(#4708,#4709,#4710,#4711,
#4712,#4713,#4714),.UNSPECIFIED.,.T.,.F.) B_SPLINE_CURVE_WITH_KNOTS((1,2
    ,2,2,2,1),(-2.094395102393,0.,2.094395102393,4.188790204786,
6.28318530718,8.377580409573),.UNSPECIFIED.) CURVE() 
GEOMETRIC_REPRESENTATION_ITEM() RATIONAL_B_SPLINE_CURVE((1.,0.5,1.,0.5,
1.,0.5,1.)) REPRESENTATION_ITEM('') );
#4708 = CARTESIAN_POINT('',(1.346,0.442));
#4709 = CARTESIAN_POINT('',(1.165866716013,0.442));
#4710 = CARTESIAN_POINT('',(1.255933358006,0.598));
#4711 = CARTESIAN_POINT('',(1.346,0.754));
#4712 = CARTESIAN_POINT('',(1.436066641994,0.598));
#4713 = CARTESIAN_POINT('',(1.526133283987,0.442));
#4714 = CARTESIAN_POINT('',(1.346,0.442));
#4715 = ( GEOMETRIC_REPRESENTATION_CONTEXT(2) 
PARAMETRIC_REPRESENTATION_CONTEXT() REPRESENTATION_CONTEXT('2D SPACE',''
  ) );
#4716 = PCURVE('',#4451,#4717);
#4717 = DEFINITIONAL_REPRESENTATION('',(#4718),#4722);
#4718 = LINE('',#4719,#4720);
#4719 = CARTESIAN_POINT('',(3.14159265359,1.));
#4720 = VECTOR('',#4721,1.);
#4721 = DIRECTION('',(-1.,0.));
#4722 = ( GEOMETRIC_REPRESENTATION_CONTEXT(2) 
PARAMETRIC_REPRESENTATION_CONTEXT() REPRESENTATION_CONTEXT('2D SPACE',''
  ) );
#4723 = ORIENTED_EDGE('',*,*,#4724,.T.);
#4724 = EDGE_CURVE('',#4697,#4518,#4725,.T.);
#4725 = SURFACE_CURVE('',#4726,(#4730,#4737),.PCURVE_S1.);
#4726 = LINE('',#4727,#4728);
#4727 = CARTESIAN_POINT('',(-6.85,-0.65,2.6));
#4728 = VECTOR('',#4729,1.);
#4729 = DIRECTION('',(-0.,1.,-0.));
#4730 = PCURVE('',#4271,#4731);
#4731 = DEFINITIONAL_REPRESENTATION('',(#4732),#4736);
#4732 = LINE('',#4733,#4734);
#4733 = CARTESIAN_POINT('',(1.45,0.65));
#4734 = VECTOR('',#4735,1.);
#4735 = DIRECTION('',(-0.,-1.));
#4736 = ( GEOMETRIC_REPRESENTATION_CONTEXT(2) 
PARAMETRIC_REPRESENTATION_CONTEXT() REPRESENTATION_CONTEXT('2D SPACE',''
  ) );
#4737 = PCURVE('',#4479,#4738);
#4738 = DEFINITIONAL_REPRESENTATION('',(#4739),#4743);
#4739 = LINE('',#4740,#4741);
#4740 = CARTESIAN_POINT('',(-0.,-1.));
#4741 = VECTOR('',#4742,1.);
#4742 = DIRECTION('',(-1.,-0.));
#4743 = ( GEOMETRIC_REPRESENTATION_CONTEXT(2) 
PARAMETRIC_REPRESENTATION_CONTEXT() REPRESENTATION_CONTEXT('2D SPACE',''
  ) );
#4744 = ORIENTED_EDGE('',*,*,#4540,.F.);
#4745 = ADVANCED_FACE('',(#4746),#4479,.F.);
#4746 = FACE_BOUND('',#4747,.T.);
#4747 = EDGE_LOOP('',(#4748,#4749,#4770,#4771));
#4748 = ORIENTED_EDGE('',*,*,#4463,.F.);
#4749 = ORIENTED_EDGE('',*,*,#4750,.T.);
#4750 = EDGE_CURVE('',#4431,#4697,#4751,.T.);
#4751 = SURFACE_CURVE('',#4752,(#4756,#4763),.PCURVE_S1.);
#4752 = LINE('',#4753,#4754);
#4753 = CARTESIAN_POINT('',(-6.85,-0.546,1.6));
#4754 = VECTOR('',#4755,1.);
#4755 = DIRECTION('',(-0.,-0.,1.));
#4756 = PCURVE('',#4479,#4757);
#4757 = DEFINITIONAL_REPRESENTATION('',(#4758),#4762);
#4758 = LINE('',#4759,#4760);
#4759 = CARTESIAN_POINT('',(-0.104,0.));
#4760 = VECTOR('',#4761,1.);
#4761 = DIRECTION('',(-0.,-1.));
#4762 = ( GEOMETRIC_REPRESENTATION_CONTEXT(2) 
PARAMETRIC_REPRESENTATION_CONTEXT() REPRESENTATION_CONTEXT('2D SPACE',''
  ) );
#4763 = PCURVE('',#4451,#4764);
#4764 = DEFINITIONAL_REPRESENTATION('',(#4765),#4769);
#4765 = LINE('',#4766,#4767);
#4766 = CARTESIAN_POINT('',(-1.570796326795,0.));
#4767 = VECTOR('',#4768,1.);
#4768 = DIRECTION('',(-0.,1.));
#4769 = ( GEOMETRIC_REPRESENTATION_CONTEXT(2) 
PARAMETRIC_REPRESENTATION_CONTEXT() REPRESENTATION_CONTEXT('2D SPACE',''
  ) );
#4770 = ORIENTED_EDGE('',*,*,#4724,.T.);
#4771 = ORIENTED_EDGE('',*,*,#4517,.F.);
#4772 = ADVANCED_FACE('',(#4773),#4357,.F.);
#4773 = FACE_BOUND('',#4774,.T.);
#4774 = EDGE_LOOP('',(#4775,#4776,#4777,#4778));
#4775 = ORIENTED_EDGE('',*,*,#4341,.F.);
#4776 = ORIENTED_EDGE('',*,*,#4567,.T.);
#4777 = ORIENTED_EDGE('',*,*,#4622,.T.);
#4778 = ORIENTED_EDGE('',*,*,#4779,.F.);
#4779 = EDGE_CURVE('',#4342,#4623,#4780,.T.);
#4780 = SURFACE_CURVE('',#4781,(#4785,#4792),.PCURVE_S1.);
#4781 = LINE('',#4782,#4783);
#4782 = CARTESIAN_POINT('',(-3.95,-0.546,1.6));
#4783 = VECTOR('',#4784,1.);
#4784 = DIRECTION('',(-0.,-0.,1.));
#4785 = PCURVE('',#4357,#4786);
#4786 = DEFINITIONAL_REPRESENTATION('',(#4787),#4791);
#4787 = LINE('',#4788,#4789);
#4788 = CARTESIAN_POINT('',(-1.196,0.));
#4789 = VECTOR('',#4790,1.);
#4790 = DIRECTION('',(-0.,-1.));
#4791 = ( GEOMETRIC_REPRESENTATION_CONTEXT(2) 
PARAMETRIC_REPRESENTATION_CONTEXT() REPRESENTATION_CONTEXT('2D SPACE',''
  ) );
#4792 = PCURVE('',#4390,#4793);
#4793 = DEFINITIONAL_REPRESENTATION('',(#4794),#4798);
#4794 = LINE('',#4795,#4796);
#4795 = CARTESIAN_POINT('',(-0.,0.));
#4796 = VECTOR('',#4797,1.);
#4797 = DIRECTION('',(-0.,1.));
#4798 = ( GEOMETRIC_REPRESENTATION_CONTEXT(2) 
PARAMETRIC_REPRESENTATION_CONTEXT() REPRESENTATION_CONTEXT('2D SPACE',''
  ) );
#4799 = ADVANCED_FACE('',(#4800),#4451,.T.);
#4800 = FACE_BOUND('',#4801,.F.);
#4801 = EDGE_LOOP('',(#4802,#4803,#4804,#4805));
#4802 = ORIENTED_EDGE('',*,*,#4430,.T.);
#4803 = ORIENTED_EDGE('',*,*,#4750,.T.);
#4804 = ORIENTED_EDGE('',*,*,#4696,.F.);
#4805 = ORIENTED_EDGE('',*,*,#4806,.F.);
#4806 = EDGE_CURVE('',#4403,#4674,#4807,.T.);
#4807 = SURFACE_CURVE('',#4808,(#4812,#4819),.PCURVE_S1.);
#4808 = LINE('',#4809,#4810);
#4809 = CARTESIAN_POINT('',(-6.746,-0.65,1.6));
#4810 = VECTOR('',#4811,1.);
#4811 = DIRECTION('',(-0.,-0.,1.));
#4812 = PCURVE('',#4451,#4813);
#4813 = DEFINITIONAL_REPRESENTATION('',(#4814),#4818);
#4814 = LINE('',#4815,#4816);
#4815 = CARTESIAN_POINT('',(-0.,0.));
#4816 = VECTOR('',#4817,1.);
#4817 = DIRECTION('',(-0.,1.));
#4818 = ( GEOMETRIC_REPRESENTATION_CONTEXT(2) 
PARAMETRIC_REPRESENTATION_CONTEXT() REPRESENTATION_CONTEXT('2D SPACE',''
  ) );
#4819 = PCURVE('',#4418,#4820);
#4820 = DEFINITIONAL_REPRESENTATION('',(#4821),#4825);
#4821 = LINE('',#4822,#4823);
#4822 = CARTESIAN_POINT('',(-2.796,0.));
#4823 = VECTOR('',#4824,1.);
#4824 = DIRECTION('',(-0.,-1.));
#4825 = ( GEOMETRIC_REPRESENTATION_CONTEXT(2) 
PARAMETRIC_REPRESENTATION_CONTEXT() REPRESENTATION_CONTEXT('2D SPACE',''
  ) );
#4826 = ADVANCED_FACE('',(#4827),#4390,.T.);
#4827 = FACE_BOUND('',#4828,.F.);
#4828 = EDGE_LOOP('',(#4829,#4830,#4851,#4852));
#4829 = ORIENTED_EDGE('',*,*,#4369,.T.);
#4830 = ORIENTED_EDGE('',*,*,#4831,.T.);
#4831 = EDGE_CURVE('',#4370,#4646,#4832,.T.);
#4832 = SURFACE_CURVE('',#4833,(#4837,#4844),.PCURVE_S1.);
#4833 = LINE('',#4834,#4835);
#4834 = CARTESIAN_POINT('',(-4.054,-0.65,1.6));
#4835 = VECTOR('',#4836,1.);
#4836 = DIRECTION('',(-0.,-0.,1.));
#4837 = PCURVE('',#4390,#4838);
#4838 = DEFINITIONAL_REPRESENTATION('',(#4839),#4843);
#4839 = LINE('',#4840,#4841);
#4840 = CARTESIAN_POINT('',(-1.570796326795,0.));
#4841 = VECTOR('',#4842,1.);
#4842 = DIRECTION('',(-0.,1.));
#4843 = ( GEOMETRIC_REPRESENTATION_CONTEXT(2) 
PARAMETRIC_REPRESENTATION_CONTEXT() REPRESENTATION_CONTEXT('2D SPACE',''
  ) );
#4844 = PCURVE('',#4418,#4845);
#4845 = DEFINITIONAL_REPRESENTATION('',(#4846),#4850);
#4846 = LINE('',#4847,#4848);
#4847 = CARTESIAN_POINT('',(-0.104,0.));
#4848 = VECTOR('',#4849,1.);
#4849 = DIRECTION('',(-0.,-1.));
#4850 = ( GEOMETRIC_REPRESENTATION_CONTEXT(2) 
PARAMETRIC_REPRESENTATION_CONTEXT() REPRESENTATION_CONTEXT('2D SPACE',''
  ) );
#4851 = ORIENTED_EDGE('',*,*,#4645,.F.);
#4852 = ORIENTED_EDGE('',*,*,#4779,.F.);
#4853 = ADVANCED_FACE('',(#4854),#4418,.F.);
#4854 = FACE_BOUND('',#4855,.T.);
#4855 = EDGE_LOOP('',(#4856,#4857,#4858,#4859));
#4856 = ORIENTED_EDGE('',*,*,#4402,.F.);
#4857 = ORIENTED_EDGE('',*,*,#4831,.T.);
#4858 = ORIENTED_EDGE('',*,*,#4673,.T.);
#4859 = ORIENTED_EDGE('',*,*,#4806,.F.);
#4860 = ( GEOMETRIC_REPRESENTATION_CONTEXT(3) 
GLOBAL_UNCERTAINTY_ASSIGNED_CONTEXT((#4864)) 
GLOBAL_UNIT_ASSIGNED_CONTEXT((#4861,#4862,#4863)) REPRESENTATION_CONTEXT
('Context #1','3D Context with UNIT and UNCERTAINTY') );
#4861 = ( LENGTH_UNIT() NAMED_UNIT(*) SI_UNIT(.MILLI.,.METRE.) );
#4862 = ( NAMED_UNIT(*) PLANE_ANGLE_UNIT() SI_UNIT($,.RADIAN.) );
#4863 = ( NAMED_UNIT(*) SI_UNIT($,.STERADIAN.) SOLID_ANGLE_UNIT() );
#4864 = UNCERTAINTY_MEASURE_WITH_UNIT(LENGTH_MEASURE(1.E-07),#4861,
  'distance_accuracy_value','confusion accuracy');
#4865 = CONTEXT_DEPENDENT_SHAPE_REPRESENTATION(#4866,#4868);
#4866 = ( REPRESENTATION_RELATIONSHIP('','',#4185,#10) 
REPRESENTATION_RELATIONSHIP_WITH_TRANSFORMATION(#4867) 
SHAPE_REPRESENTATION_RELATIONSHIP() );
#4867 = ITEM_DEFINED_TRANSFORMATION('','',#11,#67);
#4868 = PRODUCT_DEFINITION_SHAPE('Placement','Placement of an item',
  #4869);
#4869 = NEXT_ASSEMBLY_USAGE_OCCURRENCE('76','Q0','',#5,#4180,$);
#4870 = PRODUCT_RELATED_PRODUCT_CATEGORY('part',$,(#4182));
#4871 = SHAPE_DEFINITION_REPRESENTATION(#4872,#4878);
#4872 = PRODUCT_DEFINITION_SHAPE('','',#4873);
#4873 = PRODUCT_DEFINITION('design','',#4874,#4877);
#4874 = PRODUCT_DEFINITION_FORMATION('','',#4875);
#4875 = PRODUCT('RH0','RH0','',(#4876));
#4876 = PRODUCT_CONTEXT('',#2,'mechanical');
#4877 = PRODUCT_DEFINITION_CONTEXT('part definition',#2,'design');
#4878 = ADVANCED_BREP_SHAPE_REPRESENTATION('',(#11,#4879),#5553);
#4879 = MANIFOLD_SOLID_BREP('',#4880);
#4880 = CLOSED_SHELL('',(#4881,#5001,#5205,#5255,#5309,#5438,#5465,#5492
    ,#5519,#5546));
#4881 = ADVANCED_FACE('',(#4882),#4896,.F.);
#4882 = FACE_BOUND('',#4883,.T.);
#4883 = EDGE_LOOP('',(#4884,#4919,#4947,#4975));
#4884 = ORIENTED_EDGE('',*,*,#4885,.F.);
#4885 = EDGE_CURVE('',#4886,#4888,#4890,.T.);
#4886 = VERTEX_POINT('',#4887);
#4887 = CARTESIAN_POINT('',(-6.136,3.2,1.6));
#4888 = VERTEX_POINT('',#4889);
#4889 = CARTESIAN_POINT('',(-4.664,3.2,1.6));
#4890 = SURFACE_CURVE('',#4891,(#4895,#4907),.PCURVE_S1.);
#4891 = LINE('',#4892,#4893);
#4892 = CARTESIAN_POINT('',(-6.2,3.2,1.6));
#4893 = VECTOR('',#4894,1.);
#4894 = DIRECTION('',(1.,-0.,-0.));
#4895 = PCURVE('',#4896,#4901);
#4896 = PLANE('',#4897);
#4897 = AXIS2_PLACEMENT_3D('',#4898,#4899,#4900);
#4898 = CARTESIAN_POINT('',(-6.2,3.2,1.6));
#4899 = DIRECTION('',(-0.,-1.,-0.));
#4900 = DIRECTION('',(-1.,0.,0.));
#4901 = DEFINITIONAL_REPRESENTATION('',(#4902),#4906);
#4902 = LINE('',#4903,#4904);
#4903 = CARTESIAN_POINT('',(-0.,-0.));
#4904 = VECTOR('',#4905,1.);
#4905 = DIRECTION('',(-1.,-0.));
#4906 = ( GEOMETRIC_REPRESENTATION_CONTEXT(2) 
PARAMETRIC_REPRESENTATION_CONTEXT() REPRESENTATION_CONTEXT('2D SPACE',''
  ) );
#4907 = PCURVE('',#4908,#4913);
#4908 = PLANE('',#4909);
#4909 = AXIS2_PLACEMENT_3D('',#4910,#4911,#4912);
#4910 = CARTESIAN_POINT('',(-5.4,2.8,1.6));
#4911 = DIRECTION('',(-0.,-0.,1.));
#4912 = DIRECTION('',(-1.,0.,0.));
#4913 = DEFINITIONAL_REPRESENTATION('',(#4914),#4918);
#4914 = LINE('',#4915,#4916);
#4915 = CARTESIAN_POINT('',(0.8,-0.4));
#4916 = VECTOR('',#4917,1.);
#4917 = DIRECTION('',(-1.,0.));
#4918 = ( GEOMETRIC_REPRESENTATION_CONTEXT(2) 
PARAMETRIC_REPRESENTATION_CONTEXT() REPRESENTATION_CONTEXT('2D SPACE',''
  ) );
#4919 = ORIENTED_EDGE('',*,*,#4920,.T.);
#4920 = EDGE_CURVE('',#4886,#4921,#4923,.T.);
#4921 = VERTEX_POINT('',#4922);
#4922 = CARTESIAN_POINT('',(-6.136,3.2,2.05));
#4923 = SURFACE_CURVE('',#4924,(#4928,#4935),.PCURVE_S1.);
#4924 = LINE('',#4925,#4926);
#4925 = CARTESIAN_POINT('',(-6.136,3.2,1.6));
#4926 = VECTOR('',#4927,1.);
#4927 = DIRECTION('',(-0.,-0.,1.));
#4928 = PCURVE('',#4896,#4929);
#4929 = DEFINITIONAL_REPRESENTATION('',(#4930),#4934);
#4930 = LINE('',#4931,#4932);
#4931 = CARTESIAN_POINT('',(-6.4E-02,-0.));
#4932 = VECTOR('',#4933,1.);
#4933 = DIRECTION('',(-0.,-1.));
#4934 = ( GEOMETRIC_REPRESENTATION_CONTEXT(2) 
PARAMETRIC_REPRESENTATION_CONTEXT() REPRESENTATION_CONTEXT('2D SPACE',''
  ) );
#4935 = PCURVE('',#4936,#4941);
#4936 = CYLINDRICAL_SURFACE('',#4937,6.4E-02);
#4937 = AXIS2_PLACEMENT_3D('',#4938,#4939,#4940);
#4938 = CARTESIAN_POINT('',(-6.136,3.136,1.6));
#4939 = DIRECTION('',(-0.,-0.,1.));
#4940 = DIRECTION('',(-0.,1.,-0.));
#4941 = DEFINITIONAL_REPRESENTATION('',(#4942),#4946);
#4942 = LINE('',#4943,#4944);
#4943 = CARTESIAN_POINT('',(0.,0.));
#4944 = VECTOR('',#4945,1.);
#4945 = DIRECTION('',(0.,1.));
#4946 = ( GEOMETRIC_REPRESENTATION_CONTEXT(2) 
PARAMETRIC_REPRESENTATION_CONTEXT() REPRESENTATION_CONTEXT('2D SPACE',''
  ) );
#4947 = ORIENTED_EDGE('',*,*,#4948,.T.);
#4948 = EDGE_CURVE('',#4921,#4949,#4951,.T.);
#4949 = VERTEX_POINT('',#4950);
#4950 = CARTESIAN_POINT('',(-4.664,3.2,2.05));
#4951 = SURFACE_CURVE('',#4952,(#4956,#4963),.PCURVE_S1.);
#4952 = LINE('',#4953,#4954);
#4953 = CARTESIAN_POINT('',(-6.2,3.2,2.05));
#4954 = VECTOR('',#4955,1.);
#4955 = DIRECTION('',(1.,-0.,-0.));
#4956 = PCURVE('',#4896,#4957);
#4957 = DEFINITIONAL_REPRESENTATION('',(#4958),#4962);
#4958 = LINE('',#4959,#4960);
#4959 = CARTESIAN_POINT('',(-0.,-0.45));
#4960 = VECTOR('',#4961,1.);
#4961 = DIRECTION('',(-1.,-0.));
#4962 = ( GEOMETRIC_REPRESENTATION_CONTEXT(2) 
PARAMETRIC_REPRESENTATION_CONTEXT() REPRESENTATION_CONTEXT('2D SPACE',''
  ) );
#4963 = PCURVE('',#4964,#4969);
#4964 = PLANE('',#4965);
#4965 = AXIS2_PLACEMENT_3D('',#4966,#4967,#4968);
#4966 = CARTESIAN_POINT('',(-5.4,2.8,2.05));
#4967 = DIRECTION('',(-0.,-0.,1.));
#4968 = DIRECTION('',(-1.,0.,0.));
#4969 = DEFINITIONAL_REPRESENTATION('',(#4970),#4974);
#4970 = LINE('',#4971,#4972);
#4971 = CARTESIAN_POINT('',(0.8,-0.4));
#4972 = VECTOR('',#4973,1.);
#4973 = DIRECTION('',(-1.,0.));
#4974 = ( GEOMETRIC_REPRESENTATION_CONTEXT(2) 
PARAMETRIC_REPRESENTATION_CONTEXT() REPRESENTATION_CONTEXT('2D SPACE',''
  ) );
#4975 = ORIENTED_EDGE('',*,*,#4976,.F.);
#4976 = EDGE_CURVE('',#4888,#4949,#4977,.T.);
#4977 = SURFACE_CURVE('',#4978,(#4982,#4989),.PCURVE_S1.);
#4978 = LINE('',#4979,#4980);
#4979 = CARTESIAN_POINT('',(-4.664,3.2,1.6));
#4980 = VECTOR('',#4981,1.);
#4981 = DIRECTION('',(-0.,-0.,1.));
#4982 = PCURVE('',#4896,#4983);
#4983 = DEFINITIONAL_REPRESENTATION('',(#4984),#4988);
#4984 = LINE('',#4985,#4986);
#4985 = CARTESIAN_POINT('',(-1.536,-0.));
#4986 = VECTOR('',#4987,1.);
#4987 = DIRECTION('',(-0.,-1.));
#4988 = ( GEOMETRIC_REPRESENTATION_CONTEXT(2) 
PARAMETRIC_REPRESENTATION_CONTEXT() REPRESENTATION_CONTEXT('2D SPACE',''
  ) );
#4989 = PCURVE('',#4990,#4995);
#4990 = CYLINDRICAL_SURFACE('',#4991,6.4E-02);
#4991 = AXIS2_PLACEMENT_3D('',#4992,#4993,#4994);
#4992 = CARTESIAN_POINT('',(-4.664,3.136,1.6));
#4993 = DIRECTION('',(-0.,-0.,1.));
#4994 = DIRECTION('',(-0.,1.,-0.));
#4995 = DEFINITIONAL_REPRESENTATION('',(#4996),#5000);
#4996 = LINE('',#4997,#4998);
#4997 = CARTESIAN_POINT('',(-0.,0.));
#4998 = VECTOR('',#4999,1.);
#4999 = DIRECTION('',(-0.,1.));
#5000 = ( GEOMETRIC_REPRESENTATION_CONTEXT(2) 
PARAMETRIC_REPRESENTATION_CONTEXT() REPRESENTATION_CONTEXT('2D SPACE',''
  ) );
#5001 = ADVANCED_FACE('',(#5002),#4908,.F.);
#5002 = FACE_BOUND('',#5003,.T.);
#5003 = EDGE_LOOP('',(#5004,#5005,#5033,#5061,#5094,#5122,#5155,#5183));
#5004 = ORIENTED_EDGE('',*,*,#4885,.T.);
#5005 = ORIENTED_EDGE('',*,*,#5006,.T.);
#5006 = EDGE_CURVE('',#4888,#5007,#5009,.T.);
#5007 = VERTEX_POINT('',#5008);
#5008 = CARTESIAN_POINT('',(-4.6,3.136,1.6));
#5009 = SURFACE_CURVE('',#5010,(#5015,#5026),.PCURVE_S1.);
#5010 = CIRCLE('',#5011,6.4E-02);
#5011 = AXIS2_PLACEMENT_3D('',#5012,#5013,#5014);
#5012 = CARTESIAN_POINT('',(-4.664,3.136,1.6));
#5013 = DIRECTION('',(-0.,-0.,-1.));
#5014 = DIRECTION('',(-0.,1.,-0.));
#5015 = PCURVE('',#4908,#5016);
#5016 = DEFINITIONAL_REPRESENTATION('',(#5017),#5025);
#5017 = ( BOUNDED_CURVE() B_SPLINE_CURVE(2,(#5018,#5019,#5020,#5021,
#5022,#5023,#5024),.UNSPECIFIED.,.T.,.F.) B_SPLINE_CURVE_WITH_KNOTS((1,2
    ,2,2,2,1),(-2.094395102393,0.,2.094395102393,4.188790204786,
6.28318530718,8.377580409573),.UNSPECIFIED.) CURVE() 
GEOMETRIC_REPRESENTATION_ITEM() RATIONAL_B_SPLINE_CURVE((1.,0.5,1.,0.5,
1.,0.5,1.)) REPRESENTATION_ITEM('') );
#5018 = CARTESIAN_POINT('',(-0.736,-0.4));
#5019 = CARTESIAN_POINT('',(-0.846851251684,-0.4));
#5020 = CARTESIAN_POINT('',(-0.791425625842,-0.304));
#5021 = CARTESIAN_POINT('',(-0.736,-0.208));
#5022 = CARTESIAN_POINT('',(-0.680574374158,-0.304));
#5023 = CARTESIAN_POINT('',(-0.625148748316,-0.4));
#5024 = CARTESIAN_POINT('',(-0.736,-0.4));
#5025 = ( GEOMETRIC_REPRESENTATION_CONTEXT(2) 
PARAMETRIC_REPRESENTATION_CONTEXT() REPRESENTATION_CONTEXT('2D SPACE',''
  ) );
#5026 = PCURVE('',#4990,#5027);
#5027 = DEFINITIONAL_REPRESENTATION('',(#5028),#5032);
#5028 = LINE('',#5029,#5030);
#5029 = CARTESIAN_POINT('',(-0.,-2.22044604925E-16));
#5030 = VECTOR('',#5031,1.);
#5031 = DIRECTION('',(-1.,0.));
#5032 = ( GEOMETRIC_REPRESENTATION_CONTEXT(2) 
PARAMETRIC_REPRESENTATION_CONTEXT() REPRESENTATION_CONTEXT('2D SPACE',''
  ) );
#5033 = ORIENTED_EDGE('',*,*,#5034,.T.);
#5034 = EDGE_CURVE('',#5007,#5035,#5037,.T.);
#5035 = VERTEX_POINT('',#5036);
#5036 = CARTESIAN_POINT('',(-4.6,2.464,1.6));
#5037 = SURFACE_CURVE('',#5038,(#5042,#5049),.PCURVE_S1.);
#5038 = LINE('',#5039,#5040);
#5039 = CARTESIAN_POINT('',(-4.6,3.2,1.6));
#5040 = VECTOR('',#5041,1.);
#5041 = DIRECTION('',(-0.,-1.,-0.));
#5042 = PCURVE('',#4908,#5043);
#5043 = DEFINITIONAL_REPRESENTATION('',(#5044),#5048);
#5044 = LINE('',#5045,#5046);
#5045 = CARTESIAN_POINT('',(-0.8,-0.4));
#5046 = VECTOR('',#5047,1.);
#5047 = DIRECTION('',(-0.,1.));
#5048 = ( GEOMETRIC_REPRESENTATION_CONTEXT(2) 
PARAMETRIC_REPRESENTATION_CONTEXT() REPRESENTATION_CONTEXT('2D SPACE',''
  ) );
#5049 = PCURVE('',#5050,#5055);
#5050 = PLANE('',#5051);
#5051 = AXIS2_PLACEMENT_3D('',#5052,#5053,#5054);
#5052 = CARTESIAN_POINT('',(-4.6,3.2,1.6));
#5053 = DIRECTION('',(-1.,-0.,-0.));
#5054 = DIRECTION('',(0.,1.,0.));
#5055 = DEFINITIONAL_REPRESENTATION('',(#5056),#5060);
#5056 = LINE('',#5057,#5058);
#5057 = CARTESIAN_POINT('',(-0.,-0.));
#5058 = VECTOR('',#5059,1.);
#5059 = DIRECTION('',(-1.,0.));
#5060 = ( GEOMETRIC_REPRESENTATION_CONTEXT(2) 
PARAMETRIC_REPRESENTATION_CONTEXT() REPRESENTATION_CONTEXT('2D SPACE',''
  ) );
#5061 = ORIENTED_EDGE('',*,*,#5062,.T.);
#5062 = EDGE_CURVE('',#5035,#5063,#5065,.T.);
#5063 = VERTEX_POINT('',#5064);
#5064 = CARTESIAN_POINT('',(-4.664,2.4,1.6));
#5065 = SURFACE_CURVE('',#5066,(#5071,#5082),.PCURVE_S1.);
#5066 = CIRCLE('',#5067,6.4E-02);
#5067 = AXIS2_PLACEMENT_3D('',#5068,#5069,#5070);
#5068 = CARTESIAN_POINT('',(-4.664,2.464,1.6));
#5069 = DIRECTION('',(-0.,-0.,-1.));
#5070 = DIRECTION('',(-0.,1.,-0.));
#5071 = PCURVE('',#4908,#5072);
#5072 = DEFINITIONAL_REPRESENTATION('',(#5073),#5081);
#5073 = ( BOUNDED_CURVE() B_SPLINE_CURVE(2,(#5074,#5075,#5076,#5077,
#5078,#5079,#5080),.UNSPECIFIED.,.T.,.F.) B_SPLINE_CURVE_WITH_KNOTS((1,2
    ,2,2,2,1),(-2.094395102393,0.,2.094395102393,4.188790204786,
6.28318530718,8.377580409573),.UNSPECIFIED.) CURVE() 
GEOMETRIC_REPRESENTATION_ITEM() RATIONAL_B_SPLINE_CURVE((1.,0.5,1.,0.5,
1.,0.5,1.)) REPRESENTATION_ITEM('') );
#5074 = CARTESIAN_POINT('',(-0.736,0.272));
#5075 = CARTESIAN_POINT('',(-0.846851251684,0.272));
#5076 = CARTESIAN_POINT('',(-0.791425625842,0.368));
#5077 = CARTESIAN_POINT('',(-0.736,0.464));
#5078 = CARTESIAN_POINT('',(-0.680574374158,0.368));
#5079 = CARTESIAN_POINT('',(-0.625148748316,0.272));
#5080 = CARTESIAN_POINT('',(-0.736,0.272));
#5081 = ( GEOMETRIC_REPRESENTATION_CONTEXT(2) 
PARAMETRIC_REPRESENTATION_CONTEXT() REPRESENTATION_CONTEXT('2D SPACE',''
  ) );
#5082 = PCURVE('',#5083,#5088);
#5083 = CYLINDRICAL_SURFACE('',#5084,6.4E-02);
#5084 = AXIS2_PLACEMENT_3D('',#5085,#5086,#5087);
#5085 = CARTESIAN_POINT('',(-4.664,2.464,1.6));
#5086 = DIRECTION('',(-0.,-0.,1.));
#5087 = DIRECTION('',(1.,-0.,-0.));
#5088 = DEFINITIONAL_REPRESENTATION('',(#5089),#5093);
#5089 = LINE('',#5090,#5091);
#5090 = CARTESIAN_POINT('',(1.570796326795,-2.22044604925E-16));
#5091 = VECTOR('',#5092,1.);
#5092 = DIRECTION('',(-1.,0.));
#5093 = ( GEOMETRIC_REPRESENTATION_CONTEXT(2) 
PARAMETRIC_REPRESENTATION_CONTEXT() REPRESENTATION_CONTEXT('2D SPACE',''
  ) );
#5094 = ORIENTED_EDGE('',*,*,#5095,.T.);
#5095 = EDGE_CURVE('',#5063,#5096,#5098,.T.);
#5096 = VERTEX_POINT('',#5097);
#5097 = CARTESIAN_POINT('',(-6.136,2.4,1.6));
#5098 = SURFACE_CURVE('',#5099,(#5103,#5110),.PCURVE_S1.);
#5099 = LINE('',#5100,#5101);
#5100 = CARTESIAN_POINT('',(-4.6,2.4,1.6));
#5101 = VECTOR('',#5102,1.);
#5102 = DIRECTION('',(-1.,-0.,-0.));
#5103 = PCURVE('',#4908,#5104);
#5104 = DEFINITIONAL_REPRESENTATION('',(#5105),#5109);
#5105 = LINE('',#5106,#5107);
#5106 = CARTESIAN_POINT('',(-0.8,0.4));
#5107 = VECTOR('',#5108,1.);
#5108 = DIRECTION('',(1.,-0.));
#5109 = ( GEOMETRIC_REPRESENTATION_CONTEXT(2) 
PARAMETRIC_REPRESENTATION_CONTEXT() REPRESENTATION_CONTEXT('2D SPACE',''
  ) );
#5110 = PCURVE('',#5111,#5116);
#5111 = PLANE('',#5112);
#5112 = AXIS2_PLACEMENT_3D('',#5113,#5114,#5115);
#5113 = CARTESIAN_POINT('',(-4.6,2.4,1.6));
#5114 = DIRECTION('',(-0.,1.,-0.));
#5115 = DIRECTION('',(1.,0.,0.));
#5116 = DEFINITIONAL_REPRESENTATION('',(#5117),#5121);
#5117 = LINE('',#5118,#5119);
#5118 = CARTESIAN_POINT('',(0.,-0.));
#5119 = VECTOR('',#5120,1.);
#5120 = DIRECTION('',(-1.,0.));
#5121 = ( GEOMETRIC_REPRESENTATION_CONTEXT(2) 
PARAMETRIC_REPRESENTATION_CONTEXT() REPRESENTATION_CONTEXT('2D SPACE',''
  ) );
#5122 = ORIENTED_EDGE('',*,*,#5123,.T.);
#5123 = EDGE_CURVE('',#5096,#5124,#5126,.T.);
#5124 = VERTEX_POINT('',#5125);
#5125 = CARTESIAN_POINT('',(-6.2,2.464,1.6));
#5126 = SURFACE_CURVE('',#5127,(#5132,#5143),.PCURVE_S1.);
#5127 = CIRCLE('',#5128,6.4E-02);
#5128 = AXIS2_PLACEMENT_3D('',#5129,#5130,#5131);
#5129 = CARTESIAN_POINT('',(-6.136,2.464,1.6));
#5130 = DIRECTION('',(-0.,-0.,-1.));
#5131 = DIRECTION('',(-0.,1.,-0.));
#5132 = PCURVE('',#4908,#5133);
#5133 = DEFINITIONAL_REPRESENTATION('',(#5134),#5142);
#5134 = ( BOUNDED_CURVE() B_SPLINE_CURVE(2,(#5135,#5136,#5137,#5138,
#5139,#5140,#5141),.UNSPECIFIED.,.T.,.F.) B_SPLINE_CURVE_WITH_KNOTS((1,2
    ,2,2,2,1),(-2.094395102393,0.,2.094395102393,4.188790204786,
6.28318530718,8.377580409573),.UNSPECIFIED.) CURVE() 
GEOMETRIC_REPRESENTATION_ITEM() RATIONAL_B_SPLINE_CURVE((1.,0.5,1.,0.5,
1.,0.5,1.)) REPRESENTATION_ITEM('') );
#5135 = CARTESIAN_POINT('',(0.736,0.272));
#5136 = CARTESIAN_POINT('',(0.625148748316,0.272));
#5137 = CARTESIAN_POINT('',(0.680574374158,0.368));
#5138 = CARTESIAN_POINT('',(0.736,0.464));
#5139 = CARTESIAN_POINT('',(0.791425625842,0.368));
#5140 = CARTESIAN_POINT('',(0.846851251684,0.272));
#5141 = CARTESIAN_POINT('',(0.736,0.272));
#5142 = ( GEOMETRIC_REPRESENTATION_CONTEXT(2) 
PARAMETRIC_REPRESENTATION_CONTEXT() REPRESENTATION_CONTEXT('2D SPACE',''
  ) );
#5143 = PCURVE('',#5144,#5149);
#5144 = CYLINDRICAL_SURFACE('',#5145,6.4E-02);
#5145 = AXIS2_PLACEMENT_3D('',#5146,#5147,#5148);
#5146 = CARTESIAN_POINT('',(-6.136,2.464,1.6));
#5147 = DIRECTION('',(-0.,-0.,1.));
#5148 = DIRECTION('',(-0.,-1.,-0.));
#5149 = DEFINITIONAL_REPRESENTATION('',(#5150),#5154);
#5150 = LINE('',#5151,#5152);
#5151 = CARTESIAN_POINT('',(3.14159265359,-2.22044604925E-16));
#5152 = VECTOR('',#5153,1.);
#5153 = DIRECTION('',(-1.,0.));
#5154 = ( GEOMETRIC_REPRESENTATION_CONTEXT(2) 
PARAMETRIC_REPRESENTATION_CONTEXT() REPRESENTATION_CONTEXT('2D SPACE',''
  ) );
#5155 = ORIENTED_EDGE('',*,*,#5156,.T.);
#5156 = EDGE_CURVE('',#5124,#5157,#5159,.T.);
#5157 = VERTEX_POINT('',#5158);
#5158 = CARTESIAN_POINT('',(-6.2,3.136,1.6));
#5159 = SURFACE_CURVE('',#5160,(#5164,#5171),.PCURVE_S1.);
#5160 = LINE('',#5161,#5162);
#5161 = CARTESIAN_POINT('',(-6.2,2.4,1.6));
#5162 = VECTOR('',#5163,1.);
#5163 = DIRECTION('',(-0.,1.,-0.));
#5164 = PCURVE('',#4908,#5165);
#5165 = DEFINITIONAL_REPRESENTATION('',(#5166),#5170);
#5166 = LINE('',#5167,#5168);
#5167 = CARTESIAN_POINT('',(0.8,0.4));
#5168 = VECTOR('',#5169,1.);
#5169 = DIRECTION('',(-0.,-1.));
#5170 = ( GEOMETRIC_REPRESENTATION_CONTEXT(2) 
PARAMETRIC_REPRESENTATION_CONTEXT() REPRESENTATION_CONTEXT('2D SPACE',''
  ) );
#5171 = PCURVE('',#5172,#5177);
#5172 = PLANE('',#5173);
#5173 = AXIS2_PLACEMENT_3D('',#5174,#5175,#5176);
#5174 = CARTESIAN_POINT('',(-6.2,2.4,1.6));
#5175 = DIRECTION('',(1.,-0.,-0.));
#5176 = DIRECTION('',(0.,-1.,0.));
#5177 = DEFINITIONAL_REPRESENTATION('',(#5178),#5182);
#5178 = LINE('',#5179,#5180);
#5179 = CARTESIAN_POINT('',(-0.,0.));
#5180 = VECTOR('',#5181,1.);
#5181 = DIRECTION('',(-1.,-0.));
#5182 = ( GEOMETRIC_REPRESENTATION_CONTEXT(2) 
PARAMETRIC_REPRESENTATION_CONTEXT() REPRESENTATION_CONTEXT('2D SPACE',''
  ) );
#5183 = ORIENTED_EDGE('',*,*,#5184,.F.);
#5184 = EDGE_CURVE('',#4886,#5157,#5185,.T.);
#5185 = SURFACE_CURVE('',#5186,(#5191,#5198),.PCURVE_S1.);
#5186 = CIRCLE('',#5187,6.4E-02);
#5187 = AXIS2_PLACEMENT_3D('',#5188,#5189,#5190);
#5188 = CARTESIAN_POINT('',(-6.136,3.136,1.6));
#5189 = DIRECTION('',(-0.,0.,1.));
#5190 = DIRECTION('',(-0.,1.,-0.));
#5191 = PCURVE('',#4908,#5192);
#5192 = DEFINITIONAL_REPRESENTATION('',(#5193),#5197);
#5193 = CIRCLE('',#5194,6.4E-02);
#5194 = AXIS2_PLACEMENT_2D('',#5195,#5196);
#5195 = CARTESIAN_POINT('',(0.736,-0.336));
#5196 = DIRECTION('',(-0.,-1.));
#5197 = ( GEOMETRIC_REPRESENTATION_CONTEXT(2) 
PARAMETRIC_REPRESENTATION_CONTEXT() REPRESENTATION_CONTEXT('2D SPACE',''
  ) );
#5198 = PCURVE('',#4936,#5199);
#5199 = DEFINITIONAL_REPRESENTATION('',(#5200),#5204);
#5200 = LINE('',#5201,#5202);
#5201 = CARTESIAN_POINT('',(0.,-2.22044604925E-16));
#5202 = VECTOR('',#5203,1.);
#5203 = DIRECTION('',(1.,0.));
#5204 = ( GEOMETRIC_REPRESENTATION_CONTEXT(2) 
PARAMETRIC_REPRESENTATION_CONTEXT() REPRESENTATION_CONTEXT('2D SPACE',''
  ) );
#5205 = ADVANCED_FACE('',(#5206),#4936,.T.);
#5206 = FACE_BOUND('',#5207,.T.);
#5207 = EDGE_LOOP('',(#5208,#5209,#5232,#5254));
#5208 = ORIENTED_EDGE('',*,*,#5184,.T.);
#5209 = ORIENTED_EDGE('',*,*,#5210,.T.);
#5210 = EDGE_CURVE('',#5157,#5211,#5213,.T.);
#5211 = VERTEX_POINT('',#5212);
#5212 = CARTESIAN_POINT('',(-6.2,3.136,2.05));
#5213 = SURFACE_CURVE('',#5214,(#5218,#5225),.PCURVE_S1.);
#5214 = LINE('',#5215,#5216);
#5215 = CARTESIAN_POINT('',(-6.2,3.136,1.6));
#5216 = VECTOR('',#5217,1.);
#5217 = DIRECTION('',(-0.,-0.,1.));
#5218 = PCURVE('',#4936,#5219);
#5219 = DEFINITIONAL_REPRESENTATION('',(#5220),#5224);
#5220 = LINE('',#5221,#5222);
#5221 = CARTESIAN_POINT('',(1.570796326795,0.));
#5222 = VECTOR('',#5223,1.);
#5223 = DIRECTION('',(0.,1.));
#5224 = ( GEOMETRIC_REPRESENTATION_CONTEXT(2) 
PARAMETRIC_REPRESENTATION_CONTEXT() REPRESENTATION_CONTEXT('2D SPACE',''
  ) );
#5225 = PCURVE('',#5172,#5226);
#5226 = DEFINITIONAL_REPRESENTATION('',(#5227),#5231);
#5227 = LINE('',#5228,#5229);
#5228 = CARTESIAN_POINT('',(-0.736,0.));
#5229 = VECTOR('',#5230,1.);
#5230 = DIRECTION('',(-0.,-1.));
#5231 = ( GEOMETRIC_REPRESENTATION_CONTEXT(2) 
PARAMETRIC_REPRESENTATION_CONTEXT() REPRESENTATION_CONTEXT('2D SPACE',''
  ) );
#5232 = ORIENTED_EDGE('',*,*,#5233,.F.);
#5233 = EDGE_CURVE('',#4921,#5211,#5234,.T.);
#5234 = SURFACE_CURVE('',#5235,(#5240,#5247),.PCURVE_S1.);
#5235 = CIRCLE('',#5236,6.4E-02);
#5236 = AXIS2_PLACEMENT_3D('',#5237,#5238,#5239);
#5237 = CARTESIAN_POINT('',(-6.136,3.136,2.05));
#5238 = DIRECTION('',(-0.,0.,1.));
#5239 = DIRECTION('',(-0.,1.,-0.));
#5240 = PCURVE('',#4936,#5241);
#5241 = DEFINITIONAL_REPRESENTATION('',(#5242),#5246);
#5242 = LINE('',#5243,#5244);
#5243 = CARTESIAN_POINT('',(0.,0.45));
#5244 = VECTOR('',#5245,1.);
#5245 = DIRECTION('',(1.,0.));
#5246 = ( GEOMETRIC_REPRESENTATION_CONTEXT(2) 
PARAMETRIC_REPRESENTATION_CONTEXT() REPRESENTATION_CONTEXT('2D SPACE',''
  ) );
#5247 = PCURVE('',#4964,#5248);
#5248 = DEFINITIONAL_REPRESENTATION('',(#5249),#5253);
#5249 = CIRCLE('',#5250,6.4E-02);
#5250 = AXIS2_PLACEMENT_2D('',#5251,#5252);
#5251 = CARTESIAN_POINT('',(0.736,-0.336));
#5252 = DIRECTION('',(-0.,-1.));
#5253 = ( GEOMETRIC_REPRESENTATION_CONTEXT(2) 
PARAMETRIC_REPRESENTATION_CONTEXT() REPRESENTATION_CONTEXT('2D SPACE',''
  ) );
#5254 = ORIENTED_EDGE('',*,*,#4920,.F.);
#5255 = ADVANCED_FACE('',(#5256),#4990,.T.);
#5256 = FACE_BOUND('',#5257,.F.);
#5257 = EDGE_LOOP('',(#5258,#5259,#5282,#5308));
#5258 = ORIENTED_EDGE('',*,*,#5006,.T.);
#5259 = ORIENTED_EDGE('',*,*,#5260,.T.);
#5260 = EDGE_CURVE('',#5007,#5261,#5263,.T.);
#5261 = VERTEX_POINT('',#5262);
#5262 = CARTESIAN_POINT('',(-4.6,3.136,2.05));
#5263 = SURFACE_CURVE('',#5264,(#5268,#5275),.PCURVE_S1.);
#5264 = LINE('',#5265,#5266);
#5265 = CARTESIAN_POINT('',(-4.6,3.136,1.6));
#5266 = VECTOR('',#5267,1.);
#5267 = DIRECTION('',(-0.,-0.,1.));
#5268 = PCURVE('',#4990,#5269);
#5269 = DEFINITIONAL_REPRESENTATION('',(#5270),#5274);
#5270 = LINE('',#5271,#5272);
#5271 = CARTESIAN_POINT('',(-1.570796326795,0.));
#5272 = VECTOR('',#5273,1.);
#5273 = DIRECTION('',(-0.,1.));
#5274 = ( GEOMETRIC_REPRESENTATION_CONTEXT(2) 
PARAMETRIC_REPRESENTATION_CONTEXT() REPRESENTATION_CONTEXT('2D SPACE',''
  ) );
#5275 = PCURVE('',#5050,#5276);
#5276 = DEFINITIONAL_REPRESENTATION('',(#5277),#5281);
#5277 = LINE('',#5278,#5279);
#5278 = CARTESIAN_POINT('',(-6.4E-02,0.));
#5279 = VECTOR('',#5280,1.);
#5280 = DIRECTION('',(-0.,-1.));
#5281 = ( GEOMETRIC_REPRESENTATION_CONTEXT(2) 
PARAMETRIC_REPRESENTATION_CONTEXT() REPRESENTATION_CONTEXT('2D SPACE',''
  ) );
#5282 = ORIENTED_EDGE('',*,*,#5283,.F.);
#5283 = EDGE_CURVE('',#4949,#5261,#5284,.T.);
#5284 = SURFACE_CURVE('',#5285,(#5290,#5297),.PCURVE_S1.);
#5285 = CIRCLE('',#5286,6.4E-02);
#5286 = AXIS2_PLACEMENT_3D('',#5287,#5288,#5289);
#5287 = CARTESIAN_POINT('',(-4.664,3.136,2.05));
#5288 = DIRECTION('',(-0.,-0.,-1.));
#5289 = DIRECTION('',(-0.,1.,-0.));
#5290 = PCURVE('',#4990,#5291);
#5291 = DEFINITIONAL_REPRESENTATION('',(#5292),#5296);
#5292 = LINE('',#5293,#5294);
#5293 = CARTESIAN_POINT('',(-0.,0.45));
#5294 = VECTOR('',#5295,1.);
#5295 = DIRECTION('',(-1.,0.));
#5296 = ( GEOMETRIC_REPRESENTATION_CONTEXT(2) 
PARAMETRIC_REPRESENTATION_CONTEXT() REPRESENTATION_CONTEXT('2D SPACE',''
  ) );
#5297 = PCURVE('',#4964,#5298);
#5298 = DEFINITIONAL_REPRESENTATION('',(#5299),#5307);
#5299 = ( BOUNDED_CURVE() B_SPLINE_CURVE(2,(#5300,#5301,#5302,#5303,
#5304,#5305,#5306),.UNSPECIFIED.,.T.,.F.) B_SPLINE_CURVE_WITH_KNOTS((1,2
    ,2,2,2,1),(-2.094395102393,0.,2.094395102393,4.188790204786,
6.28318530718,8.377580409573),.UNSPECIFIED.) CURVE() 
GEOMETRIC_REPRESENTATION_ITEM() RATIONAL_B_SPLINE_CURVE((1.,0.5,1.,0.5,
1.,0.5,1.)) REPRESENTATION_ITEM('') );
#5300 = CARTESIAN_POINT('',(-0.736,-0.4));
#5301 = CARTESIAN_POINT('',(-0.846851251684,-0.4));
#5302 = CARTESIAN_POINT('',(-0.791425625842,-0.304));
#5303 = CARTESIAN_POINT('',(-0.736,-0.208));
#5304 = CARTESIAN_POINT('',(-0.680574374158,-0.304));
#5305 = CARTESIAN_POINT('',(-0.625148748316,-0.4));
#5306 = CARTESIAN_POINT('',(-0.736,-0.4));
#5307 = ( GEOMETRIC_REPRESENTATION_CONTEXT(2) 
PARAMETRIC_REPRESENTATION_CONTEXT() REPRESENTATION_CONTEXT('2D SPACE',''
  ) );
#5308 = ORIENTED_EDGE('',*,*,#4976,.F.);
#5309 = ADVANCED_FACE('',(#5310),#4964,.T.);
#5310 = FACE_BOUND('',#5311,.F.);
#5311 = EDGE_LOOP('',(#5312,#5313,#5314,#5337,#5365,#5388,#5416,#5437));
#5312 = ORIENTED_EDGE('',*,*,#4948,.T.);
#5313 = ORIENTED_EDGE('',*,*,#5283,.T.);
#5314 = ORIENTED_EDGE('',*,*,#5315,.T.);
#5315 = EDGE_CURVE('',#5261,#5316,#5318,.T.);
#5316 = VERTEX_POINT('',#5317);
#5317 = CARTESIAN_POINT('',(-4.6,2.464,2.05));
#5318 = SURFACE_CURVE('',#5319,(#5323,#5330),.PCURVE_S1.);
#5319 = LINE('',#5320,#5321);
#5320 = CARTESIAN_POINT('',(-4.6,3.2,2.05));
#5321 = VECTOR('',#5322,1.);
#5322 = DIRECTION('',(-0.,-1.,-0.));
#5323 = PCURVE('',#4964,#5324);
#5324 = DEFINITIONAL_REPRESENTATION('',(#5325),#5329);
#5325 = LINE('',#5326,#5327);
#5326 = CARTESIAN_POINT('',(-0.8,-0.4));
#5327 = VECTOR('',#5328,1.);
#5328 = DIRECTION('',(-0.,1.));
#5329 = ( GEOMETRIC_REPRESENTATION_CONTEXT(2) 
PARAMETRIC_REPRESENTATION_CONTEXT() REPRESENTATION_CONTEXT('2D SPACE',''
  ) );
#5330 = PCURVE('',#5050,#5331);
#5331 = DEFINITIONAL_REPRESENTATION('',(#5332),#5336);
#5332 = LINE('',#5333,#5334);
#5333 = CARTESIAN_POINT('',(-0.,-0.45));
#5334 = VECTOR('',#5335,1.);
#5335 = DIRECTION('',(-1.,0.));
#5336 = ( GEOMETRIC_REPRESENTATION_CONTEXT(2) 
PARAMETRIC_REPRESENTATION_CONTEXT() REPRESENTATION_CONTEXT('2D SPACE',''
  ) );
#5337 = ORIENTED_EDGE('',*,*,#5338,.T.);
#5338 = EDGE_CURVE('',#5316,#5339,#5341,.T.);
#5339 = VERTEX_POINT('',#5340);
#5340 = CARTESIAN_POINT('',(-4.664,2.4,2.05));
#5341 = SURFACE_CURVE('',#5342,(#5347,#5358),.PCURVE_S1.);
#5342 = CIRCLE('',#5343,6.4E-02);
#5343 = AXIS2_PLACEMENT_3D('',#5344,#5345,#5346);
#5344 = CARTESIAN_POINT('',(-4.664,2.464,2.05));
#5345 = DIRECTION('',(-0.,-0.,-1.));
#5346 = DIRECTION('',(-0.,1.,-0.));
#5347 = PCURVE('',#4964,#5348);
#5348 = DEFINITIONAL_REPRESENTATION('',(#5349),#5357);
#5349 = ( BOUNDED_CURVE() B_SPLINE_CURVE(2,(#5350,#5351,#5352,#5353,
#5354,#5355,#5356),.UNSPECIFIED.,.T.,.F.) B_SPLINE_CURVE_WITH_KNOTS((1,2
    ,2,2,2,1),(-2.094395102393,0.,2.094395102393,4.188790204786,
6.28318530718,8.377580409573),.UNSPECIFIED.) CURVE() 
GEOMETRIC_REPRESENTATION_ITEM() RATIONAL_B_SPLINE_CURVE((1.,0.5,1.,0.5,
1.,0.5,1.)) REPRESENTATION_ITEM('') );
#5350 = CARTESIAN_POINT('',(-0.736,0.272));
#5351 = CARTESIAN_POINT('',(-0.846851251684,0.272));
#5352 = CARTESIAN_POINT('',(-0.791425625842,0.368));
#5353 = CARTESIAN_POINT('',(-0.736,0.464));
#5354 = CARTESIAN_POINT('',(-0.680574374158,0.368));
#5355 = CARTESIAN_POINT('',(-0.625148748316,0.272));
#5356 = CARTESIAN_POINT('',(-0.736,0.272));
#5357 = ( GEOMETRIC_REPRESENTATION_CONTEXT(2) 
PARAMETRIC_REPRESENTATION_CONTEXT() REPRESENTATION_CONTEXT('2D SPACE',''
  ) );
#5358 = PCURVE('',#5083,#5359);
#5359 = DEFINITIONAL_REPRESENTATION('',(#5360),#5364);
#5360 = LINE('',#5361,#5362);
#5361 = CARTESIAN_POINT('',(1.570796326795,0.45));
#5362 = VECTOR('',#5363,1.);
#5363 = DIRECTION('',(-1.,0.));
#5364 = ( GEOMETRIC_REPRESENTATION_CONTEXT(2) 
PARAMETRIC_REPRESENTATION_CONTEXT() REPRESENTATION_CONTEXT('2D SPACE',''
  ) );
#5365 = ORIENTED_EDGE('',*,*,#5366,.T.);
#5366 = EDGE_CURVE('',#5339,#5367,#5369,.T.);
#5367 = VERTEX_POINT('',#5368);
#5368 = CARTESIAN_POINT('',(-6.136,2.4,2.05));
#5369 = SURFACE_CURVE('',#5370,(#5374,#5381),.PCURVE_S1.);
#5370 = LINE('',#5371,#5372);
#5371 = CARTESIAN_POINT('',(-4.6,2.4,2.05));
#5372 = VECTOR('',#5373,1.);
#5373 = DIRECTION('',(-1.,-0.,-0.));
#5374 = PCURVE('',#4964,#5375);
#5375 = DEFINITIONAL_REPRESENTATION('',(#5376),#5380);
#5376 = LINE('',#5377,#5378);
#5377 = CARTESIAN_POINT('',(-0.8,0.4));
#5378 = VECTOR('',#5379,1.);
#5379 = DIRECTION('',(1.,-0.));
#5380 = ( GEOMETRIC_REPRESENTATION_CONTEXT(2) 
PARAMETRIC_REPRESENTATION_CONTEXT() REPRESENTATION_CONTEXT('2D SPACE',''
  ) );
#5381 = PCURVE('',#5111,#5382);
#5382 = DEFINITIONAL_REPRESENTATION('',(#5383),#5387);
#5383 = LINE('',#5384,#5385);
#5384 = CARTESIAN_POINT('',(-0.,-0.45));
#5385 = VECTOR('',#5386,1.);
#5386 = DIRECTION('',(-1.,0.));
#5387 = ( GEOMETRIC_REPRESENTATION_CONTEXT(2) 
PARAMETRIC_REPRESENTATION_CONTEXT() REPRESENTATION_CONTEXT('2D SPACE',''
  ) );
#5388 = ORIENTED_EDGE('',*,*,#5389,.T.);
#5389 = EDGE_CURVE('',#5367,#5390,#5392,.T.);
#5390 = VERTEX_POINT('',#5391);
#5391 = CARTESIAN_POINT('',(-6.2,2.464,2.05));
#5392 = SURFACE_CURVE('',#5393,(#5398,#5409),.PCURVE_S1.);
#5393 = CIRCLE('',#5394,6.4E-02);
#5394 = AXIS2_PLACEMENT_3D('',#5395,#5396,#5397);
#5395 = CARTESIAN_POINT('',(-6.136,2.464,2.05));
#5396 = DIRECTION('',(-0.,-0.,-1.));
#5397 = DIRECTION('',(-0.,1.,-0.));
#5398 = PCURVE('',#4964,#5399);
#5399 = DEFINITIONAL_REPRESENTATION('',(#5400),#5408);
#5400 = ( BOUNDED_CURVE() B_SPLINE_CURVE(2,(#5401,#5402,#5403,#5404,
#5405,#5406,#5407),.UNSPECIFIED.,.T.,.F.) B_SPLINE_CURVE_WITH_KNOTS((1,2
    ,2,2,2,1),(-2.094395102393,0.,2.094395102393,4.188790204786,
6.28318530718,8.377580409573),.UNSPECIFIED.) CURVE() 
GEOMETRIC_REPRESENTATION_ITEM() RATIONAL_B_SPLINE_CURVE((1.,0.5,1.,0.5,
1.,0.5,1.)) REPRESENTATION_ITEM('') );
#5401 = CARTESIAN_POINT('',(0.736,0.272));
#5402 = CARTESIAN_POINT('',(0.625148748316,0.272));
#5403 = CARTESIAN_POINT('',(0.680574374158,0.368));
#5404 = CARTESIAN_POINT('',(0.736,0.464));
#5405 = CARTESIAN_POINT('',(0.791425625842,0.368));
#5406 = CARTESIAN_POINT('',(0.846851251684,0.272));
#5407 = CARTESIAN_POINT('',(0.736,0.272));
#5408 = ( GEOMETRIC_REPRESENTATION_CONTEXT(2) 
PARAMETRIC_REPRESENTATION_CONTEXT() REPRESENTATION_CONTEXT('2D SPACE',''
  ) );
#5409 = PCURVE('',#5144,#5410);
#5410 = DEFINITIONAL_REPRESENTATION('',(#5411),#5415);
#5411 = LINE('',#5412,#5413);
#5412 = CARTESIAN_POINT('',(3.14159265359,0.45));
#5413 = VECTOR('',#5414,1.);
#5414 = DIRECTION('',(-1.,0.));
#5415 = ( GEOMETRIC_REPRESENTATION_CONTEXT(2) 
PARAMETRIC_REPRESENTATION_CONTEXT() REPRESENTATION_CONTEXT('2D SPACE',''
  ) );
#5416 = ORIENTED_EDGE('',*,*,#5417,.T.);
#5417 = EDGE_CURVE('',#5390,#5211,#5418,.T.);
#5418 = SURFACE_CURVE('',#5419,(#5423,#5430),.PCURVE_S1.);
#5419 = LINE('',#5420,#5421);
#5420 = CARTESIAN_POINT('',(-6.2,2.4,2.05));
#5421 = VECTOR('',#5422,1.);
#5422 = DIRECTION('',(-0.,1.,-0.));
#5423 = PCURVE('',#4964,#5424);
#5424 = DEFINITIONAL_REPRESENTATION('',(#5425),#5429);
#5425 = LINE('',#5426,#5427);
#5426 = CARTESIAN_POINT('',(0.8,0.4));
#5427 = VECTOR('',#5428,1.);
#5428 = DIRECTION('',(-0.,-1.));
#5429 = ( GEOMETRIC_REPRESENTATION_CONTEXT(2) 
PARAMETRIC_REPRESENTATION_CONTEXT() REPRESENTATION_CONTEXT('2D SPACE',''
  ) );
#5430 = PCURVE('',#5172,#5431);
#5431 = DEFINITIONAL_REPRESENTATION('',(#5432),#5436);
#5432 = LINE('',#5433,#5434);
#5433 = CARTESIAN_POINT('',(-0.,-0.45));
#5434 = VECTOR('',#5435,1.);
#5435 = DIRECTION('',(-1.,-0.));
#5436 = ( GEOMETRIC_REPRESENTATION_CONTEXT(2) 
PARAMETRIC_REPRESENTATION_CONTEXT() REPRESENTATION_CONTEXT('2D SPACE',''
  ) );
#5437 = ORIENTED_EDGE('',*,*,#5233,.F.);
#5438 = ADVANCED_FACE('',(#5439),#5172,.F.);
#5439 = FACE_BOUND('',#5440,.T.);
#5440 = EDGE_LOOP('',(#5441,#5442,#5463,#5464));
#5441 = ORIENTED_EDGE('',*,*,#5156,.F.);
#5442 = ORIENTED_EDGE('',*,*,#5443,.T.);
#5443 = EDGE_CURVE('',#5124,#5390,#5444,.T.);
#5444 = SURFACE_CURVE('',#5445,(#5449,#5456),.PCURVE_S1.);
#5445 = LINE('',#5446,#5447);
#5446 = CARTESIAN_POINT('',(-6.2,2.464,1.6));
#5447 = VECTOR('',#5448,1.);
#5448 = DIRECTION('',(-0.,-0.,1.));
#5449 = PCURVE('',#5172,#5450);
#5450 = DEFINITIONAL_REPRESENTATION('',(#5451),#5455);
#5451 = LINE('',#5452,#5453);
#5452 = CARTESIAN_POINT('',(-6.4E-02,0.));
#5453 = VECTOR('',#5454,1.);
#5454 = DIRECTION('',(-0.,-1.));
#5455 = ( GEOMETRIC_REPRESENTATION_CONTEXT(2) 
PARAMETRIC_REPRESENTATION_CONTEXT() REPRESENTATION_CONTEXT('2D SPACE',''
  ) );
#5456 = PCURVE('',#5144,#5457);
#5457 = DEFINITIONAL_REPRESENTATION('',(#5458),#5462);
#5458 = LINE('',#5459,#5460);
#5459 = CARTESIAN_POINT('',(-1.570796326795,0.));
#5460 = VECTOR('',#5461,1.);
#5461 = DIRECTION('',(-0.,1.));
#5462 = ( GEOMETRIC_REPRESENTATION_CONTEXT(2) 
PARAMETRIC_REPRESENTATION_CONTEXT() REPRESENTATION_CONTEXT('2D SPACE',''
  ) );
#5463 = ORIENTED_EDGE('',*,*,#5417,.T.);
#5464 = ORIENTED_EDGE('',*,*,#5210,.F.);
#5465 = ADVANCED_FACE('',(#5466),#5050,.F.);
#5466 = FACE_BOUND('',#5467,.T.);
#5467 = EDGE_LOOP('',(#5468,#5469,#5470,#5471));
#5468 = ORIENTED_EDGE('',*,*,#5034,.F.);
#5469 = ORIENTED_EDGE('',*,*,#5260,.T.);
#5470 = ORIENTED_EDGE('',*,*,#5315,.T.);
#5471 = ORIENTED_EDGE('',*,*,#5472,.F.);
#5472 = EDGE_CURVE('',#5035,#5316,#5473,.T.);
#5473 = SURFACE_CURVE('',#5474,(#5478,#5485),.PCURVE_S1.);
#5474 = LINE('',#5475,#5476);
#5475 = CARTESIAN_POINT('',(-4.6,2.464,1.6));
#5476 = VECTOR('',#5477,1.);
#5477 = DIRECTION('',(-0.,-0.,1.));
#5478 = PCURVE('',#5050,#5479);
#5479 = DEFINITIONAL_REPRESENTATION('',(#5480),#5484);
#5480 = LINE('',#5481,#5482);
#5481 = CARTESIAN_POINT('',(-0.736,0.));
#5482 = VECTOR('',#5483,1.);
#5483 = DIRECTION('',(-0.,-1.));
#5484 = ( GEOMETRIC_REPRESENTATION_CONTEXT(2) 
PARAMETRIC_REPRESENTATION_CONTEXT() REPRESENTATION_CONTEXT('2D SPACE',''
  ) );
#5485 = PCURVE('',#5083,#5486);
#5486 = DEFINITIONAL_REPRESENTATION('',(#5487),#5491);
#5487 = LINE('',#5488,#5489);
#5488 = CARTESIAN_POINT('',(-0.,0.));
#5489 = VECTOR('',#5490,1.);
#5490 = DIRECTION('',(-0.,1.));
#5491 = ( GEOMETRIC_REPRESENTATION_CONTEXT(2) 
PARAMETRIC_REPRESENTATION_CONTEXT() REPRESENTATION_CONTEXT('2D SPACE',''
  ) );
#5492 = ADVANCED_FACE('',(#5493),#5144,.T.);
#5493 = FACE_BOUND('',#5494,.F.);
#5494 = EDGE_LOOP('',(#5495,#5496,#5497,#5498));
#5495 = ORIENTED_EDGE('',*,*,#5123,.T.);
#5496 = ORIENTED_EDGE('',*,*,#5443,.T.);
#5497 = ORIENTED_EDGE('',*,*,#5389,.F.);
#5498 = ORIENTED_EDGE('',*,*,#5499,.F.);
#5499 = EDGE_CURVE('',#5096,#5367,#5500,.T.);
#5500 = SURFACE_CURVE('',#5501,(#5505,#5512),.PCURVE_S1.);
#5501 = LINE('',#5502,#5503);
#5502 = CARTESIAN_POINT('',(-6.136,2.4,1.6));
#5503 = VECTOR('',#5504,1.);
#5504 = DIRECTION('',(-0.,-0.,1.));
#5505 = PCURVE('',#5144,#5506);
#5506 = DEFINITIONAL_REPRESENTATION('',(#5507),#5511);
#5507 = LINE('',#5508,#5509);
#5508 = CARTESIAN_POINT('',(-0.,0.));
#5509 = VECTOR('',#5510,1.);
#5510 = DIRECTION('',(-0.,1.));
#5511 = ( GEOMETRIC_REPRESENTATION_CONTEXT(2) 
PARAMETRIC_REPRESENTATION_CONTEXT() REPRESENTATION_CONTEXT('2D SPACE',''
  ) );
#5512 = PCURVE('',#5111,#5513);
#5513 = DEFINITIONAL_REPRESENTATION('',(#5514),#5518);
#5514 = LINE('',#5515,#5516);
#5515 = CARTESIAN_POINT('',(-1.536,0.));
#5516 = VECTOR('',#5517,1.);
#5517 = DIRECTION('',(-0.,-1.));
#5518 = ( GEOMETRIC_REPRESENTATION_CONTEXT(2) 
PARAMETRIC_REPRESENTATION_CONTEXT() REPRESENTATION_CONTEXT('2D SPACE',''
  ) );
#5519 = ADVANCED_FACE('',(#5520),#5083,.T.);
#5520 = FACE_BOUND('',#5521,.F.);
#5521 = EDGE_LOOP('',(#5522,#5523,#5544,#5545));
#5522 = ORIENTED_EDGE('',*,*,#5062,.T.);
#5523 = ORIENTED_EDGE('',*,*,#5524,.T.);
#5524 = EDGE_CURVE('',#5063,#5339,#5525,.T.);
#5525 = SURFACE_CURVE('',#5526,(#5530,#5537),.PCURVE_S1.);
#5526 = LINE('',#5527,#5528);
#5527 = CARTESIAN_POINT('',(-4.664,2.4,1.6));
#5528 = VECTOR('',#5529,1.);
#5529 = DIRECTION('',(-0.,-0.,1.));
#5530 = PCURVE('',#5083,#5531);
#5531 = DEFINITIONAL_REPRESENTATION('',(#5532),#5536);
#5532 = LINE('',#5533,#5534);
#5533 = CARTESIAN_POINT('',(-1.570796326795,0.));
#5534 = VECTOR('',#5535,1.);
#5535 = DIRECTION('',(-0.,1.));
#5536 = ( GEOMETRIC_REPRESENTATION_CONTEXT(2) 
PARAMETRIC_REPRESENTATION_CONTEXT() REPRESENTATION_CONTEXT('2D SPACE',''
  ) );
#5537 = PCURVE('',#5111,#5538);
#5538 = DEFINITIONAL_REPRESENTATION('',(#5539),#5543);
#5539 = LINE('',#5540,#5541);
#5540 = CARTESIAN_POINT('',(-6.4E-02,0.));
#5541 = VECTOR('',#5542,1.);
#5542 = DIRECTION('',(-0.,-1.));
#5543 = ( GEOMETRIC_REPRESENTATION_CONTEXT(2) 
PARAMETRIC_REPRESENTATION_CONTEXT() REPRESENTATION_CONTEXT('2D SPACE',''
  ) );
#5544 = ORIENTED_EDGE('',*,*,#5338,.F.);
#5545 = ORIENTED_EDGE('',*,*,#5472,.F.);
#5546 = ADVANCED_FACE('',(#5547),#5111,.F.);
#5547 = FACE_BOUND('',#5548,.T.);
#5548 = EDGE_LOOP('',(#5549,#5550,#5551,#5552));
#5549 = ORIENTED_EDGE('',*,*,#5095,.F.);
#5550 = ORIENTED_EDGE('',*,*,#5524,.T.);
#5551 = ORIENTED_EDGE('',*,*,#5366,.T.);
#5552 = ORIENTED_EDGE('',*,*,#5499,.F.);
#5553 = ( GEOMETRIC_REPRESENTATION_CONTEXT(3) 
GLOBAL_UNCERTAINTY_ASSIGNED_CONTEXT((#5557)) 
GLOBAL_UNIT_ASSIGNED_CONTEXT((#5554,#5555,#5556)) REPRESENTATION_CONTEXT
('Context #1','3D Context with UNIT and UNCERTAINTY') );
#5554 = ( LENGTH_UNIT() NAMED_UNIT(*) SI_UNIT(.MILLI.,.METRE.) );
#5555 = ( NAMED_UNIT(*) PLANE_ANGLE_UNIT() SI_UNIT($,.RADIAN.) );
#5556 = ( NAMED_UNIT(*) SI_UNIT($,.STERADIAN.) SOLID_ANGLE_UNIT() );
#5557 = UNCERTAINTY_MEASURE_WITH_UNIT(LENGTH_MEASURE(1.E-07),#5554,
  'distance_accuracy_value','confusion accuracy');
#5558 = CONTEXT_DEPENDENT_SHAPE_REPRESENTATION(#5559,#5561);
#5559 = ( REPRESENTATION_RELATIONSHIP('','',#4878,#10) 
REPRESENTATION_RELATIONSHIP_WITH_TRANSFORMATION(#5560) 
SHAPE_REPRESENTATION_RELATIONSHIP() );
#5560 = ITEM_DEFINED_TRANSFORMATION('','',#11,#71);
#5561 = PRODUCT_DEFINITION_SHAPE('Placement','Placement of an item',
  #5562);
#5562 = NEXT_ASSEMBLY_USAGE_OCCURRENCE('77','RH0','',#5,#4873,$);
#5563 = PRODUCT_RELATED_PRODUCT_CATEGORY('part',$,(#4875));
#5564 = SHAPE_DEFINITION_REPRESENTATION(#5565,#5571);
#5565 = PRODUCT_DEFINITION_SHAPE('','',#5566);
#5566 = PRODUCT_DEFINITION('design','',#5567,#5570);
#5567 = PRODUCT_DEFINITION_FORMATION('','',#5568);
#5568 = PRODUCT('RL0','RL0','',(#5569));
#5569 = PRODUCT_CONTEXT('',#2,'mechanical');
#5570 = PRODUCT_DEFINITION_CONTEXT('part definition',#2,'design');
#5571 = ADVANCED_BREP_SHAPE_REPRESENTATION('',(#11,#5572),#6246);
#5572 = MANIFOLD_SOLID_BREP('',#5573);
#5573 = CLOSED_SHELL('',(#5574,#5694,#5898,#5948,#6002,#6131,#6158,#6185
    ,#6212,#6239));
#5574 = ADVANCED_FACE('',(#5575),#5589,.F.);
#5575 = FACE_BOUND('',#5576,.T.);
#5576 = EDGE_LOOP('',(#5577,#5612,#5640,#5668));
#5577 = ORIENTED_EDGE('',*,*,#5578,.F.);
#5578 = EDGE_CURVE('',#5579,#5581,#5583,.T.);
#5579 = VERTEX_POINT('',#5580);
#5580 = CARTESIAN_POINT('',(-6.136,-2.4,1.6));
#5581 = VERTEX_POINT('',#5582);
#5582 = CARTESIAN_POINT('',(-4.664,-2.4,1.6));
#5583 = SURFACE_CURVE('',#5584,(#5588,#5600),.PCURVE_S1.);
#5584 = LINE('',#5585,#5586);
#5585 = CARTESIAN_POINT('',(-6.2,-2.4,1.6));
#5586 = VECTOR('',#5587,1.);
#5587 = DIRECTION('',(1.,-0.,-0.));
#5588 = PCURVE('',#5589,#5594);
#5589 = PLANE('',#5590);
#5590 = AXIS2_PLACEMENT_3D('',#5591,#5592,#5593);
#5591 = CARTESIAN_POINT('',(-6.2,-2.4,1.6));
#5592 = DIRECTION('',(-0.,-1.,-0.));
#5593 = DIRECTION('',(-1.,0.,0.));
#5594 = DEFINITIONAL_REPRESENTATION('',(#5595),#5599);
#5595 = LINE('',#5596,#5597);
#5596 = CARTESIAN_POINT('',(-0.,-0.));
#5597 = VECTOR('',#5598,1.);
#5598 = DIRECTION('',(-1.,-0.));
#5599 = ( GEOMETRIC_REPRESENTATION_CONTEXT(2) 
PARAMETRIC_REPRESENTATION_CONTEXT() REPRESENTATION_CONTEXT('2D SPACE',''
  ) );
#5600 = PCURVE('',#5601,#5606);
#5601 = PLANE('',#5602);
#5602 = AXIS2_PLACEMENT_3D('',#5603,#5604,#5605);
#5603 = CARTESIAN_POINT('',(-5.4,-2.8,1.6));
#5604 = DIRECTION('',(-0.,-0.,1.));
#5605 = DIRECTION('',(-1.,0.,0.));
#5606 = DEFINITIONAL_REPRESENTATION('',(#5607),#5611);
#5607 = LINE('',#5608,#5609);
#5608 = CARTESIAN_POINT('',(0.8,-0.4));
#5609 = VECTOR('',#5610,1.);
#5610 = DIRECTION('',(-1.,0.));
#5611 = ( GEOMETRIC_REPRESENTATION_CONTEXT(2) 
PARAMETRIC_REPRESENTATION_CONTEXT() REPRESENTATION_CONTEXT('2D SPACE',''
  ) );
#5612 = ORIENTED_EDGE('',*,*,#5613,.T.);
#5613 = EDGE_CURVE('',#5579,#5614,#5616,.T.);
#5614 = VERTEX_POINT('',#5615);
#5615 = CARTESIAN_POINT('',(-6.136,-2.4,2.05));
#5616 = SURFACE_CURVE('',#5617,(#5621,#5628),.PCURVE_S1.);
#5617 = LINE('',#5618,#5619);
#5618 = CARTESIAN_POINT('',(-6.136,-2.4,1.6));
#5619 = VECTOR('',#5620,1.);
#5620 = DIRECTION('',(-0.,-0.,1.));
#5621 = PCURVE('',#5589,#5622);
#5622 = DEFINITIONAL_REPRESENTATION('',(#5623),#5627);
#5623 = LINE('',#5624,#5625);
#5624 = CARTESIAN_POINT('',(-6.4E-02,-0.));
#5625 = VECTOR('',#5626,1.);
#5626 = DIRECTION('',(-0.,-1.));
#5627 = ( GEOMETRIC_REPRESENTATION_CONTEXT(2) 
PARAMETRIC_REPRESENTATION_CONTEXT() REPRESENTATION_CONTEXT('2D SPACE',''
  ) );
#5628 = PCURVE('',#5629,#5634);
#5629 = CYLINDRICAL_SURFACE('',#5630,6.4E-02);
#5630 = AXIS2_PLACEMENT_3D('',#5631,#5632,#5633);
#5631 = CARTESIAN_POINT('',(-6.136,-2.464,1.6));
#5632 = DIRECTION('',(-0.,-0.,1.));
#5633 = DIRECTION('',(-0.,1.,-0.));
#5634 = DEFINITIONAL_REPRESENTATION('',(#5635),#5639);
#5635 = LINE('',#5636,#5637);
#5636 = CARTESIAN_POINT('',(0.,0.));
#5637 = VECTOR('',#5638,1.);
#5638 = DIRECTION('',(0.,1.));
#5639 = ( GEOMETRIC_REPRESENTATION_CONTEXT(2) 
PARAMETRIC_REPRESENTATION_CONTEXT() REPRESENTATION_CONTEXT('2D SPACE',''
  ) );
#5640 = ORIENTED_EDGE('',*,*,#5641,.T.);
#5641 = EDGE_CURVE('',#5614,#5642,#5644,.T.);
#5642 = VERTEX_POINT('',#5643);
#5643 = CARTESIAN_POINT('',(-4.664,-2.4,2.05));
#5644 = SURFACE_CURVE('',#5645,(#5649,#5656),.PCURVE_S1.);
#5645 = LINE('',#5646,#5647);
#5646 = CARTESIAN_POINT('',(-6.2,-2.4,2.05));
#5647 = VECTOR('',#5648,1.);
#5648 = DIRECTION('',(1.,-0.,-0.));
#5649 = PCURVE('',#5589,#5650);
#5650 = DEFINITIONAL_REPRESENTATION('',(#5651),#5655);
#5651 = LINE('',#5652,#5653);
#5652 = CARTESIAN_POINT('',(-0.,-0.45));
#5653 = VECTOR('',#5654,1.);
#5654 = DIRECTION('',(-1.,-0.));
#5655 = ( GEOMETRIC_REPRESENTATION_CONTEXT(2) 
PARAMETRIC_REPRESENTATION_CONTEXT() REPRESENTATION_CONTEXT('2D SPACE',''
  ) );
#5656 = PCURVE('',#5657,#5662);
#5657 = PLANE('',#5658);
#5658 = AXIS2_PLACEMENT_3D('',#5659,#5660,#5661);
#5659 = CARTESIAN_POINT('',(-5.4,-2.8,2.05));
#5660 = DIRECTION('',(-0.,-0.,1.));
#5661 = DIRECTION('',(-1.,0.,0.));
#5662 = DEFINITIONAL_REPRESENTATION('',(#5663),#5667);
#5663 = LINE('',#5664,#5665);
#5664 = CARTESIAN_POINT('',(0.8,-0.4));
#5665 = VECTOR('',#5666,1.);
#5666 = DIRECTION('',(-1.,0.));
#5667 = ( GEOMETRIC_REPRESENTATION_CONTEXT(2) 
PARAMETRIC_REPRESENTATION_CONTEXT() REPRESENTATION_CONTEXT('2D SPACE',''
  ) );
#5668 = ORIENTED_EDGE('',*,*,#5669,.F.);
#5669 = EDGE_CURVE('',#5581,#5642,#5670,.T.);
#5670 = SURFACE_CURVE('',#5671,(#5675,#5682),.PCURVE_S1.);
#5671 = LINE('',#5672,#5673);
#5672 = CARTESIAN_POINT('',(-4.664,-2.4,1.6));
#5673 = VECTOR('',#5674,1.);
#5674 = DIRECTION('',(-0.,-0.,1.));
#5675 = PCURVE('',#5589,#5676);
#5676 = DEFINITIONAL_REPRESENTATION('',(#5677),#5681);
#5677 = LINE('',#5678,#5679);
#5678 = CARTESIAN_POINT('',(-1.536,-0.));
#5679 = VECTOR('',#5680,1.);
#5680 = DIRECTION('',(-0.,-1.));
#5681 = ( GEOMETRIC_REPRESENTATION_CONTEXT(2) 
PARAMETRIC_REPRESENTATION_CONTEXT() REPRESENTATION_CONTEXT('2D SPACE',''
  ) );
#5682 = PCURVE('',#5683,#5688);
#5683 = CYLINDRICAL_SURFACE('',#5684,6.4E-02);
#5684 = AXIS2_PLACEMENT_3D('',#5685,#5686,#5687);
#5685 = CARTESIAN_POINT('',(-4.664,-2.464,1.6));
#5686 = DIRECTION('',(-0.,-0.,1.));
#5687 = DIRECTION('',(-0.,1.,-0.));
#5688 = DEFINITIONAL_REPRESENTATION('',(#5689),#5693);
#5689 = LINE('',#5690,#5691);
#5690 = CARTESIAN_POINT('',(-0.,0.));
#5691 = VECTOR('',#5692,1.);
#5692 = DIRECTION('',(-0.,1.));
#5693 = ( GEOMETRIC_REPRESENTATION_CONTEXT(2) 
PARAMETRIC_REPRESENTATION_CONTEXT() REPRESENTATION_CONTEXT('2D SPACE',''
  ) );
#5694 = ADVANCED_FACE('',(#5695),#5601,.F.);
#5695 = FACE_BOUND('',#5696,.T.);
#5696 = EDGE_LOOP('',(#5697,#5698,#5726,#5754,#5787,#5815,#5848,#5876));
#5697 = ORIENTED_EDGE('',*,*,#5578,.T.);
#5698 = ORIENTED_EDGE('',*,*,#5699,.T.);
#5699 = EDGE_CURVE('',#5581,#5700,#5702,.T.);
#5700 = VERTEX_POINT('',#5701);
#5701 = CARTESIAN_POINT('',(-4.6,-2.464,1.6));
#5702 = SURFACE_CURVE('',#5703,(#5708,#5719),.PCURVE_S1.);
#5703 = CIRCLE('',#5704,6.4E-02);
#5704 = AXIS2_PLACEMENT_3D('',#5705,#5706,#5707);
#5705 = CARTESIAN_POINT('',(-4.664,-2.464,1.6));
#5706 = DIRECTION('',(-0.,-0.,-1.));
#5707 = DIRECTION('',(-0.,1.,-0.));
#5708 = PCURVE('',#5601,#5709);
#5709 = DEFINITIONAL_REPRESENTATION('',(#5710),#5718);
#5710 = ( BOUNDED_CURVE() B_SPLINE_CURVE(2,(#5711,#5712,#5713,#5714,
#5715,#5716,#5717),.UNSPECIFIED.,.T.,.F.) B_SPLINE_CURVE_WITH_KNOTS((1,2
    ,2,2,2,1),(-2.094395102393,0.,2.094395102393,4.188790204786,
6.28318530718,8.377580409573),.UNSPECIFIED.) CURVE() 
GEOMETRIC_REPRESENTATION_ITEM() RATIONAL_B_SPLINE_CURVE((1.,0.5,1.,0.5,
1.,0.5,1.)) REPRESENTATION_ITEM('') );
#5711 = CARTESIAN_POINT('',(-0.736,-0.4));
#5712 = CARTESIAN_POINT('',(-0.846851251684,-0.4));
#5713 = CARTESIAN_POINT('',(-0.791425625842,-0.304));
#5714 = CARTESIAN_POINT('',(-0.736,-0.208));
#5715 = CARTESIAN_POINT('',(-0.680574374158,-0.304));
#5716 = CARTESIAN_POINT('',(-0.625148748316,-0.4));
#5717 = CARTESIAN_POINT('',(-0.736,-0.4));
#5718 = ( GEOMETRIC_REPRESENTATION_CONTEXT(2) 
PARAMETRIC_REPRESENTATION_CONTEXT() REPRESENTATION_CONTEXT('2D SPACE',''
  ) );
#5719 = PCURVE('',#5683,#5720);
#5720 = DEFINITIONAL_REPRESENTATION('',(#5721),#5725);
#5721 = LINE('',#5722,#5723);
#5722 = CARTESIAN_POINT('',(-0.,-2.22044604925E-16));
#5723 = VECTOR('',#5724,1.);
#5724 = DIRECTION('',(-1.,0.));
#5725 = ( GEOMETRIC_REPRESENTATION_CONTEXT(2) 
PARAMETRIC_REPRESENTATION_CONTEXT() REPRESENTATION_CONTEXT('2D SPACE',''
  ) );
#5726 = ORIENTED_EDGE('',*,*,#5727,.T.);
#5727 = EDGE_CURVE('',#5700,#5728,#5730,.T.);
#5728 = VERTEX_POINT('',#5729);
#5729 = CARTESIAN_POINT('',(-4.6,-3.136,1.6));
#5730 = SURFACE_CURVE('',#5731,(#5735,#5742),.PCURVE_S1.);
#5731 = LINE('',#5732,#5733);
#5732 = CARTESIAN_POINT('',(-4.6,-2.4,1.6));
#5733 = VECTOR('',#5734,1.);
#5734 = DIRECTION('',(-0.,-1.,-0.));
#5735 = PCURVE('',#5601,#5736);
#5736 = DEFINITIONAL_REPRESENTATION('',(#5737),#5741);
#5737 = LINE('',#5738,#5739);
#5738 = CARTESIAN_POINT('',(-0.8,-0.4));
#5739 = VECTOR('',#5740,1.);
#5740 = DIRECTION('',(-0.,1.));
#5741 = ( GEOMETRIC_REPRESENTATION_CONTEXT(2) 
PARAMETRIC_REPRESENTATION_CONTEXT() REPRESENTATION_CONTEXT('2D SPACE',''
  ) );
#5742 = PCURVE('',#5743,#5748);
#5743 = PLANE('',#5744);
#5744 = AXIS2_PLACEMENT_3D('',#5745,#5746,#5747);
#5745 = CARTESIAN_POINT('',(-4.6,-2.4,1.6));
#5746 = DIRECTION('',(-1.,-0.,-0.));
#5747 = DIRECTION('',(0.,1.,0.));
#5748 = DEFINITIONAL_REPRESENTATION('',(#5749),#5753);
#5749 = LINE('',#5750,#5751);
#5750 = CARTESIAN_POINT('',(-0.,-0.));
#5751 = VECTOR('',#5752,1.);
#5752 = DIRECTION('',(-1.,0.));
#5753 = ( GEOMETRIC_REPRESENTATION_CONTEXT(2) 
PARAMETRIC_REPRESENTATION_CONTEXT() REPRESENTATION_CONTEXT('2D SPACE',''
  ) );
#5754 = ORIENTED_EDGE('',*,*,#5755,.T.);
#5755 = EDGE_CURVE('',#5728,#5756,#5758,.T.);
#5756 = VERTEX_POINT('',#5757);
#5757 = CARTESIAN_POINT('',(-4.664,-3.2,1.6));
#5758 = SURFACE_CURVE('',#5759,(#5764,#5775),.PCURVE_S1.);
#5759 = CIRCLE('',#5760,6.4E-02);
#5760 = AXIS2_PLACEMENT_3D('',#5761,#5762,#5763);
#5761 = CARTESIAN_POINT('',(-4.664,-3.136,1.6));
#5762 = DIRECTION('',(-0.,-0.,-1.));
#5763 = DIRECTION('',(-0.,1.,-0.));
#5764 = PCURVE('',#5601,#5765);
#5765 = DEFINITIONAL_REPRESENTATION('',(#5766),#5774);
#5766 = ( BOUNDED_CURVE() B_SPLINE_CURVE(2,(#5767,#5768,#5769,#5770,
#5771,#5772,#5773),.UNSPECIFIED.,.T.,.F.) B_SPLINE_CURVE_WITH_KNOTS((1,2
    ,2,2,2,1),(-2.094395102393,0.,2.094395102393,4.188790204786,
6.28318530718,8.377580409573),.UNSPECIFIED.) CURVE() 
GEOMETRIC_REPRESENTATION_ITEM() RATIONAL_B_SPLINE_CURVE((1.,0.5,1.,0.5,
1.,0.5,1.)) REPRESENTATION_ITEM('') );
#5767 = CARTESIAN_POINT('',(-0.736,0.272));
#5768 = CARTESIAN_POINT('',(-0.846851251684,0.272));
#5769 = CARTESIAN_POINT('',(-0.791425625842,0.368));
#5770 = CARTESIAN_POINT('',(-0.736,0.464));
#5771 = CARTESIAN_POINT('',(-0.680574374158,0.368));
#5772 = CARTESIAN_POINT('',(-0.625148748316,0.272));
#5773 = CARTESIAN_POINT('',(-0.736,0.272));
#5774 = ( GEOMETRIC_REPRESENTATION_CONTEXT(2) 
PARAMETRIC_REPRESENTATION_CONTEXT() REPRESENTATION_CONTEXT('2D SPACE',''
  ) );
#5775 = PCURVE('',#5776,#5781);
#5776 = CYLINDRICAL_SURFACE('',#5777,6.4E-02);
#5777 = AXIS2_PLACEMENT_3D('',#5778,#5779,#5780);
#5778 = CARTESIAN_POINT('',(-4.664,-3.136,1.6));
#5779 = DIRECTION('',(-0.,-0.,1.));
#5780 = DIRECTION('',(1.,-0.,-0.));
#5781 = DEFINITIONAL_REPRESENTATION('',(#5782),#5786);
#5782 = LINE('',#5783,#5784);
#5783 = CARTESIAN_POINT('',(1.570796326795,-2.22044604925E-16));
#5784 = VECTOR('',#5785,1.);
#5785 = DIRECTION('',(-1.,0.));
#5786 = ( GEOMETRIC_REPRESENTATION_CONTEXT(2) 
PARAMETRIC_REPRESENTATION_CONTEXT() REPRESENTATION_CONTEXT('2D SPACE',''
  ) );
#5787 = ORIENTED_EDGE('',*,*,#5788,.T.);
#5788 = EDGE_CURVE('',#5756,#5789,#5791,.T.);
#5789 = VERTEX_POINT('',#5790);
#5790 = CARTESIAN_POINT('',(-6.136,-3.2,1.6));
#5791 = SURFACE_CURVE('',#5792,(#5796,#5803),.PCURVE_S1.);
#5792 = LINE('',#5793,#5794);
#5793 = CARTESIAN_POINT('',(-4.6,-3.2,1.6));
#5794 = VECTOR('',#5795,1.);
#5795 = DIRECTION('',(-1.,-0.,-0.));
#5796 = PCURVE('',#5601,#5797);
#5797 = DEFINITIONAL_REPRESENTATION('',(#5798),#5802);
#5798 = LINE('',#5799,#5800);
#5799 = CARTESIAN_POINT('',(-0.8,0.4));
#5800 = VECTOR('',#5801,1.);
#5801 = DIRECTION('',(1.,-0.));
#5802 = ( GEOMETRIC_REPRESENTATION_CONTEXT(2) 
PARAMETRIC_REPRESENTATION_CONTEXT() REPRESENTATION_CONTEXT('2D SPACE',''
  ) );
#5803 = PCURVE('',#5804,#5809);
#5804 = PLANE('',#5805);
#5805 = AXIS2_PLACEMENT_3D('',#5806,#5807,#5808);
#5806 = CARTESIAN_POINT('',(-4.6,-3.2,1.6));
#5807 = DIRECTION('',(-0.,1.,-0.));
#5808 = DIRECTION('',(1.,0.,0.));
#5809 = DEFINITIONAL_REPRESENTATION('',(#5810),#5814);
#5810 = LINE('',#5811,#5812);
#5811 = CARTESIAN_POINT('',(0.,-0.));
#5812 = VECTOR('',#5813,1.);
#5813 = DIRECTION('',(-1.,0.));
#5814 = ( GEOMETRIC_REPRESENTATION_CONTEXT(2) 
PARAMETRIC_REPRESENTATION_CONTEXT() REPRESENTATION_CONTEXT('2D SPACE',''
  ) );
#5815 = ORIENTED_EDGE('',*,*,#5816,.T.);
#5816 = EDGE_CURVE('',#5789,#5817,#5819,.T.);
#5817 = VERTEX_POINT('',#5818);
#5818 = CARTESIAN_POINT('',(-6.2,-3.136,1.6));
#5819 = SURFACE_CURVE('',#5820,(#5825,#5836),.PCURVE_S1.);
#5820 = CIRCLE('',#5821,6.4E-02);
#5821 = AXIS2_PLACEMENT_3D('',#5822,#5823,#5824);
#5822 = CARTESIAN_POINT('',(-6.136,-3.136,1.6));
#5823 = DIRECTION('',(-0.,-0.,-1.));
#5824 = DIRECTION('',(-0.,1.,-0.));
#5825 = PCURVE('',#5601,#5826);
#5826 = DEFINITIONAL_REPRESENTATION('',(#5827),#5835);
#5827 = ( BOUNDED_CURVE() B_SPLINE_CURVE(2,(#5828,#5829,#5830,#5831,
#5832,#5833,#5834),.UNSPECIFIED.,.T.,.F.) B_SPLINE_CURVE_WITH_KNOTS((1,2
    ,2,2,2,1),(-2.094395102393,0.,2.094395102393,4.188790204786,
6.28318530718,8.377580409573),.UNSPECIFIED.) CURVE() 
GEOMETRIC_REPRESENTATION_ITEM() RATIONAL_B_SPLINE_CURVE((1.,0.5,1.,0.5,
1.,0.5,1.)) REPRESENTATION_ITEM('') );
#5828 = CARTESIAN_POINT('',(0.736,0.272));
#5829 = CARTESIAN_POINT('',(0.625148748316,0.272));
#5830 = CARTESIAN_POINT('',(0.680574374158,0.368));
#5831 = CARTESIAN_POINT('',(0.736,0.464));
#5832 = CARTESIAN_POINT('',(0.791425625842,0.368));
#5833 = CARTESIAN_POINT('',(0.846851251684,0.272));
#5834 = CARTESIAN_POINT('',(0.736,0.272));
#5835 = ( GEOMETRIC_REPRESENTATION_CONTEXT(2) 
PARAMETRIC_REPRESENTATION_CONTEXT() REPRESENTATION_CONTEXT('2D SPACE',''
  ) );
#5836 = PCURVE('',#5837,#5842);
#5837 = CYLINDRICAL_SURFACE('',#5838,6.4E-02);
#5838 = AXIS2_PLACEMENT_3D('',#5839,#5840,#5841);
#5839 = CARTESIAN_POINT('',(-6.136,-3.136,1.6));
#5840 = DIRECTION('',(-0.,-0.,1.));
#5841 = DIRECTION('',(-0.,-1.,-0.));
#5842 = DEFINITIONAL_REPRESENTATION('',(#5843),#5847);
#5843 = LINE('',#5844,#5845);
#5844 = CARTESIAN_POINT('',(3.14159265359,-2.22044604925E-16));
#5845 = VECTOR('',#5846,1.);
#5846 = DIRECTION('',(-1.,0.));
#5847 = ( GEOMETRIC_REPRESENTATION_CONTEXT(2) 
PARAMETRIC_REPRESENTATION_CONTEXT() REPRESENTATION_CONTEXT('2D SPACE',''
  ) );
#5848 = ORIENTED_EDGE('',*,*,#5849,.T.);
#5849 = EDGE_CURVE('',#5817,#5850,#5852,.T.);
#5850 = VERTEX_POINT('',#5851);
#5851 = CARTESIAN_POINT('',(-6.2,-2.464,1.6));
#5852 = SURFACE_CURVE('',#5853,(#5857,#5864),.PCURVE_S1.);
#5853 = LINE('',#5854,#5855);
#5854 = CARTESIAN_POINT('',(-6.2,-3.2,1.6));
#5855 = VECTOR('',#5856,1.);
#5856 = DIRECTION('',(-0.,1.,-0.));
#5857 = PCURVE('',#5601,#5858);
#5858 = DEFINITIONAL_REPRESENTATION('',(#5859),#5863);
#5859 = LINE('',#5860,#5861);
#5860 = CARTESIAN_POINT('',(0.8,0.4));
#5861 = VECTOR('',#5862,1.);
#5862 = DIRECTION('',(-0.,-1.));
#5863 = ( GEOMETRIC_REPRESENTATION_CONTEXT(2) 
PARAMETRIC_REPRESENTATION_CONTEXT() REPRESENTATION_CONTEXT('2D SPACE',''
  ) );
#5864 = PCURVE('',#5865,#5870);
#5865 = PLANE('',#5866);
#5866 = AXIS2_PLACEMENT_3D('',#5867,#5868,#5869);
#5867 = CARTESIAN_POINT('',(-6.2,-3.2,1.6));
#5868 = DIRECTION('',(1.,-0.,-0.));
#5869 = DIRECTION('',(0.,-1.,0.));
#5870 = DEFINITIONAL_REPRESENTATION('',(#5871),#5875);
#5871 = LINE('',#5872,#5873);
#5872 = CARTESIAN_POINT('',(-0.,0.));
#5873 = VECTOR('',#5874,1.);
#5874 = DIRECTION('',(-1.,-0.));
#5875 = ( GEOMETRIC_REPRESENTATION_CONTEXT(2) 
PARAMETRIC_REPRESENTATION_CONTEXT() REPRESENTATION_CONTEXT('2D SPACE',''
  ) );
#5876 = ORIENTED_EDGE('',*,*,#5877,.F.);
#5877 = EDGE_CURVE('',#5579,#5850,#5878,.T.);
#5878 = SURFACE_CURVE('',#5879,(#5884,#5891),.PCURVE_S1.);
#5879 = CIRCLE('',#5880,6.4E-02);
#5880 = AXIS2_PLACEMENT_3D('',#5881,#5882,#5883);
#5881 = CARTESIAN_POINT('',(-6.136,-2.464,1.6));
#5882 = DIRECTION('',(-0.,0.,1.));
#5883 = DIRECTION('',(-0.,1.,-0.));
#5884 = PCURVE('',#5601,#5885);
#5885 = DEFINITIONAL_REPRESENTATION('',(#5886),#5890);
#5886 = CIRCLE('',#5887,6.4E-02);
#5887 = AXIS2_PLACEMENT_2D('',#5888,#5889);
#5888 = CARTESIAN_POINT('',(0.736,-0.336));
#5889 = DIRECTION('',(-0.,-1.));
#5890 = ( GEOMETRIC_REPRESENTATION_CONTEXT(2) 
PARAMETRIC_REPRESENTATION_CONTEXT() REPRESENTATION_CONTEXT('2D SPACE',''
  ) );
#5891 = PCURVE('',#5629,#5892);
#5892 = DEFINITIONAL_REPRESENTATION('',(#5893),#5897);
#5893 = LINE('',#5894,#5895);
#5894 = CARTESIAN_POINT('',(0.,-2.22044604925E-16));
#5895 = VECTOR('',#5896,1.);
#5896 = DIRECTION('',(1.,0.));
#5897 = ( GEOMETRIC_REPRESENTATION_CONTEXT(2) 
PARAMETRIC_REPRESENTATION_CONTEXT() REPRESENTATION_CONTEXT('2D SPACE',''
  ) );
#5898 = ADVANCED_FACE('',(#5899),#5629,.T.);
#5899 = FACE_BOUND('',#5900,.T.);
#5900 = EDGE_LOOP('',(#5901,#5902,#5925,#5947));
#5901 = ORIENTED_EDGE('',*,*,#5877,.T.);
#5902 = ORIENTED_EDGE('',*,*,#5903,.T.);
#5903 = EDGE_CURVE('',#5850,#5904,#5906,.T.);
#5904 = VERTEX_POINT('',#5905);
#5905 = CARTESIAN_POINT('',(-6.2,-2.464,2.05));
#5906 = SURFACE_CURVE('',#5907,(#5911,#5918),.PCURVE_S1.);
#5907 = LINE('',#5908,#5909);
#5908 = CARTESIAN_POINT('',(-6.2,-2.464,1.6));
#5909 = VECTOR('',#5910,1.);
#5910 = DIRECTION('',(-0.,-0.,1.));
#5911 = PCURVE('',#5629,#5912);
#5912 = DEFINITIONAL_REPRESENTATION('',(#5913),#5917);
#5913 = LINE('',#5914,#5915);
#5914 = CARTESIAN_POINT('',(1.570796326795,0.));
#5915 = VECTOR('',#5916,1.);
#5916 = DIRECTION('',(0.,1.));
#5917 = ( GEOMETRIC_REPRESENTATION_CONTEXT(2) 
PARAMETRIC_REPRESENTATION_CONTEXT() REPRESENTATION_CONTEXT('2D SPACE',''
  ) );
#5918 = PCURVE('',#5865,#5919);
#5919 = DEFINITIONAL_REPRESENTATION('',(#5920),#5924);
#5920 = LINE('',#5921,#5922);
#5921 = CARTESIAN_POINT('',(-0.736,0.));
#5922 = VECTOR('',#5923,1.);
#5923 = DIRECTION('',(-0.,-1.));
#5924 = ( GEOMETRIC_REPRESENTATION_CONTEXT(2) 
PARAMETRIC_REPRESENTATION_CONTEXT() REPRESENTATION_CONTEXT('2D SPACE',''
  ) );
#5925 = ORIENTED_EDGE('',*,*,#5926,.F.);
#5926 = EDGE_CURVE('',#5614,#5904,#5927,.T.);
#5927 = SURFACE_CURVE('',#5928,(#5933,#5940),.PCURVE_S1.);
#5928 = CIRCLE('',#5929,6.4E-02);
#5929 = AXIS2_PLACEMENT_3D('',#5930,#5931,#5932);
#5930 = CARTESIAN_POINT('',(-6.136,-2.464,2.05));
#5931 = DIRECTION('',(-0.,0.,1.));
#5932 = DIRECTION('',(-0.,1.,-0.));
#5933 = PCURVE('',#5629,#5934);
#5934 = DEFINITIONAL_REPRESENTATION('',(#5935),#5939);
#5935 = LINE('',#5936,#5937);
#5936 = CARTESIAN_POINT('',(0.,0.45));
#5937 = VECTOR('',#5938,1.);
#5938 = DIRECTION('',(1.,0.));
#5939 = ( GEOMETRIC_REPRESENTATION_CONTEXT(2) 
PARAMETRIC_REPRESENTATION_CONTEXT() REPRESENTATION_CONTEXT('2D SPACE',''
  ) );
#5940 = PCURVE('',#5657,#5941);
#5941 = DEFINITIONAL_REPRESENTATION('',(#5942),#5946);
#5942 = CIRCLE('',#5943,6.4E-02);
#5943 = AXIS2_PLACEMENT_2D('',#5944,#5945);
#5944 = CARTESIAN_POINT('',(0.736,-0.336));
#5945 = DIRECTION('',(-0.,-1.));
#5946 = ( GEOMETRIC_REPRESENTATION_CONTEXT(2) 
PARAMETRIC_REPRESENTATION_CONTEXT() REPRESENTATION_CONTEXT('2D SPACE',''
  ) );
#5947 = ORIENTED_EDGE('',*,*,#5613,.F.);
#5948 = ADVANCED_FACE('',(#5949),#5683,.T.);
#5949 = FACE_BOUND('',#5950,.F.);
#5950 = EDGE_LOOP('',(#5951,#5952,#5975,#6001));
#5951 = ORIENTED_EDGE('',*,*,#5699,.T.);
#5952 = ORIENTED_EDGE('',*,*,#5953,.T.);
#5953 = EDGE_CURVE('',#5700,#5954,#5956,.T.);
#5954 = VERTEX_POINT('',#5955);
#5955 = CARTESIAN_POINT('',(-4.6,-2.464,2.05));
#5956 = SURFACE_CURVE('',#5957,(#5961,#5968),.PCURVE_S1.);
#5957 = LINE('',#5958,#5959);
#5958 = CARTESIAN_POINT('',(-4.6,-2.464,1.6));
#5959 = VECTOR('',#5960,1.);
#5960 = DIRECTION('',(-0.,-0.,1.));
#5961 = PCURVE('',#5683,#5962);
#5962 = DEFINITIONAL_REPRESENTATION('',(#5963),#5967);
#5963 = LINE('',#5964,#5965);
#5964 = CARTESIAN_POINT('',(-1.570796326795,0.));
#5965 = VECTOR('',#5966,1.);
#5966 = DIRECTION('',(-0.,1.));
#5967 = ( GEOMETRIC_REPRESENTATION_CONTEXT(2) 
PARAMETRIC_REPRESENTATION_CONTEXT() REPRESENTATION_CONTEXT('2D SPACE',''
  ) );
#5968 = PCURVE('',#5743,#5969);
#5969 = DEFINITIONAL_REPRESENTATION('',(#5970),#5974);
#5970 = LINE('',#5971,#5972);
#5971 = CARTESIAN_POINT('',(-6.4E-02,0.));
#5972 = VECTOR('',#5973,1.);
#5973 = DIRECTION('',(-0.,-1.));
#5974 = ( GEOMETRIC_REPRESENTATION_CONTEXT(2) 
PARAMETRIC_REPRESENTATION_CONTEXT() REPRESENTATION_CONTEXT('2D SPACE',''
  ) );
#5975 = ORIENTED_EDGE('',*,*,#5976,.F.);
#5976 = EDGE_CURVE('',#5642,#5954,#5977,.T.);
#5977 = SURFACE_CURVE('',#5978,(#5983,#5990),.PCURVE_S1.);
#5978 = CIRCLE('',#5979,6.4E-02);
#5979 = AXIS2_PLACEMENT_3D('',#5980,#5981,#5982);
#5980 = CARTESIAN_POINT('',(-4.664,-2.464,2.05));
#5981 = DIRECTION('',(-0.,-0.,-1.));
#5982 = DIRECTION('',(-0.,1.,-0.));
#5983 = PCURVE('',#5683,#5984);
#5984 = DEFINITIONAL_REPRESENTATION('',(#5985),#5989);
#5985 = LINE('',#5986,#5987);
#5986 = CARTESIAN_POINT('',(-0.,0.45));
#5987 = VECTOR('',#5988,1.);
#5988 = DIRECTION('',(-1.,0.));
#5989 = ( GEOMETRIC_REPRESENTATION_CONTEXT(2) 
PARAMETRIC_REPRESENTATION_CONTEXT() REPRESENTATION_CONTEXT('2D SPACE',''
  ) );
#5990 = PCURVE('',#5657,#5991);
#5991 = DEFINITIONAL_REPRESENTATION('',(#5992),#6000);
#5992 = ( BOUNDED_CURVE() B_SPLINE_CURVE(2,(#5993,#5994,#5995,#5996,
#5997,#5998,#5999),.UNSPECIFIED.,.T.,.F.) B_SPLINE_CURVE_WITH_KNOTS((1,2
    ,2,2,2,1),(-2.094395102393,0.,2.094395102393,4.188790204786,
6.28318530718,8.377580409573),.UNSPECIFIED.) CURVE() 
GEOMETRIC_REPRESENTATION_ITEM() RATIONAL_B_SPLINE_CURVE((1.,0.5,1.,0.5,
1.,0.5,1.)) REPRESENTATION_ITEM('') );
#5993 = CARTESIAN_POINT('',(-0.736,-0.4));
#5994 = CARTESIAN_POINT('',(-0.846851251684,-0.4));
#5995 = CARTESIAN_POINT('',(-0.791425625842,-0.304));
#5996 = CARTESIAN_POINT('',(-0.736,-0.208));
#5997 = CARTESIAN_POINT('',(-0.680574374158,-0.304));
#5998 = CARTESIAN_POINT('',(-0.625148748316,-0.4));
#5999 = CARTESIAN_POINT('',(-0.736,-0.4));
#6000 = ( GEOMETRIC_REPRESENTATION_CONTEXT(2) 
PARAMETRIC_REPRESENTATION_CONTEXT() REPRESENTATION_CONTEXT('2D SPACE',''
  ) );
#6001 = ORIENTED_EDGE('',*,*,#5669,.F.);
#6002 = ADVANCED_FACE('',(#6003),#5657,.T.);
#6003 = FACE_BOUND('',#6004,.F.);
#6004 = EDGE_LOOP('',(#6005,#6006,#6007,#6030,#6058,#6081,#6109,#6130));
#6005 = ORIENTED_EDGE('',*,*,#5641,.T.);
#6006 = ORIENTED_EDGE('',*,*,#5976,.T.);
#6007 = ORIENTED_EDGE('',*,*,#6008,.T.);
#6008 = EDGE_CURVE('',#5954,#6009,#6011,.T.);
#6009 = VERTEX_POINT('',#6010);
#6010 = CARTESIAN_POINT('',(-4.6,-3.136,2.05));
#6011 = SURFACE_CURVE('',#6012,(#6016,#6023),.PCURVE_S1.);
#6012 = LINE('',#6013,#6014);
#6013 = CARTESIAN_POINT('',(-4.6,-2.4,2.05));
#6014 = VECTOR('',#6015,1.);
#6015 = DIRECTION('',(-0.,-1.,-0.));
#6016 = PCURVE('',#5657,#6017);
#6017 = DEFINITIONAL_REPRESENTATION('',(#6018),#6022);
#6018 = LINE('',#6019,#6020);
#6019 = CARTESIAN_POINT('',(-0.8,-0.4));
#6020 = VECTOR('',#6021,1.);
#6021 = DIRECTION('',(-0.,1.));
#6022 = ( GEOMETRIC_REPRESENTATION_CONTEXT(2) 
PARAMETRIC_REPRESENTATION_CONTEXT() REPRESENTATION_CONTEXT('2D SPACE',''
  ) );
#6023 = PCURVE('',#5743,#6024);
#6024 = DEFINITIONAL_REPRESENTATION('',(#6025),#6029);
#6025 = LINE('',#6026,#6027);
#6026 = CARTESIAN_POINT('',(-0.,-0.45));
#6027 = VECTOR('',#6028,1.);
#6028 = DIRECTION('',(-1.,0.));
#6029 = ( GEOMETRIC_REPRESENTATION_CONTEXT(2) 
PARAMETRIC_REPRESENTATION_CONTEXT() REPRESENTATION_CONTEXT('2D SPACE',''
  ) );
#6030 = ORIENTED_EDGE('',*,*,#6031,.T.);
#6031 = EDGE_CURVE('',#6009,#6032,#6034,.T.);
#6032 = VERTEX_POINT('',#6033);
#6033 = CARTESIAN_POINT('',(-4.664,-3.2,2.05));
#6034 = SURFACE_CURVE('',#6035,(#6040,#6051),.PCURVE_S1.);
#6035 = CIRCLE('',#6036,6.4E-02);
#6036 = AXIS2_PLACEMENT_3D('',#6037,#6038,#6039);
#6037 = CARTESIAN_POINT('',(-4.664,-3.136,2.05));
#6038 = DIRECTION('',(-0.,-0.,-1.));
#6039 = DIRECTION('',(-0.,1.,-0.));
#6040 = PCURVE('',#5657,#6041);
#6041 = DEFINITIONAL_REPRESENTATION('',(#6042),#6050);
#6042 = ( BOUNDED_CURVE() B_SPLINE_CURVE(2,(#6043,#6044,#6045,#6046,
#6047,#6048,#6049),.UNSPECIFIED.,.T.,.F.) B_SPLINE_CURVE_WITH_KNOTS((1,2
    ,2,2,2,1),(-2.094395102393,0.,2.094395102393,4.188790204786,
6.28318530718,8.377580409573),.UNSPECIFIED.) CURVE() 
GEOMETRIC_REPRESENTATION_ITEM() RATIONAL_B_SPLINE_CURVE((1.,0.5,1.,0.5,
1.,0.5,1.)) REPRESENTATION_ITEM('') );
#6043 = CARTESIAN_POINT('',(-0.736,0.272));
#6044 = CARTESIAN_POINT('',(-0.846851251684,0.272));
#6045 = CARTESIAN_POINT('',(-0.791425625842,0.368));
#6046 = CARTESIAN_POINT('',(-0.736,0.464));
#6047 = CARTESIAN_POINT('',(-0.680574374158,0.368));
#6048 = CARTESIAN_POINT('',(-0.625148748316,0.272));
#6049 = CARTESIAN_POINT('',(-0.736,0.272));
#6050 = ( GEOMETRIC_REPRESENTATION_CONTEXT(2) 
PARAMETRIC_REPRESENTATION_CONTEXT() REPRESENTATION_CONTEXT('2D SPACE',''
  ) );
#6051 = PCURVE('',#5776,#6052);
#6052 = DEFINITIONAL_REPRESENTATION('',(#6053),#6057);
#6053 = LINE('',#6054,#6055);
#6054 = CARTESIAN_POINT('',(1.570796326795,0.45));
#6055 = VECTOR('',#6056,1.);
#6056 = DIRECTION('',(-1.,0.));
#6057 = ( GEOMETRIC_REPRESENTATION_CONTEXT(2) 
PARAMETRIC_REPRESENTATION_CONTEXT() REPRESENTATION_CONTEXT('2D SPACE',''
  ) );
#6058 = ORIENTED_EDGE('',*,*,#6059,.T.);
#6059 = EDGE_CURVE('',#6032,#6060,#6062,.T.);
#6060 = VERTEX_POINT('',#6061);
#6061 = CARTESIAN_POINT('',(-6.136,-3.2,2.05));
#6062 = SURFACE_CURVE('',#6063,(#6067,#6074),.PCURVE_S1.);
#6063 = LINE('',#6064,#6065);
#6064 = CARTESIAN_POINT('',(-4.6,-3.2,2.05));
#6065 = VECTOR('',#6066,1.);
#6066 = DIRECTION('',(-1.,-0.,-0.));
#6067 = PCURVE('',#5657,#6068);
#6068 = DEFINITIONAL_REPRESENTATION('',(#6069),#6073);
#6069 = LINE('',#6070,#6071);
#6070 = CARTESIAN_POINT('',(-0.8,0.4));
#6071 = VECTOR('',#6072,1.);
#6072 = DIRECTION('',(1.,-0.));
#6073 = ( GEOMETRIC_REPRESENTATION_CONTEXT(2) 
PARAMETRIC_REPRESENTATION_CONTEXT() REPRESENTATION_CONTEXT('2D SPACE',''
  ) );
#6074 = PCURVE('',#5804,#6075);
#6075 = DEFINITIONAL_REPRESENTATION('',(#6076),#6080);
#6076 = LINE('',#6077,#6078);
#6077 = CARTESIAN_POINT('',(-0.,-0.45));
#6078 = VECTOR('',#6079,1.);
#6079 = DIRECTION('',(-1.,0.));
#6080 = ( GEOMETRIC_REPRESENTATION_CONTEXT(2) 
PARAMETRIC_REPRESENTATION_CONTEXT() REPRESENTATION_CONTEXT('2D SPACE',''
  ) );
#6081 = ORIENTED_EDGE('',*,*,#6082,.T.);
#6082 = EDGE_CURVE('',#6060,#6083,#6085,.T.);
#6083 = VERTEX_POINT('',#6084);
#6084 = CARTESIAN_POINT('',(-6.2,-3.136,2.05));
#6085 = SURFACE_CURVE('',#6086,(#6091,#6102),.PCURVE_S1.);
#6086 = CIRCLE('',#6087,6.4E-02);
#6087 = AXIS2_PLACEMENT_3D('',#6088,#6089,#6090);
#6088 = CARTESIAN_POINT('',(-6.136,-3.136,2.05));
#6089 = DIRECTION('',(-0.,-0.,-1.));
#6090 = DIRECTION('',(-0.,1.,-0.));
#6091 = PCURVE('',#5657,#6092);
#6092 = DEFINITIONAL_REPRESENTATION('',(#6093),#6101);
#6093 = ( BOUNDED_CURVE() B_SPLINE_CURVE(2,(#6094,#6095,#6096,#6097,
#6098,#6099,#6100),.UNSPECIFIED.,.T.,.F.) B_SPLINE_CURVE_WITH_KNOTS((1,2
    ,2,2,2,1),(-2.094395102393,0.,2.094395102393,4.188790204786,
6.28318530718,8.377580409573),.UNSPECIFIED.) CURVE() 
GEOMETRIC_REPRESENTATION_ITEM() RATIONAL_B_SPLINE_CURVE((1.,0.5,1.,0.5,
1.,0.5,1.)) REPRESENTATION_ITEM('') );
#6094 = CARTESIAN_POINT('',(0.736,0.272));
#6095 = CARTESIAN_POINT('',(0.625148748316,0.272));
#6096 = CARTESIAN_POINT('',(0.680574374158,0.368));
#6097 = CARTESIAN_POINT('',(0.736,0.464));
#6098 = CARTESIAN_POINT('',(0.791425625842,0.368));
#6099 = CARTESIAN_POINT('',(0.846851251684,0.272));
#6100 = CARTESIAN_POINT('',(0.736,0.272));
#6101 = ( GEOMETRIC_REPRESENTATION_CONTEXT(2) 
PARAMETRIC_REPRESENTATION_CONTEXT() REPRESENTATION_CONTEXT('2D SPACE',''
  ) );
#6102 = PCURVE('',#5837,#6103);
#6103 = DEFINITIONAL_REPRESENTATION('',(#6104),#6108);
#6104 = LINE('',#6105,#6106);
#6105 = CARTESIAN_POINT('',(3.14159265359,0.45));
#6106 = VECTOR('',#6107,1.);
#6107 = DIRECTION('',(-1.,0.));
#6108 = ( GEOMETRIC_REPRESENTATION_CONTEXT(2) 
PARAMETRIC_REPRESENTATION_CONTEXT() REPRESENTATION_CONTEXT('2D SPACE',''
  ) );
#6109 = ORIENTED_EDGE('',*,*,#6110,.T.);
#6110 = EDGE_CURVE('',#6083,#5904,#6111,.T.);
#6111 = SURFACE_CURVE('',#6112,(#6116,#6123),.PCURVE_S1.);
#6112 = LINE('',#6113,#6114);
#6113 = CARTESIAN_POINT('',(-6.2,-3.2,2.05));
#6114 = VECTOR('',#6115,1.);
#6115 = DIRECTION('',(-0.,1.,-0.));
#6116 = PCURVE('',#5657,#6117);
#6117 = DEFINITIONAL_REPRESENTATION('',(#6118),#6122);
#6118 = LINE('',#6119,#6120);
#6119 = CARTESIAN_POINT('',(0.8,0.4));
#6120 = VECTOR('',#6121,1.);
#6121 = DIRECTION('',(-0.,-1.));
#6122 = ( GEOMETRIC_REPRESENTATION_CONTEXT(2) 
PARAMETRIC_REPRESENTATION_CONTEXT() REPRESENTATION_CONTEXT('2D SPACE',''
  ) );
#6123 = PCURVE('',#5865,#6124);
#6124 = DEFINITIONAL_REPRESENTATION('',(#6125),#6129);
#6125 = LINE('',#6126,#6127);
#6126 = CARTESIAN_POINT('',(-0.,-0.45));
#6127 = VECTOR('',#6128,1.);
#6128 = DIRECTION('',(-1.,-0.));
#6129 = ( GEOMETRIC_REPRESENTATION_CONTEXT(2) 
PARAMETRIC_REPRESENTATION_CONTEXT() REPRESENTATION_CONTEXT('2D SPACE',''
  ) );
#6130 = ORIENTED_EDGE('',*,*,#5926,.F.);
#6131 = ADVANCED_FACE('',(#6132),#5865,.F.);
#6132 = FACE_BOUND('',#6133,.T.);
#6133 = EDGE_LOOP('',(#6134,#6135,#6156,#6157));
#6134 = ORIENTED_EDGE('',*,*,#5849,.F.);
#6135 = ORIENTED_EDGE('',*,*,#6136,.T.);
#6136 = EDGE_CURVE('',#5817,#6083,#6137,.T.);
#6137 = SURFACE_CURVE('',#6138,(#6142,#6149),.PCURVE_S1.);
#6138 = LINE('',#6139,#6140);
#6139 = CARTESIAN_POINT('',(-6.2,-3.136,1.6));
#6140 = VECTOR('',#6141,1.);
#6141 = DIRECTION('',(-0.,-0.,1.));
#6142 = PCURVE('',#5865,#6143);
#6143 = DEFINITIONAL_REPRESENTATION('',(#6144),#6148);
#6144 = LINE('',#6145,#6146);
#6145 = CARTESIAN_POINT('',(-6.4E-02,0.));
#6146 = VECTOR('',#6147,1.);
#6147 = DIRECTION('',(-0.,-1.));
#6148 = ( GEOMETRIC_REPRESENTATION_CONTEXT(2) 
PARAMETRIC_REPRESENTATION_CONTEXT() REPRESENTATION_CONTEXT('2D SPACE',''
  ) );
#6149 = PCURVE('',#5837,#6150);
#6150 = DEFINITIONAL_REPRESENTATION('',(#6151),#6155);
#6151 = LINE('',#6152,#6153);
#6152 = CARTESIAN_POINT('',(-1.570796326795,0.));
#6153 = VECTOR('',#6154,1.);
#6154 = DIRECTION('',(-0.,1.));
#6155 = ( GEOMETRIC_REPRESENTATION_CONTEXT(2) 
PARAMETRIC_REPRESENTATION_CONTEXT() REPRESENTATION_CONTEXT('2D SPACE',''
  ) );
#6156 = ORIENTED_EDGE('',*,*,#6110,.T.);
#6157 = ORIENTED_EDGE('',*,*,#5903,.F.);
#6158 = ADVANCED_FACE('',(#6159),#5743,.F.);
#6159 = FACE_BOUND('',#6160,.T.);
#6160 = EDGE_LOOP('',(#6161,#6162,#6163,#6164));
#6161 = ORIENTED_EDGE('',*,*,#5727,.F.);
#6162 = ORIENTED_EDGE('',*,*,#5953,.T.);
#6163 = ORIENTED_EDGE('',*,*,#6008,.T.);
#6164 = ORIENTED_EDGE('',*,*,#6165,.F.);
#6165 = EDGE_CURVE('',#5728,#6009,#6166,.T.);
#6166 = SURFACE_CURVE('',#6167,(#6171,#6178),.PCURVE_S1.);
#6167 = LINE('',#6168,#6169);
#6168 = CARTESIAN_POINT('',(-4.6,-3.136,1.6));
#6169 = VECTOR('',#6170,1.);
#6170 = DIRECTION('',(-0.,-0.,1.));
#6171 = PCURVE('',#5743,#6172);
#6172 = DEFINITIONAL_REPRESENTATION('',(#6173),#6177);
#6173 = LINE('',#6174,#6175);
#6174 = CARTESIAN_POINT('',(-0.736,0.));
#6175 = VECTOR('',#6176,1.);
#6176 = DIRECTION('',(-0.,-1.));
#6177 = ( GEOMETRIC_REPRESENTATION_CONTEXT(2) 
PARAMETRIC_REPRESENTATION_CONTEXT() REPRESENTATION_CONTEXT('2D SPACE',''
  ) );
#6178 = PCURVE('',#5776,#6179);
#6179 = DEFINITIONAL_REPRESENTATION('',(#6180),#6184);
#6180 = LINE('',#6181,#6182);
#6181 = CARTESIAN_POINT('',(-0.,0.));
#6182 = VECTOR('',#6183,1.);
#6183 = DIRECTION('',(-0.,1.));
#6184 = ( GEOMETRIC_REPRESENTATION_CONTEXT(2) 
PARAMETRIC_REPRESENTATION_CONTEXT() REPRESENTATION_CONTEXT('2D SPACE',''
  ) );
#6185 = ADVANCED_FACE('',(#6186),#5837,.T.);
#6186 = FACE_BOUND('',#6187,.F.);
#6187 = EDGE_LOOP('',(#6188,#6189,#6190,#6191));
#6188 = ORIENTED_EDGE('',*,*,#5816,.T.);
#6189 = ORIENTED_EDGE('',*,*,#6136,.T.);
#6190 = ORIENTED_EDGE('',*,*,#6082,.F.);
#6191 = ORIENTED_EDGE('',*,*,#6192,.F.);
#6192 = EDGE_CURVE('',#5789,#6060,#6193,.T.);
#6193 = SURFACE_CURVE('',#6194,(#6198,#6205),.PCURVE_S1.);
#6194 = LINE('',#6195,#6196);
#6195 = CARTESIAN_POINT('',(-6.136,-3.2,1.6));
#6196 = VECTOR('',#6197,1.);
#6197 = DIRECTION('',(-0.,-0.,1.));
#6198 = PCURVE('',#5837,#6199);
#6199 = DEFINITIONAL_REPRESENTATION('',(#6200),#6204);
#6200 = LINE('',#6201,#6202);
#6201 = CARTESIAN_POINT('',(-0.,0.));
#6202 = VECTOR('',#6203,1.);
#6203 = DIRECTION('',(-0.,1.));
#6204 = ( GEOMETRIC_REPRESENTATION_CONTEXT(2) 
PARAMETRIC_REPRESENTATION_CONTEXT() REPRESENTATION_CONTEXT('2D SPACE',''
  ) );
#6205 = PCURVE('',#5804,#6206);
#6206 = DEFINITIONAL_REPRESENTATION('',(#6207),#6211);
#6207 = LINE('',#6208,#6209);
#6208 = CARTESIAN_POINT('',(-1.536,0.));
#6209 = VECTOR('',#6210,1.);
#6210 = DIRECTION('',(-0.,-1.));
#6211 = ( GEOMETRIC_REPRESENTATION_CONTEXT(2) 
PARAMETRIC_REPRESENTATION_CONTEXT() REPRESENTATION_CONTEXT('2D SPACE',''
  ) );
#6212 = ADVANCED_FACE('',(#6213),#5776,.T.);
#6213 = FACE_BOUND('',#6214,.F.);
#6214 = EDGE_LOOP('',(#6215,#6216,#6237,#6238));
#6215 = ORIENTED_EDGE('',*,*,#5755,.T.);
#6216 = ORIENTED_EDGE('',*,*,#6217,.T.);
#6217 = EDGE_CURVE('',#5756,#6032,#6218,.T.);
#6218 = SURFACE_CURVE('',#6219,(#6223,#6230),.PCURVE_S1.);
#6219 = LINE('',#6220,#6221);
#6220 = CARTESIAN_POINT('',(-4.664,-3.2,1.6));
#6221 = VECTOR('',#6222,1.);
#6222 = DIRECTION('',(-0.,-0.,1.));
#6223 = PCURVE('',#5776,#6224);
#6224 = DEFINITIONAL_REPRESENTATION('',(#6225),#6229);
#6225 = LINE('',#6226,#6227);
#6226 = CARTESIAN_POINT('',(-1.570796326795,0.));
#6227 = VECTOR('',#6228,1.);
#6228 = DIRECTION('',(-0.,1.));
#6229 = ( GEOMETRIC_REPRESENTATION_CONTEXT(2) 
PARAMETRIC_REPRESENTATION_CONTEXT() REPRESENTATION_CONTEXT('2D SPACE',''
  ) );
#6230 = PCURVE('',#5804,#6231);
#6231 = DEFINITIONAL_REPRESENTATION('',(#6232),#6236);
#6232 = LINE('',#6233,#6234);
#6233 = CARTESIAN_POINT('',(-6.4E-02,0.));
#6234 = VECTOR('',#6235,1.);
#6235 = DIRECTION('',(-0.,-1.));
#6236 = ( GEOMETRIC_REPRESENTATION_CONTEXT(2) 
PARAMETRIC_REPRESENTATION_CONTEXT() REPRESENTATION_CONTEXT('2D SPACE',''
  ) );
#6237 = ORIENTED_EDGE('',*,*,#6031,.F.);
#6238 = ORIENTED_EDGE('',*,*,#6165,.F.);
#6239 = ADVANCED_FACE('',(#6240),#5804,.F.);
#6240 = FACE_BOUND('',#6241,.T.);
#6241 = EDGE_LOOP('',(#6242,#6243,#6244,#6245));
#6242 = ORIENTED_EDGE('',*,*,#5788,.F.);
#6243 = ORIENTED_EDGE('',*,*,#6217,.T.);
#6244 = ORIENTED_EDGE('',*,*,#6059,.T.);
#6245 = ORIENTED_EDGE('',*,*,#6192,.F.);
#6246 = ( GEOMETRIC_REPRESENTATION_CONTEXT(3) 
GLOBAL_UNCERTAINTY_ASSIGNED_CONTEXT((#6250)) 
GLOBAL_UNIT_ASSIGNED_CONTEXT((#6247,#6248,#6249)) REPRESENTATION_CONTEXT
('Context #1','3D Context with UNIT and UNCERTAINTY') );
#6247 = ( LENGTH_UNIT() NAMED_UNIT(*) SI_UNIT(.MILLI.,.METRE.) );
#6248 = ( NAMED_UNIT(*) PLANE_ANGLE_UNIT() SI_UNIT($,.RADIAN.) );
#6249 = ( NAMED_UNIT(*) SI_UNIT($,.STERADIAN.) SOLID_ANGLE_UNIT() );
#6250 = UNCERTAINTY_MEASURE_WITH_UNIT(LENGTH_MEASURE(1.E-07),#6247,
  'distance_accuracy_value','confusion accuracy');
#6251 = CONTEXT_DEPENDENT_SHAPE_REPRESENTATION(#6252,#6254);
#6252 = ( REPRESENTATION_RELATIONSHIP('','',#5571,#10) 
REPRESENTATION_RELATIONSHIP_WITH_TRANSFORMATION(#6253) 
SHAPE_REPRESENTATION_RELATIONSHIP() );
#6253 = ITEM_DEFINED_TRANSFORMATION('','',#11,#75);
#6254 = PRODUCT_DEFINITION_SHAPE('Placement','Placement of an item',
  #6255);
#6255 = NEXT_ASSEMBLY_USAGE_OCCURRENCE('78','RL0','',#5,#5566,$);
#6256 = PRODUCT_RELATED_PRODUCT_CATEGORY('part',$,(#5568));
#6257 = SHAPE_DEFINITION_REPRESENTATION(#6258,#6264);
#6258 = PRODUCT_DEFINITION_SHAPE('','',#6259);
#6259 = PRODUCT_DEFINITION('design','',#6260,#6263);
#6260 = PRODUCT_DEFINITION_FORMATION('','',#6261);
#6261 = PRODUCT('Q1','Q1','',(#6262));
#6262 = PRODUCT_CONTEXT('',#2,'mechanical');
#6263 = PRODUCT_DEFINITION_CONTEXT('part definition',#2,'design');
#6264 = ADVANCED_BREP_SHAPE_REPRESENTATION('',(#11,#6265),#6939);
#6265 = MANIFOLD_SOLID_BREP('',#6266);
#6266 = CLOSED_SHELL('',(#6267,#6387,#6591,#6641,#6695,#6824,#6851,#6878
    ,#6905,#6932));
#6267 = ADVANCED_FACE('',(#6268),#6282,.F.);
#6268 = FACE_BOUND('',#6269,.T.);
#6269 = EDGE_LOOP('',(#6270,#6305,#6333,#6361));
#6270 = ORIENTED_EDGE('',*,*,#6271,.F.);
#6271 = EDGE_CURVE('',#6272,#6274,#6276,.T.);
#6272 = VERTEX_POINT('',#6273);
#6273 = CARTESIAN_POINT('',(-3.146,0.65,1.6));
#6274 = VERTEX_POINT('',#6275);
#6275 = CARTESIAN_POINT('',(-0.454,0.65,1.6));
#6276 = SURFACE_CURVE('',#6277,(#6281,#6293),.PCURVE_S1.);
#6277 = LINE('',#6278,#6279);
#6278 = CARTESIAN_POINT('',(-3.25,0.65,1.6));
#6279 = VECTOR('',#6280,1.);
#6280 = DIRECTION('',(1.,-0.,-0.));
#6281 = PCURVE('',#6282,#6287);
#6282 = PLANE('',#6283);
#6283 = AXIS2_PLACEMENT_3D('',#6284,#6285,#6286);
#6284 = CARTESIAN_POINT('',(-3.25,0.65,1.6));
#6285 = DIRECTION('',(-0.,-1.,-0.));
#6286 = DIRECTION('',(-1.,0.,0.));
#6287 = DEFINITIONAL_REPRESENTATION('',(#6288),#6292);
#6288 = LINE('',#6289,#6290);
#6289 = CARTESIAN_POINT('',(-0.,-0.));
#6290 = VECTOR('',#6291,1.);
#6291 = DIRECTION('',(-1.,-0.));
#6292 = ( GEOMETRIC_REPRESENTATION_CONTEXT(2) 
PARAMETRIC_REPRESENTATION_CONTEXT() REPRESENTATION_CONTEXT('2D SPACE',''
  ) );
#6293 = PCURVE('',#6294,#6299);
#6294 = PLANE('',#6295);
#6295 = AXIS2_PLACEMENT_3D('',#6296,#6297,#6298);
#6296 = CARTESIAN_POINT('',(-1.8,0.,1.6));
#6297 = DIRECTION('',(-0.,-0.,1.));
#6298 = DIRECTION('',(-1.,0.,0.));
#6299 = DEFINITIONAL_REPRESENTATION('',(#6300),#6304);
#6300 = LINE('',#6301,#6302);
#6301 = CARTESIAN_POINT('',(1.45,-0.65));
#6302 = VECTOR('',#6303,1.);
#6303 = DIRECTION('',(-1.,0.));
#6304 = ( GEOMETRIC_REPRESENTATION_CONTEXT(2) 
PARAMETRIC_REPRESENTATION_CONTEXT() REPRESENTATION_CONTEXT('2D SPACE',''
  ) );
#6305 = ORIENTED_EDGE('',*,*,#6306,.T.);
#6306 = EDGE_CURVE('',#6272,#6307,#6309,.T.);
#6307 = VERTEX_POINT('',#6308);
#6308 = CARTESIAN_POINT('',(-3.146,0.65,2.6));
#6309 = SURFACE_CURVE('',#6310,(#6314,#6321),.PCURVE_S1.);
#6310 = LINE('',#6311,#6312);
#6311 = CARTESIAN_POINT('',(-3.146,0.65,1.6));
#6312 = VECTOR('',#6313,1.);
#6313 = DIRECTION('',(-0.,-0.,1.));
#6314 = PCURVE('',#6282,#6315);
#6315 = DEFINITIONAL_REPRESENTATION('',(#6316),#6320);
#6316 = LINE('',#6317,#6318);
#6317 = CARTESIAN_POINT('',(-0.104,-0.));
#6318 = VECTOR('',#6319,1.);
#6319 = DIRECTION('',(-0.,-1.));
#6320 = ( GEOMETRIC_REPRESENTATION_CONTEXT(2) 
PARAMETRIC_REPRESENTATION_CONTEXT() REPRESENTATION_CONTEXT('2D SPACE',''
  ) );
#6321 = PCURVE('',#6322,#6327);
#6322 = CYLINDRICAL_SURFACE('',#6323,0.104);
#6323 = AXIS2_PLACEMENT_3D('',#6324,#6325,#6326);
#6324 = CARTESIAN_POINT('',(-3.146,0.546,1.6));
#6325 = DIRECTION('',(-0.,-0.,1.));
#6326 = DIRECTION('',(-0.,1.,-0.));
#6327 = DEFINITIONAL_REPRESENTATION('',(#6328),#6332);
#6328 = LINE('',#6329,#6330);
#6329 = CARTESIAN_POINT('',(0.,0.));
#6330 = VECTOR('',#6331,1.);
#6331 = DIRECTION('',(0.,1.));
#6332 = ( GEOMETRIC_REPRESENTATION_CONTEXT(2) 
PARAMETRIC_REPRESENTATION_CONTEXT() REPRESENTATION_CONTEXT('2D SPACE',''
  ) );
#6333 = ORIENTED_EDGE('',*,*,#6334,.T.);
#6334 = EDGE_CURVE('',#6307,#6335,#6337,.T.);
#6335 = VERTEX_POINT('',#6336);
#6336 = CARTESIAN_POINT('',(-0.454,0.65,2.6));
#6337 = SURFACE_CURVE('',#6338,(#6342,#6349),.PCURVE_S1.);
#6338 = LINE('',#6339,#6340);
#6339 = CARTESIAN_POINT('',(-3.25,0.65,2.6));
#6340 = VECTOR('',#6341,1.);
#6341 = DIRECTION('',(1.,-0.,-0.));
#6342 = PCURVE('',#6282,#6343);
#6343 = DEFINITIONAL_REPRESENTATION('',(#6344),#6348);
#6344 = LINE('',#6345,#6346);
#6345 = CARTESIAN_POINT('',(-0.,-1.));
#6346 = VECTOR('',#6347,1.);
#6347 = DIRECTION('',(-1.,-0.));
#6348 = ( GEOMETRIC_REPRESENTATION_CONTEXT(2) 
PARAMETRIC_REPRESENTATION_CONTEXT() REPRESENTATION_CONTEXT('2D SPACE',''
  ) );
#6349 = PCURVE('',#6350,#6355);
#6350 = PLANE('',#6351);
#6351 = AXIS2_PLACEMENT_3D('',#6352,#6353,#6354);
#6352 = CARTESIAN_POINT('',(-1.8,0.,2.6));
#6353 = DIRECTION('',(-0.,-0.,1.));
#6354 = DIRECTION('',(-1.,0.,0.));
#6355 = DEFINITIONAL_REPRESENTATION('',(#6356),#6360);
#6356 = LINE('',#6357,#6358);
#6357 = CARTESIAN_POINT('',(1.45,-0.65));
#6358 = VECTOR('',#6359,1.);
#6359 = DIRECTION('',(-1.,0.));
#6360 = ( GEOMETRIC_REPRESENTATION_CONTEXT(2) 
PARAMETRIC_REPRESENTATION_CONTEXT() REPRESENTATION_CONTEXT('2D SPACE',''
  ) );
#6361 = ORIENTED_EDGE('',*,*,#6362,.F.);
#6362 = EDGE_CURVE('',#6274,#6335,#6363,.T.);
#6363 = SURFACE_CURVE('',#6364,(#6368,#6375),.PCURVE_S1.);
#6364 = LINE('',#6365,#6366);
#6365 = CARTESIAN_POINT('',(-0.454,0.65,1.6));
#6366 = VECTOR('',#6367,1.);
#6367 = DIRECTION('',(-0.,-0.,1.));
#6368 = PCURVE('',#6282,#6369);
#6369 = DEFINITIONAL_REPRESENTATION('',(#6370),#6374);
#6370 = LINE('',#6371,#6372);
#6371 = CARTESIAN_POINT('',(-2.796,-0.));
#6372 = VECTOR('',#6373,1.);
#6373 = DIRECTION('',(-0.,-1.));
#6374 = ( GEOMETRIC_REPRESENTATION_CONTEXT(2) 
PARAMETRIC_REPRESENTATION_CONTEXT() REPRESENTATION_CONTEXT('2D SPACE',''
  ) );
#6375 = PCURVE('',#6376,#6381);
#6376 = CYLINDRICAL_SURFACE('',#6377,0.104);
#6377 = AXIS2_PLACEMENT_3D('',#6378,#6379,#6380);
#6378 = CARTESIAN_POINT('',(-0.454,0.546,1.6));
#6379 = DIRECTION('',(-0.,-0.,1.));
#6380 = DIRECTION('',(-0.,1.,-0.));
#6381 = DEFINITIONAL_REPRESENTATION('',(#6382),#6386);
#6382 = LINE('',#6383,#6384);
#6383 = CARTESIAN_POINT('',(-0.,0.));
#6384 = VECTOR('',#6385,1.);
#6385 = DIRECTION('',(-0.,1.));
#6386 = ( GEOMETRIC_REPRESENTATION_CONTEXT(2) 
PARAMETRIC_REPRESENTATION_CONTEXT() REPRESENTATION_CONTEXT('2D SPACE',''
  ) );
#6387 = ADVANCED_FACE('',(#6388),#6294,.F.);
#6388 = FACE_BOUND('',#6389,.T.);
#6389 = EDGE_LOOP('',(#6390,#6391,#6419,#6447,#6480,#6508,#6541,#6569));
#6390 = ORIENTED_EDGE('',*,*,#6271,.T.);
#6391 = ORIENTED_EDGE('',*,*,#6392,.T.);
#6392 = EDGE_CURVE('',#6274,#6393,#6395,.T.);
#6393 = VERTEX_POINT('',#6394);
#6394 = CARTESIAN_POINT('',(-0.35,0.546,1.6));
#6395 = SURFACE_CURVE('',#6396,(#6401,#6412),.PCURVE_S1.);
#6396 = CIRCLE('',#6397,0.104);
#6397 = AXIS2_PLACEMENT_3D('',#6398,#6399,#6400);
#6398 = CARTESIAN_POINT('',(-0.454,0.546,1.6));
#6399 = DIRECTION('',(-0.,-0.,-1.));
#6400 = DIRECTION('',(-0.,1.,-0.));
#6401 = PCURVE('',#6294,#6402);
#6402 = DEFINITIONAL_REPRESENTATION('',(#6403),#6411);
#6403 = ( BOUNDED_CURVE() B_SPLINE_CURVE(2,(#6404,#6405,#6406,#6407,
#6408,#6409,#6410),.UNSPECIFIED.,.T.,.F.) B_SPLINE_CURVE_WITH_KNOTS((1,2
    ,2,2,2,1),(-2.094395102393,0.,2.094395102393,4.188790204786,
6.28318530718,8.377580409573),.UNSPECIFIED.) CURVE() 
GEOMETRIC_REPRESENTATION_ITEM() RATIONAL_B_SPLINE_CURVE((1.,0.5,1.,0.5,
1.,0.5,1.)) REPRESENTATION_ITEM('') );
#6404 = CARTESIAN_POINT('',(-1.346,-0.65));
#6405 = CARTESIAN_POINT('',(-1.526133283987,-0.65));
#6406 = CARTESIAN_POINT('',(-1.436066641994,-0.494));
#6407 = CARTESIAN_POINT('',(-1.346,-0.338));
#6408 = CARTESIAN_POINT('',(-1.255933358006,-0.494));
#6409 = CARTESIAN_POINT('',(-1.165866716013,-0.65));
#6410 = CARTESIAN_POINT('',(-1.346,-0.65));
#6411 = ( GEOMETRIC_REPRESENTATION_CONTEXT(2) 
PARAMETRIC_REPRESENTATION_CONTEXT() REPRESENTATION_CONTEXT('2D SPACE',''
  ) );
#6412 = PCURVE('',#6376,#6413);
#6413 = DEFINITIONAL_REPRESENTATION('',(#6414),#6418);
#6414 = LINE('',#6415,#6416);
#6415 = CARTESIAN_POINT('',(-8.881784197001E-16,-4.440892098501E-16));
#6416 = VECTOR('',#6417,1.);
#6417 = DIRECTION('',(-1.,0.));
#6418 = ( GEOMETRIC_REPRESENTATION_CONTEXT(2) 
PARAMETRIC_REPRESENTATION_CONTEXT() REPRESENTATION_CONTEXT('2D SPACE',''
  ) );
#6419 = ORIENTED_EDGE('',*,*,#6420,.T.);
#6420 = EDGE_CURVE('',#6393,#6421,#6423,.T.);
#6421 = VERTEX_POINT('',#6422);
#6422 = CARTESIAN_POINT('',(-0.35,-0.546,1.6));
#6423 = SURFACE_CURVE('',#6424,(#6428,#6435),.PCURVE_S1.);
#6424 = LINE('',#6425,#6426);
#6425 = CARTESIAN_POINT('',(-0.35,0.65,1.6));
#6426 = VECTOR('',#6427,1.);
#6427 = DIRECTION('',(-0.,-1.,-0.));
#6428 = PCURVE('',#6294,#6429);
#6429 = DEFINITIONAL_REPRESENTATION('',(#6430),#6434);
#6430 = LINE('',#6431,#6432);
#6431 = CARTESIAN_POINT('',(-1.45,-0.65));
#6432 = VECTOR('',#6433,1.);
#6433 = DIRECTION('',(-0.,1.));
#6434 = ( GEOMETRIC_REPRESENTATION_CONTEXT(2) 
PARAMETRIC_REPRESENTATION_CONTEXT() REPRESENTATION_CONTEXT('2D SPACE',''
  ) );
#6435 = PCURVE('',#6436,#6441);
#6436 = PLANE('',#6437);
#6437 = AXIS2_PLACEMENT_3D('',#6438,#6439,#6440);
#6438 = CARTESIAN_POINT('',(-0.35,0.65,1.6));
#6439 = DIRECTION('',(-1.,-0.,-0.));
#6440 = DIRECTION('',(0.,1.,0.));
#6441 = DEFINITIONAL_REPRESENTATION('',(#6442),#6446);
#6442 = LINE('',#6443,#6444);
#6443 = CARTESIAN_POINT('',(-0.,-0.));
#6444 = VECTOR('',#6445,1.);
#6445 = DIRECTION('',(-1.,0.));
#6446 = ( GEOMETRIC_REPRESENTATION_CONTEXT(2) 
PARAMETRIC_REPRESENTATION_CONTEXT() REPRESENTATION_CONTEXT('2D SPACE',''
  ) );
#6447 = ORIENTED_EDGE('',*,*,#6448,.T.);
#6448 = EDGE_CURVE('',#6421,#6449,#6451,.T.);
#6449 = VERTEX_POINT('',#6450);
#6450 = CARTESIAN_POINT('',(-0.454,-0.65,1.6));
#6451 = SURFACE_CURVE('',#6452,(#6457,#6468),.PCURVE_S1.);
#6452 = CIRCLE('',#6453,0.104);
#6453 = AXIS2_PLACEMENT_3D('',#6454,#6455,#6456);
#6454 = CARTESIAN_POINT('',(-0.454,-0.546,1.6));
#6455 = DIRECTION('',(-0.,-0.,-1.));
#6456 = DIRECTION('',(-0.,1.,-0.));
#6457 = PCURVE('',#6294,#6458);
#6458 = DEFINITIONAL_REPRESENTATION('',(#6459),#6467);
#6459 = ( BOUNDED_CURVE() B_SPLINE_CURVE(2,(#6460,#6461,#6462,#6463,
#6464,#6465,#6466),.UNSPECIFIED.,.T.,.F.) B_SPLINE_CURVE_WITH_KNOTS((1,2
    ,2,2,2,1),(-2.094395102393,0.,2.094395102393,4.188790204786,
6.28318530718,8.377580409573),.UNSPECIFIED.) CURVE() 
GEOMETRIC_REPRESENTATION_ITEM() RATIONAL_B_SPLINE_CURVE((1.,0.5,1.,0.5,
1.,0.5,1.)) REPRESENTATION_ITEM('') );
#6460 = CARTESIAN_POINT('',(-1.346,0.442));
#6461 = CARTESIAN_POINT('',(-1.526133283987,0.442));
#6462 = CARTESIAN_POINT('',(-1.436066641994,0.598));
#6463 = CARTESIAN_POINT('',(-1.346,0.754));
#6464 = CARTESIAN_POINT('',(-1.255933358006,0.598));
#6465 = CARTESIAN_POINT('',(-1.165866716013,0.442));
#6466 = CARTESIAN_POINT('',(-1.346,0.442));
#6467 = ( GEOMETRIC_REPRESENTATION_CONTEXT(2) 
PARAMETRIC_REPRESENTATION_CONTEXT() REPRESENTATION_CONTEXT('2D SPACE',''
  ) );
#6468 = PCURVE('',#6469,#6474);
#6469 = CYLINDRICAL_SURFACE('',#6470,0.104);
#6470 = AXIS2_PLACEMENT_3D('',#6471,#6472,#6473);
#6471 = CARTESIAN_POINT('',(-0.454,-0.546,1.6));
#6472 = DIRECTION('',(-0.,-0.,1.));
#6473 = DIRECTION('',(1.,-0.,-0.));
#6474 = DEFINITIONAL_REPRESENTATION('',(#6475),#6479);
#6475 = LINE('',#6476,#6477);
#6476 = CARTESIAN_POINT('',(1.570796326795,-4.440892098501E-16));
#6477 = VECTOR('',#6478,1.);
#6478 = DIRECTION('',(-1.,0.));
#6479 = ( GEOMETRIC_REPRESENTATION_CONTEXT(2) 
PARAMETRIC_REPRESENTATION_CONTEXT() REPRESENTATION_CONTEXT('2D SPACE',''
  ) );
#6480 = ORIENTED_EDGE('',*,*,#6481,.T.);
#6481 = EDGE_CURVE('',#6449,#6482,#6484,.T.);
#6482 = VERTEX_POINT('',#6483);
#6483 = CARTESIAN_POINT('',(-3.146,-0.65,1.6));
#6484 = SURFACE_CURVE('',#6485,(#6489,#6496),.PCURVE_S1.);
#6485 = LINE('',#6486,#6487);
#6486 = CARTESIAN_POINT('',(-0.35,-0.65,1.6));
#6487 = VECTOR('',#6488,1.);
#6488 = DIRECTION('',(-1.,-0.,-0.));
#6489 = PCURVE('',#6294,#6490);
#6490 = DEFINITIONAL_REPRESENTATION('',(#6491),#6495);
#6491 = LINE('',#6492,#6493);
#6492 = CARTESIAN_POINT('',(-1.45,0.65));
#6493 = VECTOR('',#6494,1.);
#6494 = DIRECTION('',(1.,-0.));
#6495 = ( GEOMETRIC_REPRESENTATION_CONTEXT(2) 
PARAMETRIC_REPRESENTATION_CONTEXT() REPRESENTATION_CONTEXT('2D SPACE',''
  ) );
#6496 = PCURVE('',#6497,#6502);
#6497 = PLANE('',#6498);
#6498 = AXIS2_PLACEMENT_3D('',#6499,#6500,#6501);
#6499 = CARTESIAN_POINT('',(-0.35,-0.65,1.6));
#6500 = DIRECTION('',(-0.,1.,-0.));
#6501 = DIRECTION('',(1.,0.,0.));
#6502 = DEFINITIONAL_REPRESENTATION('',(#6503),#6507);
#6503 = LINE('',#6504,#6505);
#6504 = CARTESIAN_POINT('',(0.,-0.));
#6505 = VECTOR('',#6506,1.);
#6506 = DIRECTION('',(-1.,0.));
#6507 = ( GEOMETRIC_REPRESENTATION_CONTEXT(2) 
PARAMETRIC_REPRESENTATION_CONTEXT() REPRESENTATION_CONTEXT('2D SPACE',''
  ) );
#6508 = ORIENTED_EDGE('',*,*,#6509,.T.);
#6509 = EDGE_CURVE('',#6482,#6510,#6512,.T.);
#6510 = VERTEX_POINT('',#6511);
#6511 = CARTESIAN_POINT('',(-3.25,-0.546,1.6));
#6512 = SURFACE_CURVE('',#6513,(#6518,#6529),.PCURVE_S1.);
#6513 = CIRCLE('',#6514,0.104);
#6514 = AXIS2_PLACEMENT_3D('',#6515,#6516,#6517);
#6515 = CARTESIAN_POINT('',(-3.146,-0.546,1.6));
#6516 = DIRECTION('',(-0.,-0.,-1.));
#6517 = DIRECTION('',(-0.,1.,-0.));
#6518 = PCURVE('',#6294,#6519);
#6519 = DEFINITIONAL_REPRESENTATION('',(#6520),#6528);
#6520 = ( BOUNDED_CURVE() B_SPLINE_CURVE(2,(#6521,#6522,#6523,#6524,
#6525,#6526,#6527),.UNSPECIFIED.,.T.,.F.) B_SPLINE_CURVE_WITH_KNOTS((1,2
    ,2,2,2,1),(-2.094395102393,0.,2.094395102393,4.188790204786,
6.28318530718,8.377580409573),.UNSPECIFIED.) CURVE() 
GEOMETRIC_REPRESENTATION_ITEM() RATIONAL_B_SPLINE_CURVE((1.,0.5,1.,0.5,
1.,0.5,1.)) REPRESENTATION_ITEM('') );
#6521 = CARTESIAN_POINT('',(1.346,0.442));
#6522 = CARTESIAN_POINT('',(1.165866716013,0.442));
#6523 = CARTESIAN_POINT('',(1.255933358006,0.598));
#6524 = CARTESIAN_POINT('',(1.346,0.754));
#6525 = CARTESIAN_POINT('',(1.436066641994,0.598));
#6526 = CARTESIAN_POINT('',(1.526133283987,0.442));
#6527 = CARTESIAN_POINT('',(1.346,0.442));
#6528 = ( GEOMETRIC_REPRESENTATION_CONTEXT(2) 
PARAMETRIC_REPRESENTATION_CONTEXT() REPRESENTATION_CONTEXT('2D SPACE',''
  ) );
#6529 = PCURVE('',#6530,#6535);
#6530 = CYLINDRICAL_SURFACE('',#6531,0.104);
#6531 = AXIS2_PLACEMENT_3D('',#6532,#6533,#6534);
#6532 = CARTESIAN_POINT('',(-3.146,-0.546,1.6));
#6533 = DIRECTION('',(-0.,-0.,1.));
#6534 = DIRECTION('',(-0.,-1.,-0.));
#6535 = DEFINITIONAL_REPRESENTATION('',(#6536),#6540);
#6536 = LINE('',#6537,#6538);
#6537 = CARTESIAN_POINT('',(3.14159265359,-4.440892098501E-16));
#6538 = VECTOR('',#6539,1.);
#6539 = DIRECTION('',(-1.,0.));
#6540 = ( GEOMETRIC_REPRESENTATION_CONTEXT(2) 
PARAMETRIC_REPRESENTATION_CONTEXT() REPRESENTATION_CONTEXT('2D SPACE',''
  ) );
#6541 = ORIENTED_EDGE('',*,*,#6542,.T.);
#6542 = EDGE_CURVE('',#6510,#6543,#6545,.T.);
#6543 = VERTEX_POINT('',#6544);
#6544 = CARTESIAN_POINT('',(-3.25,0.546,1.6));
#6545 = SURFACE_CURVE('',#6546,(#6550,#6557),.PCURVE_S1.);
#6546 = LINE('',#6547,#6548);
#6547 = CARTESIAN_POINT('',(-3.25,-0.65,1.6));
#6548 = VECTOR('',#6549,1.);
#6549 = DIRECTION('',(-0.,1.,-0.));
#6550 = PCURVE('',#6294,#6551);
#6551 = DEFINITIONAL_REPRESENTATION('',(#6552),#6556);
#6552 = LINE('',#6553,#6554);
#6553 = CARTESIAN_POINT('',(1.45,0.65));
#6554 = VECTOR('',#6555,1.);
#6555 = DIRECTION('',(-0.,-1.));
#6556 = ( GEOMETRIC_REPRESENTATION_CONTEXT(2) 
PARAMETRIC_REPRESENTATION_CONTEXT() REPRESENTATION_CONTEXT('2D SPACE',''
  ) );
#6557 = PCURVE('',#6558,#6563);
#6558 = PLANE('',#6559);
#6559 = AXIS2_PLACEMENT_3D('',#6560,#6561,#6562);
#6560 = CARTESIAN_POINT('',(-3.25,-0.65,1.6));
#6561 = DIRECTION('',(1.,-0.,-0.));
#6562 = DIRECTION('',(0.,-1.,0.));
#6563 = DEFINITIONAL_REPRESENTATION('',(#6564),#6568);
#6564 = LINE('',#6565,#6566);
#6565 = CARTESIAN_POINT('',(-0.,0.));
#6566 = VECTOR('',#6567,1.);
#6567 = DIRECTION('',(-1.,-0.));
#6568 = ( GEOMETRIC_REPRESENTATION_CONTEXT(2) 
PARAMETRIC_REPRESENTATION_CONTEXT() REPRESENTATION_CONTEXT('2D SPACE',''
  ) );
#6569 = ORIENTED_EDGE('',*,*,#6570,.F.);
#6570 = EDGE_CURVE('',#6272,#6543,#6571,.T.);
#6571 = SURFACE_CURVE('',#6572,(#6577,#6584),.PCURVE_S1.);
#6572 = CIRCLE('',#6573,0.104);
#6573 = AXIS2_PLACEMENT_3D('',#6574,#6575,#6576);
#6574 = CARTESIAN_POINT('',(-3.146,0.546,1.6));
#6575 = DIRECTION('',(-0.,0.,1.));
#6576 = DIRECTION('',(-0.,1.,-0.));
#6577 = PCURVE('',#6294,#6578);
#6578 = DEFINITIONAL_REPRESENTATION('',(#6579),#6583);
#6579 = CIRCLE('',#6580,0.104);
#6580 = AXIS2_PLACEMENT_2D('',#6581,#6582);
#6581 = CARTESIAN_POINT('',(1.346,-0.546));
#6582 = DIRECTION('',(-0.,-1.));
#6583 = ( GEOMETRIC_REPRESENTATION_CONTEXT(2) 
PARAMETRIC_REPRESENTATION_CONTEXT() REPRESENTATION_CONTEXT('2D SPACE',''
  ) );
#6584 = PCURVE('',#6322,#6585);
#6585 = DEFINITIONAL_REPRESENTATION('',(#6586),#6590);
#6586 = LINE('',#6587,#6588);
#6587 = CARTESIAN_POINT('',(0.,-4.440892098501E-16));
#6588 = VECTOR('',#6589,1.);
#6589 = DIRECTION('',(1.,0.));
#6590 = ( GEOMETRIC_REPRESENTATION_CONTEXT(2) 
PARAMETRIC_REPRESENTATION_CONTEXT() REPRESENTATION_CONTEXT('2D SPACE',''
  ) );
#6591 = ADVANCED_FACE('',(#6592),#6322,.T.);
#6592 = FACE_BOUND('',#6593,.T.);
#6593 = EDGE_LOOP('',(#6594,#6595,#6618,#6640));
#6594 = ORIENTED_EDGE('',*,*,#6570,.T.);
#6595 = ORIENTED_EDGE('',*,*,#6596,.T.);
#6596 = EDGE_CURVE('',#6543,#6597,#6599,.T.);
#6597 = VERTEX_POINT('',#6598);
#6598 = CARTESIAN_POINT('',(-3.25,0.546,2.6));
#6599 = SURFACE_CURVE('',#6600,(#6604,#6611),.PCURVE_S1.);
#6600 = LINE('',#6601,#6602);
#6601 = CARTESIAN_POINT('',(-3.25,0.546,1.6));
#6602 = VECTOR('',#6603,1.);
#6603 = DIRECTION('',(-0.,-0.,1.));
#6604 = PCURVE('',#6322,#6605);
#6605 = DEFINITIONAL_REPRESENTATION('',(#6606),#6610);
#6606 = LINE('',#6607,#6608);
#6607 = CARTESIAN_POINT('',(1.570796326795,0.));
#6608 = VECTOR('',#6609,1.);
#6609 = DIRECTION('',(0.,1.));
#6610 = ( GEOMETRIC_REPRESENTATION_CONTEXT(2) 
PARAMETRIC_REPRESENTATION_CONTEXT() REPRESENTATION_CONTEXT('2D SPACE',''
  ) );
#6611 = PCURVE('',#6558,#6612);
#6612 = DEFINITIONAL_REPRESENTATION('',(#6613),#6617);
#6613 = LINE('',#6614,#6615);
#6614 = CARTESIAN_POINT('',(-1.196,0.));
#6615 = VECTOR('',#6616,1.);
#6616 = DIRECTION('',(-0.,-1.));
#6617 = ( GEOMETRIC_REPRESENTATION_CONTEXT(2) 
PARAMETRIC_REPRESENTATION_CONTEXT() REPRESENTATION_CONTEXT('2D SPACE',''
  ) );
#6618 = ORIENTED_EDGE('',*,*,#6619,.F.);
#6619 = EDGE_CURVE('',#6307,#6597,#6620,.T.);
#6620 = SURFACE_CURVE('',#6621,(#6626,#6633),.PCURVE_S1.);
#6621 = CIRCLE('',#6622,0.104);
#6622 = AXIS2_PLACEMENT_3D('',#6623,#6624,#6625);
#6623 = CARTESIAN_POINT('',(-3.146,0.546,2.6));
#6624 = DIRECTION('',(-0.,0.,1.));
#6625 = DIRECTION('',(-0.,1.,-0.));
#6626 = PCURVE('',#6322,#6627);
#6627 = DEFINITIONAL_REPRESENTATION('',(#6628),#6632);
#6628 = LINE('',#6629,#6630);
#6629 = CARTESIAN_POINT('',(0.,1.));
#6630 = VECTOR('',#6631,1.);
#6631 = DIRECTION('',(1.,0.));
#6632 = ( GEOMETRIC_REPRESENTATION_CONTEXT(2) 
PARAMETRIC_REPRESENTATION_CONTEXT() REPRESENTATION_CONTEXT('2D SPACE',''
  ) );
#6633 = PCURVE('',#6350,#6634);
#6634 = DEFINITIONAL_REPRESENTATION('',(#6635),#6639);
#6635 = CIRCLE('',#6636,0.104);
#6636 = AXIS2_PLACEMENT_2D('',#6637,#6638);
#6637 = CARTESIAN_POINT('',(1.346,-0.546));
#6638 = DIRECTION('',(-0.,-1.));
#6639 = ( GEOMETRIC_REPRESENTATION_CONTEXT(2) 
PARAMETRIC_REPRESENTATION_CONTEXT() REPRESENTATION_CONTEXT('2D SPACE',''
  ) );
#6640 = ORIENTED_EDGE('',*,*,#6306,.F.);
#6641 = ADVANCED_FACE('',(#6642),#6376,.T.);
#6642 = FACE_BOUND('',#6643,.F.);
#6643 = EDGE_LOOP('',(#6644,#6645,#6668,#6694));
#6644 = ORIENTED_EDGE('',*,*,#6392,.T.);
#6645 = ORIENTED_EDGE('',*,*,#6646,.T.);
#6646 = EDGE_CURVE('',#6393,#6647,#6649,.T.);
#6647 = VERTEX_POINT('',#6648);
#6648 = CARTESIAN_POINT('',(-0.35,0.546,2.6));
#6649 = SURFACE_CURVE('',#6650,(#6654,#6661),.PCURVE_S1.);
#6650 = LINE('',#6651,#6652);
#6651 = CARTESIAN_POINT('',(-0.35,0.546,1.6));
#6652 = VECTOR('',#6653,1.);
#6653 = DIRECTION('',(-0.,-0.,1.));
#6654 = PCURVE('',#6376,#6655);
#6655 = DEFINITIONAL_REPRESENTATION('',(#6656),#6660);
#6656 = LINE('',#6657,#6658);
#6657 = CARTESIAN_POINT('',(-1.570796326795,0.));
#6658 = VECTOR('',#6659,1.);
#6659 = DIRECTION('',(-0.,1.));
#6660 = ( GEOMETRIC_REPRESENTATION_CONTEXT(2) 
PARAMETRIC_REPRESENTATION_CONTEXT() REPRESENTATION_CONTEXT('2D SPACE',''
  ) );
#6661 = PCURVE('',#6436,#6662);
#6662 = DEFINITIONAL_REPRESENTATION('',(#6663),#6667);
#6663 = LINE('',#6664,#6665);
#6664 = CARTESIAN_POINT('',(-0.104,0.));
#6665 = VECTOR('',#6666,1.);
#6666 = DIRECTION('',(-0.,-1.));
#6667 = ( GEOMETRIC_REPRESENTATION_CONTEXT(2) 
PARAMETRIC_REPRESENTATION_CONTEXT() REPRESENTATION_CONTEXT('2D SPACE',''
  ) );
#6668 = ORIENTED_EDGE('',*,*,#6669,.F.);
#6669 = EDGE_CURVE('',#6335,#6647,#6670,.T.);
#6670 = SURFACE_CURVE('',#6671,(#6676,#6683),.PCURVE_S1.);
#6671 = CIRCLE('',#6672,0.104);
#6672 = AXIS2_PLACEMENT_3D('',#6673,#6674,#6675);
#6673 = CARTESIAN_POINT('',(-0.454,0.546,2.6));
#6674 = DIRECTION('',(-0.,-0.,-1.));
#6675 = DIRECTION('',(-0.,1.,-0.));
#6676 = PCURVE('',#6376,#6677);
#6677 = DEFINITIONAL_REPRESENTATION('',(#6678),#6682);
#6678 = LINE('',#6679,#6680);
#6679 = CARTESIAN_POINT('',(-8.881784197001E-16,1.));
#6680 = VECTOR('',#6681,1.);
#6681 = DIRECTION('',(-1.,0.));
#6682 = ( GEOMETRIC_REPRESENTATION_CONTEXT(2) 
PARAMETRIC_REPRESENTATION_CONTEXT() REPRESENTATION_CONTEXT('2D SPACE',''
  ) );
#6683 = PCURVE('',#6350,#6684);
#6684 = DEFINITIONAL_REPRESENTATION('',(#6685),#6693);
#6685 = ( BOUNDED_CURVE() B_SPLINE_CURVE(2,(#6686,#6687,#6688,#6689,
#6690,#6691,#6692),.UNSPECIFIED.,.T.,.F.) B_SPLINE_CURVE_WITH_KNOTS((1,2
    ,2,2,2,1),(-2.094395102393,0.,2.094395102393,4.188790204786,
6.28318530718,8.377580409573),.UNSPECIFIED.) CURVE() 
GEOMETRIC_REPRESENTATION_ITEM() RATIONAL_B_SPLINE_CURVE((1.,0.5,1.,0.5,
1.,0.5,1.)) REPRESENTATION_ITEM('') );
#6686 = CARTESIAN_POINT('',(-1.346,-0.65));
#6687 = CARTESIAN_POINT('',(-1.526133283987,-0.65));
#6688 = CARTESIAN_POINT('',(-1.436066641994,-0.494));
#6689 = CARTESIAN_POINT('',(-1.346,-0.338));
#6690 = CARTESIAN_POINT('',(-1.255933358006,-0.494));
#6691 = CARTESIAN_POINT('',(-1.165866716013,-0.65));
#6692 = CARTESIAN_POINT('',(-1.346,-0.65));
#6693 = ( GEOMETRIC_REPRESENTATION_CONTEXT(2) 
PARAMETRIC_REPRESENTATION_CONTEXT() REPRESENTATION_CONTEXT('2D SPACE',''
  ) );
#6694 = ORIENTED_EDGE('',*,*,#6362,.F.);
#6695 = ADVANCED_FACE('',(#6696),#6350,.T.);
#6696 = FACE_BOUND('',#6697,.F.);
#6697 = EDGE_LOOP('',(#6698,#6699,#6700,#6723,#6751,#6774,#6802,#6823));
#6698 = ORIENTED_EDGE('',*,*,#6334,.T.);
#6699 = ORIENTED_EDGE('',*,*,#6669,.T.);
#6700 = ORIENTED_EDGE('',*,*,#6701,.T.);
#6701 = EDGE_CURVE('',#6647,#6702,#6704,.T.);
#6702 = VERTEX_POINT('',#6703);
#6703 = CARTESIAN_POINT('',(-0.35,-0.546,2.6));
#6704 = SURFACE_CURVE('',#6705,(#6709,#6716),.PCURVE_S1.);
#6705 = LINE('',#6706,#6707);
#6706 = CARTESIAN_POINT('',(-0.35,0.65,2.6));
#6707 = VECTOR('',#6708,1.);
#6708 = DIRECTION('',(-0.,-1.,-0.));
#6709 = PCURVE('',#6350,#6710);
#6710 = DEFINITIONAL_REPRESENTATION('',(#6711),#6715);
#6711 = LINE('',#6712,#6713);
#6712 = CARTESIAN_POINT('',(-1.45,-0.65));
#6713 = VECTOR('',#6714,1.);
#6714 = DIRECTION('',(-0.,1.));
#6715 = ( GEOMETRIC_REPRESENTATION_CONTEXT(2) 
PARAMETRIC_REPRESENTATION_CONTEXT() REPRESENTATION_CONTEXT('2D SPACE',''
  ) );
#6716 = PCURVE('',#6436,#6717);
#6717 = DEFINITIONAL_REPRESENTATION('',(#6718),#6722);
#6718 = LINE('',#6719,#6720);
#6719 = CARTESIAN_POINT('',(-0.,-1.));
#6720 = VECTOR('',#6721,1.);
#6721 = DIRECTION('',(-1.,0.));
#6722 = ( GEOMETRIC_REPRESENTATION_CONTEXT(2) 
PARAMETRIC_REPRESENTATION_CONTEXT() REPRESENTATION_CONTEXT('2D SPACE',''
  ) );
#6723 = ORIENTED_EDGE('',*,*,#6724,.T.);
#6724 = EDGE_CURVE('',#6702,#6725,#6727,.T.);
#6725 = VERTEX_POINT('',#6726);
#6726 = CARTESIAN_POINT('',(-0.454,-0.65,2.6));
#6727 = SURFACE_CURVE('',#6728,(#6733,#6744),.PCURVE_S1.);
#6728 = CIRCLE('',#6729,0.104);
#6729 = AXIS2_PLACEMENT_3D('',#6730,#6731,#6732);
#6730 = CARTESIAN_POINT('',(-0.454,-0.546,2.6));
#6731 = DIRECTION('',(-0.,-0.,-1.));
#6732 = DIRECTION('',(-0.,1.,-0.));
#6733 = PCURVE('',#6350,#6734);
#6734 = DEFINITIONAL_REPRESENTATION('',(#6735),#6743);
#6735 = ( BOUNDED_CURVE() B_SPLINE_CURVE(2,(#6736,#6737,#6738,#6739,
#6740,#6741,#6742),.UNSPECIFIED.,.T.,.F.) B_SPLINE_CURVE_WITH_KNOTS((1,2
    ,2,2,2,1),(-2.094395102393,0.,2.094395102393,4.188790204786,
6.28318530718,8.377580409573),.UNSPECIFIED.) CURVE() 
GEOMETRIC_REPRESENTATION_ITEM() RATIONAL_B_SPLINE_CURVE((1.,0.5,1.,0.5,
1.,0.5,1.)) REPRESENTATION_ITEM('') );
#6736 = CARTESIAN_POINT('',(-1.346,0.442));
#6737 = CARTESIAN_POINT('',(-1.526133283987,0.442));
#6738 = CARTESIAN_POINT('',(-1.436066641994,0.598));
#6739 = CARTESIAN_POINT('',(-1.346,0.754));
#6740 = CARTESIAN_POINT('',(-1.255933358006,0.598));
#6741 = CARTESIAN_POINT('',(-1.165866716013,0.442));
#6742 = CARTESIAN_POINT('',(-1.346,0.442));
#6743 = ( GEOMETRIC_REPRESENTATION_CONTEXT(2) 
PARAMETRIC_REPRESENTATION_CONTEXT() REPRESENTATION_CONTEXT('2D SPACE',''
  ) );
#6744 = PCURVE('',#6469,#6745);
#6745 = DEFINITIONAL_REPRESENTATION('',(#6746),#6750);
#6746 = LINE('',#6747,#6748);
#6747 = CARTESIAN_POINT('',(1.570796326795,1.));
#6748 = VECTOR('',#6749,1.);
#6749 = DIRECTION('',(-1.,0.));
#6750 = ( GEOMETRIC_REPRESENTATION_CONTEXT(2) 
PARAMETRIC_REPRESENTATION_CONTEXT() REPRESENTATION_CONTEXT('2D SPACE',''
  ) );
#6751 = ORIENTED_EDGE('',*,*,#6752,.T.);
#6752 = EDGE_CURVE('',#6725,#6753,#6755,.T.);
#6753 = VERTEX_POINT('',#6754);
#6754 = CARTESIAN_POINT('',(-3.146,-0.65,2.6));
#6755 = SURFACE_CURVE('',#6756,(#6760,#6767),.PCURVE_S1.);
#6756 = LINE('',#6757,#6758);
#6757 = CARTESIAN_POINT('',(-0.35,-0.65,2.6));
#6758 = VECTOR('',#6759,1.);
#6759 = DIRECTION('',(-1.,-0.,-0.));
#6760 = PCURVE('',#6350,#6761);
#6761 = DEFINITIONAL_REPRESENTATION('',(#6762),#6766);
#6762 = LINE('',#6763,#6764);
#6763 = CARTESIAN_POINT('',(-1.45,0.65));
#6764 = VECTOR('',#6765,1.);
#6765 = DIRECTION('',(1.,-0.));
#6766 = ( GEOMETRIC_REPRESENTATION_CONTEXT(2) 
PARAMETRIC_REPRESENTATION_CONTEXT() REPRESENTATION_CONTEXT('2D SPACE',''
  ) );
#6767 = PCURVE('',#6497,#6768);
#6768 = DEFINITIONAL_REPRESENTATION('',(#6769),#6773);
#6769 = LINE('',#6770,#6771);
#6770 = CARTESIAN_POINT('',(-0.,-1.));
#6771 = VECTOR('',#6772,1.);
#6772 = DIRECTION('',(-1.,0.));
#6773 = ( GEOMETRIC_REPRESENTATION_CONTEXT(2) 
PARAMETRIC_REPRESENTATION_CONTEXT() REPRESENTATION_CONTEXT('2D SPACE',''
  ) );
#6774 = ORIENTED_EDGE('',*,*,#6775,.T.);
#6775 = EDGE_CURVE('',#6753,#6776,#6778,.T.);
#6776 = VERTEX_POINT('',#6777);
#6777 = CARTESIAN_POINT('',(-3.25,-0.546,2.6));
#6778 = SURFACE_CURVE('',#6779,(#6784,#6795),.PCURVE_S1.);
#6779 = CIRCLE('',#6780,0.104);
#6780 = AXIS2_PLACEMENT_3D('',#6781,#6782,#6783);
#6781 = CARTESIAN_POINT('',(-3.146,-0.546,2.6));
#6782 = DIRECTION('',(-0.,-0.,-1.));
#6783 = DIRECTION('',(-0.,1.,-0.));
#6784 = PCURVE('',#6350,#6785);
#6785 = DEFINITIONAL_REPRESENTATION('',(#6786),#6794);
#6786 = ( BOUNDED_CURVE() B_SPLINE_CURVE(2,(#6787,#6788,#6789,#6790,
#6791,#6792,#6793),.UNSPECIFIED.,.T.,.F.) B_SPLINE_CURVE_WITH_KNOTS((1,2
    ,2,2,2,1),(-2.094395102393,0.,2.094395102393,4.188790204786,
6.28318530718,8.377580409573),.UNSPECIFIED.) CURVE() 
GEOMETRIC_REPRESENTATION_ITEM() RATIONAL_B_SPLINE_CURVE((1.,0.5,1.,0.5,
1.,0.5,1.)) REPRESENTATION_ITEM('') );
#6787 = CARTESIAN_POINT('',(1.346,0.442));
#6788 = CARTESIAN_POINT('',(1.165866716013,0.442));
#6789 = CARTESIAN_POINT('',(1.255933358006,0.598));
#6790 = CARTESIAN_POINT('',(1.346,0.754));
#6791 = CARTESIAN_POINT('',(1.436066641994,0.598));
#6792 = CARTESIAN_POINT('',(1.526133283987,0.442));
#6793 = CARTESIAN_POINT('',(1.346,0.442));
#6794 = ( GEOMETRIC_REPRESENTATION_CONTEXT(2) 
PARAMETRIC_REPRESENTATION_CONTEXT() REPRESENTATION_CONTEXT('2D SPACE',''
  ) );
#6795 = PCURVE('',#6530,#6796);
#6796 = DEFINITIONAL_REPRESENTATION('',(#6797),#6801);
#6797 = LINE('',#6798,#6799);
#6798 = CARTESIAN_POINT('',(3.14159265359,1.));
#6799 = VECTOR('',#6800,1.);
#6800 = DIRECTION('',(-1.,0.));
#6801 = ( GEOMETRIC_REPRESENTATION_CONTEXT(2) 
PARAMETRIC_REPRESENTATION_CONTEXT() REPRESENTATION_CONTEXT('2D SPACE',''
  ) );
#6802 = ORIENTED_EDGE('',*,*,#6803,.T.);
#6803 = EDGE_CURVE('',#6776,#6597,#6804,.T.);
#6804 = SURFACE_CURVE('',#6805,(#6809,#6816),.PCURVE_S1.);
#6805 = LINE('',#6806,#6807);
#6806 = CARTESIAN_POINT('',(-3.25,-0.65,2.6));
#6807 = VECTOR('',#6808,1.);
#6808 = DIRECTION('',(-0.,1.,-0.));
#6809 = PCURVE('',#6350,#6810);
#6810 = DEFINITIONAL_REPRESENTATION('',(#6811),#6815);
#6811 = LINE('',#6812,#6813);
#6812 = CARTESIAN_POINT('',(1.45,0.65));
#6813 = VECTOR('',#6814,1.);
#6814 = DIRECTION('',(-0.,-1.));
#6815 = ( GEOMETRIC_REPRESENTATION_CONTEXT(2) 
PARAMETRIC_REPRESENTATION_CONTEXT() REPRESENTATION_CONTEXT('2D SPACE',''
  ) );
#6816 = PCURVE('',#6558,#6817);
#6817 = DEFINITIONAL_REPRESENTATION('',(#6818),#6822);
#6818 = LINE('',#6819,#6820);
#6819 = CARTESIAN_POINT('',(-0.,-1.));
#6820 = VECTOR('',#6821,1.);
#6821 = DIRECTION('',(-1.,-0.));
#6822 = ( GEOMETRIC_REPRESENTATION_CONTEXT(2) 
PARAMETRIC_REPRESENTATION_CONTEXT() REPRESENTATION_CONTEXT('2D SPACE',''
  ) );
#6823 = ORIENTED_EDGE('',*,*,#6619,.F.);
#6824 = ADVANCED_FACE('',(#6825),#6558,.F.);
#6825 = FACE_BOUND('',#6826,.T.);
#6826 = EDGE_LOOP('',(#6827,#6828,#6849,#6850));
#6827 = ORIENTED_EDGE('',*,*,#6542,.F.);
#6828 = ORIENTED_EDGE('',*,*,#6829,.T.);
#6829 = EDGE_CURVE('',#6510,#6776,#6830,.T.);
#6830 = SURFACE_CURVE('',#6831,(#6835,#6842),.PCURVE_S1.);
#6831 = LINE('',#6832,#6833);
#6832 = CARTESIAN_POINT('',(-3.25,-0.546,1.6));
#6833 = VECTOR('',#6834,1.);
#6834 = DIRECTION('',(-0.,-0.,1.));
#6835 = PCURVE('',#6558,#6836);
#6836 = DEFINITIONAL_REPRESENTATION('',(#6837),#6841);
#6837 = LINE('',#6838,#6839);
#6838 = CARTESIAN_POINT('',(-0.104,0.));
#6839 = VECTOR('',#6840,1.);
#6840 = DIRECTION('',(-0.,-1.));
#6841 = ( GEOMETRIC_REPRESENTATION_CONTEXT(2) 
PARAMETRIC_REPRESENTATION_CONTEXT() REPRESENTATION_CONTEXT('2D SPACE',''
  ) );
#6842 = PCURVE('',#6530,#6843);
#6843 = DEFINITIONAL_REPRESENTATION('',(#6844),#6848);
#6844 = LINE('',#6845,#6846);
#6845 = CARTESIAN_POINT('',(-1.570796326795,0.));
#6846 = VECTOR('',#6847,1.);
#6847 = DIRECTION('',(-0.,1.));
#6848 = ( GEOMETRIC_REPRESENTATION_CONTEXT(2) 
PARAMETRIC_REPRESENTATION_CONTEXT() REPRESENTATION_CONTEXT('2D SPACE',''
  ) );
#6849 = ORIENTED_EDGE('',*,*,#6803,.T.);
#6850 = ORIENTED_EDGE('',*,*,#6596,.F.);
#6851 = ADVANCED_FACE('',(#6852),#6436,.F.);
#6852 = FACE_BOUND('',#6853,.T.);
#6853 = EDGE_LOOP('',(#6854,#6855,#6856,#6857));
#6854 = ORIENTED_EDGE('',*,*,#6420,.F.);
#6855 = ORIENTED_EDGE('',*,*,#6646,.T.);
#6856 = ORIENTED_EDGE('',*,*,#6701,.T.);
#6857 = ORIENTED_EDGE('',*,*,#6858,.F.);
#6858 = EDGE_CURVE('',#6421,#6702,#6859,.T.);
#6859 = SURFACE_CURVE('',#6860,(#6864,#6871),.PCURVE_S1.);
#6860 = LINE('',#6861,#6862);
#6861 = CARTESIAN_POINT('',(-0.35,-0.546,1.6));
#6862 = VECTOR('',#6863,1.);
#6863 = DIRECTION('',(-0.,-0.,1.));
#6864 = PCURVE('',#6436,#6865);
#6865 = DEFINITIONAL_REPRESENTATION('',(#6866),#6870);
#6866 = LINE('',#6867,#6868);
#6867 = CARTESIAN_POINT('',(-1.196,0.));
#6868 = VECTOR('',#6869,1.);
#6869 = DIRECTION('',(-0.,-1.));
#6870 = ( GEOMETRIC_REPRESENTATION_CONTEXT(2) 
PARAMETRIC_REPRESENTATION_CONTEXT() REPRESENTATION_CONTEXT('2D SPACE',''
  ) );
#6871 = PCURVE('',#6469,#6872);
#6872 = DEFINITIONAL_REPRESENTATION('',(#6873),#6877);
#6873 = LINE('',#6874,#6875);
#6874 = CARTESIAN_POINT('',(-0.,0.));
#6875 = VECTOR('',#6876,1.);
#6876 = DIRECTION('',(-0.,1.));
#6877 = ( GEOMETRIC_REPRESENTATION_CONTEXT(2) 
PARAMETRIC_REPRESENTATION_CONTEXT() REPRESENTATION_CONTEXT('2D SPACE',''
  ) );
#6878 = ADVANCED_FACE('',(#6879),#6530,.T.);
#6879 = FACE_BOUND('',#6880,.F.);
#6880 = EDGE_LOOP('',(#6881,#6882,#6883,#6884));
#6881 = ORIENTED_EDGE('',*,*,#6509,.T.);
#6882 = ORIENTED_EDGE('',*,*,#6829,.T.);
#6883 = ORIENTED_EDGE('',*,*,#6775,.F.);
#6884 = ORIENTED_EDGE('',*,*,#6885,.F.);
#6885 = EDGE_CURVE('',#6482,#6753,#6886,.T.);
#6886 = SURFACE_CURVE('',#6887,(#6891,#6898),.PCURVE_S1.);
#6887 = LINE('',#6888,#6889);
#6888 = CARTESIAN_POINT('',(-3.146,-0.65,1.6));
#6889 = VECTOR('',#6890,1.);
#6890 = DIRECTION('',(-0.,-0.,1.));
#6891 = PCURVE('',#6530,#6892);
#6892 = DEFINITIONAL_REPRESENTATION('',(#6893),#6897);
#6893 = LINE('',#6894,#6895);
#6894 = CARTESIAN_POINT('',(-0.,0.));
#6895 = VECTOR('',#6896,1.);
#6896 = DIRECTION('',(-0.,1.));
#6897 = ( GEOMETRIC_REPRESENTATION_CONTEXT(2) 
PARAMETRIC_REPRESENTATION_CONTEXT() REPRESENTATION_CONTEXT('2D SPACE',''
  ) );
#6898 = PCURVE('',#6497,#6899);
#6899 = DEFINITIONAL_REPRESENTATION('',(#6900),#6904);
#6900 = LINE('',#6901,#6902);
#6901 = CARTESIAN_POINT('',(-2.796,0.));
#6902 = VECTOR('',#6903,1.);
#6903 = DIRECTION('',(-0.,-1.));
#6904 = ( GEOMETRIC_REPRESENTATION_CONTEXT(2) 
PARAMETRIC_REPRESENTATION_CONTEXT() REPRESENTATION_CONTEXT('2D SPACE',''
  ) );
#6905 = ADVANCED_FACE('',(#6906),#6469,.T.);
#6906 = FACE_BOUND('',#6907,.F.);
#6907 = EDGE_LOOP('',(#6908,#6909,#6930,#6931));
#6908 = ORIENTED_EDGE('',*,*,#6448,.T.);
#6909 = ORIENTED_EDGE('',*,*,#6910,.T.);
#6910 = EDGE_CURVE('',#6449,#6725,#6911,.T.);
#6911 = SURFACE_CURVE('',#6912,(#6916,#6923),.PCURVE_S1.);
#6912 = LINE('',#6913,#6914);
#6913 = CARTESIAN_POINT('',(-0.454,-0.65,1.6));
#6914 = VECTOR('',#6915,1.);
#6915 = DIRECTION('',(-0.,-0.,1.));
#6916 = PCURVE('',#6469,#6917);
#6917 = DEFINITIONAL_REPRESENTATION('',(#6918),#6922);
#6918 = LINE('',#6919,#6920);
#6919 = CARTESIAN_POINT('',(-1.570796326795,0.));
#6920 = VECTOR('',#6921,1.);
#6921 = DIRECTION('',(-0.,1.));
#6922 = ( GEOMETRIC_REPRESENTATION_CONTEXT(2) 
PARAMETRIC_REPRESENTATION_CONTEXT() REPRESENTATION_CONTEXT('2D SPACE',''
  ) );
#6923 = PCURVE('',#6497,#6924);
#6924 = DEFINITIONAL_REPRESENTATION('',(#6925),#6929);
#6925 = LINE('',#6926,#6927);
#6926 = CARTESIAN_POINT('',(-0.104,0.));
#6927 = VECTOR('',#6928,1.);
#6928 = DIRECTION('',(-0.,-1.));
#6929 = ( GEOMETRIC_REPRESENTATION_CONTEXT(2) 
PARAMETRIC_REPRESENTATION_CONTEXT() REPRESENTATION_CONTEXT('2D SPACE',''
  ) );
#6930 = ORIENTED_EDGE('',*,*,#6724,.F.);
#6931 = ORIENTED_EDGE('',*,*,#6858,.F.);
#6932 = ADVANCED_FACE('',(#6933),#6497,.F.);
#6933 = FACE_BOUND('',#6934,.T.);
#6934 = EDGE_LOOP('',(#6935,#6936,#6937,#6938));
#6935 = ORIENTED_EDGE('',*,*,#6481,.F.);
#6936 = ORIENTED_EDGE('',*,*,#6910,.T.);
#6937 = ORIENTED_EDGE('',*,*,#6752,.T.);
#6938 = ORIENTED_EDGE('',*,*,#6885,.F.);
#6939 = ( GEOMETRIC_REPRESENTATION_CONTEXT(3) 
GLOBAL_UNCERTAINTY_ASSIGNED_CONTEXT((#6943)) 
GLOBAL_UNIT_ASSIGNED_CONTEXT((#6940,#6941,#6942)) REPRESENTATION_CONTEXT
('Context #1','3D Context with UNIT and UNCERTAINTY') );
#6940 = ( LENGTH_UNIT() NAMED_UNIT(*) SI_UNIT(.MILLI.,.METRE.) );
#6941 = ( NAMED_UNIT(*) PLANE_ANGLE_UNIT() SI_UNIT($,.RADIAN.) );
#6942 = ( NAMED_UNIT(*) SI_UNIT($,.STERADIAN.) SOLID_ANGLE_UNIT() );
#6943 = UNCERTAINTY_MEASURE_WITH_UNIT(LENGTH_MEASURE(1.E-07),#6940,
  'distance_accuracy_value','confusion accuracy');
#6944 = CONTEXT_DEPENDENT_SHAPE_REPRESENTATION(#6945,#6947);
#6945 = ( REPRESENTATION_RELATIONSHIP('','',#6264,#10) 
REPRESENTATION_RELATIONSHIP_WITH_TRANSFORMATION(#6946) 
SHAPE_REPRESENTATION_RELATIONSHIP() );
#6946 = ITEM_DEFINED_TRANSFORMATION('','',#11,#79);
#6947 = PRODUCT_DEFINITION_SHAPE('Placement','Placement of an item',
  #6948);
#6948 = NEXT_ASSEMBLY_USAGE_OCCURRENCE('79','Q1','',#5,#6259,$);
#6949 = PRODUCT_RELATED_PRODUCT_CATEGORY('part',$,(#6261));
#6950 = SHAPE_DEFINITION_REPRESENTATION(#6951,#6957);
#6951 = PRODUCT_DEFINITION_SHAPE('','',#6952);
#6952 = PRODUCT_DEFINITION('design','',#6953,#6956);
#6953 = PRODUCT_DEFINITION_FORMATION('','',#6954);
#6954 = PRODUCT('RH1','RH1','',(#6955));
#6955 = PRODUCT_CONTEXT('',#2,'mechanical');
#6956 = PRODUCT_DEFINITION_CONTEXT('part definition',#2,'design');
#6957 = ADVANCED_BREP_SHAPE_REPRESENTATION('',(#11,#6958),#7632);
#6958 = MANIFOLD_SOLID_BREP('',#6959);
#6959 = CLOSED_SHELL('',(#6960,#7080,#7284,#7334,#7388,#7517,#7544,#7571
    ,#7598,#7625));
#6960 = ADVANCED_FACE('',(#6961),#6975,.F.);
#6961 = FACE_BOUND('',#6962,.T.);
#6962 = EDGE_LOOP('',(#6963,#6998,#7026,#7054));
#6963 = ORIENTED_EDGE('',*,*,#6964,.F.);
#6964 = EDGE_CURVE('',#6965,#6967,#6969,.T.);
#6965 = VERTEX_POINT('',#6966);
#6966 = CARTESIAN_POINT('',(-2.536,3.2,1.6));
#6967 = VERTEX_POINT('',#6968);
#6968 = CARTESIAN_POINT('',(-1.064,3.2,1.6));
#6969 = SURFACE_CURVE('',#6970,(#6974,#6986),.PCURVE_S1.);
#6970 = LINE('',#6971,#6972);
#6971 = CARTESIAN_POINT('',(-2.6,3.2,1.6));
#6972 = VECTOR('',#6973,1.);
#6973 = DIRECTION('',(1.,-0.,-0.));
#6974 = PCURVE('',#6975,#6980);
#6975 = PLANE('',#6976);
#6976 = AXIS2_PLACEMENT_3D('',#6977,#6978,#6979);
#6977 = CARTESIAN_POINT('',(-2.6,3.2,1.6));
#6978 = DIRECTION('',(-0.,-1.,-0.));
#6979 = DIRECTION('',(-1.,0.,0.));
#6980 = DEFINITIONAL_REPRESENTATION('',(#6981),#6985);
#6981 = LINE('',#6982,#6983);
#6982 = CARTESIAN_POINT('',(-0.,-0.));
#6983 = VECTOR('',#6984,1.);
#6984 = DIRECTION('',(-1.,-0.));
#6985 = ( GEOMETRIC_REPRESENTATION_CONTEXT(2) 
PARAMETRIC_REPRESENTATION_CONTEXT() REPRESENTATION_CONTEXT('2D SPACE',''
  ) );
#6986 = PCURVE('',#6987,#6992);
#6987 = PLANE('',#6988);
#6988 = AXIS2_PLACEMENT_3D('',#6989,#6990,#6991);
#6989 = CARTESIAN_POINT('',(-1.8,2.8,1.6));
#6990 = DIRECTION('',(-0.,-0.,1.));
#6991 = DIRECTION('',(-1.,0.,0.));
#6992 = DEFINITIONAL_REPRESENTATION('',(#6993),#6997);
#6993 = LINE('',#6994,#6995);
#6994 = CARTESIAN_POINT('',(0.8,-0.4));
#6995 = VECTOR('',#6996,1.);
#6996 = DIRECTION('',(-1.,0.));
#6997 = ( GEOMETRIC_REPRESENTATION_CONTEXT(2) 
PARAMETRIC_REPRESENTATION_CONTEXT() REPRESENTATION_CONTEXT('2D SPACE',''
  ) );
#6998 = ORIENTED_EDGE('',*,*,#6999,.T.);
#6999 = EDGE_CURVE('',#6965,#7000,#7002,.T.);
#7000 = VERTEX_POINT('',#7001);
#7001 = CARTESIAN_POINT('',(-2.536,3.2,2.05));
#7002 = SURFACE_CURVE('',#7003,(#7007,#7014),.PCURVE_S1.);
#7003 = LINE('',#7004,#7005);
#7004 = CARTESIAN_POINT('',(-2.536,3.2,1.6));
#7005 = VECTOR('',#7006,1.);
#7006 = DIRECTION('',(-0.,-0.,1.));
#7007 = PCURVE('',#6975,#7008);
#7008 = DEFINITIONAL_REPRESENTATION('',(#7009),#7013);
#7009 = LINE('',#7010,#7011);
#7010 = CARTESIAN_POINT('',(-6.4E-02,-0.));
#7011 = VECTOR('',#7012,1.);
#7012 = DIRECTION('',(-0.,-1.));
#7013 = ( GEOMETRIC_REPRESENTATION_CONTEXT(2) 
PARAMETRIC_REPRESENTATION_CONTEXT() REPRESENTATION_CONTEXT('2D SPACE',''
  ) );
#7014 = PCURVE('',#7015,#7020);
#7015 = CYLINDRICAL_SURFACE('',#7016,6.4E-02);
#7016 = AXIS2_PLACEMENT_3D('',#7017,#7018,#7019);
#7017 = CARTESIAN_POINT('',(-2.536,3.136,1.6));
#7018 = DIRECTION('',(-0.,-0.,1.));
#7019 = DIRECTION('',(-0.,1.,-0.));
#7020 = DEFINITIONAL_REPRESENTATION('',(#7021),#7025);
#7021 = LINE('',#7022,#7023);
#7022 = CARTESIAN_POINT('',(0.,0.));
#7023 = VECTOR('',#7024,1.);
#7024 = DIRECTION('',(0.,1.));
#7025 = ( GEOMETRIC_REPRESENTATION_CONTEXT(2) 
PARAMETRIC_REPRESENTATION_CONTEXT() REPRESENTATION_CONTEXT('2D SPACE',''
  ) );
#7026 = ORIENTED_EDGE('',*,*,#7027,.T.);
#7027 = EDGE_CURVE('',#7000,#7028,#7030,.T.);
#7028 = VERTEX_POINT('',#7029);
#7029 = CARTESIAN_POINT('',(-1.064,3.2,2.05));
#7030 = SURFACE_CURVE('',#7031,(#7035,#7042),.PCURVE_S1.);
#7031 = LINE('',#7032,#7033);
#7032 = CARTESIAN_POINT('',(-2.6,3.2,2.05));
#7033 = VECTOR('',#7034,1.);
#7034 = DIRECTION('',(1.,-0.,-0.));
#7035 = PCURVE('',#6975,#7036);
#7036 = DEFINITIONAL_REPRESENTATION('',(#7037),#7041);
#7037 = LINE('',#7038,#7039);
#7038 = CARTESIAN_POINT('',(-0.,-0.45));
#7039 = VECTOR('',#7040,1.);
#7040 = DIRECTION('',(-1.,-0.));
#7041 = ( GEOMETRIC_REPRESENTATION_CONTEXT(2) 
PARAMETRIC_REPRESENTATION_CONTEXT() REPRESENTATION_CONTEXT('2D SPACE',''
  ) );
#7042 = PCURVE('',#7043,#7048);
#7043 = PLANE('',#7044);
#7044 = AXIS2_PLACEMENT_3D('',#7045,#7046,#7047);
#7045 = CARTESIAN_POINT('',(-1.8,2.8,2.05));
#7046 = DIRECTION('',(-0.,-0.,1.));
#7047 = DIRECTION('',(-1.,0.,0.));
#7048 = DEFINITIONAL_REPRESENTATION('',(#7049),#7053);
#7049 = LINE('',#7050,#7051);
#7050 = CARTESIAN_POINT('',(0.8,-0.4));
#7051 = VECTOR('',#7052,1.);
#7052 = DIRECTION('',(-1.,0.));
#7053 = ( GEOMETRIC_REPRESENTATION_CONTEXT(2) 
PARAMETRIC_REPRESENTATION_CONTEXT() REPRESENTATION_CONTEXT('2D SPACE',''
  ) );
#7054 = ORIENTED_EDGE('',*,*,#7055,.F.);
#7055 = EDGE_CURVE('',#6967,#7028,#7056,.T.);
#7056 = SURFACE_CURVE('',#7057,(#7061,#7068),.PCURVE_S1.);
#7057 = LINE('',#7058,#7059);
#7058 = CARTESIAN_POINT('',(-1.064,3.2,1.6));
#7059 = VECTOR('',#7060,1.);
#7060 = DIRECTION('',(-0.,-0.,1.));
#7061 = PCURVE('',#6975,#7062);
#7062 = DEFINITIONAL_REPRESENTATION('',(#7063),#7067);
#7063 = LINE('',#7064,#7065);
#7064 = CARTESIAN_POINT('',(-1.536,-0.));
#7065 = VECTOR('',#7066,1.);
#7066 = DIRECTION('',(-0.,-1.));
#7067 = ( GEOMETRIC_REPRESENTATION_CONTEXT(2) 
PARAMETRIC_REPRESENTATION_CONTEXT() REPRESENTATION_CONTEXT('2D SPACE',''
  ) );
#7068 = PCURVE('',#7069,#7074);
#7069 = CYLINDRICAL_SURFACE('',#7070,6.4E-02);
#7070 = AXIS2_PLACEMENT_3D('',#7071,#7072,#7073);
#7071 = CARTESIAN_POINT('',(-1.064,3.136,1.6));
#7072 = DIRECTION('',(-0.,-0.,1.));
#7073 = DIRECTION('',(-0.,1.,-0.));
#7074 = DEFINITIONAL_REPRESENTATION('',(#7075),#7079);
#7075 = LINE('',#7076,#7077);
#7076 = CARTESIAN_POINT('',(-0.,0.));
#7077 = VECTOR('',#7078,1.);
#7078 = DIRECTION('',(-0.,1.));
#7079 = ( GEOMETRIC_REPRESENTATION_CONTEXT(2) 
PARAMETRIC_REPRESENTATION_CONTEXT() REPRESENTATION_CONTEXT('2D SPACE',''
  ) );
#7080 = ADVANCED_FACE('',(#7081),#6987,.F.);
#7081 = FACE_BOUND('',#7082,.T.);
#7082 = EDGE_LOOP('',(#7083,#7084,#7112,#7140,#7173,#7201,#7234,#7262));
#7083 = ORIENTED_EDGE('',*,*,#6964,.T.);
#7084 = ORIENTED_EDGE('',*,*,#7085,.T.);
#7085 = EDGE_CURVE('',#6967,#7086,#7088,.T.);
#7086 = VERTEX_POINT('',#7087);
#7087 = CARTESIAN_POINT('',(-1.,3.136,1.6));
#7088 = SURFACE_CURVE('',#7089,(#7094,#7105),.PCURVE_S1.);
#7089 = CIRCLE('',#7090,6.4E-02);
#7090 = AXIS2_PLACEMENT_3D('',#7091,#7092,#7093);
#7091 = CARTESIAN_POINT('',(-1.064,3.136,1.6));
#7092 = DIRECTION('',(-0.,-0.,-1.));
#7093 = DIRECTION('',(-0.,1.,-0.));
#7094 = PCURVE('',#6987,#7095);
#7095 = DEFINITIONAL_REPRESENTATION('',(#7096),#7104);
#7096 = ( BOUNDED_CURVE() B_SPLINE_CURVE(2,(#7097,#7098,#7099,#7100,
#7101,#7102,#7103),.UNSPECIFIED.,.T.,.F.) B_SPLINE_CURVE_WITH_KNOTS((1,2
    ,2,2,2,1),(-2.094395102393,0.,2.094395102393,4.188790204786,
6.28318530718,8.377580409573),.UNSPECIFIED.) CURVE() 
GEOMETRIC_REPRESENTATION_ITEM() RATIONAL_B_SPLINE_CURVE((1.,0.5,1.,0.5,
1.,0.5,1.)) REPRESENTATION_ITEM('') );
#7097 = CARTESIAN_POINT('',(-0.736,-0.4));
#7098 = CARTESIAN_POINT('',(-0.846851251684,-0.4));
#7099 = CARTESIAN_POINT('',(-0.791425625842,-0.304));
#7100 = CARTESIAN_POINT('',(-0.736,-0.208));
#7101 = CARTESIAN_POINT('',(-0.680574374158,-0.304));
#7102 = CARTESIAN_POINT('',(-0.625148748316,-0.4));
#7103 = CARTESIAN_POINT('',(-0.736,-0.4));
#7104 = ( GEOMETRIC_REPRESENTATION_CONTEXT(2) 
PARAMETRIC_REPRESENTATION_CONTEXT() REPRESENTATION_CONTEXT('2D SPACE',''
  ) );
#7105 = PCURVE('',#7069,#7106);
#7106 = DEFINITIONAL_REPRESENTATION('',(#7107),#7111);
#7107 = LINE('',#7108,#7109);
#7108 = CARTESIAN_POINT('',(-0.,-4.440892098501E-16));
#7109 = VECTOR('',#7110,1.);
#7110 = DIRECTION('',(-1.,0.));
#7111 = ( GEOMETRIC_REPRESENTATION_CONTEXT(2) 
PARAMETRIC_REPRESENTATION_CONTEXT() REPRESENTATION_CONTEXT('2D SPACE',''
  ) );
#7112 = ORIENTED_EDGE('',*,*,#7113,.T.);
#7113 = EDGE_CURVE('',#7086,#7114,#7116,.T.);
#7114 = VERTEX_POINT('',#7115);
#7115 = CARTESIAN_POINT('',(-1.,2.464,1.6));
#7116 = SURFACE_CURVE('',#7117,(#7121,#7128),.PCURVE_S1.);
#7117 = LINE('',#7118,#7119);
#7118 = CARTESIAN_POINT('',(-1.,3.2,1.6));
#7119 = VECTOR('',#7120,1.);
#7120 = DIRECTION('',(-0.,-1.,-0.));
#7121 = PCURVE('',#6987,#7122);
#7122 = DEFINITIONAL_REPRESENTATION('',(#7123),#7127);
#7123 = LINE('',#7124,#7125);
#7124 = CARTESIAN_POINT('',(-0.8,-0.4));
#7125 = VECTOR('',#7126,1.);
#7126 = DIRECTION('',(-0.,1.));
#7127 = ( GEOMETRIC_REPRESENTATION_CONTEXT(2) 
PARAMETRIC_REPRESENTATION_CONTEXT() REPRESENTATION_CONTEXT('2D SPACE',''
  ) );
#7128 = PCURVE('',#7129,#7134);
#7129 = PLANE('',#7130);
#7130 = AXIS2_PLACEMENT_3D('',#7131,#7132,#7133);
#7131 = CARTESIAN_POINT('',(-1.,3.2,1.6));
#7132 = DIRECTION('',(-1.,-0.,-0.));
#7133 = DIRECTION('',(0.,1.,0.));
#7134 = DEFINITIONAL_REPRESENTATION('',(#7135),#7139);
#7135 = LINE('',#7136,#7137);
#7136 = CARTESIAN_POINT('',(-0.,-0.));
#7137 = VECTOR('',#7138,1.);
#7138 = DIRECTION('',(-1.,0.));
#7139 = ( GEOMETRIC_REPRESENTATION_CONTEXT(2) 
PARAMETRIC_REPRESENTATION_CONTEXT() REPRESENTATION_CONTEXT('2D SPACE',''
  ) );
#7140 = ORIENTED_EDGE('',*,*,#7141,.T.);
#7141 = EDGE_CURVE('',#7114,#7142,#7144,.T.);
#7142 = VERTEX_POINT('',#7143);
#7143 = CARTESIAN_POINT('',(-1.064,2.4,1.6));
#7144 = SURFACE_CURVE('',#7145,(#7150,#7161),.PCURVE_S1.);
#7145 = CIRCLE('',#7146,6.4E-02);
#7146 = AXIS2_PLACEMENT_3D('',#7147,#7148,#7149);
#7147 = CARTESIAN_POINT('',(-1.064,2.464,1.6));
#7148 = DIRECTION('',(-0.,-0.,-1.));
#7149 = DIRECTION('',(-0.,1.,-0.));
#7150 = PCURVE('',#6987,#7151);
#7151 = DEFINITIONAL_REPRESENTATION('',(#7152),#7160);
#7152 = ( BOUNDED_CURVE() B_SPLINE_CURVE(2,(#7153,#7154,#7155,#7156,
#7157,#7158,#7159),.UNSPECIFIED.,.T.,.F.) B_SPLINE_CURVE_WITH_KNOTS((1,2
    ,2,2,2,1),(-2.094395102393,0.,2.094395102393,4.188790204786,
6.28318530718,8.377580409573),.UNSPECIFIED.) CURVE() 
GEOMETRIC_REPRESENTATION_ITEM() RATIONAL_B_SPLINE_CURVE((1.,0.5,1.,0.5,
1.,0.5,1.)) REPRESENTATION_ITEM('') );
#7153 = CARTESIAN_POINT('',(-0.736,0.272));
#7154 = CARTESIAN_POINT('',(-0.846851251684,0.272));
#7155 = CARTESIAN_POINT('',(-0.791425625842,0.368));
#7156 = CARTESIAN_POINT('',(-0.736,0.464));
#7157 = CARTESIAN_POINT('',(-0.680574374158,0.368));
#7158 = CARTESIAN_POINT('',(-0.625148748316,0.272));
#7159 = CARTESIAN_POINT('',(-0.736,0.272));
#7160 = ( GEOMETRIC_REPRESENTATION_CONTEXT(2) 
PARAMETRIC_REPRESENTATION_CONTEXT() REPRESENTATION_CONTEXT('2D SPACE',''
  ) );
#7161 = PCURVE('',#7162,#7167);
#7162 = CYLINDRICAL_SURFACE('',#7163,6.4E-02);
#7163 = AXIS2_PLACEMENT_3D('',#7164,#7165,#7166);
#7164 = CARTESIAN_POINT('',(-1.064,2.464,1.6));
#7165 = DIRECTION('',(-0.,-0.,1.));
#7166 = DIRECTION('',(1.,-0.,-0.));
#7167 = DEFINITIONAL_REPRESENTATION('',(#7168),#7172);
#7168 = LINE('',#7169,#7170);
#7169 = CARTESIAN_POINT('',(1.570796326795,-4.440892098501E-16));
#7170 = VECTOR('',#7171,1.);
#7171 = DIRECTION('',(-1.,0.));
#7172 = ( GEOMETRIC_REPRESENTATION_CONTEXT(2) 
PARAMETRIC_REPRESENTATION_CONTEXT() REPRESENTATION_CONTEXT('2D SPACE',''
  ) );
#7173 = ORIENTED_EDGE('',*,*,#7174,.T.);
#7174 = EDGE_CURVE('',#7142,#7175,#7177,.T.);
#7175 = VERTEX_POINT('',#7176);
#7176 = CARTESIAN_POINT('',(-2.536,2.4,1.6));
#7177 = SURFACE_CURVE('',#7178,(#7182,#7189),.PCURVE_S1.);
#7178 = LINE('',#7179,#7180);
#7179 = CARTESIAN_POINT('',(-1.,2.4,1.6));
#7180 = VECTOR('',#7181,1.);
#7181 = DIRECTION('',(-1.,-0.,-0.));
#7182 = PCURVE('',#6987,#7183);
#7183 = DEFINITIONAL_REPRESENTATION('',(#7184),#7188);
#7184 = LINE('',#7185,#7186);
#7185 = CARTESIAN_POINT('',(-0.8,0.4));
#7186 = VECTOR('',#7187,1.);
#7187 = DIRECTION('',(1.,-0.));
#7188 = ( GEOMETRIC_REPRESENTATION_CONTEXT(2) 
PARAMETRIC_REPRESENTATION_CONTEXT() REPRESENTATION_CONTEXT('2D SPACE',''
  ) );
#7189 = PCURVE('',#7190,#7195);
#7190 = PLANE('',#7191);
#7191 = AXIS2_PLACEMENT_3D('',#7192,#7193,#7194);
#7192 = CARTESIAN_POINT('',(-1.,2.4,1.6));
#7193 = DIRECTION('',(-0.,1.,-0.));
#7194 = DIRECTION('',(1.,0.,0.));
#7195 = DEFINITIONAL_REPRESENTATION('',(#7196),#7200);
#7196 = LINE('',#7197,#7198);
#7197 = CARTESIAN_POINT('',(0.,-0.));
#7198 = VECTOR('',#7199,1.);
#7199 = DIRECTION('',(-1.,0.));
#7200 = ( GEOMETRIC_REPRESENTATION_CONTEXT(2) 
PARAMETRIC_REPRESENTATION_CONTEXT() REPRESENTATION_CONTEXT('2D SPACE',''
  ) );
#7201 = ORIENTED_EDGE('',*,*,#7202,.T.);
#7202 = EDGE_CURVE('',#7175,#7203,#7205,.T.);
#7203 = VERTEX_POINT('',#7204);
#7204 = CARTESIAN_POINT('',(-2.6,2.464,1.6));
#7205 = SURFACE_CURVE('',#7206,(#7211,#7222),.PCURVE_S1.);
#7206 = CIRCLE('',#7207,6.4E-02);
#7207 = AXIS2_PLACEMENT_3D('',#7208,#7209,#7210);
#7208 = CARTESIAN_POINT('',(-2.536,2.464,1.6));
#7209 = DIRECTION('',(-0.,-0.,-1.));
#7210 = DIRECTION('',(-0.,1.,-0.));
#7211 = PCURVE('',#6987,#7212);
#7212 = DEFINITIONAL_REPRESENTATION('',(#7213),#7221);
#7213 = ( BOUNDED_CURVE() B_SPLINE_CURVE(2,(#7214,#7215,#7216,#7217,
#7218,#7219,#7220),.UNSPECIFIED.,.T.,.F.) B_SPLINE_CURVE_WITH_KNOTS((1,2
    ,2,2,2,1),(-2.094395102393,0.,2.094395102393,4.188790204786,
6.28318530718,8.377580409573),.UNSPECIFIED.) CURVE() 
GEOMETRIC_REPRESENTATION_ITEM() RATIONAL_B_SPLINE_CURVE((1.,0.5,1.,0.5,
1.,0.5,1.)) REPRESENTATION_ITEM('') );
#7214 = CARTESIAN_POINT('',(0.736,0.272));
#7215 = CARTESIAN_POINT('',(0.625148748316,0.272));
#7216 = CARTESIAN_POINT('',(0.680574374158,0.368));
#7217 = CARTESIAN_POINT('',(0.736,0.464));
#7218 = CARTESIAN_POINT('',(0.791425625842,0.368));
#7219 = CARTESIAN_POINT('',(0.846851251684,0.272));
#7220 = CARTESIAN_POINT('',(0.736,0.272));
#7221 = ( GEOMETRIC_REPRESENTATION_CONTEXT(2) 
PARAMETRIC_REPRESENTATION_CONTEXT() REPRESENTATION_CONTEXT('2D SPACE',''
  ) );
#7222 = PCURVE('',#7223,#7228);
#7223 = CYLINDRICAL_SURFACE('',#7224,6.4E-02);
#7224 = AXIS2_PLACEMENT_3D('',#7225,#7226,#7227);
#7225 = CARTESIAN_POINT('',(-2.536,2.464,1.6));
#7226 = DIRECTION('',(-0.,-0.,1.));
#7227 = DIRECTION('',(-0.,-1.,-0.));
#7228 = DEFINITIONAL_REPRESENTATION('',(#7229),#7233);
#7229 = LINE('',#7230,#7231);
#7230 = CARTESIAN_POINT('',(3.14159265359,-4.440892098501E-16));
#7231 = VECTOR('',#7232,1.);
#7232 = DIRECTION('',(-1.,0.));
#7233 = ( GEOMETRIC_REPRESENTATION_CONTEXT(2) 
PARAMETRIC_REPRESENTATION_CONTEXT() REPRESENTATION_CONTEXT('2D SPACE',''
  ) );
#7234 = ORIENTED_EDGE('',*,*,#7235,.T.);
#7235 = EDGE_CURVE('',#7203,#7236,#7238,.T.);
#7236 = VERTEX_POINT('',#7237);
#7237 = CARTESIAN_POINT('',(-2.6,3.136,1.6));
#7238 = SURFACE_CURVE('',#7239,(#7243,#7250),.PCURVE_S1.);
#7239 = LINE('',#7240,#7241);
#7240 = CARTESIAN_POINT('',(-2.6,2.4,1.6));
#7241 = VECTOR('',#7242,1.);
#7242 = DIRECTION('',(-0.,1.,-0.));
#7243 = PCURVE('',#6987,#7244);
#7244 = DEFINITIONAL_REPRESENTATION('',(#7245),#7249);
#7245 = LINE('',#7246,#7247);
#7246 = CARTESIAN_POINT('',(0.8,0.4));
#7247 = VECTOR('',#7248,1.);
#7248 = DIRECTION('',(-0.,-1.));
#7249 = ( GEOMETRIC_REPRESENTATION_CONTEXT(2) 
PARAMETRIC_REPRESENTATION_CONTEXT() REPRESENTATION_CONTEXT('2D SPACE',''
  ) );
#7250 = PCURVE('',#7251,#7256);
#7251 = PLANE('',#7252);
#7252 = AXIS2_PLACEMENT_3D('',#7253,#7254,#7255);
#7253 = CARTESIAN_POINT('',(-2.6,2.4,1.6));
#7254 = DIRECTION('',(1.,-0.,-0.));
#7255 = DIRECTION('',(0.,-1.,0.));
#7256 = DEFINITIONAL_REPRESENTATION('',(#7257),#7261);
#7257 = LINE('',#7258,#7259);
#7258 = CARTESIAN_POINT('',(-0.,0.));
#7259 = VECTOR('',#7260,1.);
#7260 = DIRECTION('',(-1.,-0.));
#7261 = ( GEOMETRIC_REPRESENTATION_CONTEXT(2) 
PARAMETRIC_REPRESENTATION_CONTEXT() REPRESENTATION_CONTEXT('2D SPACE',''
  ) );
#7262 = ORIENTED_EDGE('',*,*,#7263,.F.);
#7263 = EDGE_CURVE('',#6965,#7236,#7264,.T.);
#7264 = SURFACE_CURVE('',#7265,(#7270,#7277),.PCURVE_S1.);
#7265 = CIRCLE('',#7266,6.4E-02);
#7266 = AXIS2_PLACEMENT_3D('',#7267,#7268,#7269);
#7267 = CARTESIAN_POINT('',(-2.536,3.136,1.6));
#7268 = DIRECTION('',(-0.,0.,1.));
#7269 = DIRECTION('',(-0.,1.,-0.));
#7270 = PCURVE('',#6987,#7271);
#7271 = DEFINITIONAL_REPRESENTATION('',(#7272),#7276);
#7272 = CIRCLE('',#7273,6.4E-02);
#7273 = AXIS2_PLACEMENT_2D('',#7274,#7275);
#7274 = CARTESIAN_POINT('',(0.736,-0.336));
#7275 = DIRECTION('',(-0.,-1.));
#7276 = ( GEOMETRIC_REPRESENTATION_CONTEXT(2) 
PARAMETRIC_REPRESENTATION_CONTEXT() REPRESENTATION_CONTEXT('2D SPACE',''
  ) );
#7277 = PCURVE('',#7015,#7278);
#7278 = DEFINITIONAL_REPRESENTATION('',(#7279),#7283);
#7279 = LINE('',#7280,#7281);
#7280 = CARTESIAN_POINT('',(0.,-4.440892098501E-16));
#7281 = VECTOR('',#7282,1.);
#7282 = DIRECTION('',(1.,0.));
#7283 = ( GEOMETRIC_REPRESENTATION_CONTEXT(2) 
PARAMETRIC_REPRESENTATION_CONTEXT() REPRESENTATION_CONTEXT('2D SPACE',''
  ) );
#7284 = ADVANCED_FACE('',(#7285),#7015,.T.);
#7285 = FACE_BOUND('',#7286,.T.);
#7286 = EDGE_LOOP('',(#7287,#7288,#7311,#7333));
#7287 = ORIENTED_EDGE('',*,*,#7263,.T.);
#7288 = ORIENTED_EDGE('',*,*,#7289,.T.);
#7289 = EDGE_CURVE('',#7236,#7290,#7292,.T.);
#7290 = VERTEX_POINT('',#7291);
#7291 = CARTESIAN_POINT('',(-2.6,3.136,2.05));
#7292 = SURFACE_CURVE('',#7293,(#7297,#7304),.PCURVE_S1.);
#7293 = LINE('',#7294,#7295);
#7294 = CARTESIAN_POINT('',(-2.6,3.136,1.6));
#7295 = VECTOR('',#7296,1.);
#7296 = DIRECTION('',(-0.,-0.,1.));
#7297 = PCURVE('',#7015,#7298);
#7298 = DEFINITIONAL_REPRESENTATION('',(#7299),#7303);
#7299 = LINE('',#7300,#7301);
#7300 = CARTESIAN_POINT('',(1.570796326795,0.));
#7301 = VECTOR('',#7302,1.);
#7302 = DIRECTION('',(0.,1.));
#7303 = ( GEOMETRIC_REPRESENTATION_CONTEXT(2) 
PARAMETRIC_REPRESENTATION_CONTEXT() REPRESENTATION_CONTEXT('2D SPACE',''
  ) );
#7304 = PCURVE('',#7251,#7305);
#7305 = DEFINITIONAL_REPRESENTATION('',(#7306),#7310);
#7306 = LINE('',#7307,#7308);
#7307 = CARTESIAN_POINT('',(-0.736,0.));
#7308 = VECTOR('',#7309,1.);
#7309 = DIRECTION('',(-0.,-1.));
#7310 = ( GEOMETRIC_REPRESENTATION_CONTEXT(2) 
PARAMETRIC_REPRESENTATION_CONTEXT() REPRESENTATION_CONTEXT('2D SPACE',''
  ) );
#7311 = ORIENTED_EDGE('',*,*,#7312,.F.);
#7312 = EDGE_CURVE('',#7000,#7290,#7313,.T.);
#7313 = SURFACE_CURVE('',#7314,(#7319,#7326),.PCURVE_S1.);
#7314 = CIRCLE('',#7315,6.4E-02);
#7315 = AXIS2_PLACEMENT_3D('',#7316,#7317,#7318);
#7316 = CARTESIAN_POINT('',(-2.536,3.136,2.05));
#7317 = DIRECTION('',(-0.,0.,1.));
#7318 = DIRECTION('',(-0.,1.,-0.));
#7319 = PCURVE('',#7015,#7320);
#7320 = DEFINITIONAL_REPRESENTATION('',(#7321),#7325);
#7321 = LINE('',#7322,#7323);
#7322 = CARTESIAN_POINT('',(0.,0.45));
#7323 = VECTOR('',#7324,1.);
#7324 = DIRECTION('',(1.,0.));
#7325 = ( GEOMETRIC_REPRESENTATION_CONTEXT(2) 
PARAMETRIC_REPRESENTATION_CONTEXT() REPRESENTATION_CONTEXT('2D SPACE',''
  ) );
#7326 = PCURVE('',#7043,#7327);
#7327 = DEFINITIONAL_REPRESENTATION('',(#7328),#7332);
#7328 = CIRCLE('',#7329,6.4E-02);
#7329 = AXIS2_PLACEMENT_2D('',#7330,#7331);
#7330 = CARTESIAN_POINT('',(0.736,-0.336));
#7331 = DIRECTION('',(-0.,-1.));
#7332 = ( GEOMETRIC_REPRESENTATION_CONTEXT(2) 
PARAMETRIC_REPRESENTATION_CONTEXT() REPRESENTATION_CONTEXT('2D SPACE',''
  ) );
#7333 = ORIENTED_EDGE('',*,*,#6999,.F.);
#7334 = ADVANCED_FACE('',(#7335),#7069,.T.);
#7335 = FACE_BOUND('',#7336,.F.);
#7336 = EDGE_LOOP('',(#7337,#7338,#7361,#7387));
#7337 = ORIENTED_EDGE('',*,*,#7085,.T.);
#7338 = ORIENTED_EDGE('',*,*,#7339,.T.);
#7339 = EDGE_CURVE('',#7086,#7340,#7342,.T.);
#7340 = VERTEX_POINT('',#7341);
#7341 = CARTESIAN_POINT('',(-1.,3.136,2.05));
#7342 = SURFACE_CURVE('',#7343,(#7347,#7354),.PCURVE_S1.);
#7343 = LINE('',#7344,#7345);
#7344 = CARTESIAN_POINT('',(-1.,3.136,1.6));
#7345 = VECTOR('',#7346,1.);
#7346 = DIRECTION('',(-0.,-0.,1.));
#7347 = PCURVE('',#7069,#7348);
#7348 = DEFINITIONAL_REPRESENTATION('',(#7349),#7353);
#7349 = LINE('',#7350,#7351);
#7350 = CARTESIAN_POINT('',(-1.570796326795,0.));
#7351 = VECTOR('',#7352,1.);
#7352 = DIRECTION('',(-0.,1.));
#7353 = ( GEOMETRIC_REPRESENTATION_CONTEXT(2) 
PARAMETRIC_REPRESENTATION_CONTEXT() REPRESENTATION_CONTEXT('2D SPACE',''
  ) );
#7354 = PCURVE('',#7129,#7355);
#7355 = DEFINITIONAL_REPRESENTATION('',(#7356),#7360);
#7356 = LINE('',#7357,#7358);
#7357 = CARTESIAN_POINT('',(-6.4E-02,0.));
#7358 = VECTOR('',#7359,1.);
#7359 = DIRECTION('',(-0.,-1.));
#7360 = ( GEOMETRIC_REPRESENTATION_CONTEXT(2) 
PARAMETRIC_REPRESENTATION_CONTEXT() REPRESENTATION_CONTEXT('2D SPACE',''
  ) );
#7361 = ORIENTED_EDGE('',*,*,#7362,.F.);
#7362 = EDGE_CURVE('',#7028,#7340,#7363,.T.);
#7363 = SURFACE_CURVE('',#7364,(#7369,#7376),.PCURVE_S1.);
#7364 = CIRCLE('',#7365,6.4E-02);
#7365 = AXIS2_PLACEMENT_3D('',#7366,#7367,#7368);
#7366 = CARTESIAN_POINT('',(-1.064,3.136,2.05));
#7367 = DIRECTION('',(-0.,-0.,-1.));
#7368 = DIRECTION('',(-0.,1.,-0.));
#7369 = PCURVE('',#7069,#7370);
#7370 = DEFINITIONAL_REPRESENTATION('',(#7371),#7375);
#7371 = LINE('',#7372,#7373);
#7372 = CARTESIAN_POINT('',(-0.,0.45));
#7373 = VECTOR('',#7374,1.);
#7374 = DIRECTION('',(-1.,0.));
#7375 = ( GEOMETRIC_REPRESENTATION_CONTEXT(2) 
PARAMETRIC_REPRESENTATION_CONTEXT() REPRESENTATION_CONTEXT('2D SPACE',''
  ) );
#7376 = PCURVE('',#7043,#7377);
#7377 = DEFINITIONAL_REPRESENTATION('',(#7378),#7386);
#7378 = ( BOUNDED_CURVE() B_SPLINE_CURVE(2,(#7379,#7380,#7381,#7382,
#7383,#7384,#7385),.UNSPECIFIED.,.T.,.F.) B_SPLINE_CURVE_WITH_KNOTS((1,2
    ,2,2,2,1),(-2.094395102393,0.,2.094395102393,4.188790204786,
6.28318530718,8.377580409573),.UNSPECIFIED.) CURVE() 
GEOMETRIC_REPRESENTATION_ITEM() RATIONAL_B_SPLINE_CURVE((1.,0.5,1.,0.5,
1.,0.5,1.)) REPRESENTATION_ITEM('') );
#7379 = CARTESIAN_POINT('',(-0.736,-0.4));
#7380 = CARTESIAN_POINT('',(-0.846851251684,-0.4));
#7381 = CARTESIAN_POINT('',(-0.791425625842,-0.304));
#7382 = CARTESIAN_POINT('',(-0.736,-0.208));
#7383 = CARTESIAN_POINT('',(-0.680574374158,-0.304));
#7384 = CARTESIAN_POINT('',(-0.625148748316,-0.4));
#7385 = CARTESIAN_POINT('',(-0.736,-0.4));
#7386 = ( GEOMETRIC_REPRESENTATION_CONTEXT(2) 
PARAMETRIC_REPRESENTATION_CONTEXT() REPRESENTATION_CONTEXT('2D SPACE',''
  ) );
#7387 = ORIENTED_EDGE('',*,*,#7055,.F.);
#7388 = ADVANCED_FACE('',(#7389),#7043,.T.);
#7389 = FACE_BOUND('',#7390,.F.);
#7390 = EDGE_LOOP('',(#7391,#7392,#7393,#7416,#7444,#7467,#7495,#7516));
#7391 = ORIENTED_EDGE('',*,*,#7027,.T.);
#7392 = ORIENTED_EDGE('',*,*,#7362,.T.);
#7393 = ORIENTED_EDGE('',*,*,#7394,.T.);
#7394 = EDGE_CURVE('',#7340,#7395,#7397,.T.);
#7395 = VERTEX_POINT('',#7396);
#7396 = CARTESIAN_POINT('',(-1.,2.464,2.05));
#7397 = SURFACE_CURVE('',#7398,(#7402,#7409),.PCURVE_S1.);
#7398 = LINE('',#7399,#7400);
#7399 = CARTESIAN_POINT('',(-1.,3.2,2.05));
#7400 = VECTOR('',#7401,1.);
#7401 = DIRECTION('',(-0.,-1.,-0.));
#7402 = PCURVE('',#7043,#7403);
#7403 = DEFINITIONAL_REPRESENTATION('',(#7404),#7408);
#7404 = LINE('',#7405,#7406);
#7405 = CARTESIAN_POINT('',(-0.8,-0.4));
#7406 = VECTOR('',#7407,1.);
#7407 = DIRECTION('',(-0.,1.));
#7408 = ( GEOMETRIC_REPRESENTATION_CONTEXT(2) 
PARAMETRIC_REPRESENTATION_CONTEXT() REPRESENTATION_CONTEXT('2D SPACE',''
  ) );
#7409 = PCURVE('',#7129,#7410);
#7410 = DEFINITIONAL_REPRESENTATION('',(#7411),#7415);
#7411 = LINE('',#7412,#7413);
#7412 = CARTESIAN_POINT('',(-0.,-0.45));
#7413 = VECTOR('',#7414,1.);
#7414 = DIRECTION('',(-1.,0.));
#7415 = ( GEOMETRIC_REPRESENTATION_CONTEXT(2) 
PARAMETRIC_REPRESENTATION_CONTEXT() REPRESENTATION_CONTEXT('2D SPACE',''
  ) );
#7416 = ORIENTED_EDGE('',*,*,#7417,.T.);
#7417 = EDGE_CURVE('',#7395,#7418,#7420,.T.);
#7418 = VERTEX_POINT('',#7419);
#7419 = CARTESIAN_POINT('',(-1.064,2.4,2.05));
#7420 = SURFACE_CURVE('',#7421,(#7426,#7437),.PCURVE_S1.);
#7421 = CIRCLE('',#7422,6.4E-02);
#7422 = AXIS2_PLACEMENT_3D('',#7423,#7424,#7425);
#7423 = CARTESIAN_POINT('',(-1.064,2.464,2.05));
#7424 = DIRECTION('',(-0.,-0.,-1.));
#7425 = DIRECTION('',(-0.,1.,-0.));
#7426 = PCURVE('',#7043,#7427);
#7427 = DEFINITIONAL_REPRESENTATION('',(#7428),#7436);
#7428 = ( BOUNDED_CURVE() B_SPLINE_CURVE(2,(#7429,#7430,#7431,#7432,
#7433,#7434,#7435),.UNSPECIFIED.,.T.,.F.) B_SPLINE_CURVE_WITH_KNOTS((1,2
    ,2,2,2,1),(-2.094395102393,0.,2.094395102393,4.188790204786,
6.28318530718,8.377580409573),.UNSPECIFIED.) CURVE() 
GEOMETRIC_REPRESENTATION_ITEM() RATIONAL_B_SPLINE_CURVE((1.,0.5,1.,0.5,
1.,0.5,1.)) REPRESENTATION_ITEM('') );
#7429 = CARTESIAN_POINT('',(-0.736,0.272));
#7430 = CARTESIAN_POINT('',(-0.846851251684,0.272));
#7431 = CARTESIAN_POINT('',(-0.791425625842,0.368));
#7432 = CARTESIAN_POINT('',(-0.736,0.464));
#7433 = CARTESIAN_POINT('',(-0.680574374158,0.368));
#7434 = CARTESIAN_POINT('',(-0.625148748316,0.272));
#7435 = CARTESIAN_POINT('',(-0.736,0.272));
#7436 = ( GEOMETRIC_REPRESENTATION_CONTEXT(2) 
PARAMETRIC_REPRESENTATION_CONTEXT() REPRESENTATION_CONTEXT('2D SPACE',''
  ) );
#7437 = PCURVE('',#7162,#7438);
#7438 = DEFINITIONAL_REPRESENTATION('',(#7439),#7443);
#7439 = LINE('',#7440,#7441);
#7440 = CARTESIAN_POINT('',(1.570796326795,0.45));
#7441 = VECTOR('',#7442,1.);
#7442 = DIRECTION('',(-1.,0.));
#7443 = ( GEOMETRIC_REPRESENTATION_CONTEXT(2) 
PARAMETRIC_REPRESENTATION_CONTEXT() REPRESENTATION_CONTEXT('2D SPACE',''
  ) );
#7444 = ORIENTED_EDGE('',*,*,#7445,.T.);
#7445 = EDGE_CURVE('',#7418,#7446,#7448,.T.);
#7446 = VERTEX_POINT('',#7447);
#7447 = CARTESIAN_POINT('',(-2.536,2.4,2.05));
#7448 = SURFACE_CURVE('',#7449,(#7453,#7460),.PCURVE_S1.);
#7449 = LINE('',#7450,#7451);
#7450 = CARTESIAN_POINT('',(-1.,2.4,2.05));
#7451 = VECTOR('',#7452,1.);
#7452 = DIRECTION('',(-1.,-0.,-0.));
#7453 = PCURVE('',#7043,#7454);
#7454 = DEFINITIONAL_REPRESENTATION('',(#7455),#7459);
#7455 = LINE('',#7456,#7457);
#7456 = CARTESIAN_POINT('',(-0.8,0.4));
#7457 = VECTOR('',#7458,1.);
#7458 = DIRECTION('',(1.,-0.));
#7459 = ( GEOMETRIC_REPRESENTATION_CONTEXT(2) 
PARAMETRIC_REPRESENTATION_CONTEXT() REPRESENTATION_CONTEXT('2D SPACE',''
  ) );
#7460 = PCURVE('',#7190,#7461);
#7461 = DEFINITIONAL_REPRESENTATION('',(#7462),#7466);
#7462 = LINE('',#7463,#7464);
#7463 = CARTESIAN_POINT('',(-0.,-0.45));
#7464 = VECTOR('',#7465,1.);
#7465 = DIRECTION('',(-1.,0.));
#7466 = ( GEOMETRIC_REPRESENTATION_CONTEXT(2) 
PARAMETRIC_REPRESENTATION_CONTEXT() REPRESENTATION_CONTEXT('2D SPACE',''
  ) );
#7467 = ORIENTED_EDGE('',*,*,#7468,.T.);
#7468 = EDGE_CURVE('',#7446,#7469,#7471,.T.);
#7469 = VERTEX_POINT('',#7470);
#7470 = CARTESIAN_POINT('',(-2.6,2.464,2.05));
#7471 = SURFACE_CURVE('',#7472,(#7477,#7488),.PCURVE_S1.);
#7472 = CIRCLE('',#7473,6.4E-02);
#7473 = AXIS2_PLACEMENT_3D('',#7474,#7475,#7476);
#7474 = CARTESIAN_POINT('',(-2.536,2.464,2.05));
#7475 = DIRECTION('',(-0.,-0.,-1.));
#7476 = DIRECTION('',(-0.,1.,-0.));
#7477 = PCURVE('',#7043,#7478);
#7478 = DEFINITIONAL_REPRESENTATION('',(#7479),#7487);
#7479 = ( BOUNDED_CURVE() B_SPLINE_CURVE(2,(#7480,#7481,#7482,#7483,
#7484,#7485,#7486),.UNSPECIFIED.,.T.,.F.) B_SPLINE_CURVE_WITH_KNOTS((1,2
    ,2,2,2,1),(-2.094395102393,0.,2.094395102393,4.188790204786,
6.28318530718,8.377580409573),.UNSPECIFIED.) CURVE() 
GEOMETRIC_REPRESENTATION_ITEM() RATIONAL_B_SPLINE_CURVE((1.,0.5,1.,0.5,
1.,0.5,1.)) REPRESENTATION_ITEM('') );
#7480 = CARTESIAN_POINT('',(0.736,0.272));
#7481 = CARTESIAN_POINT('',(0.625148748316,0.272));
#7482 = CARTESIAN_POINT('',(0.680574374158,0.368));
#7483 = CARTESIAN_POINT('',(0.736,0.464));
#7484 = CARTESIAN_POINT('',(0.791425625842,0.368));
#7485 = CARTESIAN_POINT('',(0.846851251684,0.272));
#7486 = CARTESIAN_POINT('',(0.736,0.272));
#7487 = ( GEOMETRIC_REPRESENTATION_CONTEXT(2) 
PARAMETRIC_REPRESENTATION_CONTEXT() REPRESENTATION_CONTEXT('2D SPACE',''
  ) );
#7488 = PCURVE('',#7223,#7489);
#7489 = DEFINITIONAL_REPRESENTATION('',(#7490),#7494);
#7490 = LINE('',#7491,#7492);
#7491 = CARTESIAN_POINT('',(3.14159265359,0.45));
#7492 = VECTOR('',#7493,1.);
#7493 = DIRECTION('',(-1.,0.));
#7494 = ( GEOMETRIC_REPRESENTATION_CONTEXT(2) 
PARAMETRIC_REPRESENTATION_CONTEXT() REPRESENTATION_CONTEXT('2D SPACE',''
  ) );
#7495 = ORIENTED_EDGE('',*,*,#7496,.T.);
#7496 = EDGE_CURVE('',#7469,#7290,#7497,.T.);
#7497 = SURFACE_CURVE('',#7498,(#7502,#7509),.PCURVE_S1.);
#7498 = LINE('',#7499,#7500);
#7499 = CARTESIAN_POINT('',(-2.6,2.4,2.05));
#7500 = VECTOR('',#7501,1.);
#7501 = DIRECTION('',(-0.,1.,-0.));
#7502 = PCURVE('',#7043,#7503);
#7503 = DEFINITIONAL_REPRESENTATION('',(#7504),#7508);
#7504 = LINE('',#7505,#7506);
#7505 = CARTESIAN_POINT('',(0.8,0.4));
#7506 = VECTOR('',#7507,1.);
#7507 = DIRECTION('',(-0.,-1.));
#7508 = ( GEOMETRIC_REPRESENTATION_CONTEXT(2) 
PARAMETRIC_REPRESENTATION_CONTEXT() REPRESENTATION_CONTEXT('2D SPACE',''
  ) );
#7509 = PCURVE('',#7251,#7510);
#7510 = DEFINITIONAL_REPRESENTATION('',(#7511),#7515);
#7511 = LINE('',#7512,#7513);
#7512 = CARTESIAN_POINT('',(-0.,-0.45));
#7513 = VECTOR('',#7514,1.);
#7514 = DIRECTION('',(-1.,-0.));
#7515 = ( GEOMETRIC_REPRESENTATION_CONTEXT(2) 
PARAMETRIC_REPRESENTATION_CONTEXT() REPRESENTATION_CONTEXT('2D SPACE',''
  ) );
#7516 = ORIENTED_EDGE('',*,*,#7312,.F.);
#7517 = ADVANCED_FACE('',(#7518),#7251,.F.);
#7518 = FACE_BOUND('',#7519,.T.);
#7519 = EDGE_LOOP('',(#7520,#7521,#7542,#7543));
#7520 = ORIENTED_EDGE('',*,*,#7235,.F.);
#7521 = ORIENTED_EDGE('',*,*,#7522,.T.);
#7522 = EDGE_CURVE('',#7203,#7469,#7523,.T.);
#7523 = SURFACE_CURVE('',#7524,(#7528,#7535),.PCURVE_S1.);
#7524 = LINE('',#7525,#7526);
#7525 = CARTESIAN_POINT('',(-2.6,2.464,1.6));
#7526 = VECTOR('',#7527,1.);
#7527 = DIRECTION('',(-0.,-0.,1.));
#7528 = PCURVE('',#7251,#7529);
#7529 = DEFINITIONAL_REPRESENTATION('',(#7530),#7534);
#7530 = LINE('',#7531,#7532);
#7531 = CARTESIAN_POINT('',(-6.4E-02,0.));
#7532 = VECTOR('',#7533,1.);
#7533 = DIRECTION('',(-0.,-1.));
#7534 = ( GEOMETRIC_REPRESENTATION_CONTEXT(2) 
PARAMETRIC_REPRESENTATION_CONTEXT() REPRESENTATION_CONTEXT('2D SPACE',''
  ) );
#7535 = PCURVE('',#7223,#7536);
#7536 = DEFINITIONAL_REPRESENTATION('',(#7537),#7541);
#7537 = LINE('',#7538,#7539);
#7538 = CARTESIAN_POINT('',(-1.570796326795,0.));
#7539 = VECTOR('',#7540,1.);
#7540 = DIRECTION('',(-0.,1.));
#7541 = ( GEOMETRIC_REPRESENTATION_CONTEXT(2) 
PARAMETRIC_REPRESENTATION_CONTEXT() REPRESENTATION_CONTEXT('2D SPACE',''
  ) );
#7542 = ORIENTED_EDGE('',*,*,#7496,.T.);
#7543 = ORIENTED_EDGE('',*,*,#7289,.F.);
#7544 = ADVANCED_FACE('',(#7545),#7129,.F.);
#7545 = FACE_BOUND('',#7546,.T.);
#7546 = EDGE_LOOP('',(#7547,#7548,#7549,#7550));
#7547 = ORIENTED_EDGE('',*,*,#7113,.F.);
#7548 = ORIENTED_EDGE('',*,*,#7339,.T.);
#7549 = ORIENTED_EDGE('',*,*,#7394,.T.);
#7550 = ORIENTED_EDGE('',*,*,#7551,.F.);
#7551 = EDGE_CURVE('',#7114,#7395,#7552,.T.);
#7552 = SURFACE_CURVE('',#7553,(#7557,#7564),.PCURVE_S1.);
#7553 = LINE('',#7554,#7555);
#7554 = CARTESIAN_POINT('',(-1.,2.464,1.6));
#7555 = VECTOR('',#7556,1.);
#7556 = DIRECTION('',(-0.,-0.,1.));
#7557 = PCURVE('',#7129,#7558);
#7558 = DEFINITIONAL_REPRESENTATION('',(#7559),#7563);
#7559 = LINE('',#7560,#7561);
#7560 = CARTESIAN_POINT('',(-0.736,0.));
#7561 = VECTOR('',#7562,1.);
#7562 = DIRECTION('',(-0.,-1.));
#7563 = ( GEOMETRIC_REPRESENTATION_CONTEXT(2) 
PARAMETRIC_REPRESENTATION_CONTEXT() REPRESENTATION_CONTEXT('2D SPACE',''
  ) );
#7564 = PCURVE('',#7162,#7565);
#7565 = DEFINITIONAL_REPRESENTATION('',(#7566),#7570);
#7566 = LINE('',#7567,#7568);
#7567 = CARTESIAN_POINT('',(-0.,0.));
#7568 = VECTOR('',#7569,1.);
#7569 = DIRECTION('',(-0.,1.));
#7570 = ( GEOMETRIC_REPRESENTATION_CONTEXT(2) 
PARAMETRIC_REPRESENTATION_CONTEXT() REPRESENTATION_CONTEXT('2D SPACE',''
  ) );
#7571 = ADVANCED_FACE('',(#7572),#7223,.T.);
#7572 = FACE_BOUND('',#7573,.F.);
#7573 = EDGE_LOOP('',(#7574,#7575,#7576,#7577));
#7574 = ORIENTED_EDGE('',*,*,#7202,.T.);
#7575 = ORIENTED_EDGE('',*,*,#7522,.T.);
#7576 = ORIENTED_EDGE('',*,*,#7468,.F.);
#7577 = ORIENTED_EDGE('',*,*,#7578,.F.);
#7578 = EDGE_CURVE('',#7175,#7446,#7579,.T.);
#7579 = SURFACE_CURVE('',#7580,(#7584,#7591),.PCURVE_S1.);
#7580 = LINE('',#7581,#7582);
#7581 = CARTESIAN_POINT('',(-2.536,2.4,1.6));
#7582 = VECTOR('',#7583,1.);
#7583 = DIRECTION('',(-0.,-0.,1.));
#7584 = PCURVE('',#7223,#7585);
#7585 = DEFINITIONAL_REPRESENTATION('',(#7586),#7590);
#7586 = LINE('',#7587,#7588);
#7587 = CARTESIAN_POINT('',(-0.,0.));
#7588 = VECTOR('',#7589,1.);
#7589 = DIRECTION('',(-0.,1.));
#7590 = ( GEOMETRIC_REPRESENTATION_CONTEXT(2) 
PARAMETRIC_REPRESENTATION_CONTEXT() REPRESENTATION_CONTEXT('2D SPACE',''
  ) );
#7591 = PCURVE('',#7190,#7592);
#7592 = DEFINITIONAL_REPRESENTATION('',(#7593),#7597);
#7593 = LINE('',#7594,#7595);
#7594 = CARTESIAN_POINT('',(-1.536,0.));
#7595 = VECTOR('',#7596,1.);
#7596 = DIRECTION('',(-0.,-1.));
#7597 = ( GEOMETRIC_REPRESENTATION_CONTEXT(2) 
PARAMETRIC_REPRESENTATION_CONTEXT() REPRESENTATION_CONTEXT('2D SPACE',''
  ) );
#7598 = ADVANCED_FACE('',(#7599),#7162,.T.);
#7599 = FACE_BOUND('',#7600,.F.);
#7600 = EDGE_LOOP('',(#7601,#7602,#7623,#7624));
#7601 = ORIENTED_EDGE('',*,*,#7141,.T.);
#7602 = ORIENTED_EDGE('',*,*,#7603,.T.);
#7603 = EDGE_CURVE('',#7142,#7418,#7604,.T.);
#7604 = SURFACE_CURVE('',#7605,(#7609,#7616),.PCURVE_S1.);
#7605 = LINE('',#7606,#7607);
#7606 = CARTESIAN_POINT('',(-1.064,2.4,1.6));
#7607 = VECTOR('',#7608,1.);
#7608 = DIRECTION('',(-0.,-0.,1.));
#7609 = PCURVE('',#7162,#7610);
#7610 = DEFINITIONAL_REPRESENTATION('',(#7611),#7615);
#7611 = LINE('',#7612,#7613);
#7612 = CARTESIAN_POINT('',(-1.570796326795,0.));
#7613 = VECTOR('',#7614,1.);
#7614 = DIRECTION('',(-0.,1.));
#7615 = ( GEOMETRIC_REPRESENTATION_CONTEXT(2) 
PARAMETRIC_REPRESENTATION_CONTEXT() REPRESENTATION_CONTEXT('2D SPACE',''
  ) );
#7616 = PCURVE('',#7190,#7617);
#7617 = DEFINITIONAL_REPRESENTATION('',(#7618),#7622);
#7618 = LINE('',#7619,#7620);
#7619 = CARTESIAN_POINT('',(-6.4E-02,0.));
#7620 = VECTOR('',#7621,1.);
#7621 = DIRECTION('',(-0.,-1.));
#7622 = ( GEOMETRIC_REPRESENTATION_CONTEXT(2) 
PARAMETRIC_REPRESENTATION_CONTEXT() REPRESENTATION_CONTEXT('2D SPACE',''
  ) );
#7623 = ORIENTED_EDGE('',*,*,#7417,.F.);
#7624 = ORIENTED_EDGE('',*,*,#7551,.F.);
#7625 = ADVANCED_FACE('',(#7626),#7190,.F.);
#7626 = FACE_BOUND('',#7627,.T.);
#7627 = EDGE_LOOP('',(#7628,#7629,#7630,#7631));
#7628 = ORIENTED_EDGE('',*,*,#7174,.F.);
#7629 = ORIENTED_EDGE('',*,*,#7603,.T.);
#7630 = ORIENTED_EDGE('',*,*,#7445,.T.);
#7631 = ORIENTED_EDGE('',*,*,#7578,.F.);
#7632 = ( GEOMETRIC_REPRESENTATION_CONTEXT(3) 
GLOBAL_UNCERTAINTY_ASSIGNED_CONTEXT((#7636)) 
GLOBAL_UNIT_ASSIGNED_CONTEXT((#7633,#7634,#7635)) REPRESENTATION_CONTEXT
('Context #1','3D Context with UNIT and UNCERTAINTY') );
#7633 = ( LENGTH_UNIT() NAMED_UNIT(*) SI_UNIT(.MILLI.,.METRE.) );
#7634 = ( NAMED_UNIT(*) PLANE_ANGLE_UNIT() SI_UNIT($,.RADIAN.) );
#7635 = ( NAMED_UNIT(*) SI_UNIT($,.STERADIAN.) SOLID_ANGLE_UNIT() );
#7636 = UNCERTAINTY_MEASURE_WITH_UNIT(LENGTH_MEASURE(1.E-07),#7633,
  'distance_accuracy_value','confusion accuracy');
#7637 = CONTEXT_DEPENDENT_SHAPE_REPRESENTATION(#7638,#7640);
#7638 = ( REPRESENTATION_RELATIONSHIP('','',#6957,#10) 
REPRESENTATION_RELATIONSHIP_WITH_TRANSFORMATION(#7639) 
SHAPE_REPRESENTATION_RELATIONSHIP() );
#7639 = ITEM_DEFINED_TRANSFORMATION('','',#11,#83);
#7640 = PRODUCT_DEFINITION_SHAPE('Placement','Placement of an item',
  #7641);
#7641 = NEXT_ASSEMBLY_USAGE_OCCURRENCE('80','RH1','',#5,#6952,$);
#7642 = PRODUCT_RELATED_PRODUCT_CATEGORY('part',$,(#6954));
#7643 = SHAPE_DEFINITION_REPRESENTATION(#7644,#7650);
#7644 = PRODUCT_DEFINITION_SHAPE('','',#7645);
#7645 = PRODUCT_DEFINITION('design','',#7646,#7649);
#7646 = PRODUCT_DEFINITION_FORMATION('','',#7647);
#7647 = PRODUCT('RL1','RL1','',(#7648));
#7648 = PRODUCT_CONTEXT('',#2,'mechanical');
#7649 = PRODUCT_DEFINITION_CONTEXT('part definition',#2,'design');
#7650 = ADVANCED_BREP_SHAPE_REPRESENTATION('',(#11,#7651),#8325);
#7651 = MANIFOLD_SOLID_BREP('',#7652);
#7652 = CLOSED_SHELL('',(#7653,#7773,#7977,#8027,#8081,#8210,#8237,#8264
    ,#8291,#8318));
#7653 = ADVANCED_FACE('',(#7654),#7668,.F.);
#7654 = FACE_BOUND('',#7655,.T.);
#7655 = EDGE_LOOP('',(#7656,#7691,#7719,#7747));
#7656 = ORIENTED_EDGE('',*,*,#7657,.F.);
#7657 = EDGE_CURVE('',#7658,#7660,#7662,.T.);
#7658 = VERTEX_POINT('',#7659);
#7659 = CARTESIAN_POINT('',(-2.536,-2.4,1.6));
#7660 = VERTEX_POINT('',#7661);
#7661 = CARTESIAN_POINT('',(-1.064,-2.4,1.6));
#7662 = SURFACE_CURVE('',#7663,(#7667,#7679),.PCURVE_S1.);
#7663 = LINE('',#7664,#7665);
#7664 = CARTESIAN_POINT('',(-2.6,-2.4,1.6));
#7665 = VECTOR('',#7666,1.);
#7666 = DIRECTION('',(1.,-0.,-0.));
#7667 = PCURVE('',#7668,#7673);
#7668 = PLANE('',#7669);
#7669 = AXIS2_PLACEMENT_3D('',#7670,#7671,#7672);
#7670 = CARTESIAN_POINT('',(-2.6,-2.4,1.6));
#7671 = DIRECTION('',(-0.,-1.,-0.));
#7672 = DIRECTION('',(-1.,0.,0.));
#7673 = DEFINITIONAL_REPRESENTATION('',(#7674),#7678);
#7674 = LINE('',#7675,#7676);
#7675 = CARTESIAN_POINT('',(-0.,-0.));
#7676 = VECTOR('',#7677,1.);
#7677 = DIRECTION('',(-1.,-0.));
#7678 = ( GEOMETRIC_REPRESENTATION_CONTEXT(2) 
PARAMETRIC_REPRESENTATION_CONTEXT() REPRESENTATION_CONTEXT('2D SPACE',''
  ) );
#7679 = PCURVE('',#7680,#7685);
#7680 = PLANE('',#7681);
#7681 = AXIS2_PLACEMENT_3D('',#7682,#7683,#7684);
#7682 = CARTESIAN_POINT('',(-1.8,-2.8,1.6));
#7683 = DIRECTION('',(-0.,-0.,1.));
#7684 = DIRECTION('',(-1.,0.,0.));
#7685 = DEFINITIONAL_REPRESENTATION('',(#7686),#7690);
#7686 = LINE('',#7687,#7688);
#7687 = CARTESIAN_POINT('',(0.8,-0.4));
#7688 = VECTOR('',#7689,1.);
#7689 = DIRECTION('',(-1.,0.));
#7690 = ( GEOMETRIC_REPRESENTATION_CONTEXT(2) 
PARAMETRIC_REPRESENTATION_CONTEXT() REPRESENTATION_CONTEXT('2D SPACE',''
  ) );
#7691 = ORIENTED_EDGE('',*,*,#7692,.T.);
#7692 = EDGE_CURVE('',#7658,#7693,#7695,.T.);
#7693 = VERTEX_POINT('',#7694);
#7694 = CARTESIAN_POINT('',(-2.536,-2.4,2.05));
#7695 = SURFACE_CURVE('',#7696,(#7700,#7707),.PCURVE_S1.);
#7696 = LINE('',#7697,#7698);
#7697 = CARTESIAN_POINT('',(-2.536,-2.4,1.6));
#7698 = VECTOR('',#7699,1.);
#7699 = DIRECTION('',(-0.,-0.,1.));
#7700 = PCURVE('',#7668,#7701);
#7701 = DEFINITIONAL_REPRESENTATION('',(#7702),#7706);
#7702 = LINE('',#7703,#7704);
#7703 = CARTESIAN_POINT('',(-6.4E-02,-0.));
#7704 = VECTOR('',#7705,1.);
#7705 = DIRECTION('',(-0.,-1.));
#7706 = ( GEOMETRIC_REPRESENTATION_CONTEXT(2) 
PARAMETRIC_REPRESENTATION_CONTEXT() REPRESENTATION_CONTEXT('2D SPACE',''
  ) );
#7707 = PCURVE('',#7708,#7713);
#7708 = CYLINDRICAL_SURFACE('',#7709,6.4E-02);
#7709 = AXIS2_PLACEMENT_3D('',#7710,#7711,#7712);
#7710 = CARTESIAN_POINT('',(-2.536,-2.464,1.6));
#7711 = DIRECTION('',(-0.,-0.,1.));
#7712 = DIRECTION('',(-0.,1.,-0.));
#7713 = DEFINITIONAL_REPRESENTATION('',(#7714),#7718);
#7714 = LINE('',#7715,#7716);
#7715 = CARTESIAN_POINT('',(0.,0.));
#7716 = VECTOR('',#7717,1.);
#7717 = DIRECTION('',(0.,1.));
#7718 = ( GEOMETRIC_REPRESENTATION_CONTEXT(2) 
PARAMETRIC_REPRESENTATION_CONTEXT() REPRESENTATION_CONTEXT('2D SPACE',''
  ) );
#7719 = ORIENTED_EDGE('',*,*,#7720,.T.);
#7720 = EDGE_CURVE('',#7693,#7721,#7723,.T.);
#7721 = VERTEX_POINT('',#7722);
#7722 = CARTESIAN_POINT('',(-1.064,-2.4,2.05));
#7723 = SURFACE_CURVE('',#7724,(#7728,#7735),.PCURVE_S1.);
#7724 = LINE('',#7725,#7726);
#7725 = CARTESIAN_POINT('',(-2.6,-2.4,2.05));
#7726 = VECTOR('',#7727,1.);
#7727 = DIRECTION('',(1.,-0.,-0.));
#7728 = PCURVE('',#7668,#7729);
#7729 = DEFINITIONAL_REPRESENTATION('',(#7730),#7734);
#7730 = LINE('',#7731,#7732);
#7731 = CARTESIAN_POINT('',(-0.,-0.45));
#7732 = VECTOR('',#7733,1.);
#7733 = DIRECTION('',(-1.,-0.));
#7734 = ( GEOMETRIC_REPRESENTATION_CONTEXT(2) 
PARAMETRIC_REPRESENTATION_CONTEXT() REPRESENTATION_CONTEXT('2D SPACE',''
  ) );
#7735 = PCURVE('',#7736,#7741);
#7736 = PLANE('',#7737);
#7737 = AXIS2_PLACEMENT_3D('',#7738,#7739,#7740);
#7738 = CARTESIAN_POINT('',(-1.8,-2.8,2.05));
#7739 = DIRECTION('',(-0.,-0.,1.));
#7740 = DIRECTION('',(-1.,0.,0.));
#7741 = DEFINITIONAL_REPRESENTATION('',(#7742),#7746);
#7742 = LINE('',#7743,#7744);
#7743 = CARTESIAN_POINT('',(0.8,-0.4));
#7744 = VECTOR('',#7745,1.);
#7745 = DIRECTION('',(-1.,0.));
#7746 = ( GEOMETRIC_REPRESENTATION_CONTEXT(2) 
PARAMETRIC_REPRESENTATION_CONTEXT() REPRESENTATION_CONTEXT('2D SPACE',''
  ) );
#7747 = ORIENTED_EDGE('',*,*,#7748,.F.);
#7748 = EDGE_CURVE('',#7660,#7721,#7749,.T.);
#7749 = SURFACE_CURVE('',#7750,(#7754,#7761),.PCURVE_S1.);
#7750 = LINE('',#7751,#7752);
#7751 = CARTESIAN_POINT('',(-1.064,-2.4,1.6));
#7752 = VECTOR('',#7753,1.);
#7753 = DIRECTION('',(-0.,-0.,1.));
#7754 = PCURVE('',#7668,#7755);
#7755 = DEFINITIONAL_REPRESENTATION('',(#7756),#7760);
#7756 = LINE('',#7757,#7758);
#7757 = CARTESIAN_POINT('',(-1.536,-0.));
#7758 = VECTOR('',#7759,1.);
#7759 = DIRECTION('',(-0.,-1.));
#7760 = ( GEOMETRIC_REPRESENTATION_CONTEXT(2) 
PARAMETRIC_REPRESENTATION_CONTEXT() REPRESENTATION_CONTEXT('2D SPACE',''
  ) );
#7761 = PCURVE('',#7762,#7767);
#7762 = CYLINDRICAL_SURFACE('',#7763,6.4E-02);
#7763 = AXIS2_PLACEMENT_3D('',#7764,#7765,#7766);
#7764 = CARTESIAN_POINT('',(-1.064,-2.464,1.6));
#7765 = DIRECTION('',(-0.,-0.,1.));
#7766 = DIRECTION('',(-0.,1.,-0.));
#7767 = DEFINITIONAL_REPRESENTATION('',(#7768),#7772);
#7768 = LINE('',#7769,#7770);
#7769 = CARTESIAN_POINT('',(-0.,0.));
#7770 = VECTOR('',#7771,1.);
#7771 = DIRECTION('',(-0.,1.));
#7772 = ( GEOMETRIC_REPRESENTATION_CONTEXT(2) 
PARAMETRIC_REPRESENTATION_CONTEXT() REPRESENTATION_CONTEXT('2D SPACE',''
  ) );
#7773 = ADVANCED_FACE('',(#7774),#7680,.F.);
#7774 = FACE_BOUND('',#7775,.T.);
#7775 = EDGE_LOOP('',(#7776,#7777,#7805,#7833,#7866,#7894,#7927,#7955));
#7776 = ORIENTED_EDGE('',*,*,#7657,.T.);
#7777 = ORIENTED_EDGE('',*,*,#7778,.T.);
#7778 = EDGE_CURVE('',#7660,#7779,#7781,.T.);
#7779 = VERTEX_POINT('',#7780);
#7780 = CARTESIAN_POINT('',(-1.,-2.464,1.6));
#7781 = SURFACE_CURVE('',#7782,(#7787,#7798),.PCURVE_S1.);
#7782 = CIRCLE('',#7783,6.4E-02);
#7783 = AXIS2_PLACEMENT_3D('',#7784,#7785,#7786);
#7784 = CARTESIAN_POINT('',(-1.064,-2.464,1.6));
#7785 = DIRECTION('',(-0.,-0.,-1.));
#7786 = DIRECTION('',(-0.,1.,-0.));
#7787 = PCURVE('',#7680,#7788);
#7788 = DEFINITIONAL_REPRESENTATION('',(#7789),#7797);
#7789 = ( BOUNDED_CURVE() B_SPLINE_CURVE(2,(#7790,#7791,#7792,#7793,
#7794,#7795,#7796),.UNSPECIFIED.,.T.,.F.) B_SPLINE_CURVE_WITH_KNOTS((1,2
    ,2,2,2,1),(-2.094395102393,0.,2.094395102393,4.188790204786,
6.28318530718,8.377580409573),.UNSPECIFIED.) CURVE() 
GEOMETRIC_REPRESENTATION_ITEM() RATIONAL_B_SPLINE_CURVE((1.,0.5,1.,0.5,
1.,0.5,1.)) REPRESENTATION_ITEM('') );
#7790 = CARTESIAN_POINT('',(-0.736,-0.4));
#7791 = CARTESIAN_POINT('',(-0.846851251684,-0.4));
#7792 = CARTESIAN_POINT('',(-0.791425625842,-0.304));
#7793 = CARTESIAN_POINT('',(-0.736,-0.208));
#7794 = CARTESIAN_POINT('',(-0.680574374158,-0.304));
#7795 = CARTESIAN_POINT('',(-0.625148748316,-0.4));
#7796 = CARTESIAN_POINT('',(-0.736,-0.4));
#7797 = ( GEOMETRIC_REPRESENTATION_CONTEXT(2) 
PARAMETRIC_REPRESENTATION_CONTEXT() REPRESENTATION_CONTEXT('2D SPACE',''
  ) );
#7798 = PCURVE('',#7762,#7799);
#7799 = DEFINITIONAL_REPRESENTATION('',(#7800),#7804);
#7800 = LINE('',#7801,#7802);
#7801 = CARTESIAN_POINT('',(-0.,-4.440892098501E-16));
#7802 = VECTOR('',#7803,1.);
#7803 = DIRECTION('',(-1.,0.));
#7804 = ( GEOMETRIC_REPRESENTATION_CONTEXT(2) 
PARAMETRIC_REPRESENTATION_CONTEXT() REPRESENTATION_CONTEXT('2D SPACE',''
  ) );
#7805 = ORIENTED_EDGE('',*,*,#7806,.T.);
#7806 = EDGE_CURVE('',#7779,#7807,#7809,.T.);
#7807 = VERTEX_POINT('',#7808);
#7808 = CARTESIAN_POINT('',(-1.,-3.136,1.6));
#7809 = SURFACE_CURVE('',#7810,(#7814,#7821),.PCURVE_S1.);
#7810 = LINE('',#7811,#7812);
#7811 = CARTESIAN_POINT('',(-1.,-2.4,1.6));
#7812 = VECTOR('',#7813,1.);
#7813 = DIRECTION('',(-0.,-1.,-0.));
#7814 = PCURVE('',#7680,#7815);
#7815 = DEFINITIONAL_REPRESENTATION('',(#7816),#7820);
#7816 = LINE('',#7817,#7818);
#7817 = CARTESIAN_POINT('',(-0.8,-0.4));
#7818 = VECTOR('',#7819,1.);
#7819 = DIRECTION('',(-0.,1.));
#7820 = ( GEOMETRIC_REPRESENTATION_CONTEXT(2) 
PARAMETRIC_REPRESENTATION_CONTEXT() REPRESENTATION_CONTEXT('2D SPACE',''
  ) );
#7821 = PCURVE('',#7822,#7827);
#7822 = PLANE('',#7823);
#7823 = AXIS2_PLACEMENT_3D('',#7824,#7825,#7826);
#7824 = CARTESIAN_POINT('',(-1.,-2.4,1.6));
#7825 = DIRECTION('',(-1.,-0.,-0.));
#7826 = DIRECTION('',(0.,1.,0.));
#7827 = DEFINITIONAL_REPRESENTATION('',(#7828),#7832);
#7828 = LINE('',#7829,#7830);
#7829 = CARTESIAN_POINT('',(-0.,-0.));
#7830 = VECTOR('',#7831,1.);
#7831 = DIRECTION('',(-1.,0.));
#7832 = ( GEOMETRIC_REPRESENTATION_CONTEXT(2) 
PARAMETRIC_REPRESENTATION_CONTEXT() REPRESENTATION_CONTEXT('2D SPACE',''
  ) );
#7833 = ORIENTED_EDGE('',*,*,#7834,.T.);
#7834 = EDGE_CURVE('',#7807,#7835,#7837,.T.);
#7835 = VERTEX_POINT('',#7836);
#7836 = CARTESIAN_POINT('',(-1.064,-3.2,1.6));
#7837 = SURFACE_CURVE('',#7838,(#7843,#7854),.PCURVE_S1.);
#7838 = CIRCLE('',#7839,6.4E-02);
#7839 = AXIS2_PLACEMENT_3D('',#7840,#7841,#7842);
#7840 = CARTESIAN_POINT('',(-1.064,-3.136,1.6));
#7841 = DIRECTION('',(-0.,-0.,-1.));
#7842 = DIRECTION('',(-0.,1.,-0.));
#7843 = PCURVE('',#7680,#7844);
#7844 = DEFINITIONAL_REPRESENTATION('',(#7845),#7853);
#7845 = ( BOUNDED_CURVE() B_SPLINE_CURVE(2,(#7846,#7847,#7848,#7849,
#7850,#7851,#7852),.UNSPECIFIED.,.T.,.F.) B_SPLINE_CURVE_WITH_KNOTS((1,2
    ,2,2,2,1),(-2.094395102393,0.,2.094395102393,4.188790204786,
6.28318530718,8.377580409573),.UNSPECIFIED.) CURVE() 
GEOMETRIC_REPRESENTATION_ITEM() RATIONAL_B_SPLINE_CURVE((1.,0.5,1.,0.5,
1.,0.5,1.)) REPRESENTATION_ITEM('') );
#7846 = CARTESIAN_POINT('',(-0.736,0.272));
#7847 = CARTESIAN_POINT('',(-0.846851251684,0.272));
#7848 = CARTESIAN_POINT('',(-0.791425625842,0.368));
#7849 = CARTESIAN_POINT('',(-0.736,0.464));
#7850 = CARTESIAN_POINT('',(-0.680574374158,0.368));
#7851 = CARTESIAN_POINT('',(-0.625148748316,0.272));
#7852 = CARTESIAN_POINT('',(-0.736,0.272));
#7853 = ( GEOMETRIC_REPRESENTATION_CONTEXT(2) 
PARAMETRIC_REPRESENTATION_CONTEXT() REPRESENTATION_CONTEXT('2D SPACE',''
  ) );
#7854 = PCURVE('',#7855,#7860);
#7855 = CYLINDRICAL_SURFACE('',#7856,6.4E-02);
#7856 = AXIS2_PLACEMENT_3D('',#7857,#7858,#7859);
#7857 = CARTESIAN_POINT('',(-1.064,-3.136,1.6));
#7858 = DIRECTION('',(-0.,-0.,1.));
#7859 = DIRECTION('',(1.,-0.,-0.));
#7860 = DEFINITIONAL_REPRESENTATION('',(#7861),#7865);
#7861 = LINE('',#7862,#7863);
#7862 = CARTESIAN_POINT('',(1.570796326795,-4.440892098501E-16));
#7863 = VECTOR('',#7864,1.);
#7864 = DIRECTION('',(-1.,0.));
#7865 = ( GEOMETRIC_REPRESENTATION_CONTEXT(2) 
PARAMETRIC_REPRESENTATION_CONTEXT() REPRESENTATION_CONTEXT('2D SPACE',''
  ) );
#7866 = ORIENTED_EDGE('',*,*,#7867,.T.);
#7867 = EDGE_CURVE('',#7835,#7868,#7870,.T.);
#7868 = VERTEX_POINT('',#7869);
#7869 = CARTESIAN_POINT('',(-2.536,-3.2,1.6));
#7870 = SURFACE_CURVE('',#7871,(#7875,#7882),.PCURVE_S1.);
#7871 = LINE('',#7872,#7873);
#7872 = CARTESIAN_POINT('',(-1.,-3.2,1.6));
#7873 = VECTOR('',#7874,1.);
#7874 = DIRECTION('',(-1.,-0.,-0.));
#7875 = PCURVE('',#7680,#7876);
#7876 = DEFINITIONAL_REPRESENTATION('',(#7877),#7881);
#7877 = LINE('',#7878,#7879);
#7878 = CARTESIAN_POINT('',(-0.8,0.4));
#7879 = VECTOR('',#7880,1.);
#7880 = DIRECTION('',(1.,-0.));
#7881 = ( GEOMETRIC_REPRESENTATION_CONTEXT(2) 
PARAMETRIC_REPRESENTATION_CONTEXT() REPRESENTATION_CONTEXT('2D SPACE',''
  ) );
#7882 = PCURVE('',#7883,#7888);
#7883 = PLANE('',#7884);
#7884 = AXIS2_PLACEMENT_3D('',#7885,#7886,#7887);
#7885 = CARTESIAN_POINT('',(-1.,-3.2,1.6));
#7886 = DIRECTION('',(-0.,1.,-0.));
#7887 = DIRECTION('',(1.,0.,0.));
#7888 = DEFINITIONAL_REPRESENTATION('',(#7889),#7893);
#7889 = LINE('',#7890,#7891);
#7890 = CARTESIAN_POINT('',(0.,-0.));
#7891 = VECTOR('',#7892,1.);
#7892 = DIRECTION('',(-1.,0.));
#7893 = ( GEOMETRIC_REPRESENTATION_CONTEXT(2) 
PARAMETRIC_REPRESENTATION_CONTEXT() REPRESENTATION_CONTEXT('2D SPACE',''
  ) );
#7894 = ORIENTED_EDGE('',*,*,#7895,.T.);
#7895 = EDGE_CURVE('',#7868,#7896,#7898,.T.);
#7896 = VERTEX_POINT('',#7897);
#7897 = CARTESIAN_POINT('',(-2.6,-3.136,1.6));
#7898 = SURFACE_CURVE('',#7899,(#7904,#7915),.PCURVE_S1.);
#7899 = CIRCLE('',#7900,6.4E-02);
#7900 = AXIS2_PLACEMENT_3D('',#7901,#7902,#7903);
#7901 = CARTESIAN_POINT('',(-2.536,-3.136,1.6));
#7902 = DIRECTION('',(-0.,-0.,-1.));
#7903 = DIRECTION('',(-0.,1.,-0.));
#7904 = PCURVE('',#7680,#7905);
#7905 = DEFINITIONAL_REPRESENTATION('',(#7906),#7914);
#7906 = ( BOUNDED_CURVE() B_SPLINE_CURVE(2,(#7907,#7908,#7909,#7910,
#7911,#7912,#7913),.UNSPECIFIED.,.T.,.F.) B_SPLINE_CURVE_WITH_KNOTS((1,2
    ,2,2,2,1),(-2.094395102393,0.,2.094395102393,4.188790204786,
6.28318530718,8.377580409573),.UNSPECIFIED.) CURVE() 
GEOMETRIC_REPRESENTATION_ITEM() RATIONAL_B_SPLINE_CURVE((1.,0.5,1.,0.5,
1.,0.5,1.)) REPRESENTATION_ITEM('') );
#7907 = CARTESIAN_POINT('',(0.736,0.272));
#7908 = CARTESIAN_POINT('',(0.625148748316,0.272));
#7909 = CARTESIAN_POINT('',(0.680574374158,0.368));
#7910 = CARTESIAN_POINT('',(0.736,0.464));
#7911 = CARTESIAN_POINT('',(0.791425625842,0.368));
#7912 = CARTESIAN_POINT('',(0.846851251684,0.272));
#7913 = CARTESIAN_POINT('',(0.736,0.272));
#7914 = ( GEOMETRIC_REPRESENTATION_CONTEXT(2) 
PARAMETRIC_REPRESENTATION_CONTEXT() REPRESENTATION_CONTEXT('2D SPACE',''
  ) );
#7915 = PCURVE('',#7916,#7921);
#7916 = CYLINDRICAL_SURFACE('',#7917,6.4E-02);
#7917 = AXIS2_PLACEMENT_3D('',#7918,#7919,#7920);
#7918 = CARTESIAN_POINT('',(-2.536,-3.136,1.6));
#7919 = DIRECTION('',(-0.,-0.,1.));
#7920 = DIRECTION('',(-0.,-1.,-0.));
#7921 = DEFINITIONAL_REPRESENTATION('',(#7922),#7926);
#7922 = LINE('',#7923,#7924);
#7923 = CARTESIAN_POINT('',(3.14159265359,-4.440892098501E-16));
#7924 = VECTOR('',#7925,1.);
#7925 = DIRECTION('',(-1.,0.));
#7926 = ( GEOMETRIC_REPRESENTATION_CONTEXT(2) 
PARAMETRIC_REPRESENTATION_CONTEXT() REPRESENTATION_CONTEXT('2D SPACE',''
  ) );
#7927 = ORIENTED_EDGE('',*,*,#7928,.T.);
#7928 = EDGE_CURVE('',#7896,#7929,#7931,.T.);
#7929 = VERTEX_POINT('',#7930);
#7930 = CARTESIAN_POINT('',(-2.6,-2.464,1.6));
#7931 = SURFACE_CURVE('',#7932,(#7936,#7943),.PCURVE_S1.);
#7932 = LINE('',#7933,#7934);
#7933 = CARTESIAN_POINT('',(-2.6,-3.2,1.6));
#7934 = VECTOR('',#7935,1.);
#7935 = DIRECTION('',(-0.,1.,-0.));
#7936 = PCURVE('',#7680,#7937);
#7937 = DEFINITIONAL_REPRESENTATION('',(#7938),#7942);
#7938 = LINE('',#7939,#7940);
#7939 = CARTESIAN_POINT('',(0.8,0.4));
#7940 = VECTOR('',#7941,1.);
#7941 = DIRECTION('',(-0.,-1.));
#7942 = ( GEOMETRIC_REPRESENTATION_CONTEXT(2) 
PARAMETRIC_REPRESENTATION_CONTEXT() REPRESENTATION_CONTEXT('2D SPACE',''
  ) );
#7943 = PCURVE('',#7944,#7949);
#7944 = PLANE('',#7945);
#7945 = AXIS2_PLACEMENT_3D('',#7946,#7947,#7948);
#7946 = CARTESIAN_POINT('',(-2.6,-3.2,1.6));
#7947 = DIRECTION('',(1.,-0.,-0.));
#7948 = DIRECTION('',(0.,-1.,0.));
#7949 = DEFINITIONAL_REPRESENTATION('',(#7950),#7954);
#7950 = LINE('',#7951,#7952);
#7951 = CARTESIAN_POINT('',(-0.,0.));
#7952 = VECTOR('',#7953,1.);
#7953 = DIRECTION('',(-1.,-0.));
#7954 = ( GEOMETRIC_REPRESENTATION_CONTEXT(2) 
PARAMETRIC_REPRESENTATION_CONTEXT() REPRESENTATION_CONTEXT('2D SPACE',''
  ) );
#7955 = ORIENTED_EDGE('',*,*,#7956,.F.);
#7956 = EDGE_CURVE('',#7658,#7929,#7957,.T.);
#7957 = SURFACE_CURVE('',#7958,(#7963,#7970),.PCURVE_S1.);
#7958 = CIRCLE('',#7959,6.4E-02);
#7959 = AXIS2_PLACEMENT_3D('',#7960,#7961,#7962);
#7960 = CARTESIAN_POINT('',(-2.536,-2.464,1.6));
#7961 = DIRECTION('',(-0.,0.,1.));
#7962 = DIRECTION('',(-0.,1.,-0.));
#7963 = PCURVE('',#7680,#7964);
#7964 = DEFINITIONAL_REPRESENTATION('',(#7965),#7969);
#7965 = CIRCLE('',#7966,6.4E-02);
#7966 = AXIS2_PLACEMENT_2D('',#7967,#7968);
#7967 = CARTESIAN_POINT('',(0.736,-0.336));
#7968 = DIRECTION('',(-0.,-1.));
#7969 = ( GEOMETRIC_REPRESENTATION_CONTEXT(2) 
PARAMETRIC_REPRESENTATION_CONTEXT() REPRESENTATION_CONTEXT('2D SPACE',''
  ) );
#7970 = PCURVE('',#7708,#7971);
#7971 = DEFINITIONAL_REPRESENTATION('',(#7972),#7976);
#7972 = LINE('',#7973,#7974);
#7973 = CARTESIAN_POINT('',(0.,-4.440892098501E-16));
#7974 = VECTOR('',#7975,1.);
#7975 = DIRECTION('',(1.,0.));
#7976 = ( GEOMETRIC_REPRESENTATION_CONTEXT(2) 
PARAMETRIC_REPRESENTATION_CONTEXT() REPRESENTATION_CONTEXT('2D SPACE',''
  ) );
#7977 = ADVANCED_FACE('',(#7978),#7708,.T.);
#7978 = FACE_BOUND('',#7979,.T.);
#7979 = EDGE_LOOP('',(#7980,#7981,#8004,#8026));
#7980 = ORIENTED_EDGE('',*,*,#7956,.T.);
#7981 = ORIENTED_EDGE('',*,*,#7982,.T.);
#7982 = EDGE_CURVE('',#7929,#7983,#7985,.T.);
#7983 = VERTEX_POINT('',#7984);
#7984 = CARTESIAN_POINT('',(-2.6,-2.464,2.05));
#7985 = SURFACE_CURVE('',#7986,(#7990,#7997),.PCURVE_S1.);
#7986 = LINE('',#7987,#7988);
#7987 = CARTESIAN_POINT('',(-2.6,-2.464,1.6));
#7988 = VECTOR('',#7989,1.);
#7989 = DIRECTION('',(-0.,-0.,1.));
#7990 = PCURVE('',#7708,#7991);
#7991 = DEFINITIONAL_REPRESENTATION('',(#7992),#7996);
#7992 = LINE('',#7993,#7994);
#7993 = CARTESIAN_POINT('',(1.570796326795,0.));
#7994 = VECTOR('',#7995,1.);
#7995 = DIRECTION('',(0.,1.));
#7996 = ( GEOMETRIC_REPRESENTATION_CONTEXT(2) 
PARAMETRIC_REPRESENTATION_CONTEXT() REPRESENTATION_CONTEXT('2D SPACE',''
  ) );
#7997 = PCURVE('',#7944,#7998);
#7998 = DEFINITIONAL_REPRESENTATION('',(#7999),#8003);
#7999 = LINE('',#8000,#8001);
#8000 = CARTESIAN_POINT('',(-0.736,0.));
#8001 = VECTOR('',#8002,1.);
#8002 = DIRECTION('',(-0.,-1.));
#8003 = ( GEOMETRIC_REPRESENTATION_CONTEXT(2) 
PARAMETRIC_REPRESENTATION_CONTEXT() REPRESENTATION_CONTEXT('2D SPACE',''
  ) );
#8004 = ORIENTED_EDGE('',*,*,#8005,.F.);
#8005 = EDGE_CURVE('',#7693,#7983,#8006,.T.);
#8006 = SURFACE_CURVE('',#8007,(#8012,#8019),.PCURVE_S1.);
#8007 = CIRCLE('',#8008,6.4E-02);
#8008 = AXIS2_PLACEMENT_3D('',#8009,#8010,#8011);
#8009 = CARTESIAN_POINT('',(-2.536,-2.464,2.05));
#8010 = DIRECTION('',(-0.,0.,1.));
#8011 = DIRECTION('',(-0.,1.,-0.));
#8012 = PCURVE('',#7708,#8013);
#8013 = DEFINITIONAL_REPRESENTATION('',(#8014),#8018);
#8014 = LINE('',#8015,#8016);
#8015 = CARTESIAN_POINT('',(0.,0.45));
#8016 = VECTOR('',#8017,1.);
#8017 = DIRECTION('',(1.,0.));
#8018 = ( GEOMETRIC_REPRESENTATION_CONTEXT(2) 
PARAMETRIC_REPRESENTATION_CONTEXT() REPRESENTATION_CONTEXT('2D SPACE',''
  ) );
#8019 = PCURVE('',#7736,#8020);
#8020 = DEFINITIONAL_REPRESENTATION('',(#8021),#8025);
#8021 = CIRCLE('',#8022,6.4E-02);
#8022 = AXIS2_PLACEMENT_2D('',#8023,#8024);
#8023 = CARTESIAN_POINT('',(0.736,-0.336));
#8024 = DIRECTION('',(-0.,-1.));
#8025 = ( GEOMETRIC_REPRESENTATION_CONTEXT(2) 
PARAMETRIC_REPRESENTATION_CONTEXT() REPRESENTATION_CONTEXT('2D SPACE',''
  ) );
#8026 = ORIENTED_EDGE('',*,*,#7692,.F.);
#8027 = ADVANCED_FACE('',(#8028),#7762,.T.);
#8028 = FACE_BOUND('',#8029,.F.);
#8029 = EDGE_LOOP('',(#8030,#8031,#8054,#8080));
#8030 = ORIENTED_EDGE('',*,*,#7778,.T.);
#8031 = ORIENTED_EDGE('',*,*,#8032,.T.);
#8032 = EDGE_CURVE('',#7779,#8033,#8035,.T.);
#8033 = VERTEX_POINT('',#8034);
#8034 = CARTESIAN_POINT('',(-1.,-2.464,2.05));
#8035 = SURFACE_CURVE('',#8036,(#8040,#8047),.PCURVE_S1.);
#8036 = LINE('',#8037,#8038);
#8037 = CARTESIAN_POINT('',(-1.,-2.464,1.6));
#8038 = VECTOR('',#8039,1.);
#8039 = DIRECTION('',(-0.,-0.,1.));
#8040 = PCURVE('',#7762,#8041);
#8041 = DEFINITIONAL_REPRESENTATION('',(#8042),#8046);
#8042 = LINE('',#8043,#8044);
#8043 = CARTESIAN_POINT('',(-1.570796326795,0.));
#8044 = VECTOR('',#8045,1.);
#8045 = DIRECTION('',(-0.,1.));
#8046 = ( GEOMETRIC_REPRESENTATION_CONTEXT(2) 
PARAMETRIC_REPRESENTATION_CONTEXT() REPRESENTATION_CONTEXT('2D SPACE',''
  ) );
#8047 = PCURVE('',#7822,#8048);
#8048 = DEFINITIONAL_REPRESENTATION('',(#8049),#8053);
#8049 = LINE('',#8050,#8051);
#8050 = CARTESIAN_POINT('',(-6.4E-02,0.));
#8051 = VECTOR('',#8052,1.);
#8052 = DIRECTION('',(-0.,-1.));
#8053 = ( GEOMETRIC_REPRESENTATION_CONTEXT(2) 
PARAMETRIC_REPRESENTATION_CONTEXT() REPRESENTATION_CONTEXT('2D SPACE',''
  ) );
#8054 = ORIENTED_EDGE('',*,*,#8055,.F.);
#8055 = EDGE_CURVE('',#7721,#8033,#8056,.T.);
#8056 = SURFACE_CURVE('',#8057,(#8062,#8069),.PCURVE_S1.);
#8057 = CIRCLE('',#8058,6.4E-02);
#8058 = AXIS2_PLACEMENT_3D('',#8059,#8060,#8061);
#8059 = CARTESIAN_POINT('',(-1.064,-2.464,2.05));
#8060 = DIRECTION('',(-0.,-0.,-1.));
#8061 = DIRECTION('',(-0.,1.,-0.));
#8062 = PCURVE('',#7762,#8063);
#8063 = DEFINITIONAL_REPRESENTATION('',(#8064),#8068);
#8064 = LINE('',#8065,#8066);
#8065 = CARTESIAN_POINT('',(-0.,0.45));
#8066 = VECTOR('',#8067,1.);
#8067 = DIRECTION('',(-1.,0.));
#8068 = ( GEOMETRIC_REPRESENTATION_CONTEXT(2) 
PARAMETRIC_REPRESENTATION_CONTEXT() REPRESENTATION_CONTEXT('2D SPACE',''
  ) );
#8069 = PCURVE('',#7736,#8070);
#8070 = DEFINITIONAL_REPRESENTATION('',(#8071),#8079);
#8071 = ( BOUNDED_CURVE() B_SPLINE_CURVE(2,(#8072,#8073,#8074,#8075,
#8076,#8077,#8078),.UNSPECIFIED.,.T.,.F.) B_SPLINE_CURVE_WITH_KNOTS((1,2
    ,2,2,2,1),(-2.094395102393,0.,2.094395102393,4.188790204786,
6.28318530718,8.377580409573),.UNSPECIFIED.) CURVE() 
GEOMETRIC_REPRESENTATION_ITEM() RATIONAL_B_SPLINE_CURVE((1.,0.5,1.,0.5,
1.,0.5,1.)) REPRESENTATION_ITEM('') );
#8072 = CARTESIAN_POINT('',(-0.736,-0.4));
#8073 = CARTESIAN_POINT('',(-0.846851251684,-0.4));
#8074 = CARTESIAN_POINT('',(-0.791425625842,-0.304));
#8075 = CARTESIAN_POINT('',(-0.736,-0.208));
#8076 = CARTESIAN_POINT('',(-0.680574374158,-0.304));
#8077 = CARTESIAN_POINT('',(-0.625148748316,-0.4));
#8078 = CARTESIAN_POINT('',(-0.736,-0.4));
#8079 = ( GEOMETRIC_REPRESENTATION_CONTEXT(2) 
PARAMETRIC_REPRESENTATION_CONTEXT() REPRESENTATION_CONTEXT('2D SPACE',''
  ) );
#8080 = ORIENTED_EDGE('',*,*,#7748,.F.);
#8081 = ADVANCED_FACE('',(#8082),#7736,.T.);
#8082 = FACE_BOUND('',#8083,.F.);
#8083 = EDGE_LOOP('',(#8084,#8085,#8086,#8109,#8137,#8160,#8188,#8209));
#8084 = ORIENTED_EDGE('',*,*,#7720,.T.);
#8085 = ORIENTED_EDGE('',*,*,#8055,.T.);
#8086 = ORIENTED_EDGE('',*,*,#8087,.T.);
#8087 = EDGE_CURVE('',#8033,#8088,#8090,.T.);
#8088 = VERTEX_POINT('',#8089);
#8089 = CARTESIAN_POINT('',(-1.,-3.136,2.05));
#8090 = SURFACE_CURVE('',#8091,(#8095,#8102),.PCURVE_S1.);
#8091 = LINE('',#8092,#8093);
#8092 = CARTESIAN_POINT('',(-1.,-2.4,2.05));
#8093 = VECTOR('',#8094,1.);
#8094 = DIRECTION('',(-0.,-1.,-0.));
#8095 = PCURVE('',#7736,#8096);
#8096 = DEFINITIONAL_REPRESENTATION('',(#8097),#8101);
#8097 = LINE('',#8098,#8099);
#8098 = CARTESIAN_POINT('',(-0.8,-0.4));
#8099 = VECTOR('',#8100,1.);
#8100 = DIRECTION('',(-0.,1.));
#8101 = ( GEOMETRIC_REPRESENTATION_CONTEXT(2) 
PARAMETRIC_REPRESENTATION_CONTEXT() REPRESENTATION_CONTEXT('2D SPACE',''
  ) );
#8102 = PCURVE('',#7822,#8103);
#8103 = DEFINITIONAL_REPRESENTATION('',(#8104),#8108);
#8104 = LINE('',#8105,#8106);
#8105 = CARTESIAN_POINT('',(-0.,-0.45));
#8106 = VECTOR('',#8107,1.);
#8107 = DIRECTION('',(-1.,0.));
#8108 = ( GEOMETRIC_REPRESENTATION_CONTEXT(2) 
PARAMETRIC_REPRESENTATION_CONTEXT() REPRESENTATION_CONTEXT('2D SPACE',''
  ) );
#8109 = ORIENTED_EDGE('',*,*,#8110,.T.);
#8110 = EDGE_CURVE('',#8088,#8111,#8113,.T.);
#8111 = VERTEX_POINT('',#8112);
#8112 = CARTESIAN_POINT('',(-1.064,-3.2,2.05));
#8113 = SURFACE_CURVE('',#8114,(#8119,#8130),.PCURVE_S1.);
#8114 = CIRCLE('',#8115,6.4E-02);
#8115 = AXIS2_PLACEMENT_3D('',#8116,#8117,#8118);
#8116 = CARTESIAN_POINT('',(-1.064,-3.136,2.05));
#8117 = DIRECTION('',(-0.,-0.,-1.));
#8118 = DIRECTION('',(-0.,1.,-0.));
#8119 = PCURVE('',#7736,#8120);
#8120 = DEFINITIONAL_REPRESENTATION('',(#8121),#8129);
#8121 = ( BOUNDED_CURVE() B_SPLINE_CURVE(2,(#8122,#8123,#8124,#8125,
#8126,#8127,#8128),.UNSPECIFIED.,.T.,.F.) B_SPLINE_CURVE_WITH_KNOTS((1,2
    ,2,2,2,1),(-2.094395102393,0.,2.094395102393,4.188790204786,
6.28318530718,8.377580409573),.UNSPECIFIED.) CURVE() 
GEOMETRIC_REPRESENTATION_ITEM() RATIONAL_B_SPLINE_CURVE((1.,0.5,1.,0.5,
1.,0.5,1.)) REPRESENTATION_ITEM('') );
#8122 = CARTESIAN_POINT('',(-0.736,0.272));
#8123 = CARTESIAN_POINT('',(-0.846851251684,0.272));
#8124 = CARTESIAN_POINT('',(-0.791425625842,0.368));
#8125 = CARTESIAN_POINT('',(-0.736,0.464));
#8126 = CARTESIAN_POINT('',(-0.680574374158,0.368));
#8127 = CARTESIAN_POINT('',(-0.625148748316,0.272));
#8128 = CARTESIAN_POINT('',(-0.736,0.272));
#8129 = ( GEOMETRIC_REPRESENTATION_CONTEXT(2) 
PARAMETRIC_REPRESENTATION_CONTEXT() REPRESENTATION_CONTEXT('2D SPACE',''
  ) );
#8130 = PCURVE('',#7855,#8131);
#8131 = DEFINITIONAL_REPRESENTATION('',(#8132),#8136);
#8132 = LINE('',#8133,#8134);
#8133 = CARTESIAN_POINT('',(1.570796326795,0.45));
#8134 = VECTOR('',#8135,1.);
#8135 = DIRECTION('',(-1.,0.));
#8136 = ( GEOMETRIC_REPRESENTATION_CONTEXT(2) 
PARAMETRIC_REPRESENTATION_CONTEXT() REPRESENTATION_CONTEXT('2D SPACE',''
  ) );
#8137 = ORIENTED_EDGE('',*,*,#8138,.T.);
#8138 = EDGE_CURVE('',#8111,#8139,#8141,.T.);
#8139 = VERTEX_POINT('',#8140);
#8140 = CARTESIAN_POINT('',(-2.536,-3.2,2.05));
#8141 = SURFACE_CURVE('',#8142,(#8146,#8153),.PCURVE_S1.);
#8142 = LINE('',#8143,#8144);
#8143 = CARTESIAN_POINT('',(-1.,-3.2,2.05));
#8144 = VECTOR('',#8145,1.);
#8145 = DIRECTION('',(-1.,-0.,-0.));
#8146 = PCURVE('',#7736,#8147);
#8147 = DEFINITIONAL_REPRESENTATION('',(#8148),#8152);
#8148 = LINE('',#8149,#8150);
#8149 = CARTESIAN_POINT('',(-0.8,0.4));
#8150 = VECTOR('',#8151,1.);
#8151 = DIRECTION('',(1.,-0.));
#8152 = ( GEOMETRIC_REPRESENTATION_CONTEXT(2) 
PARAMETRIC_REPRESENTATION_CONTEXT() REPRESENTATION_CONTEXT('2D SPACE',''
  ) );
#8153 = PCURVE('',#7883,#8154);
#8154 = DEFINITIONAL_REPRESENTATION('',(#8155),#8159);
#8155 = LINE('',#8156,#8157);
#8156 = CARTESIAN_POINT('',(-0.,-0.45));
#8157 = VECTOR('',#8158,1.);
#8158 = DIRECTION('',(-1.,0.));
#8159 = ( GEOMETRIC_REPRESENTATION_CONTEXT(2) 
PARAMETRIC_REPRESENTATION_CONTEXT() REPRESENTATION_CONTEXT('2D SPACE',''
  ) );
#8160 = ORIENTED_EDGE('',*,*,#8161,.T.);
#8161 = EDGE_CURVE('',#8139,#8162,#8164,.T.);
#8162 = VERTEX_POINT('',#8163);
#8163 = CARTESIAN_POINT('',(-2.6,-3.136,2.05));
#8164 = SURFACE_CURVE('',#8165,(#8170,#8181),.PCURVE_S1.);
#8165 = CIRCLE('',#8166,6.4E-02);
#8166 = AXIS2_PLACEMENT_3D('',#8167,#8168,#8169);
#8167 = CARTESIAN_POINT('',(-2.536,-3.136,2.05));
#8168 = DIRECTION('',(-0.,-0.,-1.));
#8169 = DIRECTION('',(-0.,1.,-0.));
#8170 = PCURVE('',#7736,#8171);
#8171 = DEFINITIONAL_REPRESENTATION('',(#8172),#8180);
#8172 = ( BOUNDED_CURVE() B_SPLINE_CURVE(2,(#8173,#8174,#8175,#8176,
#8177,#8178,#8179),.UNSPECIFIED.,.T.,.F.) B_SPLINE_CURVE_WITH_KNOTS((1,2
    ,2,2,2,1),(-2.094395102393,0.,2.094395102393,4.188790204786,
6.28318530718,8.377580409573),.UNSPECIFIED.) CURVE() 
GEOMETRIC_REPRESENTATION_ITEM() RATIONAL_B_SPLINE_CURVE((1.,0.5,1.,0.5,
1.,0.5,1.)) REPRESENTATION_ITEM('') );
#8173 = CARTESIAN_POINT('',(0.736,0.272));
#8174 = CARTESIAN_POINT('',(0.625148748316,0.272));
#8175 = CARTESIAN_POINT('',(0.680574374158,0.368));
#8176 = CARTESIAN_POINT('',(0.736,0.464));
#8177 = CARTESIAN_POINT('',(0.791425625842,0.368));
#8178 = CARTESIAN_POINT('',(0.846851251684,0.272));
#8179 = CARTESIAN_POINT('',(0.736,0.272));
#8180 = ( GEOMETRIC_REPRESENTATION_CONTEXT(2) 
PARAMETRIC_REPRESENTATION_CONTEXT() REPRESENTATION_CONTEXT('2D SPACE',''
  ) );
#8181 = PCURVE('',#7916,#8182);
#8182 = DEFINITIONAL_REPRESENTATION('',(#8183),#8187);
#8183 = LINE('',#8184,#8185);
#8184 = CARTESIAN_POINT('',(3.14159265359,0.45));
#8185 = VECTOR('',#8186,1.);
#8186 = DIRECTION('',(-1.,0.));
#8187 = ( GEOMETRIC_REPRESENTATION_CONTEXT(2) 
PARAMETRIC_REPRESENTATION_CONTEXT() REPRESENTATION_CONTEXT('2D SPACE',''
  ) );
#8188 = ORIENTED_EDGE('',*,*,#8189,.T.);
#8189 = EDGE_CURVE('',#8162,#7983,#8190,.T.);
#8190 = SURFACE_CURVE('',#8191,(#8195,#8202),.PCURVE_S1.);
#8191 = LINE('',#8192,#8193);
#8192 = CARTESIAN_POINT('',(-2.6,-3.2,2.05));
#8193 = VECTOR('',#8194,1.);
#8194 = DIRECTION('',(-0.,1.,-0.));
#8195 = PCURVE('',#7736,#8196);
#8196 = DEFINITIONAL_REPRESENTATION('',(#8197),#8201);
#8197 = LINE('',#8198,#8199);
#8198 = CARTESIAN_POINT('',(0.8,0.4));
#8199 = VECTOR('',#8200,1.);
#8200 = DIRECTION('',(-0.,-1.));
#8201 = ( GEOMETRIC_REPRESENTATION_CONTEXT(2) 
PARAMETRIC_REPRESENTATION_CONTEXT() REPRESENTATION_CONTEXT('2D SPACE',''
  ) );
#8202 = PCURVE('',#7944,#8203);
#8203 = DEFINITIONAL_REPRESENTATION('',(#8204),#8208);
#8204 = LINE('',#8205,#8206);
#8205 = CARTESIAN_POINT('',(-0.,-0.45));
#8206 = VECTOR('',#8207,1.);
#8207 = DIRECTION('',(-1.,-0.));
#8208 = ( GEOMETRIC_REPRESENTATION_CONTEXT(2) 
PARAMETRIC_REPRESENTATION_CONTEXT() REPRESENTATION_CONTEXT('2D SPACE',''
  ) );
#8209 = ORIENTED_EDGE('',*,*,#8005,.F.);
#8210 = ADVANCED_FACE('',(#8211),#7944,.F.);
#8211 = FACE_BOUND('',#8212,.T.);
#8212 = EDGE_LOOP('',(#8213,#8214,#8235,#8236));
#8213 = ORIENTED_EDGE('',*,*,#7928,.F.);
#8214 = ORIENTED_EDGE('',*,*,#8215,.T.);
#8215 = EDGE_CURVE('',#7896,#8162,#8216,.T.);
#8216 = SURFACE_CURVE('',#8217,(#8221,#8228),.PCURVE_S1.);
#8217 = LINE('',#8218,#8219);
#8218 = CARTESIAN_POINT('',(-2.6,-3.136,1.6));
#8219 = VECTOR('',#8220,1.);
#8220 = DIRECTION('',(-0.,-0.,1.));
#8221 = PCURVE('',#7944,#8222);
#8222 = DEFINITIONAL_REPRESENTATION('',(#8223),#8227);
#8223 = LINE('',#8224,#8225);
#8224 = CARTESIAN_POINT('',(-6.4E-02,0.));
#8225 = VECTOR('',#8226,1.);
#8226 = DIRECTION('',(-0.,-1.));
#8227 = ( GEOMETRIC_REPRESENTATION_CONTEXT(2) 
PARAMETRIC_REPRESENTATION_CONTEXT() REPRESENTATION_CONTEXT('2D SPACE',''
  ) );
#8228 = PCURVE('',#7916,#8229);
#8229 = DEFINITIONAL_REPRESENTATION('',(#8230),#8234);
#8230 = LINE('',#8231,#8232);
#8231 = CARTESIAN_POINT('',(-1.570796326795,0.));
#8232 = VECTOR('',#8233,1.);
#8233 = DIRECTION('',(-0.,1.));
#8234 = ( GEOMETRIC_REPRESENTATION_CONTEXT(2) 
PARAMETRIC_REPRESENTATION_CONTEXT() REPRESENTATION_CONTEXT('2D SPACE',''
  ) );
#8235 = ORIENTED_EDGE('',*,*,#8189,.T.);
#8236 = ORIENTED_EDGE('',*,*,#7982,.F.);
#8237 = ADVANCED_FACE('',(#8238),#7822,.F.);
#8238 = FACE_BOUND('',#8239,.T.);
#8239 = EDGE_LOOP('',(#8240,#8241,#8242,#8243));
#8240 = ORIENTED_EDGE('',*,*,#7806,.F.);
#8241 = ORIENTED_EDGE('',*,*,#8032,.T.);
#8242 = ORIENTED_EDGE('',*,*,#8087,.T.);
#8243 = ORIENTED_EDGE('',*,*,#8244,.F.);
#8244 = EDGE_CURVE('',#7807,#8088,#8245,.T.);
#8245 = SURFACE_CURVE('',#8246,(#8250,#8257),.PCURVE_S1.);
#8246 = LINE('',#8247,#8248);
#8247 = CARTESIAN_POINT('',(-1.,-3.136,1.6));
#8248 = VECTOR('',#8249,1.);
#8249 = DIRECTION('',(-0.,-0.,1.));
#8250 = PCURVE('',#7822,#8251);
#8251 = DEFINITIONAL_REPRESENTATION('',(#8252),#8256);
#8252 = LINE('',#8253,#8254);
#8253 = CARTESIAN_POINT('',(-0.736,0.));
#8254 = VECTOR('',#8255,1.);
#8255 = DIRECTION('',(-0.,-1.));
#8256 = ( GEOMETRIC_REPRESENTATION_CONTEXT(2) 
PARAMETRIC_REPRESENTATION_CONTEXT() REPRESENTATION_CONTEXT('2D SPACE',''
  ) );
#8257 = PCURVE('',#7855,#8258);
#8258 = DEFINITIONAL_REPRESENTATION('',(#8259),#8263);
#8259 = LINE('',#8260,#8261);
#8260 = CARTESIAN_POINT('',(-0.,0.));
#8261 = VECTOR('',#8262,1.);
#8262 = DIRECTION('',(-0.,1.));
#8263 = ( GEOMETRIC_REPRESENTATION_CONTEXT(2) 
PARAMETRIC_REPRESENTATION_CONTEXT() REPRESENTATION_CONTEXT('2D SPACE',''
  ) );
#8264 = ADVANCED_FACE('',(#8265),#7916,.T.);
#8265 = FACE_BOUND('',#8266,.F.);
#8266 = EDGE_LOOP('',(#8267,#8268,#8269,#8270));
#8267 = ORIENTED_EDGE('',*,*,#7895,.T.);
#8268 = ORIENTED_EDGE('',*,*,#8215,.T.);
#8269 = ORIENTED_EDGE('',*,*,#8161,.F.);
#8270 = ORIENTED_EDGE('',*,*,#8271,.F.);
#8271 = EDGE_CURVE('',#7868,#8139,#8272,.T.);
#8272 = SURFACE_CURVE('',#8273,(#8277,#8284),.PCURVE_S1.);
#8273 = LINE('',#8274,#8275);
#8274 = CARTESIAN_POINT('',(-2.536,-3.2,1.6));
#8275 = VECTOR('',#8276,1.);
#8276 = DIRECTION('',(-0.,-0.,1.));
#8277 = PCURVE('',#7916,#8278);
#8278 = DEFINITIONAL_REPRESENTATION('',(#8279),#8283);
#8279 = LINE('',#8280,#8281);
#8280 = CARTESIAN_POINT('',(-0.,0.));
#8281 = VECTOR('',#8282,1.);
#8282 = DIRECTION('',(-0.,1.));
#8283 = ( GEOMETRIC_REPRESENTATION_CONTEXT(2) 
PARAMETRIC_REPRESENTATION_CONTEXT() REPRESENTATION_CONTEXT('2D SPACE',''
  ) );
#8284 = PCURVE('',#7883,#8285);
#8285 = DEFINITIONAL_REPRESENTATION('',(#8286),#8290);
#8286 = LINE('',#8287,#8288);
#8287 = CARTESIAN_POINT('',(-1.536,0.));
#8288 = VECTOR('',#8289,1.);
#8289 = DIRECTION('',(-0.,-1.));
#8290 = ( GEOMETRIC_REPRESENTATION_CONTEXT(2) 
PARAMETRIC_REPRESENTATION_CONTEXT() REPRESENTATION_CONTEXT('2D SPACE',''
  ) );
#8291 = ADVANCED_FACE('',(#8292),#7855,.T.);
#8292 = FACE_BOUND('',#8293,.F.);
#8293 = EDGE_LOOP('',(#8294,#8295,#8316,#8317));
#8294 = ORIENTED_EDGE('',*,*,#7834,.T.);
#8295 = ORIENTED_EDGE('',*,*,#8296,.T.);
#8296 = EDGE_CURVE('',#7835,#8111,#8297,.T.);
#8297 = SURFACE_CURVE('',#8298,(#8302,#8309),.PCURVE_S1.);
#8298 = LINE('',#8299,#8300);
#8299 = CARTESIAN_POINT('',(-1.064,-3.2,1.6));
#8300 = VECTOR('',#8301,1.);
#8301 = DIRECTION('',(-0.,-0.,1.));
#8302 = PCURVE('',#7855,#8303);
#8303 = DEFINITIONAL_REPRESENTATION('',(#8304),#8308);
#8304 = LINE('',#8305,#8306);
#8305 = CARTESIAN_POINT('',(-1.570796326795,0.));
#8306 = VECTOR('',#8307,1.);
#8307 = DIRECTION('',(-0.,1.));
#8308 = ( GEOMETRIC_REPRESENTATION_CONTEXT(2) 
PARAMETRIC_REPRESENTATION_CONTEXT() REPRESENTATION_CONTEXT('2D SPACE',''
  ) );
#8309 = PCURVE('',#7883,#8310);
#8310 = DEFINITIONAL_REPRESENTATION('',(#8311),#8315);
#8311 = LINE('',#8312,#8313);
#8312 = CARTESIAN_POINT('',(-6.4E-02,0.));
#8313 = VECTOR('',#8314,1.);
#8314 = DIRECTION('',(-0.,-1.));
#8315 = ( GEOMETRIC_REPRESENTATION_CONTEXT(2) 
PARAMETRIC_REPRESENTATION_CONTEXT() REPRESENTATION_CONTEXT('2D SPACE',''
  ) );
#8316 = ORIENTED_EDGE('',*,*,#8110,.F.);
#8317 = ORIENTED_EDGE('',*,*,#8244,.F.);
#8318 = ADVANCED_FACE('',(#8319),#7883,.F.);
#8319 = FACE_BOUND('',#8320,.T.);
#8320 = EDGE_LOOP('',(#8321,#8322,#8323,#8324));
#8321 = ORIENTED_EDGE('',*,*,#7867,.F.);
#8322 = ORIENTED_EDGE('',*,*,#8296,.T.);
#8323 = ORIENTED_EDGE('',*,*,#8138,.T.);
#8324 = ORIENTED_EDGE('',*,*,#8271,.F.);
#8325 = ( GEOMETRIC_REPRESENTATION_CONTEXT(3) 
GLOBAL_UNCERTAINTY_ASSIGNED_CONTEXT((#8329)) 
GLOBAL_UNIT_ASSIGNED_CONTEXT((#8326,#8327,#8328)) REPRESENTATION_CONTEXT
('Context #1','3D Context with UNIT and UNCERTAINTY') );
#8326 = ( LENGTH_UNIT() NAMED_UNIT(*) SI_UNIT(.MILLI.,.METRE.) );
#8327 = ( NAMED_UNIT(*) PLANE_ANGLE_UNIT() SI_UNIT($,.RADIAN.) );
#8328 = ( NAMED_UNIT(*) SI_UNIT($,.STERADIAN.) SOLID_ANGLE_UNIT() );
#8329 = UNCERTAINTY_MEASURE_WITH_UNIT(LENGTH_MEASURE(1.E-07),#8326,
  'distance_accuracy_value','confusion accuracy');
#8330 = CONTEXT_DEPENDENT_SHAPE_REPRESENTATION(#8331,#8333);
#8331 = ( REPRESENTATION_RELATIONSHIP('','',#7650,#10) 
REPRESENTATION_RELATIONSHIP_WITH_TRANSFORMATION(#8332) 
SHAPE_REPRESENTATION_RELATIONSHIP() );
#8332 = ITEM_DEFINED_TRANSFORMATION('','',#11,#87);
#8333 = PRODUCT_DEFINITION_SHAPE('Placement','Placement of an item',
  #8334);
#8334 = NEXT_ASSEMBLY_USAGE_OCCURRENCE('81','RL1','',#5,#7645,$);
#8335 = PRODUCT_RELATED_PRODUCT_CATEGORY('part',$,(#7647));
#8336 = SHAPE_DEFINITION_REPRESENTATION(#8337,#8343);
#8337 = PRODUCT_DEFINITION_SHAPE('','',#8338);
#8338 = PRODUCT_DEFINITION('design','',#8339,#8342);
#8339 = PRODUCT_DEFINITION_FORMATION('','',#8340);
#8340 = PRODUCT('Q2','Q2','',(#8341));
#8341 = PRODUCT_CONTEXT('',#2,'mechanical');
#8342 = PRODUCT_DEFINITION_CONTEXT('part definition',#2,'design');
#8343 = ADVANCED_BREP_SHAPE_REPRESENTATION('',(#11,#8344),#9018);
#8344 = MANIFOLD_SOLID_BREP('',#8345);
#8345 = CLOSED_SHELL('',(#8346,#8466,#8670,#8720,#8774,#8903,#8930,#8957
    ,#8984,#9011));
#8346 = ADVANCED_FACE('',(#8347),#8361,.F.);
#8347 = FACE_BOUND('',#8348,.T.);
#8348 = EDGE_LOOP('',(#8349,#8384,#8412,#8440));
#8349 = ORIENTED_EDGE('',*,*,#8350,.F.);
#8350 = EDGE_CURVE('',#8351,#8353,#8355,.T.);
#8351 = VERTEX_POINT('',#8352);
#8352 = CARTESIAN_POINT('',(0.454,0.65,1.6));
#8353 = VERTEX_POINT('',#8354);
#8354 = CARTESIAN_POINT('',(3.146,0.65,1.6));
#8355 = SURFACE_CURVE('',#8356,(#8360,#8372),.PCURVE_S1.);
#8356 = LINE('',#8357,#8358);
#8357 = CARTESIAN_POINT('',(0.35,0.65,1.6));
#8358 = VECTOR('',#8359,1.);
#8359 = DIRECTION('',(1.,-0.,-0.));
#8360 = PCURVE('',#8361,#8366);
#8361 = PLANE('',#8362);
#8362 = AXIS2_PLACEMENT_3D('',#8363,#8364,#8365);
#8363 = CARTESIAN_POINT('',(0.35,0.65,1.6));
#8364 = DIRECTION('',(-0.,-1.,-0.));
#8365 = DIRECTION('',(-1.,0.,0.));
#8366 = DEFINITIONAL_REPRESENTATION('',(#8367),#8371);
#8367 = LINE('',#8368,#8369);
#8368 = CARTESIAN_POINT('',(-0.,-0.));
#8369 = VECTOR('',#8370,1.);
#8370 = DIRECTION('',(-1.,-0.));
#8371 = ( GEOMETRIC_REPRESENTATION_CONTEXT(2) 
PARAMETRIC_REPRESENTATION_CONTEXT() REPRESENTATION_CONTEXT('2D SPACE',''
  ) );
#8372 = PCURVE('',#8373,#8378);
#8373 = PLANE('',#8374);
#8374 = AXIS2_PLACEMENT_3D('',#8375,#8376,#8377);
#8375 = CARTESIAN_POINT('',(1.8,0.,1.6));
#8376 = DIRECTION('',(-0.,-0.,1.));
#8377 = DIRECTION('',(-1.,0.,0.));
#8378 = DEFINITIONAL_REPRESENTATION('',(#8379),#8383);
#8379 = LINE('',#8380,#8381);
#8380 = CARTESIAN_POINT('',(1.45,-0.65));
#8381 = VECTOR('',#8382,1.);
#8382 = DIRECTION('',(-1.,0.));
#8383 = ( GEOMETRIC_REPRESENTATION_CONTEXT(2) 
PARAMETRIC_REPRESENTATION_CONTEXT() REPRESENTATION_CONTEXT('2D SPACE',''
  ) );
#8384 = ORIENTED_EDGE('',*,*,#8385,.T.);
#8385 = EDGE_CURVE('',#8351,#8386,#8388,.T.);
#8386 = VERTEX_POINT('',#8387);
#8387 = CARTESIAN_POINT('',(0.454,0.65,2.6));
#8388 = SURFACE_CURVE('',#8389,(#8393,#8400),.PCURVE_S1.);
#8389 = LINE('',#8390,#8391);
#8390 = CARTESIAN_POINT('',(0.454,0.65,1.6));
#8391 = VECTOR('',#8392,1.);
#8392 = DIRECTION('',(-0.,-0.,1.));
#8393 = PCURVE('',#8361,#8394);
#8394 = DEFINITIONAL_REPRESENTATION('',(#8395),#8399);
#8395 = LINE('',#8396,#8397);
#8396 = CARTESIAN_POINT('',(-0.104,-0.));
#8397 = VECTOR('',#8398,1.);
#8398 = DIRECTION('',(-0.,-1.));
#8399 = ( GEOMETRIC_REPRESENTATION_CONTEXT(2) 
PARAMETRIC_REPRESENTATION_CONTEXT() REPRESENTATION_CONTEXT('2D SPACE',''
  ) );
#8400 = PCURVE('',#8401,#8406);
#8401 = CYLINDRICAL_SURFACE('',#8402,0.104);
#8402 = AXIS2_PLACEMENT_3D('',#8403,#8404,#8405);
#8403 = CARTESIAN_POINT('',(0.454,0.546,1.6));
#8404 = DIRECTION('',(-0.,-0.,1.));
#8405 = DIRECTION('',(-0.,1.,-0.));
#8406 = DEFINITIONAL_REPRESENTATION('',(#8407),#8411);
#8407 = LINE('',#8408,#8409);
#8408 = CARTESIAN_POINT('',(0.,0.));
#8409 = VECTOR('',#8410,1.);
#8410 = DIRECTION('',(0.,1.));
#8411 = ( GEOMETRIC_REPRESENTATION_CONTEXT(2) 
PARAMETRIC_REPRESENTATION_CONTEXT() REPRESENTATION_CONTEXT('2D SPACE',''
  ) );
#8412 = ORIENTED_EDGE('',*,*,#8413,.T.);
#8413 = EDGE_CURVE('',#8386,#8414,#8416,.T.);
#8414 = VERTEX_POINT('',#8415);
#8415 = CARTESIAN_POINT('',(3.146,0.65,2.6));
#8416 = SURFACE_CURVE('',#8417,(#8421,#8428),.PCURVE_S1.);
#8417 = LINE('',#8418,#8419);
#8418 = CARTESIAN_POINT('',(0.35,0.65,2.6));
#8419 = VECTOR('',#8420,1.);
#8420 = DIRECTION('',(1.,-0.,-0.));
#8421 = PCURVE('',#8361,#8422);
#8422 = DEFINITIONAL_REPRESENTATION('',(#8423),#8427);
#8423 = LINE('',#8424,#8425);
#8424 = CARTESIAN_POINT('',(-0.,-1.));
#8425 = VECTOR('',#8426,1.);
#8426 = DIRECTION('',(-1.,-0.));
#8427 = ( GEOMETRIC_REPRESENTATION_CONTEXT(2) 
PARAMETRIC_REPRESENTATION_CONTEXT() REPRESENTATION_CONTEXT('2D SPACE',''
  ) );
#8428 = PCURVE('',#8429,#8434);
#8429 = PLANE('',#8430);
#8430 = AXIS2_PLACEMENT_3D('',#8431,#8432,#8433);
#8431 = CARTESIAN_POINT('',(1.8,0.,2.6));
#8432 = DIRECTION('',(-0.,-0.,1.));
#8433 = DIRECTION('',(-1.,0.,0.));
#8434 = DEFINITIONAL_REPRESENTATION('',(#8435),#8439);
#8435 = LINE('',#8436,#8437);
#8436 = CARTESIAN_POINT('',(1.45,-0.65));
#8437 = VECTOR('',#8438,1.);
#8438 = DIRECTION('',(-1.,0.));
#8439 = ( GEOMETRIC_REPRESENTATION_CONTEXT(2) 
PARAMETRIC_REPRESENTATION_CONTEXT() REPRESENTATION_CONTEXT('2D SPACE',''
  ) );
#8440 = ORIENTED_EDGE('',*,*,#8441,.F.);
#8441 = EDGE_CURVE('',#8353,#8414,#8442,.T.);
#8442 = SURFACE_CURVE('',#8443,(#8447,#8454),.PCURVE_S1.);
#8443 = LINE('',#8444,#8445);
#8444 = CARTESIAN_POINT('',(3.146,0.65,1.6));
#8445 = VECTOR('',#8446,1.);
#8446 = DIRECTION('',(-0.,-0.,1.));
#8447 = PCURVE('',#8361,#8448);
#8448 = DEFINITIONAL_REPRESENTATION('',(#8449),#8453);
#8449 = LINE('',#8450,#8451);
#8450 = CARTESIAN_POINT('',(-2.796,-0.));
#8451 = VECTOR('',#8452,1.);
#8452 = DIRECTION('',(-0.,-1.));
#8453 = ( GEOMETRIC_REPRESENTATION_CONTEXT(2) 
PARAMETRIC_REPRESENTATION_CONTEXT() REPRESENTATION_CONTEXT('2D SPACE',''
  ) );
#8454 = PCURVE('',#8455,#8460);
#8455 = CYLINDRICAL_SURFACE('',#8456,0.104);
#8456 = AXIS2_PLACEMENT_3D('',#8457,#8458,#8459);
#8457 = CARTESIAN_POINT('',(3.146,0.546,1.6));
#8458 = DIRECTION('',(-0.,-0.,1.));
#8459 = DIRECTION('',(-0.,1.,-0.));
#8460 = DEFINITIONAL_REPRESENTATION('',(#8461),#8465);
#8461 = LINE('',#8462,#8463);
#8462 = CARTESIAN_POINT('',(-0.,0.));
#8463 = VECTOR('',#8464,1.);
#8464 = DIRECTION('',(-0.,1.));
#8465 = ( GEOMETRIC_REPRESENTATION_CONTEXT(2) 
PARAMETRIC_REPRESENTATION_CONTEXT() REPRESENTATION_CONTEXT('2D SPACE',''
  ) );
#8466 = ADVANCED_FACE('',(#8467),#8373,.F.);
#8467 = FACE_BOUND('',#8468,.T.);
#8468 = EDGE_LOOP('',(#8469,#8470,#8498,#8526,#8559,#8587,#8620,#8648));
#8469 = ORIENTED_EDGE('',*,*,#8350,.T.);
#8470 = ORIENTED_EDGE('',*,*,#8471,.T.);
#8471 = EDGE_CURVE('',#8353,#8472,#8474,.T.);
#8472 = VERTEX_POINT('',#8473);
#8473 = CARTESIAN_POINT('',(3.25,0.546,1.6));
#8474 = SURFACE_CURVE('',#8475,(#8480,#8491),.PCURVE_S1.);
#8475 = CIRCLE('',#8476,0.104);
#8476 = AXIS2_PLACEMENT_3D('',#8477,#8478,#8479);
#8477 = CARTESIAN_POINT('',(3.146,0.546,1.6));
#8478 = DIRECTION('',(-0.,-0.,-1.));
#8479 = DIRECTION('',(-0.,1.,-0.));
#8480 = PCURVE('',#8373,#8481);
#8481 = DEFINITIONAL_REPRESENTATION('',(#8482),#8490);
#8482 = ( BOUNDED_CURVE() B_SPLINE_CURVE(2,(#8483,#8484,#8485,#8486,
#8487,#8488,#8489),.UNSPECIFIED.,.T.,.F.) B_SPLINE_CURVE_WITH_KNOTS((1,2
    ,2,2,2,1),(-2.094395102393,0.,2.094395102393,4.188790204786,
6.28318530718,8.377580409573),.UNSPECIFIED.) CURVE() 
GEOMETRIC_REPRESENTATION_ITEM() RATIONAL_B_SPLINE_CURVE((1.,0.5,1.,0.5,
1.,0.5,1.)) REPRESENTATION_ITEM('') );
#8483 = CARTESIAN_POINT('',(-1.346,-0.65));
#8484 = CARTESIAN_POINT('',(-1.526133283987,-0.65));
#8485 = CARTESIAN_POINT('',(-1.436066641994,-0.494));
#8486 = CARTESIAN_POINT('',(-1.346,-0.338));
#8487 = CARTESIAN_POINT('',(-1.255933358006,-0.494));
#8488 = CARTESIAN_POINT('',(-1.165866716013,-0.65));
#8489 = CARTESIAN_POINT('',(-1.346,-0.65));
#8490 = ( GEOMETRIC_REPRESENTATION_CONTEXT(2) 
PARAMETRIC_REPRESENTATION_CONTEXT() REPRESENTATION_CONTEXT('2D SPACE',''
  ) );
#8491 = PCURVE('',#8455,#8492);
#8492 = DEFINITIONAL_REPRESENTATION('',(#8493),#8497);
#8493 = LINE('',#8494,#8495);
#8494 = CARTESIAN_POINT('',(-0.,-4.440892098501E-16));
#8495 = VECTOR('',#8496,1.);
#8496 = DIRECTION('',(-1.,0.));
#8497 = ( GEOMETRIC_REPRESENTATION_CONTEXT(2) 
PARAMETRIC_REPRESENTATION_CONTEXT() REPRESENTATION_CONTEXT('2D SPACE',''
  ) );
#8498 = ORIENTED_EDGE('',*,*,#8499,.T.);
#8499 = EDGE_CURVE('',#8472,#8500,#8502,.T.);
#8500 = VERTEX_POINT('',#8501);
#8501 = CARTESIAN_POINT('',(3.25,-0.546,1.6));
#8502 = SURFACE_CURVE('',#8503,(#8507,#8514),.PCURVE_S1.);
#8503 = LINE('',#8504,#8505);
#8504 = CARTESIAN_POINT('',(3.25,0.65,1.6));
#8505 = VECTOR('',#8506,1.);
#8506 = DIRECTION('',(-0.,-1.,-0.));
#8507 = PCURVE('',#8373,#8508);
#8508 = DEFINITIONAL_REPRESENTATION('',(#8509),#8513);
#8509 = LINE('',#8510,#8511);
#8510 = CARTESIAN_POINT('',(-1.45,-0.65));
#8511 = VECTOR('',#8512,1.);
#8512 = DIRECTION('',(-0.,1.));
#8513 = ( GEOMETRIC_REPRESENTATION_CONTEXT(2) 
PARAMETRIC_REPRESENTATION_CONTEXT() REPRESENTATION_CONTEXT('2D SPACE',''
  ) );
#8514 = PCURVE('',#8515,#8520);
#8515 = PLANE('',#8516);
#8516 = AXIS2_PLACEMENT_3D('',#8517,#8518,#8519);
#8517 = CARTESIAN_POINT('',(3.25,0.65,1.6));
#8518 = DIRECTION('',(-1.,-0.,-0.));
#8519 = DIRECTION('',(0.,1.,0.));
#8520 = DEFINITIONAL_REPRESENTATION('',(#8521),#8525);
#8521 = LINE('',#8522,#8523);
#8522 = CARTESIAN_POINT('',(-0.,-0.));
#8523 = VECTOR('',#8524,1.);
#8524 = DIRECTION('',(-1.,0.));
#8525 = ( GEOMETRIC_REPRESENTATION_CONTEXT(2) 
PARAMETRIC_REPRESENTATION_CONTEXT() REPRESENTATION_CONTEXT('2D SPACE',''
  ) );
#8526 = ORIENTED_EDGE('',*,*,#8527,.T.);
#8527 = EDGE_CURVE('',#8500,#8528,#8530,.T.);
#8528 = VERTEX_POINT('',#8529);
#8529 = CARTESIAN_POINT('',(3.146,-0.65,1.6));
#8530 = SURFACE_CURVE('',#8531,(#8536,#8547),.PCURVE_S1.);
#8531 = CIRCLE('',#8532,0.104);
#8532 = AXIS2_PLACEMENT_3D('',#8533,#8534,#8535);
#8533 = CARTESIAN_POINT('',(3.146,-0.546,1.6));
#8534 = DIRECTION('',(-0.,-0.,-1.));
#8535 = DIRECTION('',(-0.,1.,-0.));
#8536 = PCURVE('',#8373,#8537);
#8537 = DEFINITIONAL_REPRESENTATION('',(#8538),#8546);
#8538 = ( BOUNDED_CURVE() B_SPLINE_CURVE(2,(#8539,#8540,#8541,#8542,
#8543,#8544,#8545),.UNSPECIFIED.,.T.,.F.) B_SPLINE_CURVE_WITH_KNOTS((1,2
    ,2,2,2,1),(-2.094395102393,0.,2.094395102393,4.188790204786,
6.28318530718,8.377580409573),.UNSPECIFIED.) CURVE() 
GEOMETRIC_REPRESENTATION_ITEM() RATIONAL_B_SPLINE_CURVE((1.,0.5,1.,0.5,
1.,0.5,1.)) REPRESENTATION_ITEM('') );
#8539 = CARTESIAN_POINT('',(-1.346,0.442));
#8540 = CARTESIAN_POINT('',(-1.526133283987,0.442));
#8541 = CARTESIAN_POINT('',(-1.436066641994,0.598));
#8542 = CARTESIAN_POINT('',(-1.346,0.754));
#8543 = CARTESIAN_POINT('',(-1.255933358006,0.598));
#8544 = CARTESIAN_POINT('',(-1.165866716013,0.442));
#8545 = CARTESIAN_POINT('',(-1.346,0.442));
#8546 = ( GEOMETRIC_REPRESENTATION_CONTEXT(2) 
PARAMETRIC_REPRESENTATION_CONTEXT() REPRESENTATION_CONTEXT('2D SPACE',''
  ) );
#8547 = PCURVE('',#8548,#8553);
#8548 = CYLINDRICAL_SURFACE('',#8549,0.104);
#8549 = AXIS2_PLACEMENT_3D('',#8550,#8551,#8552);
#8550 = CARTESIAN_POINT('',(3.146,-0.546,1.6));
#8551 = DIRECTION('',(-0.,-0.,1.));
#8552 = DIRECTION('',(1.,-0.,-0.));
#8553 = DEFINITIONAL_REPRESENTATION('',(#8554),#8558);
#8554 = LINE('',#8555,#8556);
#8555 = CARTESIAN_POINT('',(1.570796326795,-4.440892098501E-16));
#8556 = VECTOR('',#8557,1.);
#8557 = DIRECTION('',(-1.,0.));
#8558 = ( GEOMETRIC_REPRESENTATION_CONTEXT(2) 
PARAMETRIC_REPRESENTATION_CONTEXT() REPRESENTATION_CONTEXT('2D SPACE',''
  ) );
#8559 = ORIENTED_EDGE('',*,*,#8560,.T.);
#8560 = EDGE_CURVE('',#8528,#8561,#8563,.T.);
#8561 = VERTEX_POINT('',#8562);
#8562 = CARTESIAN_POINT('',(0.454,-0.65,1.6));
#8563 = SURFACE_CURVE('',#8564,(#8568,#8575),.PCURVE_S1.);
#8564 = LINE('',#8565,#8566);
#8565 = CARTESIAN_POINT('',(3.25,-0.65,1.6));
#8566 = VECTOR('',#8567,1.);
#8567 = DIRECTION('',(-1.,-0.,-0.));
#8568 = PCURVE('',#8373,#8569);
#8569 = DEFINITIONAL_REPRESENTATION('',(#8570),#8574);
#8570 = LINE('',#8571,#8572);
#8571 = CARTESIAN_POINT('',(-1.45,0.65));
#8572 = VECTOR('',#8573,1.);
#8573 = DIRECTION('',(1.,-0.));
#8574 = ( GEOMETRIC_REPRESENTATION_CONTEXT(2) 
PARAMETRIC_REPRESENTATION_CONTEXT() REPRESENTATION_CONTEXT('2D SPACE',''
  ) );
#8575 = PCURVE('',#8576,#8581);
#8576 = PLANE('',#8577);
#8577 = AXIS2_PLACEMENT_3D('',#8578,#8579,#8580);
#8578 = CARTESIAN_POINT('',(3.25,-0.65,1.6));
#8579 = DIRECTION('',(-0.,1.,-0.));
#8580 = DIRECTION('',(1.,0.,0.));
#8581 = DEFINITIONAL_REPRESENTATION('',(#8582),#8586);
#8582 = LINE('',#8583,#8584);
#8583 = CARTESIAN_POINT('',(0.,-0.));
#8584 = VECTOR('',#8585,1.);
#8585 = DIRECTION('',(-1.,0.));
#8586 = ( GEOMETRIC_REPRESENTATION_CONTEXT(2) 
PARAMETRIC_REPRESENTATION_CONTEXT() REPRESENTATION_CONTEXT('2D SPACE',''
  ) );
#8587 = ORIENTED_EDGE('',*,*,#8588,.T.);
#8588 = EDGE_CURVE('',#8561,#8589,#8591,.T.);
#8589 = VERTEX_POINT('',#8590);
#8590 = CARTESIAN_POINT('',(0.35,-0.546,1.6));
#8591 = SURFACE_CURVE('',#8592,(#8597,#8608),.PCURVE_S1.);
#8592 = CIRCLE('',#8593,0.104);
#8593 = AXIS2_PLACEMENT_3D('',#8594,#8595,#8596);
#8594 = CARTESIAN_POINT('',(0.454,-0.546,1.6));
#8595 = DIRECTION('',(-0.,-0.,-1.));
#8596 = DIRECTION('',(-0.,1.,-0.));
#8597 = PCURVE('',#8373,#8598);
#8598 = DEFINITIONAL_REPRESENTATION('',(#8599),#8607);
#8599 = ( BOUNDED_CURVE() B_SPLINE_CURVE(2,(#8600,#8601,#8602,#8603,
#8604,#8605,#8606),.UNSPECIFIED.,.T.,.F.) B_SPLINE_CURVE_WITH_KNOTS((1,2
    ,2,2,2,1),(-2.094395102393,0.,2.094395102393,4.188790204786,
6.28318530718,8.377580409573),.UNSPECIFIED.) CURVE() 
GEOMETRIC_REPRESENTATION_ITEM() RATIONAL_B_SPLINE_CURVE((1.,0.5,1.,0.5,
1.,0.5,1.)) REPRESENTATION_ITEM('') );
#8600 = CARTESIAN_POINT('',(1.346,0.442));
#8601 = CARTESIAN_POINT('',(1.165866716013,0.442));
#8602 = CARTESIAN_POINT('',(1.255933358006,0.598));
#8603 = CARTESIAN_POINT('',(1.346,0.754));
#8604 = CARTESIAN_POINT('',(1.436066641994,0.598));
#8605 = CARTESIAN_POINT('',(1.526133283987,0.442));
#8606 = CARTESIAN_POINT('',(1.346,0.442));
#8607 = ( GEOMETRIC_REPRESENTATION_CONTEXT(2) 
PARAMETRIC_REPRESENTATION_CONTEXT() REPRESENTATION_CONTEXT('2D SPACE',''
  ) );
#8608 = PCURVE('',#8609,#8614);
#8609 = CYLINDRICAL_SURFACE('',#8610,0.104);
#8610 = AXIS2_PLACEMENT_3D('',#8611,#8612,#8613);
#8611 = CARTESIAN_POINT('',(0.454,-0.546,1.6));
#8612 = DIRECTION('',(-0.,-0.,1.));
#8613 = DIRECTION('',(-0.,-1.,-0.));
#8614 = DEFINITIONAL_REPRESENTATION('',(#8615),#8619);
#8615 = LINE('',#8616,#8617);
#8616 = CARTESIAN_POINT('',(3.14159265359,-4.440892098501E-16));
#8617 = VECTOR('',#8618,1.);
#8618 = DIRECTION('',(-1.,0.));
#8619 = ( GEOMETRIC_REPRESENTATION_CONTEXT(2) 
PARAMETRIC_REPRESENTATION_CONTEXT() REPRESENTATION_CONTEXT('2D SPACE',''
  ) );
#8620 = ORIENTED_EDGE('',*,*,#8621,.T.);
#8621 = EDGE_CURVE('',#8589,#8622,#8624,.T.);
#8622 = VERTEX_POINT('',#8623);
#8623 = CARTESIAN_POINT('',(0.35,0.546,1.6));
#8624 = SURFACE_CURVE('',#8625,(#8629,#8636),.PCURVE_S1.);
#8625 = LINE('',#8626,#8627);
#8626 = CARTESIAN_POINT('',(0.35,-0.65,1.6));
#8627 = VECTOR('',#8628,1.);
#8628 = DIRECTION('',(-0.,1.,-0.));
#8629 = PCURVE('',#8373,#8630);
#8630 = DEFINITIONAL_REPRESENTATION('',(#8631),#8635);
#8631 = LINE('',#8632,#8633);
#8632 = CARTESIAN_POINT('',(1.45,0.65));
#8633 = VECTOR('',#8634,1.);
#8634 = DIRECTION('',(-0.,-1.));
#8635 = ( GEOMETRIC_REPRESENTATION_CONTEXT(2) 
PARAMETRIC_REPRESENTATION_CONTEXT() REPRESENTATION_CONTEXT('2D SPACE',''
  ) );
#8636 = PCURVE('',#8637,#8642);
#8637 = PLANE('',#8638);
#8638 = AXIS2_PLACEMENT_3D('',#8639,#8640,#8641);
#8639 = CARTESIAN_POINT('',(0.35,-0.65,1.6));
#8640 = DIRECTION('',(1.,-0.,-0.));
#8641 = DIRECTION('',(0.,-1.,0.));
#8642 = DEFINITIONAL_REPRESENTATION('',(#8643),#8647);
#8643 = LINE('',#8644,#8645);
#8644 = CARTESIAN_POINT('',(-0.,0.));
#8645 = VECTOR('',#8646,1.);
#8646 = DIRECTION('',(-1.,-0.));
#8647 = ( GEOMETRIC_REPRESENTATION_CONTEXT(2) 
PARAMETRIC_REPRESENTATION_CONTEXT() REPRESENTATION_CONTEXT('2D SPACE',''
  ) );
#8648 = ORIENTED_EDGE('',*,*,#8649,.F.);
#8649 = EDGE_CURVE('',#8351,#8622,#8650,.T.);
#8650 = SURFACE_CURVE('',#8651,(#8656,#8663),.PCURVE_S1.);
#8651 = CIRCLE('',#8652,0.104);
#8652 = AXIS2_PLACEMENT_3D('',#8653,#8654,#8655);
#8653 = CARTESIAN_POINT('',(0.454,0.546,1.6));
#8654 = DIRECTION('',(-0.,0.,1.));
#8655 = DIRECTION('',(-0.,1.,-0.));
#8656 = PCURVE('',#8373,#8657);
#8657 = DEFINITIONAL_REPRESENTATION('',(#8658),#8662);
#8658 = CIRCLE('',#8659,0.104);
#8659 = AXIS2_PLACEMENT_2D('',#8660,#8661);
#8660 = CARTESIAN_POINT('',(1.346,-0.546));
#8661 = DIRECTION('',(-0.,-1.));
#8662 = ( GEOMETRIC_REPRESENTATION_CONTEXT(2) 
PARAMETRIC_REPRESENTATION_CONTEXT() REPRESENTATION_CONTEXT('2D SPACE',''
  ) );
#8663 = PCURVE('',#8401,#8664);
#8664 = DEFINITIONAL_REPRESENTATION('',(#8665),#8669);
#8665 = LINE('',#8666,#8667);
#8666 = CARTESIAN_POINT('',(0.,-4.440892098501E-16));
#8667 = VECTOR('',#8668,1.);
#8668 = DIRECTION('',(1.,0.));
#8669 = ( GEOMETRIC_REPRESENTATION_CONTEXT(2) 
PARAMETRIC_REPRESENTATION_CONTEXT() REPRESENTATION_CONTEXT('2D SPACE',''
  ) );
#8670 = ADVANCED_FACE('',(#8671),#8401,.T.);
#8671 = FACE_BOUND('',#8672,.T.);
#8672 = EDGE_LOOP('',(#8673,#8674,#8697,#8719));
#8673 = ORIENTED_EDGE('',*,*,#8649,.T.);
#8674 = ORIENTED_EDGE('',*,*,#8675,.T.);
#8675 = EDGE_CURVE('',#8622,#8676,#8678,.T.);
#8676 = VERTEX_POINT('',#8677);
#8677 = CARTESIAN_POINT('',(0.35,0.546,2.6));
#8678 = SURFACE_CURVE('',#8679,(#8683,#8690),.PCURVE_S1.);
#8679 = LINE('',#8680,#8681);
#8680 = CARTESIAN_POINT('',(0.35,0.546,1.6));
#8681 = VECTOR('',#8682,1.);
#8682 = DIRECTION('',(-0.,-0.,1.));
#8683 = PCURVE('',#8401,#8684);
#8684 = DEFINITIONAL_REPRESENTATION('',(#8685),#8689);
#8685 = LINE('',#8686,#8687);
#8686 = CARTESIAN_POINT('',(1.570796326795,0.));
#8687 = VECTOR('',#8688,1.);
#8688 = DIRECTION('',(0.,1.));
#8689 = ( GEOMETRIC_REPRESENTATION_CONTEXT(2) 
PARAMETRIC_REPRESENTATION_CONTEXT() REPRESENTATION_CONTEXT('2D SPACE',''
  ) );
#8690 = PCURVE('',#8637,#8691);
#8691 = DEFINITIONAL_REPRESENTATION('',(#8692),#8696);
#8692 = LINE('',#8693,#8694);
#8693 = CARTESIAN_POINT('',(-1.196,0.));
#8694 = VECTOR('',#8695,1.);
#8695 = DIRECTION('',(-0.,-1.));
#8696 = ( GEOMETRIC_REPRESENTATION_CONTEXT(2) 
PARAMETRIC_REPRESENTATION_CONTEXT() REPRESENTATION_CONTEXT('2D SPACE',''
  ) );
#8697 = ORIENTED_EDGE('',*,*,#8698,.F.);
#8698 = EDGE_CURVE('',#8386,#8676,#8699,.T.);
#8699 = SURFACE_CURVE('',#8700,(#8705,#8712),.PCURVE_S1.);
#8700 = CIRCLE('',#8701,0.104);
#8701 = AXIS2_PLACEMENT_3D('',#8702,#8703,#8704);
#8702 = CARTESIAN_POINT('',(0.454,0.546,2.6));
#8703 = DIRECTION('',(-0.,0.,1.));
#8704 = DIRECTION('',(-0.,1.,-0.));
#8705 = PCURVE('',#8401,#8706);
#8706 = DEFINITIONAL_REPRESENTATION('',(#8707),#8711);
#8707 = LINE('',#8708,#8709);
#8708 = CARTESIAN_POINT('',(0.,1.));
#8709 = VECTOR('',#8710,1.);
#8710 = DIRECTION('',(1.,0.));
#8711 = ( GEOMETRIC_REPRESENTATION_CONTEXT(2) 
PARAMETRIC_REPRESENTATION_CONTEXT() REPRESENTATION_CONTEXT('2D SPACE',''
  ) );
#8712 = PCURVE('',#8429,#8713);
#8713 = DEFINITIONAL_REPRESENTATION('',(#8714),#8718);
#8714 = CIRCLE('',#8715,0.104);
#8715 = AXIS2_PLACEMENT_2D('',#8716,#8717);
#8716 = CARTESIAN_POINT('',(1.346,-0.546));
#8717 = DIRECTION('',(-0.,-1.));
#8718 = ( GEOMETRIC_REPRESENTATION_CONTEXT(2) 
PARAMETRIC_REPRESENTATION_CONTEXT() REPRESENTATION_CONTEXT('2D SPACE',''
  ) );
#8719 = ORIENTED_EDGE('',*,*,#8385,.F.);
#8720 = ADVANCED_FACE('',(#8721),#8455,.T.);
#8721 = FACE_BOUND('',#8722,.F.);
#8722 = EDGE_LOOP('',(#8723,#8724,#8747,#8773));
#8723 = ORIENTED_EDGE('',*,*,#8471,.T.);
#8724 = ORIENTED_EDGE('',*,*,#8725,.T.);
#8725 = EDGE_CURVE('',#8472,#8726,#8728,.T.);
#8726 = VERTEX_POINT('',#8727);
#8727 = CARTESIAN_POINT('',(3.25,0.546,2.6));
#8728 = SURFACE_CURVE('',#8729,(#8733,#8740),.PCURVE_S1.);
#8729 = LINE('',#8730,#8731);
#8730 = CARTESIAN_POINT('',(3.25,0.546,1.6));
#8731 = VECTOR('',#8732,1.);
#8732 = DIRECTION('',(-0.,-0.,1.));
#8733 = PCURVE('',#8455,#8734);
#8734 = DEFINITIONAL_REPRESENTATION('',(#8735),#8739);
#8735 = LINE('',#8736,#8737);
#8736 = CARTESIAN_POINT('',(-1.570796326795,0.));
#8737 = VECTOR('',#8738,1.);
#8738 = DIRECTION('',(-0.,1.));
#8739 = ( GEOMETRIC_REPRESENTATION_CONTEXT(2) 
PARAMETRIC_REPRESENTATION_CONTEXT() REPRESENTATION_CONTEXT('2D SPACE',''
  ) );
#8740 = PCURVE('',#8515,#8741);
#8741 = DEFINITIONAL_REPRESENTATION('',(#8742),#8746);
#8742 = LINE('',#8743,#8744);
#8743 = CARTESIAN_POINT('',(-0.104,0.));
#8744 = VECTOR('',#8745,1.);
#8745 = DIRECTION('',(-0.,-1.));
#8746 = ( GEOMETRIC_REPRESENTATION_CONTEXT(2) 
PARAMETRIC_REPRESENTATION_CONTEXT() REPRESENTATION_CONTEXT('2D SPACE',''
  ) );
#8747 = ORIENTED_EDGE('',*,*,#8748,.F.);
#8748 = EDGE_CURVE('',#8414,#8726,#8749,.T.);
#8749 = SURFACE_CURVE('',#8750,(#8755,#8762),.PCURVE_S1.);
#8750 = CIRCLE('',#8751,0.104);
#8751 = AXIS2_PLACEMENT_3D('',#8752,#8753,#8754);
#8752 = CARTESIAN_POINT('',(3.146,0.546,2.6));
#8753 = DIRECTION('',(-0.,-0.,-1.));
#8754 = DIRECTION('',(-0.,1.,-0.));
#8755 = PCURVE('',#8455,#8756);
#8756 = DEFINITIONAL_REPRESENTATION('',(#8757),#8761);
#8757 = LINE('',#8758,#8759);
#8758 = CARTESIAN_POINT('',(-0.,1.));
#8759 = VECTOR('',#8760,1.);
#8760 = DIRECTION('',(-1.,0.));
#8761 = ( GEOMETRIC_REPRESENTATION_CONTEXT(2) 
PARAMETRIC_REPRESENTATION_CONTEXT() REPRESENTATION_CONTEXT('2D SPACE',''
  ) );
#8762 = PCURVE('',#8429,#8763);
#8763 = DEFINITIONAL_REPRESENTATION('',(#8764),#8772);
#8764 = ( BOUNDED_CURVE() B_SPLINE_CURVE(2,(#8765,#8766,#8767,#8768,
#8769,#8770,#8771),.UNSPECIFIED.,.T.,.F.) B_SPLINE_CURVE_WITH_KNOTS((1,2
    ,2,2,2,1),(-2.094395102393,0.,2.094395102393,4.188790204786,
6.28318530718,8.377580409573),.UNSPECIFIED.) CURVE() 
GEOMETRIC_REPRESENTATION_ITEM() RATIONAL_B_SPLINE_CURVE((1.,0.5,1.,0.5,
1.,0.5,1.)) REPRESENTATION_ITEM('') );
#8765 = CARTESIAN_POINT('',(-1.346,-0.65));
#8766 = CARTESIAN_POINT('',(-1.526133283987,-0.65));
#8767 = CARTESIAN_POINT('',(-1.436066641994,-0.494));
#8768 = CARTESIAN_POINT('',(-1.346,-0.338));
#8769 = CARTESIAN_POINT('',(-1.255933358006,-0.494));
#8770 = CARTESIAN_POINT('',(-1.165866716013,-0.65));
#8771 = CARTESIAN_POINT('',(-1.346,-0.65));
#8772 = ( GEOMETRIC_REPRESENTATION_CONTEXT(2) 
PARAMETRIC_REPRESENTATION_CONTEXT() REPRESENTATION_CONTEXT('2D SPACE',''
  ) );
#8773 = ORIENTED_EDGE('',*,*,#8441,.F.);
#8774 = ADVANCED_FACE('',(#8775),#8429,.T.);
#8775 = FACE_BOUND('',#8776,.F.);
#8776 = EDGE_LOOP('',(#8777,#8778,#8779,#8802,#8830,#8853,#8881,#8902));
#8777 = ORIENTED_EDGE('',*,*,#8413,.T.);
#8778 = ORIENTED_EDGE('',*,*,#8748,.T.);
#8779 = ORIENTED_EDGE('',*,*,#8780,.T.);
#8780 = EDGE_CURVE('',#8726,#8781,#8783,.T.);
#8781 = VERTEX_POINT('',#8782);
#8782 = CARTESIAN_POINT('',(3.25,-0.546,2.6));
#8783 = SURFACE_CURVE('',#8784,(#8788,#8795),.PCURVE_S1.);
#8784 = LINE('',#8785,#8786);
#8785 = CARTESIAN_POINT('',(3.25,0.65,2.6));
#8786 = VECTOR('',#8787,1.);
#8787 = DIRECTION('',(-0.,-1.,-0.));
#8788 = PCURVE('',#8429,#8789);
#8789 = DEFINITIONAL_REPRESENTATION('',(#8790),#8794);
#8790 = LINE('',#8791,#8792);
#8791 = CARTESIAN_POINT('',(-1.45,-0.65));
#8792 = VECTOR('',#8793,1.);
#8793 = DIRECTION('',(-0.,1.));
#8794 = ( GEOMETRIC_REPRESENTATION_CONTEXT(2) 
PARAMETRIC_REPRESENTATION_CONTEXT() REPRESENTATION_CONTEXT('2D SPACE',''
  ) );
#8795 = PCURVE('',#8515,#8796);
#8796 = DEFINITIONAL_REPRESENTATION('',(#8797),#8801);
#8797 = LINE('',#8798,#8799);
#8798 = CARTESIAN_POINT('',(-0.,-1.));
#8799 = VECTOR('',#8800,1.);
#8800 = DIRECTION('',(-1.,0.));
#8801 = ( GEOMETRIC_REPRESENTATION_CONTEXT(2) 
PARAMETRIC_REPRESENTATION_CONTEXT() REPRESENTATION_CONTEXT('2D SPACE',''
  ) );
#8802 = ORIENTED_EDGE('',*,*,#8803,.T.);
#8803 = EDGE_CURVE('',#8781,#8804,#8806,.T.);
#8804 = VERTEX_POINT('',#8805);
#8805 = CARTESIAN_POINT('',(3.146,-0.65,2.6));
#8806 = SURFACE_CURVE('',#8807,(#8812,#8823),.PCURVE_S1.);
#8807 = CIRCLE('',#8808,0.104);
#8808 = AXIS2_PLACEMENT_3D('',#8809,#8810,#8811);
#8809 = CARTESIAN_POINT('',(3.146,-0.546,2.6));
#8810 = DIRECTION('',(-0.,-0.,-1.));
#8811 = DIRECTION('',(-0.,1.,-0.));
#8812 = PCURVE('',#8429,#8813);
#8813 = DEFINITIONAL_REPRESENTATION('',(#8814),#8822);
#8814 = ( BOUNDED_CURVE() B_SPLINE_CURVE(2,(#8815,#8816,#8817,#8818,
#8819,#8820,#8821),.UNSPECIFIED.,.T.,.F.) B_SPLINE_CURVE_WITH_KNOTS((1,2
    ,2,2,2,1),(-2.094395102393,0.,2.094395102393,4.188790204786,
6.28318530718,8.377580409573),.UNSPECIFIED.) CURVE() 
GEOMETRIC_REPRESENTATION_ITEM() RATIONAL_B_SPLINE_CURVE((1.,0.5,1.,0.5,
1.,0.5,1.)) REPRESENTATION_ITEM('') );
#8815 = CARTESIAN_POINT('',(-1.346,0.442));
#8816 = CARTESIAN_POINT('',(-1.526133283987,0.442));
#8817 = CARTESIAN_POINT('',(-1.436066641994,0.598));
#8818 = CARTESIAN_POINT('',(-1.346,0.754));
#8819 = CARTESIAN_POINT('',(-1.255933358006,0.598));
#8820 = CARTESIAN_POINT('',(-1.165866716013,0.442));
#8821 = CARTESIAN_POINT('',(-1.346,0.442));
#8822 = ( GEOMETRIC_REPRESENTATION_CONTEXT(2) 
PARAMETRIC_REPRESENTATION_CONTEXT() REPRESENTATION_CONTEXT('2D SPACE',''
  ) );
#8823 = PCURVE('',#8548,#8824);
#8824 = DEFINITIONAL_REPRESENTATION('',(#8825),#8829);
#8825 = LINE('',#8826,#8827);
#8826 = CARTESIAN_POINT('',(1.570796326795,1.));
#8827 = VECTOR('',#8828,1.);
#8828 = DIRECTION('',(-1.,0.));
#8829 = ( GEOMETRIC_REPRESENTATION_CONTEXT(2) 
PARAMETRIC_REPRESENTATION_CONTEXT() REPRESENTATION_CONTEXT('2D SPACE',''
  ) );
#8830 = ORIENTED_EDGE('',*,*,#8831,.T.);
#8831 = EDGE_CURVE('',#8804,#8832,#8834,.T.);
#8832 = VERTEX_POINT('',#8833);
#8833 = CARTESIAN_POINT('',(0.454,-0.65,2.6));
#8834 = SURFACE_CURVE('',#8835,(#8839,#8846),.PCURVE_S1.);
#8835 = LINE('',#8836,#8837);
#8836 = CARTESIAN_POINT('',(3.25,-0.65,2.6));
#8837 = VECTOR('',#8838,1.);
#8838 = DIRECTION('',(-1.,-0.,-0.));
#8839 = PCURVE('',#8429,#8840);
#8840 = DEFINITIONAL_REPRESENTATION('',(#8841),#8845);
#8841 = LINE('',#8842,#8843);
#8842 = CARTESIAN_POINT('',(-1.45,0.65));
#8843 = VECTOR('',#8844,1.);
#8844 = DIRECTION('',(1.,-0.));
#8845 = ( GEOMETRIC_REPRESENTATION_CONTEXT(2) 
PARAMETRIC_REPRESENTATION_CONTEXT() REPRESENTATION_CONTEXT('2D SPACE',''
  ) );
#8846 = PCURVE('',#8576,#8847);
#8847 = DEFINITIONAL_REPRESENTATION('',(#8848),#8852);
#8848 = LINE('',#8849,#8850);
#8849 = CARTESIAN_POINT('',(-0.,-1.));
#8850 = VECTOR('',#8851,1.);
#8851 = DIRECTION('',(-1.,0.));
#8852 = ( GEOMETRIC_REPRESENTATION_CONTEXT(2) 
PARAMETRIC_REPRESENTATION_CONTEXT() REPRESENTATION_CONTEXT('2D SPACE',''
  ) );
#8853 = ORIENTED_EDGE('',*,*,#8854,.T.);
#8854 = EDGE_CURVE('',#8832,#8855,#8857,.T.);
#8855 = VERTEX_POINT('',#8856);
#8856 = CARTESIAN_POINT('',(0.35,-0.546,2.6));
#8857 = SURFACE_CURVE('',#8858,(#8863,#8874),.PCURVE_S1.);
#8858 = CIRCLE('',#8859,0.104);
#8859 = AXIS2_PLACEMENT_3D('',#8860,#8861,#8862);
#8860 = CARTESIAN_POINT('',(0.454,-0.546,2.6));
#8861 = DIRECTION('',(-0.,-0.,-1.));
#8862 = DIRECTION('',(-0.,1.,-0.));
#8863 = PCURVE('',#8429,#8864);
#8864 = DEFINITIONAL_REPRESENTATION('',(#8865),#8873);
#8865 = ( BOUNDED_CURVE() B_SPLINE_CURVE(2,(#8866,#8867,#8868,#8869,
#8870,#8871,#8872),.UNSPECIFIED.,.T.,.F.) B_SPLINE_CURVE_WITH_KNOTS((1,2
    ,2,2,2,1),(-2.094395102393,0.,2.094395102393,4.188790204786,
6.28318530718,8.377580409573),.UNSPECIFIED.) CURVE() 
GEOMETRIC_REPRESENTATION_ITEM() RATIONAL_B_SPLINE_CURVE((1.,0.5,1.,0.5,
1.,0.5,1.)) REPRESENTATION_ITEM('') );
#8866 = CARTESIAN_POINT('',(1.346,0.442));
#8867 = CARTESIAN_POINT('',(1.165866716013,0.442));
#8868 = CARTESIAN_POINT('',(1.255933358006,0.598));
#8869 = CARTESIAN_POINT('',(1.346,0.754));
#8870 = CARTESIAN_POINT('',(1.436066641994,0.598));
#8871 = CARTESIAN_POINT('',(1.526133283987,0.442));
#8872 = CARTESIAN_POINT('',(1.346,0.442));
#8873 = ( GEOMETRIC_REPRESENTATION_CONTEXT(2) 
PARAMETRIC_REPRESENTATION_CONTEXT() REPRESENTATION_CONTEXT('2D SPACE',''
  ) );
#8874 = PCURVE('',#8609,#8875);
#8875 = DEFINITIONAL_REPRESENTATION('',(#8876),#8880);
#8876 = LINE('',#8877,#8878);
#8877 = CARTESIAN_POINT('',(3.14159265359,1.));
#8878 = VECTOR('',#8879,1.);
#8879 = DIRECTION('',(-1.,0.));
#8880 = ( GEOMETRIC_REPRESENTATION_CONTEXT(2) 
PARAMETRIC_REPRESENTATION_CONTEXT() REPRESENTATION_CONTEXT('2D SPACE',''
  ) );
#8881 = ORIENTED_EDGE('',*,*,#8882,.T.);
#8882 = EDGE_CURVE('',#8855,#8676,#8883,.T.);
#8883 = SURFACE_CURVE('',#8884,(#8888,#8895),.PCURVE_S1.);
#8884 = LINE('',#8885,#8886);
#8885 = CARTESIAN_POINT('',(0.35,-0.65,2.6));
#8886 = VECTOR('',#8887,1.);
#8887 = DIRECTION('',(-0.,1.,-0.));
#8888 = PCURVE('',#8429,#8889);
#8889 = DEFINITIONAL_REPRESENTATION('',(#8890),#8894);
#8890 = LINE('',#8891,#8892);
#8891 = CARTESIAN_POINT('',(1.45,0.65));
#8892 = VECTOR('',#8893,1.);
#8893 = DIRECTION('',(-0.,-1.));
#8894 = ( GEOMETRIC_REPRESENTATION_CONTEXT(2) 
PARAMETRIC_REPRESENTATION_CONTEXT() REPRESENTATION_CONTEXT('2D SPACE',''
  ) );
#8895 = PCURVE('',#8637,#8896);
#8896 = DEFINITIONAL_REPRESENTATION('',(#8897),#8901);
#8897 = LINE('',#8898,#8899);
#8898 = CARTESIAN_POINT('',(-0.,-1.));
#8899 = VECTOR('',#8900,1.);
#8900 = DIRECTION('',(-1.,-0.));
#8901 = ( GEOMETRIC_REPRESENTATION_CONTEXT(2) 
PARAMETRIC_REPRESENTATION_CONTEXT() REPRESENTATION_CONTEXT('2D SPACE',''
  ) );
#8902 = ORIENTED_EDGE('',*,*,#8698,.F.);
#8903 = ADVANCED_FACE('',(#8904),#8637,.F.);
#8904 = FACE_BOUND('',#8905,.T.);
#8905 = EDGE_LOOP('',(#8906,#8907,#8928,#8929));
#8906 = ORIENTED_EDGE('',*,*,#8621,.F.);
#8907 = ORIENTED_EDGE('',*,*,#8908,.T.);
#8908 = EDGE_CURVE('',#8589,#8855,#8909,.T.);
#8909 = SURFACE_CURVE('',#8910,(#8914,#8921),.PCURVE_S1.);
#8910 = LINE('',#8911,#8912);
#8911 = CARTESIAN_POINT('',(0.35,-0.546,1.6));
#8912 = VECTOR('',#8913,1.);
#8913 = DIRECTION('',(-0.,-0.,1.));
#8914 = PCURVE('',#8637,#8915);
#8915 = DEFINITIONAL_REPRESENTATION('',(#8916),#8920);
#8916 = LINE('',#8917,#8918);
#8917 = CARTESIAN_POINT('',(-0.104,0.));
#8918 = VECTOR('',#8919,1.);
#8919 = DIRECTION('',(-0.,-1.));
#8920 = ( GEOMETRIC_REPRESENTATION_CONTEXT(2) 
PARAMETRIC_REPRESENTATION_CONTEXT() REPRESENTATION_CONTEXT('2D SPACE',''
  ) );
#8921 = PCURVE('',#8609,#8922);
#8922 = DEFINITIONAL_REPRESENTATION('',(#8923),#8927);
#8923 = LINE('',#8924,#8925);
#8924 = CARTESIAN_POINT('',(-1.570796326795,0.));
#8925 = VECTOR('',#8926,1.);
#8926 = DIRECTION('',(-0.,1.));
#8927 = ( GEOMETRIC_REPRESENTATION_CONTEXT(2) 
PARAMETRIC_REPRESENTATION_CONTEXT() REPRESENTATION_CONTEXT('2D SPACE',''
  ) );
#8928 = ORIENTED_EDGE('',*,*,#8882,.T.);
#8929 = ORIENTED_EDGE('',*,*,#8675,.F.);
#8930 = ADVANCED_FACE('',(#8931),#8515,.F.);
#8931 = FACE_BOUND('',#8932,.T.);
#8932 = EDGE_LOOP('',(#8933,#8934,#8935,#8936));
#8933 = ORIENTED_EDGE('',*,*,#8499,.F.);
#8934 = ORIENTED_EDGE('',*,*,#8725,.T.);
#8935 = ORIENTED_EDGE('',*,*,#8780,.T.);
#8936 = ORIENTED_EDGE('',*,*,#8937,.F.);
#8937 = EDGE_CURVE('',#8500,#8781,#8938,.T.);
#8938 = SURFACE_CURVE('',#8939,(#8943,#8950),.PCURVE_S1.);
#8939 = LINE('',#8940,#8941);
#8940 = CARTESIAN_POINT('',(3.25,-0.546,1.6));
#8941 = VECTOR('',#8942,1.);
#8942 = DIRECTION('',(-0.,-0.,1.));
#8943 = PCURVE('',#8515,#8944);
#8944 = DEFINITIONAL_REPRESENTATION('',(#8945),#8949);
#8945 = LINE('',#8946,#8947);
#8946 = CARTESIAN_POINT('',(-1.196,0.));
#8947 = VECTOR('',#8948,1.);
#8948 = DIRECTION('',(-0.,-1.));
#8949 = ( GEOMETRIC_REPRESENTATION_CONTEXT(2) 
PARAMETRIC_REPRESENTATION_CONTEXT() REPRESENTATION_CONTEXT('2D SPACE',''
  ) );
#8950 = PCURVE('',#8548,#8951);
#8951 = DEFINITIONAL_REPRESENTATION('',(#8952),#8956);
#8952 = LINE('',#8953,#8954);
#8953 = CARTESIAN_POINT('',(-0.,0.));
#8954 = VECTOR('',#8955,1.);
#8955 = DIRECTION('',(-0.,1.));
#8956 = ( GEOMETRIC_REPRESENTATION_CONTEXT(2) 
PARAMETRIC_REPRESENTATION_CONTEXT() REPRESENTATION_CONTEXT('2D SPACE',''
  ) );
#8957 = ADVANCED_FACE('',(#8958),#8609,.T.);
#8958 = FACE_BOUND('',#8959,.F.);
#8959 = EDGE_LOOP('',(#8960,#8961,#8962,#8963));
#8960 = ORIENTED_EDGE('',*,*,#8588,.T.);
#8961 = ORIENTED_EDGE('',*,*,#8908,.T.);
#8962 = ORIENTED_EDGE('',*,*,#8854,.F.);
#8963 = ORIENTED_EDGE('',*,*,#8964,.F.);
#8964 = EDGE_CURVE('',#8561,#8832,#8965,.T.);
#8965 = SURFACE_CURVE('',#8966,(#8970,#8977),.PCURVE_S1.);
#8966 = LINE('',#8967,#8968);
#8967 = CARTESIAN_POINT('',(0.454,-0.65,1.6));
#8968 = VECTOR('',#8969,1.);
#8969 = DIRECTION('',(-0.,-0.,1.));
#8970 = PCURVE('',#8609,#8971);
#8971 = DEFINITIONAL_REPRESENTATION('',(#8972),#8976);
#8972 = LINE('',#8973,#8974);
#8973 = CARTESIAN_POINT('',(-0.,0.));
#8974 = VECTOR('',#8975,1.);
#8975 = DIRECTION('',(-0.,1.));
#8976 = ( GEOMETRIC_REPRESENTATION_CONTEXT(2) 
PARAMETRIC_REPRESENTATION_CONTEXT() REPRESENTATION_CONTEXT('2D SPACE',''
  ) );
#8977 = PCURVE('',#8576,#8978);
#8978 = DEFINITIONAL_REPRESENTATION('',(#8979),#8983);
#8979 = LINE('',#8980,#8981);
#8980 = CARTESIAN_POINT('',(-2.796,0.));
#8981 = VECTOR('',#8982,1.);
#8982 = DIRECTION('',(-0.,-1.));
#8983 = ( GEOMETRIC_REPRESENTATION_CONTEXT(2) 
PARAMETRIC_REPRESENTATION_CONTEXT() REPRESENTATION_CONTEXT('2D SPACE',''
  ) );
#8984 = ADVANCED_FACE('',(#8985),#8548,.T.);
#8985 = FACE_BOUND('',#8986,.F.);
#8986 = EDGE_LOOP('',(#8987,#8988,#9009,#9010));
#8987 = ORIENTED_EDGE('',*,*,#8527,.T.);
#8988 = ORIENTED_EDGE('',*,*,#8989,.T.);
#8989 = EDGE_CURVE('',#8528,#8804,#8990,.T.);
#8990 = SURFACE_CURVE('',#8991,(#8995,#9002),.PCURVE_S1.);
#8991 = LINE('',#8992,#8993);
#8992 = CARTESIAN_POINT('',(3.146,-0.65,1.6));
#8993 = VECTOR('',#8994,1.);
#8994 = DIRECTION('',(-0.,-0.,1.));
#8995 = PCURVE('',#8548,#8996);
#8996 = DEFINITIONAL_REPRESENTATION('',(#8997),#9001);
#8997 = LINE('',#8998,#8999);
#8998 = CARTESIAN_POINT('',(-1.570796326795,0.));
#8999 = VECTOR('',#9000,1.);
#9000 = DIRECTION('',(-0.,1.));
#9001 = ( GEOMETRIC_REPRESENTATION_CONTEXT(2) 
PARAMETRIC_REPRESENTATION_CONTEXT() REPRESENTATION_CONTEXT('2D SPACE',''
  ) );
#9002 = PCURVE('',#8576,#9003);
#9003 = DEFINITIONAL_REPRESENTATION('',(#9004),#9008);
#9004 = LINE('',#9005,#9006);
#9005 = CARTESIAN_POINT('',(-0.104,0.));
#9006 = VECTOR('',#9007,1.);
#9007 = DIRECTION('',(-0.,-1.));
#9008 = ( GEOMETRIC_REPRESENTATION_CONTEXT(2) 
PARAMETRIC_REPRESENTATION_CONTEXT() REPRESENTATION_CONTEXT('2D SPACE',''
  ) );
#9009 = ORIENTED_EDGE('',*,*,#8803,.F.);
#9010 = ORIENTED_EDGE('',*,*,#8937,.F.);
#9011 = ADVANCED_FACE('',(#9012),#8576,.F.);
#9012 = FACE_BOUND('',#9013,.T.);
#9013 = EDGE_LOOP('',(#9014,#9015,#9016,#9017));
#9014 = ORIENTED_EDGE('',*,*,#8560,.F.);
#9015 = ORIENTED_EDGE('',*,*,#8989,.T.);
#9016 = ORIENTED_EDGE('',*,*,#8831,.T.);
#9017 = ORIENTED_EDGE('',*,*,#8964,.F.);
#9018 = ( GEOMETRIC_REPRESENTATION_CONTEXT(3) 
GLOBAL_UNCERTAINTY_ASSIGNED_CONTEXT((#9022)) 
GLOBAL_UNIT_ASSIGNED_CONTEXT((#9019,#9020,#9021)) REPRESENTATION_CONTEXT
('Context #1','3D Context with UNIT and UNCERTAINTY') );
#9019 = ( LENGTH_UNIT() NAMED_UNIT(*) SI_UNIT(.MILLI.,.METRE.) );
#9020 = ( NAMED_UNIT(*) PLANE_ANGLE_UNIT() SI_UNIT($,.RADIAN.) );
#9021 = ( NAMED_UNIT(*) SI_UNIT($,.STERADIAN.) SOLID_ANGLE_UNIT() );
#9022 = UNCERTAINTY_MEASURE_WITH_UNIT(LENGTH_MEASURE(1.E-07),#9019,
  'distance_accuracy_value','confusion accuracy');
#9023 = CONTEXT_DEPENDENT_SHAPE_REPRESENTATION(#9024,#9026);
#9024 = ( REPRESENTATION_RELATIONSHIP('','',#8343,#10) 
REPRESENTATION_RELATIONSHIP_WITH_TRANSFORMATION(#9025) 
SHAPE_REPRESENTATION_RELATIONSHIP() );
#9025 = ITEM_DEFINED_TRANSFORMATION('','',#11,#91);
#9026 = PRODUCT_DEFINITION_SHAPE('Placement','Placement of an item',
  #9027);
#9027 = NEXT_ASSEMBLY_USAGE_OCCURRENCE('82','Q2','',#5,#8338,$);
#9028 = PRODUCT_RELATED_PRODUCT_CATEGORY('part',$,(#8340));
#9029 = SHAPE_DEFINITION_REPRESENTATION(#9030,#9036);
#9030 = PRODUCT_DEFINITION_SHAPE('','',#9031);
#9031 = PRODUCT_DEFINITION('design','',#9032,#9035);
#9032 = PRODUCT_DEFINITION_FORMATION('','',#9033);
#9033 = PRODUCT('RH2','RH2','',(#9034));
#9034 = PRODUCT_CONTEXT('',#2,'mechanical');
#9035 = PRODUCT_DEFINITION_CONTEXT('part definition',#2,'design');
#9036 = ADVANCED_BREP_SHAPE_REPRESENTATION('',(#11,#9037),#9711);
#9037 = MANIFOLD_SOLID_BREP('',#9038);
#9038 = CLOSED_SHELL('',(#9039,#9159,#9363,#9413,#9467,#9596,#9623,#9650
    ,#9677,#9704));
#9039 = ADVANCED_FACE('',(#9040),#9054,.F.);
#9040 = FACE_BOUND('',#9041,.T.);
#9041 = EDGE_LOOP('',(#9042,#9077,#9105,#9133));
#9042 = ORIENTED_EDGE('',*,*,#9043,.F.);
#9043 = EDGE_CURVE('',#9044,#9046,#9048,.T.);
#9044 = VERTEX_POINT('',#9045);
#9045 = CARTESIAN_POINT('',(1.064,3.2,1.6));
#9046 = VERTEX_POINT('',#9047);
#9047 = CARTESIAN_POINT('',(2.536,3.2,1.6));
#9048 = SURFACE_CURVE('',#9049,(#9053,#9065),.PCURVE_S1.);
#9049 = LINE('',#9050,#9051);
#9050 = CARTESIAN_POINT('',(1.,3.2,1.6));
#9051 = VECTOR('',#9052,1.);
#9052 = DIRECTION('',(1.,-0.,-0.));
#9053 = PCURVE('',#9054,#9059);
#9054 = PLANE('',#9055);
#9055 = AXIS2_PLACEMENT_3D('',#9056,#9057,#9058);
#9056 = CARTESIAN_POINT('',(1.,3.2,1.6));
#9057 = DIRECTION('',(-0.,-1.,-0.));
#9058 = DIRECTION('',(-1.,0.,0.));
#9059 = DEFINITIONAL_REPRESENTATION('',(#9060),#9064);
#9060 = LINE('',#9061,#9062);
#9061 = CARTESIAN_POINT('',(-0.,-0.));
#9062 = VECTOR('',#9063,1.);
#9063 = DIRECTION('',(-1.,-0.));
#9064 = ( GEOMETRIC_REPRESENTATION_CONTEXT(2) 
PARAMETRIC_REPRESENTATION_CONTEXT() REPRESENTATION_CONTEXT('2D SPACE',''
  ) );
#9065 = PCURVE('',#9066,#9071);
#9066 = PLANE('',#9067);
#9067 = AXIS2_PLACEMENT_3D('',#9068,#9069,#9070);
#9068 = CARTESIAN_POINT('',(1.8,2.8,1.6));
#9069 = DIRECTION('',(-0.,-0.,1.));
#9070 = DIRECTION('',(-1.,0.,0.));
#9071 = DEFINITIONAL_REPRESENTATION('',(#9072),#9076);
#9072 = LINE('',#9073,#9074);
#9073 = CARTESIAN_POINT('',(0.8,-0.4));
#9074 = VECTOR('',#9075,1.);
#9075 = DIRECTION('',(-1.,0.));
#9076 = ( GEOMETRIC_REPRESENTATION_CONTEXT(2) 
PARAMETRIC_REPRESENTATION_CONTEXT() REPRESENTATION_CONTEXT('2D SPACE',''
  ) );
#9077 = ORIENTED_EDGE('',*,*,#9078,.T.);
#9078 = EDGE_CURVE('',#9044,#9079,#9081,.T.);
#9079 = VERTEX_POINT('',#9080);
#9080 = CARTESIAN_POINT('',(1.064,3.2,2.05));
#9081 = SURFACE_CURVE('',#9082,(#9086,#9093),.PCURVE_S1.);
#9082 = LINE('',#9083,#9084);
#9083 = CARTESIAN_POINT('',(1.064,3.2,1.6));
#9084 = VECTOR('',#9085,1.);
#9085 = DIRECTION('',(-0.,-0.,1.));
#9086 = PCURVE('',#9054,#9087);
#9087 = DEFINITIONAL_REPRESENTATION('',(#9088),#9092);
#9088 = LINE('',#9089,#9090);
#9089 = CARTESIAN_POINT('',(-6.4E-02,-0.));
#9090 = VECTOR('',#9091,1.);
#9091 = DIRECTION('',(-0.,-1.));
#9092 = ( GEOMETRIC_REPRESENTATION_CONTEXT(2) 
PARAMETRIC_REPRESENTATION_CONTEXT() REPRESENTATION_CONTEXT('2D SPACE',''
  ) );
#9093 = PCURVE('',#9094,#9099);
#9094 = CYLINDRICAL_SURFACE('',#9095,6.4E-02);
#9095 = AXIS2_PLACEMENT_3D('',#9096,#9097,#9098);
#9096 = CARTESIAN_POINT('',(1.064,3.136,1.6));
#9097 = DIRECTION('',(-0.,-0.,1.));
#9098 = DIRECTION('',(-0.,1.,-0.));
#9099 = DEFINITIONAL_REPRESENTATION('',(#9100),#9104);
#9100 = LINE('',#9101,#9102);
#9101 = CARTESIAN_POINT('',(0.,0.));
#9102 = VECTOR('',#9103,1.);
#9103 = DIRECTION('',(0.,1.));
#9104 = ( GEOMETRIC_REPRESENTATION_CONTEXT(2) 
PARAMETRIC_REPRESENTATION_CONTEXT() REPRESENTATION_CONTEXT('2D SPACE',''
  ) );
#9105 = ORIENTED_EDGE('',*,*,#9106,.T.);
#9106 = EDGE_CURVE('',#9079,#9107,#9109,.T.);
#9107 = VERTEX_POINT('',#9108);
#9108 = CARTESIAN_POINT('',(2.536,3.2,2.05));
#9109 = SURFACE_CURVE('',#9110,(#9114,#9121),.PCURVE_S1.);
#9110 = LINE('',#9111,#9112);
#9111 = CARTESIAN_POINT('',(1.,3.2,2.05));
#9112 = VECTOR('',#9113,1.);
#9113 = DIRECTION('',(1.,-0.,-0.));
#9114 = PCURVE('',#9054,#9115);
#9115 = DEFINITIONAL_REPRESENTATION('',(#9116),#9120);
#9116 = LINE('',#9117,#9118);
#9117 = CARTESIAN_POINT('',(-0.,-0.45));
#9118 = VECTOR('',#9119,1.);
#9119 = DIRECTION('',(-1.,-0.));
#9120 = ( GEOMETRIC_REPRESENTATION_CONTEXT(2) 
PARAMETRIC_REPRESENTATION_CONTEXT() REPRESENTATION_CONTEXT('2D SPACE',''
  ) );
#9121 = PCURVE('',#9122,#9127);
#9122 = PLANE('',#9123);
#9123 = AXIS2_PLACEMENT_3D('',#9124,#9125,#9126);
#9124 = CARTESIAN_POINT('',(1.8,2.8,2.05));
#9125 = DIRECTION('',(-0.,-0.,1.));
#9126 = DIRECTION('',(-1.,0.,0.));
#9127 = DEFINITIONAL_REPRESENTATION('',(#9128),#9132);
#9128 = LINE('',#9129,#9130);
#9129 = CARTESIAN_POINT('',(0.8,-0.4));
#9130 = VECTOR('',#9131,1.);
#9131 = DIRECTION('',(-1.,0.));
#9132 = ( GEOMETRIC_REPRESENTATION_CONTEXT(2) 
PARAMETRIC_REPRESENTATION_CONTEXT() REPRESENTATION_CONTEXT('2D SPACE',''
  ) );
#9133 = ORIENTED_EDGE('',*,*,#9134,.F.);
#9134 = EDGE_CURVE('',#9046,#9107,#9135,.T.);
#9135 = SURFACE_CURVE('',#9136,(#9140,#9147),.PCURVE_S1.);
#9136 = LINE('',#9137,#9138);
#9137 = CARTESIAN_POINT('',(2.536,3.2,1.6));
#9138 = VECTOR('',#9139,1.);
#9139 = DIRECTION('',(-0.,-0.,1.));
#9140 = PCURVE('',#9054,#9141);
#9141 = DEFINITIONAL_REPRESENTATION('',(#9142),#9146);
#9142 = LINE('',#9143,#9144);
#9143 = CARTESIAN_POINT('',(-1.536,-0.));
#9144 = VECTOR('',#9145,1.);
#9145 = DIRECTION('',(-0.,-1.));
#9146 = ( GEOMETRIC_REPRESENTATION_CONTEXT(2) 
PARAMETRIC_REPRESENTATION_CONTEXT() REPRESENTATION_CONTEXT('2D SPACE',''
  ) );
#9147 = PCURVE('',#9148,#9153);
#9148 = CYLINDRICAL_SURFACE('',#9149,6.4E-02);
#9149 = AXIS2_PLACEMENT_3D('',#9150,#9151,#9152);
#9150 = CARTESIAN_POINT('',(2.536,3.136,1.6));
#9151 = DIRECTION('',(-0.,-0.,1.));
#9152 = DIRECTION('',(-0.,1.,-0.));
#9153 = DEFINITIONAL_REPRESENTATION('',(#9154),#9158);
#9154 = LINE('',#9155,#9156);
#9155 = CARTESIAN_POINT('',(-0.,0.));
#9156 = VECTOR('',#9157,1.);
#9157 = DIRECTION('',(-0.,1.));
#9158 = ( GEOMETRIC_REPRESENTATION_CONTEXT(2) 
PARAMETRIC_REPRESENTATION_CONTEXT() REPRESENTATION_CONTEXT('2D SPACE',''
  ) );
#9159 = ADVANCED_FACE('',(#9160),#9066,.F.);
#9160 = FACE_BOUND('',#9161,.T.);
#9161 = EDGE_LOOP('',(#9162,#9163,#9191,#9219,#9252,#9280,#9313,#9341));
#9162 = ORIENTED_EDGE('',*,*,#9043,.T.);
#9163 = ORIENTED_EDGE('',*,*,#9164,.T.);
#9164 = EDGE_CURVE('',#9046,#9165,#9167,.T.);
#9165 = VERTEX_POINT('',#9166);
#9166 = CARTESIAN_POINT('',(2.6,3.136,1.6));
#9167 = SURFACE_CURVE('',#9168,(#9173,#9184),.PCURVE_S1.);
#9168 = CIRCLE('',#9169,6.4E-02);
#9169 = AXIS2_PLACEMENT_3D('',#9170,#9171,#9172);
#9170 = CARTESIAN_POINT('',(2.536,3.136,1.6));
#9171 = DIRECTION('',(-0.,-0.,-1.));
#9172 = DIRECTION('',(-0.,1.,-0.));
#9173 = PCURVE('',#9066,#9174);
#9174 = DEFINITIONAL_REPRESENTATION('',(#9175),#9183);
#9175 = ( BOUNDED_CURVE() B_SPLINE_CURVE(2,(#9176,#9177,#9178,#9179,
#9180,#9181,#9182),.UNSPECIFIED.,.T.,.F.) B_SPLINE_CURVE_WITH_KNOTS((1,2
    ,2,2,2,1),(-2.094395102393,0.,2.094395102393,4.188790204786,
6.28318530718,8.377580409573),.UNSPECIFIED.) CURVE() 
GEOMETRIC_REPRESENTATION_ITEM() RATIONAL_B_SPLINE_CURVE((1.,0.5,1.,0.5,
1.,0.5,1.)) REPRESENTATION_ITEM('') );
#9176 = CARTESIAN_POINT('',(-0.736,-0.4));
#9177 = CARTESIAN_POINT('',(-0.846851251684,-0.4));
#9178 = CARTESIAN_POINT('',(-0.791425625842,-0.304));
#9179 = CARTESIAN_POINT('',(-0.736,-0.208));
#9180 = CARTESIAN_POINT('',(-0.680574374158,-0.304));
#9181 = CARTESIAN_POINT('',(-0.625148748316,-0.4));
#9182 = CARTESIAN_POINT('',(-0.736,-0.4));
#9183 = ( GEOMETRIC_REPRESENTATION_CONTEXT(2) 
PARAMETRIC_REPRESENTATION_CONTEXT() REPRESENTATION_CONTEXT('2D SPACE',''
  ) );
#9184 = PCURVE('',#9148,#9185);
#9185 = DEFINITIONAL_REPRESENTATION('',(#9186),#9190);
#9186 = LINE('',#9187,#9188);
#9187 = CARTESIAN_POINT('',(-0.,-4.440892098501E-16));
#9188 = VECTOR('',#9189,1.);
#9189 = DIRECTION('',(-1.,0.));
#9190 = ( GEOMETRIC_REPRESENTATION_CONTEXT(2) 
PARAMETRIC_REPRESENTATION_CONTEXT() REPRESENTATION_CONTEXT('2D SPACE',''
  ) );
#9191 = ORIENTED_EDGE('',*,*,#9192,.T.);
#9192 = EDGE_CURVE('',#9165,#9193,#9195,.T.);
#9193 = VERTEX_POINT('',#9194);
#9194 = CARTESIAN_POINT('',(2.6,2.464,1.6));
#9195 = SURFACE_CURVE('',#9196,(#9200,#9207),.PCURVE_S1.);
#9196 = LINE('',#9197,#9198);
#9197 = CARTESIAN_POINT('',(2.6,3.2,1.6));
#9198 = VECTOR('',#9199,1.);
#9199 = DIRECTION('',(-0.,-1.,-0.));
#9200 = PCURVE('',#9066,#9201);
#9201 = DEFINITIONAL_REPRESENTATION('',(#9202),#9206);
#9202 = LINE('',#9203,#9204);
#9203 = CARTESIAN_POINT('',(-0.8,-0.4));
#9204 = VECTOR('',#9205,1.);
#9205 = DIRECTION('',(-0.,1.));
#9206 = ( GEOMETRIC_REPRESENTATION_CONTEXT(2) 
PARAMETRIC_REPRESENTATION_CONTEXT() REPRESENTATION_CONTEXT('2D SPACE',''
  ) );
#9207 = PCURVE('',#9208,#9213);
#9208 = PLANE('',#9209);
#9209 = AXIS2_PLACEMENT_3D('',#9210,#9211,#9212);
#9210 = CARTESIAN_POINT('',(2.6,3.2,1.6));
#9211 = DIRECTION('',(-1.,-0.,-0.));
#9212 = DIRECTION('',(0.,1.,0.));
#9213 = DEFINITIONAL_REPRESENTATION('',(#9214),#9218);
#9214 = LINE('',#9215,#9216);
#9215 = CARTESIAN_POINT('',(-0.,-0.));
#9216 = VECTOR('',#9217,1.);
#9217 = DIRECTION('',(-1.,0.));
#9218 = ( GEOMETRIC_REPRESENTATION_CONTEXT(2) 
PARAMETRIC_REPRESENTATION_CONTEXT() REPRESENTATION_CONTEXT('2D SPACE',''
  ) );
#9219 = ORIENTED_EDGE('',*,*,#9220,.T.);
#9220 = EDGE_CURVE('',#9193,#9221,#9223,.T.);
#9221 = VERTEX_POINT('',#9222);
#9222 = CARTESIAN_POINT('',(2.536,2.4,1.6));
#9223 = SURFACE_CURVE('',#9224,(#9229,#9240),.PCURVE_S1.);
#9224 = CIRCLE('',#9225,6.4E-02);
#9225 = AXIS2_PLACEMENT_3D('',#9226,#9227,#9228);
#9226 = CARTESIAN_POINT('',(2.536,2.464,1.6));
#9227 = DIRECTION('',(-0.,-0.,-1.));
#9228 = DIRECTION('',(-0.,1.,-0.));
#9229 = PCURVE('',#9066,#9230);
#9230 = DEFINITIONAL_REPRESENTATION('',(#9231),#9239);
#9231 = ( BOUNDED_CURVE() B_SPLINE_CURVE(2,(#9232,#9233,#9234,#9235,
#9236,#9237,#9238),.UNSPECIFIED.,.T.,.F.) B_SPLINE_CURVE_WITH_KNOTS((1,2
    ,2,2,2,1),(-2.094395102393,0.,2.094395102393,4.188790204786,
6.28318530718,8.377580409573),.UNSPECIFIED.) CURVE() 
GEOMETRIC_REPRESENTATION_ITEM() RATIONAL_B_SPLINE_CURVE((1.,0.5,1.,0.5,
1.,0.5,1.)) REPRESENTATION_ITEM('') );
#9232 = CARTESIAN_POINT('',(-0.736,0.272));
#9233 = CARTESIAN_POINT('',(-0.846851251684,0.272));
#9234 = CARTESIAN_POINT('',(-0.791425625842,0.368));
#9235 = CARTESIAN_POINT('',(-0.736,0.464));
#9236 = CARTESIAN_POINT('',(-0.680574374158,0.368));
#9237 = CARTESIAN_POINT('',(-0.625148748316,0.272));
#9238 = CARTESIAN_POINT('',(-0.736,0.272));
#9239 = ( GEOMETRIC_REPRESENTATION_CONTEXT(2) 
PARAMETRIC_REPRESENTATION_CONTEXT() REPRESENTATION_CONTEXT('2D SPACE',''
  ) );
#9240 = PCURVE('',#9241,#9246);
#9241 = CYLINDRICAL_SURFACE('',#9242,6.4E-02);
#9242 = AXIS2_PLACEMENT_3D('',#9243,#9244,#9245);
#9243 = CARTESIAN_POINT('',(2.536,2.464,1.6));
#9244 = DIRECTION('',(-0.,-0.,1.));
#9245 = DIRECTION('',(1.,-0.,-0.));
#9246 = DEFINITIONAL_REPRESENTATION('',(#9247),#9251);
#9247 = LINE('',#9248,#9249);
#9248 = CARTESIAN_POINT('',(1.570796326795,-4.440892098501E-16));
#9249 = VECTOR('',#9250,1.);
#9250 = DIRECTION('',(-1.,0.));
#9251 = ( GEOMETRIC_REPRESENTATION_CONTEXT(2) 
PARAMETRIC_REPRESENTATION_CONTEXT() REPRESENTATION_CONTEXT('2D SPACE',''
  ) );
#9252 = ORIENTED_EDGE('',*,*,#9253,.T.);
#9253 = EDGE_CURVE('',#9221,#9254,#9256,.T.);
#9254 = VERTEX_POINT('',#9255);
#9255 = CARTESIAN_POINT('',(1.064,2.4,1.6));
#9256 = SURFACE_CURVE('',#9257,(#9261,#9268),.PCURVE_S1.);
#9257 = LINE('',#9258,#9259);
#9258 = CARTESIAN_POINT('',(2.6,2.4,1.6));
#9259 = VECTOR('',#9260,1.);
#9260 = DIRECTION('',(-1.,-0.,-0.));
#9261 = PCURVE('',#9066,#9262);
#9262 = DEFINITIONAL_REPRESENTATION('',(#9263),#9267);
#9263 = LINE('',#9264,#9265);
#9264 = CARTESIAN_POINT('',(-0.8,0.4));
#9265 = VECTOR('',#9266,1.);
#9266 = DIRECTION('',(1.,-0.));
#9267 = ( GEOMETRIC_REPRESENTATION_CONTEXT(2) 
PARAMETRIC_REPRESENTATION_CONTEXT() REPRESENTATION_CONTEXT('2D SPACE',''
  ) );
#9268 = PCURVE('',#9269,#9274);
#9269 = PLANE('',#9270);
#9270 = AXIS2_PLACEMENT_3D('',#9271,#9272,#9273);
#9271 = CARTESIAN_POINT('',(2.6,2.4,1.6));
#9272 = DIRECTION('',(-0.,1.,-0.));
#9273 = DIRECTION('',(1.,0.,0.));
#9274 = DEFINITIONAL_REPRESENTATION('',(#9275),#9279);
#9275 = LINE('',#9276,#9277);
#9276 = CARTESIAN_POINT('',(0.,-0.));
#9277 = VECTOR('',#9278,1.);
#9278 = DIRECTION('',(-1.,0.));
#9279 = ( GEOMETRIC_REPRESENTATION_CONTEXT(2) 
PARAMETRIC_REPRESENTATION_CONTEXT() REPRESENTATION_CONTEXT('2D SPACE',''
  ) );
#9280 = ORIENTED_EDGE('',*,*,#9281,.T.);
#9281 = EDGE_CURVE('',#9254,#9282,#9284,.T.);
#9282 = VERTEX_POINT('',#9283);
#9283 = CARTESIAN_POINT('',(1.,2.464,1.6));
#9284 = SURFACE_CURVE('',#9285,(#9290,#9301),.PCURVE_S1.);
#9285 = CIRCLE('',#9286,6.4E-02);
#9286 = AXIS2_PLACEMENT_3D('',#9287,#9288,#9289);
#9287 = CARTESIAN_POINT('',(1.064,2.464,1.6));
#9288 = DIRECTION('',(-0.,-0.,-1.));
#9289 = DIRECTION('',(-0.,1.,-0.));
#9290 = PCURVE('',#9066,#9291);
#9291 = DEFINITIONAL_REPRESENTATION('',(#9292),#9300);
#9292 = ( BOUNDED_CURVE() B_SPLINE_CURVE(2,(#9293,#9294,#9295,#9296,
#9297,#9298,#9299),.UNSPECIFIED.,.T.,.F.) B_SPLINE_CURVE_WITH_KNOTS((1,2
    ,2,2,2,1),(-2.094395102393,0.,2.094395102393,4.188790204786,
6.28318530718,8.377580409573),.UNSPECIFIED.) CURVE() 
GEOMETRIC_REPRESENTATION_ITEM() RATIONAL_B_SPLINE_CURVE((1.,0.5,1.,0.5,
1.,0.5,1.)) REPRESENTATION_ITEM('') );
#9293 = CARTESIAN_POINT('',(0.736,0.272));
#9294 = CARTESIAN_POINT('',(0.625148748316,0.272));
#9295 = CARTESIAN_POINT('',(0.680574374158,0.368));
#9296 = CARTESIAN_POINT('',(0.736,0.464));
#9297 = CARTESIAN_POINT('',(0.791425625842,0.368));
#9298 = CARTESIAN_POINT('',(0.846851251684,0.272));
#9299 = CARTESIAN_POINT('',(0.736,0.272));
#9300 = ( GEOMETRIC_REPRESENTATION_CONTEXT(2) 
PARAMETRIC_REPRESENTATION_CONTEXT() REPRESENTATION_CONTEXT('2D SPACE',''
  ) );
#9301 = PCURVE('',#9302,#9307);
#9302 = CYLINDRICAL_SURFACE('',#9303,6.4E-02);
#9303 = AXIS2_PLACEMENT_3D('',#9304,#9305,#9306);
#9304 = CARTESIAN_POINT('',(1.064,2.464,1.6));
#9305 = DIRECTION('',(-0.,-0.,1.));
#9306 = DIRECTION('',(-0.,-1.,-0.));
#9307 = DEFINITIONAL_REPRESENTATION('',(#9308),#9312);
#9308 = LINE('',#9309,#9310);
#9309 = CARTESIAN_POINT('',(3.14159265359,-4.440892098501E-16));
#9310 = VECTOR('',#9311,1.);
#9311 = DIRECTION('',(-1.,0.));
#9312 = ( GEOMETRIC_REPRESENTATION_CONTEXT(2) 
PARAMETRIC_REPRESENTATION_CONTEXT() REPRESENTATION_CONTEXT('2D SPACE',''
  ) );
#9313 = ORIENTED_EDGE('',*,*,#9314,.T.);
#9314 = EDGE_CURVE('',#9282,#9315,#9317,.T.);
#9315 = VERTEX_POINT('',#9316);
#9316 = CARTESIAN_POINT('',(1.,3.136,1.6));
#9317 = SURFACE_CURVE('',#9318,(#9322,#9329),.PCURVE_S1.);
#9318 = LINE('',#9319,#9320);
#9319 = CARTESIAN_POINT('',(1.,2.4,1.6));
#9320 = VECTOR('',#9321,1.);
#9321 = DIRECTION('',(-0.,1.,-0.));
#9322 = PCURVE('',#9066,#9323);
#9323 = DEFINITIONAL_REPRESENTATION('',(#9324),#9328);
#9324 = LINE('',#9325,#9326);
#9325 = CARTESIAN_POINT('',(0.8,0.4));
#9326 = VECTOR('',#9327,1.);
#9327 = DIRECTION('',(-0.,-1.));
#9328 = ( GEOMETRIC_REPRESENTATION_CONTEXT(2) 
PARAMETRIC_REPRESENTATION_CONTEXT() REPRESENTATION_CONTEXT('2D SPACE',''
  ) );
#9329 = PCURVE('',#9330,#9335);
#9330 = PLANE('',#9331);
#9331 = AXIS2_PLACEMENT_3D('',#9332,#9333,#9334);
#9332 = CARTESIAN_POINT('',(1.,2.4,1.6));
#9333 = DIRECTION('',(1.,-0.,-0.));
#9334 = DIRECTION('',(0.,-1.,0.));
#9335 = DEFINITIONAL_REPRESENTATION('',(#9336),#9340);
#9336 = LINE('',#9337,#9338);
#9337 = CARTESIAN_POINT('',(-0.,0.));
#9338 = VECTOR('',#9339,1.);
#9339 = DIRECTION('',(-1.,-0.));
#9340 = ( GEOMETRIC_REPRESENTATION_CONTEXT(2) 
PARAMETRIC_REPRESENTATION_CONTEXT() REPRESENTATION_CONTEXT('2D SPACE',''
  ) );
#9341 = ORIENTED_EDGE('',*,*,#9342,.F.);
#9342 = EDGE_CURVE('',#9044,#9315,#9343,.T.);
#9343 = SURFACE_CURVE('',#9344,(#9349,#9356),.PCURVE_S1.);
#9344 = CIRCLE('',#9345,6.4E-02);
#9345 = AXIS2_PLACEMENT_3D('',#9346,#9347,#9348);
#9346 = CARTESIAN_POINT('',(1.064,3.136,1.6));
#9347 = DIRECTION('',(-0.,0.,1.));
#9348 = DIRECTION('',(-0.,1.,-0.));
#9349 = PCURVE('',#9066,#9350);
#9350 = DEFINITIONAL_REPRESENTATION('',(#9351),#9355);
#9351 = CIRCLE('',#9352,6.4E-02);
#9352 = AXIS2_PLACEMENT_2D('',#9353,#9354);
#9353 = CARTESIAN_POINT('',(0.736,-0.336));
#9354 = DIRECTION('',(-0.,-1.));
#9355 = ( GEOMETRIC_REPRESENTATION_CONTEXT(2) 
PARAMETRIC_REPRESENTATION_CONTEXT() REPRESENTATION_CONTEXT('2D SPACE',''
  ) );
#9356 = PCURVE('',#9094,#9357);
#9357 = DEFINITIONAL_REPRESENTATION('',(#9358),#9362);
#9358 = LINE('',#9359,#9360);
#9359 = CARTESIAN_POINT('',(0.,-4.440892098501E-16));
#9360 = VECTOR('',#9361,1.);
#9361 = DIRECTION('',(1.,0.));
#9362 = ( GEOMETRIC_REPRESENTATION_CONTEXT(2) 
PARAMETRIC_REPRESENTATION_CONTEXT() REPRESENTATION_CONTEXT('2D SPACE',''
  ) );
#9363 = ADVANCED_FACE('',(#9364),#9094,.T.);
#9364 = FACE_BOUND('',#9365,.T.);
#9365 = EDGE_LOOP('',(#9366,#9367,#9390,#9412));
#9366 = ORIENTED_EDGE('',*,*,#9342,.T.);
#9367 = ORIENTED_EDGE('',*,*,#9368,.T.);
#9368 = EDGE_CURVE('',#9315,#9369,#9371,.T.);
#9369 = VERTEX_POINT('',#9370);
#9370 = CARTESIAN_POINT('',(1.,3.136,2.05));
#9371 = SURFACE_CURVE('',#9372,(#9376,#9383),.PCURVE_S1.);
#9372 = LINE('',#9373,#9374);
#9373 = CARTESIAN_POINT('',(1.,3.136,1.6));
#9374 = VECTOR('',#9375,1.);
#9375 = DIRECTION('',(-0.,-0.,1.));
#9376 = PCURVE('',#9094,#9377);
#9377 = DEFINITIONAL_REPRESENTATION('',(#9378),#9382);
#9378 = LINE('',#9379,#9380);
#9379 = CARTESIAN_POINT('',(1.570796326795,0.));
#9380 = VECTOR('',#9381,1.);
#9381 = DIRECTION('',(0.,1.));
#9382 = ( GEOMETRIC_REPRESENTATION_CONTEXT(2) 
PARAMETRIC_REPRESENTATION_CONTEXT() REPRESENTATION_CONTEXT('2D SPACE',''
  ) );
#9383 = PCURVE('',#9330,#9384);
#9384 = DEFINITIONAL_REPRESENTATION('',(#9385),#9389);
#9385 = LINE('',#9386,#9387);
#9386 = CARTESIAN_POINT('',(-0.736,0.));
#9387 = VECTOR('',#9388,1.);
#9388 = DIRECTION('',(-0.,-1.));
#9389 = ( GEOMETRIC_REPRESENTATION_CONTEXT(2) 
PARAMETRIC_REPRESENTATION_CONTEXT() REPRESENTATION_CONTEXT('2D SPACE',''
  ) );
#9390 = ORIENTED_EDGE('',*,*,#9391,.F.);
#9391 = EDGE_CURVE('',#9079,#9369,#9392,.T.);
#9392 = SURFACE_CURVE('',#9393,(#9398,#9405),.PCURVE_S1.);
#9393 = CIRCLE('',#9394,6.4E-02);
#9394 = AXIS2_PLACEMENT_3D('',#9395,#9396,#9397);
#9395 = CARTESIAN_POINT('',(1.064,3.136,2.05));
#9396 = DIRECTION('',(-0.,0.,1.));
#9397 = DIRECTION('',(-0.,1.,-0.));
#9398 = PCURVE('',#9094,#9399);
#9399 = DEFINITIONAL_REPRESENTATION('',(#9400),#9404);
#9400 = LINE('',#9401,#9402);
#9401 = CARTESIAN_POINT('',(0.,0.45));
#9402 = VECTOR('',#9403,1.);
#9403 = DIRECTION('',(1.,0.));
#9404 = ( GEOMETRIC_REPRESENTATION_CONTEXT(2) 
PARAMETRIC_REPRESENTATION_CONTEXT() REPRESENTATION_CONTEXT('2D SPACE',''
  ) );
#9405 = PCURVE('',#9122,#9406);
#9406 = DEFINITIONAL_REPRESENTATION('',(#9407),#9411);
#9407 = CIRCLE('',#9408,6.4E-02);
#9408 = AXIS2_PLACEMENT_2D('',#9409,#9410);
#9409 = CARTESIAN_POINT('',(0.736,-0.336));
#9410 = DIRECTION('',(-0.,-1.));
#9411 = ( GEOMETRIC_REPRESENTATION_CONTEXT(2) 
PARAMETRIC_REPRESENTATION_CONTEXT() REPRESENTATION_CONTEXT('2D SPACE',''
  ) );
#9412 = ORIENTED_EDGE('',*,*,#9078,.F.);
#9413 = ADVANCED_FACE('',(#9414),#9148,.T.);
#9414 = FACE_BOUND('',#9415,.F.);
#9415 = EDGE_LOOP('',(#9416,#9417,#9440,#9466));
#9416 = ORIENTED_EDGE('',*,*,#9164,.T.);
#9417 = ORIENTED_EDGE('',*,*,#9418,.T.);
#9418 = EDGE_CURVE('',#9165,#9419,#9421,.T.);
#9419 = VERTEX_POINT('',#9420);
#9420 = CARTESIAN_POINT('',(2.6,3.136,2.05));
#9421 = SURFACE_CURVE('',#9422,(#9426,#9433),.PCURVE_S1.);
#9422 = LINE('',#9423,#9424);
#9423 = CARTESIAN_POINT('',(2.6,3.136,1.6));
#9424 = VECTOR('',#9425,1.);
#9425 = DIRECTION('',(-0.,-0.,1.));
#9426 = PCURVE('',#9148,#9427);
#9427 = DEFINITIONAL_REPRESENTATION('',(#9428),#9432);
#9428 = LINE('',#9429,#9430);
#9429 = CARTESIAN_POINT('',(-1.570796326795,0.));
#9430 = VECTOR('',#9431,1.);
#9431 = DIRECTION('',(-0.,1.));
#9432 = ( GEOMETRIC_REPRESENTATION_CONTEXT(2) 
PARAMETRIC_REPRESENTATION_CONTEXT() REPRESENTATION_CONTEXT('2D SPACE',''
  ) );
#9433 = PCURVE('',#9208,#9434);
#9434 = DEFINITIONAL_REPRESENTATION('',(#9435),#9439);
#9435 = LINE('',#9436,#9437);
#9436 = CARTESIAN_POINT('',(-6.4E-02,0.));
#9437 = VECTOR('',#9438,1.);
#9438 = DIRECTION('',(-0.,-1.));
#9439 = ( GEOMETRIC_REPRESENTATION_CONTEXT(2) 
PARAMETRIC_REPRESENTATION_CONTEXT() REPRESENTATION_CONTEXT('2D SPACE',''
  ) );
#9440 = ORIENTED_EDGE('',*,*,#9441,.F.);
#9441 = EDGE_CURVE('',#9107,#9419,#9442,.T.);
#9442 = SURFACE_CURVE('',#9443,(#9448,#9455),.PCURVE_S1.);
#9443 = CIRCLE('',#9444,6.4E-02);
#9444 = AXIS2_PLACEMENT_3D('',#9445,#9446,#9447);
#9445 = CARTESIAN_POINT('',(2.536,3.136,2.05));
#9446 = DIRECTION('',(-0.,-0.,-1.));
#9447 = DIRECTION('',(-0.,1.,-0.));
#9448 = PCURVE('',#9148,#9449);
#9449 = DEFINITIONAL_REPRESENTATION('',(#9450),#9454);
#9450 = LINE('',#9451,#9452);
#9451 = CARTESIAN_POINT('',(-0.,0.45));
#9452 = VECTOR('',#9453,1.);
#9453 = DIRECTION('',(-1.,0.));
#9454 = ( GEOMETRIC_REPRESENTATION_CONTEXT(2) 
PARAMETRIC_REPRESENTATION_CONTEXT() REPRESENTATION_CONTEXT('2D SPACE',''
  ) );
#9455 = PCURVE('',#9122,#9456);
#9456 = DEFINITIONAL_REPRESENTATION('',(#9457),#9465);
#9457 = ( BOUNDED_CURVE() B_SPLINE_CURVE(2,(#9458,#9459,#9460,#9461,
#9462,#9463,#9464),.UNSPECIFIED.,.T.,.F.) B_SPLINE_CURVE_WITH_KNOTS((1,2
    ,2,2,2,1),(-2.094395102393,0.,2.094395102393,4.188790204786,
6.28318530718,8.377580409573),.UNSPECIFIED.) CURVE() 
GEOMETRIC_REPRESENTATION_ITEM() RATIONAL_B_SPLINE_CURVE((1.,0.5,1.,0.5,
1.,0.5,1.)) REPRESENTATION_ITEM('') );
#9458 = CARTESIAN_POINT('',(-0.736,-0.4));
#9459 = CARTESIAN_POINT('',(-0.846851251684,-0.4));
#9460 = CARTESIAN_POINT('',(-0.791425625842,-0.304));
#9461 = CARTESIAN_POINT('',(-0.736,-0.208));
#9462 = CARTESIAN_POINT('',(-0.680574374158,-0.304));
#9463 = CARTESIAN_POINT('',(-0.625148748316,-0.4));
#9464 = CARTESIAN_POINT('',(-0.736,-0.4));
#9465 = ( GEOMETRIC_REPRESENTATION_CONTEXT(2) 
PARAMETRIC_REPRESENTATION_CONTEXT() REPRESENTATION_CONTEXT('2D SPACE',''
  ) );
#9466 = ORIENTED_EDGE('',*,*,#9134,.F.);
#9467 = ADVANCED_FACE('',(#9468),#9122,.T.);
#9468 = FACE_BOUND('',#9469,.F.);
#9469 = EDGE_LOOP('',(#9470,#9471,#9472,#9495,#9523,#9546,#9574,#9595));
#9470 = ORIENTED_EDGE('',*,*,#9106,.T.);
#9471 = ORIENTED_EDGE('',*,*,#9441,.T.);
#9472 = ORIENTED_EDGE('',*,*,#9473,.T.);
#9473 = EDGE_CURVE('',#9419,#9474,#9476,.T.);
#9474 = VERTEX_POINT('',#9475);
#9475 = CARTESIAN_POINT('',(2.6,2.464,2.05));
#9476 = SURFACE_CURVE('',#9477,(#9481,#9488),.PCURVE_S1.);
#9477 = LINE('',#9478,#9479);
#9478 = CARTESIAN_POINT('',(2.6,3.2,2.05));
#9479 = VECTOR('',#9480,1.);
#9480 = DIRECTION('',(-0.,-1.,-0.));
#9481 = PCURVE('',#9122,#9482);
#9482 = DEFINITIONAL_REPRESENTATION('',(#9483),#9487);
#9483 = LINE('',#9484,#9485);
#9484 = CARTESIAN_POINT('',(-0.8,-0.4));
#9485 = VECTOR('',#9486,1.);
#9486 = DIRECTION('',(-0.,1.));
#9487 = ( GEOMETRIC_REPRESENTATION_CONTEXT(2) 
PARAMETRIC_REPRESENTATION_CONTEXT() REPRESENTATION_CONTEXT('2D SPACE',''
  ) );
#9488 = PCURVE('',#9208,#9489);
#9489 = DEFINITIONAL_REPRESENTATION('',(#9490),#9494);
#9490 = LINE('',#9491,#9492);
#9491 = CARTESIAN_POINT('',(-0.,-0.45));
#9492 = VECTOR('',#9493,1.);
#9493 = DIRECTION('',(-1.,0.));
#9494 = ( GEOMETRIC_REPRESENTATION_CONTEXT(2) 
PARAMETRIC_REPRESENTATION_CONTEXT() REPRESENTATION_CONTEXT('2D SPACE',''
  ) );
#9495 = ORIENTED_EDGE('',*,*,#9496,.T.);
#9496 = EDGE_CURVE('',#9474,#9497,#9499,.T.);
#9497 = VERTEX_POINT('',#9498);
#9498 = CARTESIAN_POINT('',(2.536,2.4,2.05));
#9499 = SURFACE_CURVE('',#9500,(#9505,#9516),.PCURVE_S1.);
#9500 = CIRCLE('',#9501,6.4E-02);
#9501 = AXIS2_PLACEMENT_3D('',#9502,#9503,#9504);
#9502 = CARTESIAN_POINT('',(2.536,2.464,2.05));
#9503 = DIRECTION('',(-0.,-0.,-1.));
#9504 = DIRECTION('',(-0.,1.,-0.));
#9505 = PCURVE('',#9122,#9506);
#9506 = DEFINITIONAL_REPRESENTATION('',(#9507),#9515);
#9507 = ( BOUNDED_CURVE() B_SPLINE_CURVE(2,(#9508,#9509,#9510,#9511,
#9512,#9513,#9514),.UNSPECIFIED.,.T.,.F.) B_SPLINE_CURVE_WITH_KNOTS((1,2
    ,2,2,2,1),(-2.094395102393,0.,2.094395102393,4.188790204786,
6.28318530718,8.377580409573),.UNSPECIFIED.) CURVE() 
GEOMETRIC_REPRESENTATION_ITEM() RATIONAL_B_SPLINE_CURVE((1.,0.5,1.,0.5,
1.,0.5,1.)) REPRESENTATION_ITEM('') );
#9508 = CARTESIAN_POINT('',(-0.736,0.272));
#9509 = CARTESIAN_POINT('',(-0.846851251684,0.272));
#9510 = CARTESIAN_POINT('',(-0.791425625842,0.368));
#9511 = CARTESIAN_POINT('',(-0.736,0.464));
#9512 = CARTESIAN_POINT('',(-0.680574374158,0.368));
#9513 = CARTESIAN_POINT('',(-0.625148748316,0.272));
#9514 = CARTESIAN_POINT('',(-0.736,0.272));
#9515 = ( GEOMETRIC_REPRESENTATION_CONTEXT(2) 
PARAMETRIC_REPRESENTATION_CONTEXT() REPRESENTATION_CONTEXT('2D SPACE',''
  ) );
#9516 = PCURVE('',#9241,#9517);
#9517 = DEFINITIONAL_REPRESENTATION('',(#9518),#9522);
#9518 = LINE('',#9519,#9520);
#9519 = CARTESIAN_POINT('',(1.570796326795,0.45));
#9520 = VECTOR('',#9521,1.);
#9521 = DIRECTION('',(-1.,0.));
#9522 = ( GEOMETRIC_REPRESENTATION_CONTEXT(2) 
PARAMETRIC_REPRESENTATION_CONTEXT() REPRESENTATION_CONTEXT('2D SPACE',''
  ) );
#9523 = ORIENTED_EDGE('',*,*,#9524,.T.);
#9524 = EDGE_CURVE('',#9497,#9525,#9527,.T.);
#9525 = VERTEX_POINT('',#9526);
#9526 = CARTESIAN_POINT('',(1.064,2.4,2.05));
#9527 = SURFACE_CURVE('',#9528,(#9532,#9539),.PCURVE_S1.);
#9528 = LINE('',#9529,#9530);
#9529 = CARTESIAN_POINT('',(2.6,2.4,2.05));
#9530 = VECTOR('',#9531,1.);
#9531 = DIRECTION('',(-1.,-0.,-0.));
#9532 = PCURVE('',#9122,#9533);
#9533 = DEFINITIONAL_REPRESENTATION('',(#9534),#9538);
#9534 = LINE('',#9535,#9536);
#9535 = CARTESIAN_POINT('',(-0.8,0.4));
#9536 = VECTOR('',#9537,1.);
#9537 = DIRECTION('',(1.,-0.));
#9538 = ( GEOMETRIC_REPRESENTATION_CONTEXT(2) 
PARAMETRIC_REPRESENTATION_CONTEXT() REPRESENTATION_CONTEXT('2D SPACE',''
  ) );
#9539 = PCURVE('',#9269,#9540);
#9540 = DEFINITIONAL_REPRESENTATION('',(#9541),#9545);
#9541 = LINE('',#9542,#9543);
#9542 = CARTESIAN_POINT('',(-0.,-0.45));
#9543 = VECTOR('',#9544,1.);
#9544 = DIRECTION('',(-1.,0.));
#9545 = ( GEOMETRIC_REPRESENTATION_CONTEXT(2) 
PARAMETRIC_REPRESENTATION_CONTEXT() REPRESENTATION_CONTEXT('2D SPACE',''
  ) );
#9546 = ORIENTED_EDGE('',*,*,#9547,.T.);
#9547 = EDGE_CURVE('',#9525,#9548,#9550,.T.);
#9548 = VERTEX_POINT('',#9549);
#9549 = CARTESIAN_POINT('',(1.,2.464,2.05));
#9550 = SURFACE_CURVE('',#9551,(#9556,#9567),.PCURVE_S1.);
#9551 = CIRCLE('',#9552,6.4E-02);
#9552 = AXIS2_PLACEMENT_3D('',#9553,#9554,#9555);
#9553 = CARTESIAN_POINT('',(1.064,2.464,2.05));
#9554 = DIRECTION('',(-0.,-0.,-1.));
#9555 = DIRECTION('',(-0.,1.,-0.));
#9556 = PCURVE('',#9122,#9557);
#9557 = DEFINITIONAL_REPRESENTATION('',(#9558),#9566);
#9558 = ( BOUNDED_CURVE() B_SPLINE_CURVE(2,(#9559,#9560,#9561,#9562,
#9563,#9564,#9565),.UNSPECIFIED.,.T.,.F.) B_SPLINE_CURVE_WITH_KNOTS((1,2
    ,2,2,2,1),(-2.094395102393,0.,2.094395102393,4.188790204786,
6.28318530718,8.377580409573),.UNSPECIFIED.) CURVE() 
GEOMETRIC_REPRESENTATION_ITEM() RATIONAL_B_SPLINE_CURVE((1.,0.5,1.,0.5,
1.,0.5,1.)) REPRESENTATION_ITEM('') );
#9559 = CARTESIAN_POINT('',(0.736,0.272));
#9560 = CARTESIAN_POINT('',(0.625148748316,0.272));
#9561 = CARTESIAN_POINT('',(0.680574374158,0.368));
#9562 = CARTESIAN_POINT('',(0.736,0.464));
#9563 = CARTESIAN_POINT('',(0.791425625842,0.368));
#9564 = CARTESIAN_POINT('',(0.846851251684,0.272));
#9565 = CARTESIAN_POINT('',(0.736,0.272));
#9566 = ( GEOMETRIC_REPRESENTATION_CONTEXT(2) 
PARAMETRIC_REPRESENTATION_CONTEXT() REPRESENTATION_CONTEXT('2D SPACE',''
  ) );
#9567 = PCURVE('',#9302,#9568);
#9568 = DEFINITIONAL_REPRESENTATION('',(#9569),#9573);
#9569 = LINE('',#9570,#9571);
#9570 = CARTESIAN_POINT('',(3.14159265359,0.45));
#9571 = VECTOR('',#9572,1.);
#9572 = DIRECTION('',(-1.,0.));
#9573 = ( GEOMETRIC_REPRESENTATION_CONTEXT(2) 
PARAMETRIC_REPRESENTATION_CONTEXT() REPRESENTATION_CONTEXT('2D SPACE',''
  ) );
#9574 = ORIENTED_EDGE('',*,*,#9575,.T.);
#9575 = EDGE_CURVE('',#9548,#9369,#9576,.T.);
#9576 = SURFACE_CURVE('',#9577,(#9581,#9588),.PCURVE_S1.);
#9577 = LINE('',#9578,#9579);
#9578 = CARTESIAN_POINT('',(1.,2.4,2.05));
#9579 = VECTOR('',#9580,1.);
#9580 = DIRECTION('',(-0.,1.,-0.));
#9581 = PCURVE('',#9122,#9582);
#9582 = DEFINITIONAL_REPRESENTATION('',(#9583),#9587);
#9583 = LINE('',#9584,#9585);
#9584 = CARTESIAN_POINT('',(0.8,0.4));
#9585 = VECTOR('',#9586,1.);
#9586 = DIRECTION('',(-0.,-1.));
#9587 = ( GEOMETRIC_REPRESENTATION_CONTEXT(2) 
PARAMETRIC_REPRESENTATION_CONTEXT() REPRESENTATION_CONTEXT('2D SPACE',''
  ) );
#9588 = PCURVE('',#9330,#9589);
#9589 = DEFINITIONAL_REPRESENTATION('',(#9590),#9594);
#9590 = LINE('',#9591,#9592);
#9591 = CARTESIAN_POINT('',(-0.,-0.45));
#9592 = VECTOR('',#9593,1.);
#9593 = DIRECTION('',(-1.,-0.));
#9594 = ( GEOMETRIC_REPRESENTATION_CONTEXT(2) 
PARAMETRIC_REPRESENTATION_CONTEXT() REPRESENTATION_CONTEXT('2D SPACE',''
  ) );
#9595 = ORIENTED_EDGE('',*,*,#9391,.F.);
#9596 = ADVANCED_FACE('',(#9597),#9330,.F.);
#9597 = FACE_BOUND('',#9598,.T.);
#9598 = EDGE_LOOP('',(#9599,#9600,#9621,#9622));
#9599 = ORIENTED_EDGE('',*,*,#9314,.F.);
#9600 = ORIENTED_EDGE('',*,*,#9601,.T.);
#9601 = EDGE_CURVE('',#9282,#9548,#9602,.T.);
#9602 = SURFACE_CURVE('',#9603,(#9607,#9614),.PCURVE_S1.);
#9603 = LINE('',#9604,#9605);
#9604 = CARTESIAN_POINT('',(1.,2.464,1.6));
#9605 = VECTOR('',#9606,1.);
#9606 = DIRECTION('',(-0.,-0.,1.));
#9607 = PCURVE('',#9330,#9608);
#9608 = DEFINITIONAL_REPRESENTATION('',(#9609),#9613);
#9609 = LINE('',#9610,#9611);
#9610 = CARTESIAN_POINT('',(-6.4E-02,0.));
#9611 = VECTOR('',#9612,1.);
#9612 = DIRECTION('',(-0.,-1.));
#9613 = ( GEOMETRIC_REPRESENTATION_CONTEXT(2) 
PARAMETRIC_REPRESENTATION_CONTEXT() REPRESENTATION_CONTEXT('2D SPACE',''
  ) );
#9614 = PCURVE('',#9302,#9615);
#9615 = DEFINITIONAL_REPRESENTATION('',(#9616),#9620);
#9616 = LINE('',#9617,#9618);
#9617 = CARTESIAN_POINT('',(-1.570796326795,0.));
#9618 = VECTOR('',#9619,1.);
#9619 = DIRECTION('',(-0.,1.));
#9620 = ( GEOMETRIC_REPRESENTATION_CONTEXT(2) 
PARAMETRIC_REPRESENTATION_CONTEXT() REPRESENTATION_CONTEXT('2D SPACE',''
  ) );
#9621 = ORIENTED_EDGE('',*,*,#9575,.T.);
#9622 = ORIENTED_EDGE('',*,*,#9368,.F.);
#9623 = ADVANCED_FACE('',(#9624),#9208,.F.);
#9624 = FACE_BOUND('',#9625,.T.);
#9625 = EDGE_LOOP('',(#9626,#9627,#9628,#9629));
#9626 = ORIENTED_EDGE('',*,*,#9192,.F.);
#9627 = ORIENTED_EDGE('',*,*,#9418,.T.);
#9628 = ORIENTED_EDGE('',*,*,#9473,.T.);
#9629 = ORIENTED_EDGE('',*,*,#9630,.F.);
#9630 = EDGE_CURVE('',#9193,#9474,#9631,.T.);
#9631 = SURFACE_CURVE('',#9632,(#9636,#9643),.PCURVE_S1.);
#9632 = LINE('',#9633,#9634);
#9633 = CARTESIAN_POINT('',(2.6,2.464,1.6));
#9634 = VECTOR('',#9635,1.);
#9635 = DIRECTION('',(-0.,-0.,1.));
#9636 = PCURVE('',#9208,#9637);
#9637 = DEFINITIONAL_REPRESENTATION('',(#9638),#9642);
#9638 = LINE('',#9639,#9640);
#9639 = CARTESIAN_POINT('',(-0.736,0.));
#9640 = VECTOR('',#9641,1.);
#9641 = DIRECTION('',(-0.,-1.));
#9642 = ( GEOMETRIC_REPRESENTATION_CONTEXT(2) 
PARAMETRIC_REPRESENTATION_CONTEXT() REPRESENTATION_CONTEXT('2D SPACE',''
  ) );
#9643 = PCURVE('',#9241,#9644);
#9644 = DEFINITIONAL_REPRESENTATION('',(#9645),#9649);
#9645 = LINE('',#9646,#9647);
#9646 = CARTESIAN_POINT('',(-0.,0.));
#9647 = VECTOR('',#9648,1.);
#9648 = DIRECTION('',(-0.,1.));
#9649 = ( GEOMETRIC_REPRESENTATION_CONTEXT(2) 
PARAMETRIC_REPRESENTATION_CONTEXT() REPRESENTATION_CONTEXT('2D SPACE',''
  ) );
#9650 = ADVANCED_FACE('',(#9651),#9302,.T.);
#9651 = FACE_BOUND('',#9652,.F.);
#9652 = EDGE_LOOP('',(#9653,#9654,#9655,#9656));
#9653 = ORIENTED_EDGE('',*,*,#9281,.T.);
#9654 = ORIENTED_EDGE('',*,*,#9601,.T.);
#9655 = ORIENTED_EDGE('',*,*,#9547,.F.);
#9656 = ORIENTED_EDGE('',*,*,#9657,.F.);
#9657 = EDGE_CURVE('',#9254,#9525,#9658,.T.);
#9658 = SURFACE_CURVE('',#9659,(#9663,#9670),.PCURVE_S1.);
#9659 = LINE('',#9660,#9661);
#9660 = CARTESIAN_POINT('',(1.064,2.4,1.6));
#9661 = VECTOR('',#9662,1.);
#9662 = DIRECTION('',(-0.,-0.,1.));
#9663 = PCURVE('',#9302,#9664);
#9664 = DEFINITIONAL_REPRESENTATION('',(#9665),#9669);
#9665 = LINE('',#9666,#9667);
#9666 = CARTESIAN_POINT('',(-0.,0.));
#9667 = VECTOR('',#9668,1.);
#9668 = DIRECTION('',(-0.,1.));
#9669 = ( GEOMETRIC_REPRESENTATION_CONTEXT(2) 
PARAMETRIC_REPRESENTATION_CONTEXT() REPRESENTATION_CONTEXT('2D SPACE',''
  ) );
#9670 = PCURVE('',#9269,#9671);
#9671 = DEFINITIONAL_REPRESENTATION('',(#9672),#9676);
#9672 = LINE('',#9673,#9674);
#9673 = CARTESIAN_POINT('',(-1.536,0.));
#9674 = VECTOR('',#9675,1.);
#9675 = DIRECTION('',(-0.,-1.));
#9676 = ( GEOMETRIC_REPRESENTATION_CONTEXT(2) 
PARAMETRIC_REPRESENTATION_CONTEXT() REPRESENTATION_CONTEXT('2D SPACE',''
  ) );
#9677 = ADVANCED_FACE('',(#9678),#9241,.T.);
#9678 = FACE_BOUND('',#9679,.F.);
#9679 = EDGE_LOOP('',(#9680,#9681,#9702,#9703));
#9680 = ORIENTED_EDGE('',*,*,#9220,.T.);
#9681 = ORIENTED_EDGE('',*,*,#9682,.T.);
#9682 = EDGE_CURVE('',#9221,#9497,#9683,.T.);
#9683 = SURFACE_CURVE('',#9684,(#9688,#9695),.PCURVE_S1.);
#9684 = LINE('',#9685,#9686);
#9685 = CARTESIAN_POINT('',(2.536,2.4,1.6));
#9686 = VECTOR('',#9687,1.);
#9687 = DIRECTION('',(-0.,-0.,1.));
#9688 = PCURVE('',#9241,#9689);
#9689 = DEFINITIONAL_REPRESENTATION('',(#9690),#9694);
#9690 = LINE('',#9691,#9692);
#9691 = CARTESIAN_POINT('',(-1.570796326795,0.));
#9692 = VECTOR('',#9693,1.);
#9693 = DIRECTION('',(-0.,1.));
#9694 = ( GEOMETRIC_REPRESENTATION_CONTEXT(2) 
PARAMETRIC_REPRESENTATION_CONTEXT() REPRESENTATION_CONTEXT('2D SPACE',''
  ) );
#9695 = PCURVE('',#9269,#9696);
#9696 = DEFINITIONAL_REPRESENTATION('',(#9697),#9701);
#9697 = LINE('',#9698,#9699);
#9698 = CARTESIAN_POINT('',(-6.4E-02,0.));
#9699 = VECTOR('',#9700,1.);
#9700 = DIRECTION('',(-0.,-1.));
#9701 = ( GEOMETRIC_REPRESENTATION_CONTEXT(2) 
PARAMETRIC_REPRESENTATION_CONTEXT() REPRESENTATION_CONTEXT('2D SPACE',''
  ) );
#9702 = ORIENTED_EDGE('',*,*,#9496,.F.);
#9703 = ORIENTED_EDGE('',*,*,#9630,.F.);
#9704 = ADVANCED_FACE('',(#9705),#9269,.F.);
#9705 = FACE_BOUND('',#9706,.T.);
#9706 = EDGE_LOOP('',(#9707,#9708,#9709,#9710));
#9707 = ORIENTED_EDGE('',*,*,#9253,.F.);
#9708 = ORIENTED_EDGE('',*,*,#9682,.T.);
#9709 = ORIENTED_EDGE('',*,*,#9524,.T.);
#9710 = ORIENTED_EDGE('',*,*,#9657,.F.);
#9711 = ( GEOMETRIC_REPRESENTATION_CONTEXT(3) 
GLOBAL_UNCERTAINTY_ASSIGNED_CONTEXT((#9715)) 
GLOBAL_UNIT_ASSIGNED_CONTEXT((#9712,#9713,#9714)) REPRESENTATION_CONTEXT
('Context #1','3D Context with UNIT and UNCERTAINTY') );
#9712 = ( LENGTH_UNIT() NAMED_UNIT(*) SI_UNIT(.MILLI.,.METRE.) );
#9713 = ( NAMED_UNIT(*) PLANE_ANGLE_UNIT() SI_UNIT($,.RADIAN.) );
#9714 = ( NAMED_UNIT(*) SI_UNIT($,.STERADIAN.) SOLID_ANGLE_UNIT() );
#9715 = UNCERTAINTY_MEASURE_WITH_UNIT(LENGTH_MEASURE(1.E-07),#9712,
  'distance_accuracy_value','confusion accuracy');
#9716 = CONTEXT_DEPENDENT_SHAPE_REPRESENTATION(#9717,#9719);
#9717 = ( REPRESENTATION_RELATIONSHIP('','',#9036,#10) 
REPRESENTATION_RELATIONSHIP_WITH_TRANSFORMATION(#9718) 
SHAPE_REPRESENTATION_RELATIONSHIP() );
#9718 = ITEM_DEFINED_TRANSFORMATION('','',#11,#95);
#9719 = PRODUCT_DEFINITION_SHAPE('Placement','Placement of an item',
  #9720);
#9720 = NEXT_ASSEMBLY_USAGE_OCCURRENCE('83','RH2','',#5,#9031,$);
#9721 = PRODUCT_RELATED_PRODUCT_CATEGORY('part',$,(#9033));
#9722 = SHAPE_DEFINITION_REPRESENTATION(#9723,#9729);
#9723 = PRODUCT_DEFINITION_SHAPE('','',#9724);
#9724 = PRODUCT_DEFINITION('design','',#9725,#9728);
#9725 = PRODUCT_DEFINITION_FORMATION('','',#9726);
#9726 = PRODUCT('RL2','RL2','',(#9727));
#9727 = PRODUCT_CONTEXT('',#2,'mechanical');
#9728 = PRODUCT_DEFINITION_CONTEXT('part definition',#2,'design');
#9729 = ADVANCED_BREP_SHAPE_REPRESENTATION('',(#11,#9730),#10404);
#9730 = MANIFOLD_SOLID_BREP('',#9731);
#9731 = CLOSED_SHELL('',(#9732,#9852,#10056,#10106,#10160,#10289,#10316,
    #10343,#10370,#10397));
#9732 = ADVANCED_FACE('',(#9733),#9747,.F.);
#9733 = FACE_BOUND('',#9734,.T.);
#9734 = EDGE_LOOP('',(#9735,#9770,#9798,#9826));
#9735 = ORIENTED_EDGE('',*,*,#9736,.F.);
#9736 = EDGE_CURVE('',#9737,#9739,#9741,.T.);
#9737 = VERTEX_POINT('',#9738);
#9738 = CARTESIAN_POINT('',(1.064,-2.4,1.6));
#9739 = VERTEX_POINT('',#9740);
#9740 = CARTESIAN_POINT('',(2.536,-2.4,1.6));
#9741 = SURFACE_CURVE('',#9742,(#9746,#9758),.PCURVE_S1.);
#9742 = LINE('',#9743,#9744);
#9743 = CARTESIAN_POINT('',(1.,-2.4,1.6));
#9744 = VECTOR('',#9745,1.);
#9745 = DIRECTION('',(1.,-0.,-0.));
#9746 = PCURVE('',#9747,#9752);
#9747 = PLANE('',#9748);
#9748 = AXIS2_PLACEMENT_3D('',#9749,#9750,#9751);
#9749 = CARTESIAN_POINT('',(1.,-2.4,1.6));
#9750 = DIRECTION('',(-0.,-1.,-0.));
#9751 = DIRECTION('',(-1.,0.,0.));
#9752 = DEFINITIONAL_REPRESENTATION('',(#9753),#9757);
#9753 = LINE('',#9754,#9755);
#9754 = CARTESIAN_POINT('',(-0.,-0.));
#9755 = VECTOR('',#9756,1.);
#9756 = DIRECTION('',(-1.,-0.));
#9757 = ( GEOMETRIC_REPRESENTATION_CONTEXT(2) 
PARAMETRIC_REPRESENTATION_CONTEXT() REPRESENTATION_CONTEXT('2D SPACE',''
  ) );
#9758 = PCURVE('',#9759,#9764);
#9759 = PLANE('',#9760);
#9760 = AXIS2_PLACEMENT_3D('',#9761,#9762,#9763);
#9761 = CARTESIAN_POINT('',(1.8,-2.8,1.6));
#9762 = DIRECTION('',(-0.,-0.,1.));
#9763 = DIRECTION('',(-1.,0.,0.));
#9764 = DEFINITIONAL_REPRESENTATION('',(#9765),#9769);
#9765 = LINE('',#9766,#9767);
#9766 = CARTESIAN_POINT('',(0.8,-0.4));
#9767 = VECTOR('',#9768,1.);
#9768 = DIRECTION('',(-1.,0.));
#9769 = ( GEOMETRIC_REPRESENTATION_CONTEXT(2) 
PARAMETRIC_REPRESENTATION_CONTEXT() REPRESENTATION_CONTEXT('2D SPACE',''
  ) );
#9770 = ORIENTED_EDGE('',*,*,#9771,.T.);
#9771 = EDGE_CURVE('',#9737,#9772,#9774,.T.);
#9772 = VERTEX_POINT('',#9773);
#9773 = CARTESIAN_POINT('',(1.064,-2.4,2.05));
#9774 = SURFACE_CURVE('',#9775,(#9779,#9786),.PCURVE_S1.);
#9775 = LINE('',#9776,#9777);
#9776 = CARTESIAN_POINT('',(1.064,-2.4,1.6));
#9777 = VECTOR('',#9778,1.);
#9778 = DIRECTION('',(-0.,-0.,1.));
#9779 = PCURVE('',#9747,#9780);
#9780 = DEFINITIONAL_REPRESENTATION('',(#9781),#9785);
#9781 = LINE('',#9782,#9783);
#9782 = CARTESIAN_POINT('',(-6.4E-02,-0.));
#9783 = VECTOR('',#9784,1.);
#9784 = DIRECTION('',(-0.,-1.));
#9785 = ( GEOMETRIC_REPRESENTATION_CONTEXT(2) 
PARAMETRIC_REPRESENTATION_CONTEXT() REPRESENTATION_CONTEXT('2D SPACE',''
  ) );
#9786 = PCURVE('',#9787,#9792);
#9787 = CYLINDRICAL_SURFACE('',#9788,6.4E-02);
#9788 = AXIS2_PLACEMENT_3D('',#9789,#9790,#9791);
#9789 = CARTESIAN_POINT('',(1.064,-2.464,1.6));
#9790 = DIRECTION('',(-0.,-0.,1.));
#9791 = DIRECTION('',(-0.,1.,-0.));
#9792 = DEFINITIONAL_REPRESENTATION('',(#9793),#9797);
#9793 = LINE('',#9794,#9795);
#9794 = CARTESIAN_POINT('',(0.,0.));
#9795 = VECTOR('',#9796,1.);
#9796 = DIRECTION('',(0.,1.));
#9797 = ( GEOMETRIC_REPRESENTATION_CONTEXT(2) 
PARAMETRIC_REPRESENTATION_CONTEXT() REPRESENTATION_CONTEXT('2D SPACE',''
  ) );
#9798 = ORIENTED_EDGE('',*,*,#9799,.T.);
#9799 = EDGE_CURVE('',#9772,#9800,#9802,.T.);
#9800 = VERTEX_POINT('',#9801);
#9801 = CARTESIAN_POINT('',(2.536,-2.4,2.05));
#9802 = SURFACE_CURVE('',#9803,(#9807,#9814),.PCURVE_S1.);
#9803 = LINE('',#9804,#9805);
#9804 = CARTESIAN_POINT('',(1.,-2.4,2.05));
#9805 = VECTOR('',#9806,1.);
#9806 = DIRECTION('',(1.,-0.,-0.));
#9807 = PCURVE('',#9747,#9808);
#9808 = DEFINITIONAL_REPRESENTATION('',(#9809),#9813);
#9809 = LINE('',#9810,#9811);
#9810 = CARTESIAN_POINT('',(-0.,-0.45));
#9811 = VECTOR('',#9812,1.);
#9812 = DIRECTION('',(-1.,-0.));
#9813 = ( GEOMETRIC_REPRESENTATION_CONTEXT(2) 
PARAMETRIC_REPRESENTATION_CONTEXT() REPRESENTATION_CONTEXT('2D SPACE',''
  ) );
#9814 = PCURVE('',#9815,#9820);
#9815 = PLANE('',#9816);
#9816 = AXIS2_PLACEMENT_3D('',#9817,#9818,#9819);
#9817 = CARTESIAN_POINT('',(1.8,-2.8,2.05));
#9818 = DIRECTION('',(-0.,-0.,1.));
#9819 = DIRECTION('',(-1.,0.,0.));
#9820 = DEFINITIONAL_REPRESENTATION('',(#9821),#9825);
#9821 = LINE('',#9822,#9823);
#9822 = CARTESIAN_POINT('',(0.8,-0.4));
#9823 = VECTOR('',#9824,1.);
#9824 = DIRECTION('',(-1.,0.));
#9825 = ( GEOMETRIC_REPRESENTATION_CONTEXT(2) 
PARAMETRIC_REPRESENTATION_CONTEXT() REPRESENTATION_CONTEXT('2D SPACE',''
  ) );
#9826 = ORIENTED_EDGE('',*,*,#9827,.F.);
#9827 = EDGE_CURVE('',#9739,#9800,#9828,.T.);
#9828 = SURFACE_CURVE('',#9829,(#9833,#9840),.PCURVE_S1.);
#9829 = LINE('',#9830,#9831);
#9830 = CARTESIAN_POINT('',(2.536,-2.4,1.6));
#9831 = VECTOR('',#9832,1.);
#9832 = DIRECTION('',(-0.,-0.,1.));
#9833 = PCURVE('',#9747,#9834);
#9834 = DEFINITIONAL_REPRESENTATION('',(#9835),#9839);
#9835 = LINE('',#9836,#9837);
#9836 = CARTESIAN_POINT('',(-1.536,-0.));
#9837 = VECTOR('',#9838,1.);
#9838 = DIRECTION('',(-0.,-1.));
#9839 = ( GEOMETRIC_REPRESENTATION_CONTEXT(2) 
PARAMETRIC_REPRESENTATION_CONTEXT() REPRESENTATION_CONTEXT('2D SPACE',''
  ) );
#9840 = PCURVE('',#9841,#9846);
#9841 = CYLINDRICAL_SURFACE('',#9842,6.4E-02);
#9842 = AXIS2_PLACEMENT_3D('',#9843,#9844,#9845);
#9843 = CARTESIAN_POINT('',(2.536,-2.464,1.6));
#9844 = DIRECTION('',(-0.,-0.,1.));
#9845 = DIRECTION('',(-0.,1.,-0.));
#9846 = DEFINITIONAL_REPRESENTATION('',(#9847),#9851);
#9847 = LINE('',#9848,#9849);
#9848 = CARTESIAN_POINT('',(-0.,0.));
#9849 = VECTOR('',#9850,1.);
#9850 = DIRECTION('',(-0.,1.));
#9851 = ( GEOMETRIC_REPRESENTATION_CONTEXT(2) 
PARAMETRIC_REPRESENTATION_CONTEXT() REPRESENTATION_CONTEXT('2D SPACE',''
  ) );
#9852 = ADVANCED_FACE('',(#9853),#9759,.F.);
#9853 = FACE_BOUND('',#9854,.T.);
#9854 = EDGE_LOOP('',(#9855,#9856,#9884,#9912,#9945,#9973,#10006,#10034)
  );
#9855 = ORIENTED_EDGE('',*,*,#9736,.T.);
#9856 = ORIENTED_EDGE('',*,*,#9857,.T.);
#9857 = EDGE_CURVE('',#9739,#9858,#9860,.T.);
#9858 = VERTEX_POINT('',#9859);
#9859 = CARTESIAN_POINT('',(2.6,-2.464,1.6));
#9860 = SURFACE_CURVE('',#9861,(#9866,#9877),.PCURVE_S1.);
#9861 = CIRCLE('',#9862,6.4E-02);
#9862 = AXIS2_PLACEMENT_3D('',#9863,#9864,#9865);
#9863 = CARTESIAN_POINT('',(2.536,-2.464,1.6));
#9864 = DIRECTION('',(-0.,-0.,-1.));
#9865 = DIRECTION('',(-0.,1.,-0.));
#9866 = PCURVE('',#9759,#9867);
#9867 = DEFINITIONAL_REPRESENTATION('',(#9868),#9876);
#9868 = ( BOUNDED_CURVE() B_SPLINE_CURVE(2,(#9869,#9870,#9871,#9872,
#9873,#9874,#9875),.UNSPECIFIED.,.T.,.F.) B_SPLINE_CURVE_WITH_KNOTS((1,2
    ,2,2,2,1),(-2.094395102393,0.,2.094395102393,4.188790204786,
6.28318530718,8.377580409573),.UNSPECIFIED.) CURVE() 
GEOMETRIC_REPRESENTATION_ITEM() RATIONAL_B_SPLINE_CURVE((1.,0.5,1.,0.5,
1.,0.5,1.)) REPRESENTATION_ITEM('') );
#9869 = CARTESIAN_POINT('',(-0.736,-0.4));
#9870 = CARTESIAN_POINT('',(-0.846851251684,-0.4));
#9871 = CARTESIAN_POINT('',(-0.791425625842,-0.304));
#9872 = CARTESIAN_POINT('',(-0.736,-0.208));
#9873 = CARTESIAN_POINT('',(-0.680574374158,-0.304));
#9874 = CARTESIAN_POINT('',(-0.625148748316,-0.4));
#9875 = CARTESIAN_POINT('',(-0.736,-0.4));
#9876 = ( GEOMETRIC_REPRESENTATION_CONTEXT(2) 
PARAMETRIC_REPRESENTATION_CONTEXT() REPRESENTATION_CONTEXT('2D SPACE',''
  ) );
#9877 = PCURVE('',#9841,#9878);
#9878 = DEFINITIONAL_REPRESENTATION('',(#9879),#9883);
#9879 = LINE('',#9880,#9881);
#9880 = CARTESIAN_POINT('',(-0.,-4.440892098501E-16));
#9881 = VECTOR('',#9882,1.);
#9882 = DIRECTION('',(-1.,0.));
#9883 = ( GEOMETRIC_REPRESENTATION_CONTEXT(2) 
PARAMETRIC_REPRESENTATION_CONTEXT() REPRESENTATION_CONTEXT('2D SPACE',''
  ) );
#9884 = ORIENTED_EDGE('',*,*,#9885,.T.);
#9885 = EDGE_CURVE('',#9858,#9886,#9888,.T.);
#9886 = VERTEX_POINT('',#9887);
#9887 = CARTESIAN_POINT('',(2.6,-3.136,1.6));
#9888 = SURFACE_CURVE('',#9889,(#9893,#9900),.PCURVE_S1.);
#9889 = LINE('',#9890,#9891);
#9890 = CARTESIAN_POINT('',(2.6,-2.4,1.6));
#9891 = VECTOR('',#9892,1.);
#9892 = DIRECTION('',(-0.,-1.,-0.));
#9893 = PCURVE('',#9759,#9894);
#9894 = DEFINITIONAL_REPRESENTATION('',(#9895),#9899);
#9895 = LINE('',#9896,#9897);
#9896 = CARTESIAN_POINT('',(-0.8,-0.4));
#9897 = VECTOR('',#9898,1.);
#9898 = DIRECTION('',(-0.,1.));
#9899 = ( GEOMETRIC_REPRESENTATION_CONTEXT(2) 
PARAMETRIC_REPRESENTATION_CONTEXT() REPRESENTATION_CONTEXT('2D SPACE',''
  ) );
#9900 = PCURVE('',#9901,#9906);
#9901 = PLANE('',#9902);
#9902 = AXIS2_PLACEMENT_3D('',#9903,#9904,#9905);
#9903 = CARTESIAN_POINT('',(2.6,-2.4,1.6));
#9904 = DIRECTION('',(-1.,-0.,-0.));
#9905 = DIRECTION('',(0.,1.,0.));
#9906 = DEFINITIONAL_REPRESENTATION('',(#9907),#9911);
#9907 = LINE('',#9908,#9909);
#9908 = CARTESIAN_POINT('',(-0.,-0.));
#9909 = VECTOR('',#9910,1.);
#9910 = DIRECTION('',(-1.,0.));
#9911 = ( GEOMETRIC_REPRESENTATION_CONTEXT(2) 
PARAMETRIC_REPRESENTATION_CONTEXT() REPRESENTATION_CONTEXT('2D SPACE',''
  ) );
#9912 = ORIENTED_EDGE('',*,*,#9913,.T.);
#9913 = EDGE_CURVE('',#9886,#9914,#9916,.T.);
#9914 = VERTEX_POINT('',#9915);
#9915 = CARTESIAN_POINT('',(2.536,-3.2,1.6));
#9916 = SURFACE_CURVE('',#9917,(#9922,#9933),.PCURVE_S1.);
#9917 = CIRCLE('',#9918,6.4E-02);
#9918 = AXIS2_PLACEMENT_3D('',#9919,#9920,#9921);
#9919 = CARTESIAN_POINT('',(2.536,-3.136,1.6));
#9920 = DIRECTION('',(-0.,-0.,-1.));
#9921 = DIRECTION('',(-0.,1.,-0.));
#9922 = PCURVE('',#9759,#9923);
#9923 = DEFINITIONAL_REPRESENTATION('',(#9924),#9932);
#9924 = ( BOUNDED_CURVE() B_SPLINE_CURVE(2,(#9925,#9926,#9927,#9928,
#9929,#9930,#9931),.UNSPECIFIED.,.T.,.F.) B_SPLINE_CURVE_WITH_KNOTS((1,2
    ,2,2,2,1),(-2.094395102393,0.,2.094395102393,4.188790204786,
6.28318530718,8.377580409573),.UNSPECIFIED.) CURVE() 
GEOMETRIC_REPRESENTATION_ITEM() RATIONAL_B_SPLINE_CURVE((1.,0.5,1.,0.5,
1.,0.5,1.)) REPRESENTATION_ITEM('') );
#9925 = CARTESIAN_POINT('',(-0.736,0.272));
#9926 = CARTESIAN_POINT('',(-0.846851251684,0.272));
#9927 = CARTESIAN_POINT('',(-0.791425625842,0.368));
#9928 = CARTESIAN_POINT('',(-0.736,0.464));
#9929 = CARTESIAN_POINT('',(-0.680574374158,0.368));
#9930 = CARTESIAN_POINT('',(-0.625148748316,0.272));
#9931 = CARTESIAN_POINT('',(-0.736,0.272));
#9932 = ( GEOMETRIC_REPRESENTATION_CONTEXT(2) 
PARAMETRIC_REPRESENTATION_CONTEXT() REPRESENTATION_CONTEXT('2D SPACE',''
  ) );
#9933 = PCURVE('',#9934,#9939);
#9934 = CYLINDRICAL_SURFACE('',#9935,6.4E-02);
#9935 = AXIS2_PLACEMENT_3D('',#9936,#9937,#9938);
#9936 = CARTESIAN_POINT('',(2.536,-3.136,1.6));
#9937 = DIRECTION('',(-0.,-0.,1.));
#9938 = DIRECTION('',(1.,-0.,-0.));
#9939 = DEFINITIONAL_REPRESENTATION('',(#9940),#9944);
#9940 = LINE('',#9941,#9942);
#9941 = CARTESIAN_POINT('',(1.570796326795,-4.440892098501E-16));
#9942 = VECTOR('',#9943,1.);
#9943 = DIRECTION('',(-1.,0.));
#9944 = ( GEOMETRIC_REPRESENTATION_CONTEXT(2) 
PARAMETRIC_REPRESENTATION_CONTEXT() REPRESENTATION_CONTEXT('2D SPACE',''
  ) );
#9945 = ORIENTED_EDGE('',*,*,#9946,.T.);
#9946 = EDGE_CURVE('',#9914,#9947,#9949,.T.);
#9947 = VERTEX_POINT('',#9948);
#9948 = CARTESIAN_POINT('',(1.064,-3.2,1.6));
#9949 = SURFACE_CURVE('',#9950,(#9954,#9961),.PCURVE_S1.);
#9950 = LINE('',#9951,#9952);
#9951 = CARTESIAN_POINT('',(2.6,-3.2,1.6));
#9952 = VECTOR('',#9953,1.);
#9953 = DIRECTION('',(-1.,-0.,-0.));
#9954 = PCURVE('',#9759,#9955);
#9955 = DEFINITIONAL_REPRESENTATION('',(#9956),#9960);
#9956 = LINE('',#9957,#9958);
#9957 = CARTESIAN_POINT('',(-0.8,0.4));
#9958 = VECTOR('',#9959,1.);
#9959 = DIRECTION('',(1.,-0.));
#9960 = ( GEOMETRIC_REPRESENTATION_CONTEXT(2) 
PARAMETRIC_REPRESENTATION_CONTEXT() REPRESENTATION_CONTEXT('2D SPACE',''
  ) );
#9961 = PCURVE('',#9962,#9967);
#9962 = PLANE('',#9963);
#9963 = AXIS2_PLACEMENT_3D('',#9964,#9965,#9966);
#9964 = CARTESIAN_POINT('',(2.6,-3.2,1.6));
#9965 = DIRECTION('',(-0.,1.,-0.));
#9966 = DIRECTION('',(1.,0.,0.));
#9967 = DEFINITIONAL_REPRESENTATION('',(#9968),#9972);
#9968 = LINE('',#9969,#9970);
#9969 = CARTESIAN_POINT('',(0.,-0.));
#9970 = VECTOR('',#9971,1.);
#9971 = DIRECTION('',(-1.,0.));
#9972 = ( GEOMETRIC_REPRESENTATION_CONTEXT(2) 
PARAMETRIC_REPRESENTATION_CONTEXT() REPRESENTATION_CONTEXT('2D SPACE',''
  ) );
#9973 = ORIENTED_EDGE('',*,*,#9974,.T.);
#9974 = EDGE_CURVE('',#9947,#9975,#9977,.T.);
#9975 = VERTEX_POINT('',#9976);
#9976 = CARTESIAN_POINT('',(1.,-3.136,1.6));
#9977 = SURFACE_CURVE('',#9978,(#9983,#9994),.PCURVE_S1.);
#9978 = CIRCLE('',#9979,6.4E-02);
#9979 = AXIS2_PLACEMENT_3D('',#9980,#9981,#9982);
#9980 = CARTESIAN_POINT('',(1.064,-3.136,1.6));
#9981 = DIRECTION('',(-0.,-0.,-1.));
#9982 = DIRECTION('',(-0.,1.,-0.));
#9983 = PCURVE('',#9759,#9984);
#9984 = DEFINITIONAL_REPRESENTATION('',(#9985),#9993);
#9985 = ( BOUNDED_CURVE() B_SPLINE_CURVE(2,(#9986,#9987,#9988,#9989,
#9990,#9991,#9992),.UNSPECIFIED.,.T.,.F.) B_SPLINE_CURVE_WITH_KNOTS((1,2
    ,2,2,2,1),(-2.094395102393,0.,2.094395102393,4.188790204786,
6.28318530718,8.377580409573),.UNSPECIFIED.) CURVE() 
GEOMETRIC_REPRESENTATION_ITEM() RATIONAL_B_SPLINE_CURVE((1.,0.5,1.,0.5,
1.,0.5,1.)) REPRESENTATION_ITEM('') );
#9986 = CARTESIAN_POINT('',(0.736,0.272));
#9987 = CARTESIAN_POINT('',(0.625148748316,0.272));
#9988 = CARTESIAN_POINT('',(0.680574374158,0.368));
#9989 = CARTESIAN_POINT('',(0.736,0.464));
#9990 = CARTESIAN_POINT('',(0.791425625842,0.368));
#9991 = CARTESIAN_POINT('',(0.846851251684,0.272));
#9992 = CARTESIAN_POINT('',(0.736,0.272));
#9993 = ( GEOMETRIC_REPRESENTATION_CONTEXT(2) 
PARAMETRIC_REPRESENTATION_CONTEXT() REPRESENTATION_CONTEXT('2D SPACE',''
  ) );
#9994 = PCURVE('',#9995,#10000);
#9995 = CYLINDRICAL_SURFACE('',#9996,6.4E-02);
#9996 = AXIS2_PLACEMENT_3D('',#9997,#9998,#9999);
#9997 = CARTESIAN_POINT('',(1.064,-3.136,1.6));
#9998 = DIRECTION('',(-0.,-0.,1.));
#9999 = DIRECTION('',(-0.,-1.,-0.));
#10000 = DEFINITIONAL_REPRESENTATION('',(#10001),#10005);
#10001 = LINE('',#10002,#10003);
#10002 = CARTESIAN_POINT('',(3.14159265359,-4.440892098501E-16));
#10003 = VECTOR('',#10004,1.);
#10004 = DIRECTION('',(-1.,0.));
#10005 = ( GEOMETRIC_REPRESENTATION_CONTEXT(2) 
PARAMETRIC_REPRESENTATION_CONTEXT() REPRESENTATION_CONTEXT('2D SPACE',''
  ) );
#10006 = ORIENTED_EDGE('',*,*,#10007,.T.);
#10007 = EDGE_CURVE('',#9975,#10008,#10010,.T.);
#10008 = VERTEX_POINT('',#10009);
#10009 = CARTESIAN_POINT('',(1.,-2.464,1.6));
#10010 = SURFACE_CURVE('',#10011,(#10015,#10022),.PCURVE_S1.);
#10011 = LINE('',#10012,#10013);
#10012 = CARTESIAN_POINT('',(1.,-3.2,1.6));
#10013 = VECTOR('',#10014,1.);
#10014 = DIRECTION('',(-0.,1.,-0.));
#10015 = PCURVE('',#9759,#10016);
#10016 = DEFINITIONAL_REPRESENTATION('',(#10017),#10021);
#10017 = LINE('',#10018,#10019);
#10018 = CARTESIAN_POINT('',(0.8,0.4));
#10019 = VECTOR('',#10020,1.);
#10020 = DIRECTION('',(-0.,-1.));
#10021 = ( GEOMETRIC_REPRESENTATION_CONTEXT(2) 
PARAMETRIC_REPRESENTATION_CONTEXT() REPRESENTATION_CONTEXT('2D SPACE',''
  ) );
#10022 = PCURVE('',#10023,#10028);
#10023 = PLANE('',#10024);
#10024 = AXIS2_PLACEMENT_3D('',#10025,#10026,#10027);
#10025 = CARTESIAN_POINT('',(1.,-3.2,1.6));
#10026 = DIRECTION('',(1.,-0.,-0.));
#10027 = DIRECTION('',(0.,-1.,0.));
#10028 = DEFINITIONAL_REPRESENTATION('',(#10029),#10033);
#10029 = LINE('',#10030,#10031);
#10030 = CARTESIAN_POINT('',(-0.,0.));
#10031 = VECTOR('',#10032,1.);
#10032 = DIRECTION('',(-1.,-0.));
#10033 = ( GEOMETRIC_REPRESENTATION_CONTEXT(2) 
PARAMETRIC_REPRESENTATION_CONTEXT() REPRESENTATION_CONTEXT('2D SPACE',''
  ) );
#10034 = ORIENTED_EDGE('',*,*,#10035,.F.);
#10035 = EDGE_CURVE('',#9737,#10008,#10036,.T.);
#10036 = SURFACE_CURVE('',#10037,(#10042,#10049),.PCURVE_S1.);
#10037 = CIRCLE('',#10038,6.4E-02);
#10038 = AXIS2_PLACEMENT_3D('',#10039,#10040,#10041);
#10039 = CARTESIAN_POINT('',(1.064,-2.464,1.6));
#10040 = DIRECTION('',(-0.,0.,1.));
#10041 = DIRECTION('',(-0.,1.,-0.));
#10042 = PCURVE('',#9759,#10043);
#10043 = DEFINITIONAL_REPRESENTATION('',(#10044),#10048);
#10044 = CIRCLE('',#10045,6.4E-02);
#10045 = AXIS2_PLACEMENT_2D('',#10046,#10047);
#10046 = CARTESIAN_POINT('',(0.736,-0.336));
#10047 = DIRECTION('',(-0.,-1.));
#10048 = ( GEOMETRIC_REPRESENTATION_CONTEXT(2) 
PARAMETRIC_REPRESENTATION_CONTEXT() REPRESENTATION_CONTEXT('2D SPACE',''
  ) );
#10049 = PCURVE('',#9787,#10050);
#10050 = DEFINITIONAL_REPRESENTATION('',(#10051),#10055);
#10051 = LINE('',#10052,#10053);
#10052 = CARTESIAN_POINT('',(0.,-4.440892098501E-16));
#10053 = VECTOR('',#10054,1.);
#10054 = DIRECTION('',(1.,0.));
#10055 = ( GEOMETRIC_REPRESENTATION_CONTEXT(2) 
PARAMETRIC_REPRESENTATION_CONTEXT() REPRESENTATION_CONTEXT('2D SPACE',''
  ) );
#10056 = ADVANCED_FACE('',(#10057),#9787,.T.);
#10057 = FACE_BOUND('',#10058,.T.);
#10058 = EDGE_LOOP('',(#10059,#10060,#10083,#10105));
#10059 = ORIENTED_EDGE('',*,*,#10035,.T.);
#10060 = ORIENTED_EDGE('',*,*,#10061,.T.);
#10061 = EDGE_CURVE('',#10008,#10062,#10064,.T.);
#10062 = VERTEX_POINT('',#10063);
#10063 = CARTESIAN_POINT('',(1.,-2.464,2.05));
#10064 = SURFACE_CURVE('',#10065,(#10069,#10076),.PCURVE_S1.);
#10065 = LINE('',#10066,#10067);
#10066 = CARTESIAN_POINT('',(1.,-2.464,1.6));
#10067 = VECTOR('',#10068,1.);
#10068 = DIRECTION('',(-0.,-0.,1.));
#10069 = PCURVE('',#9787,#10070);
#10070 = DEFINITIONAL_REPRESENTATION('',(#10071),#10075);
#10071 = LINE('',#10072,#10073);
#10072 = CARTESIAN_POINT('',(1.570796326795,0.));
#10073 = VECTOR('',#10074,1.);
#10074 = DIRECTION('',(0.,1.));
#10075 = ( GEOMETRIC_REPRESENTATION_CONTEXT(2) 
PARAMETRIC_REPRESENTATION_CONTEXT() REPRESENTATION_CONTEXT('2D SPACE',''
  ) );
#10076 = PCURVE('',#10023,#10077);
#10077 = DEFINITIONAL_REPRESENTATION('',(#10078),#10082);
#10078 = LINE('',#10079,#10080);
#10079 = CARTESIAN_POINT('',(-0.736,0.));
#10080 = VECTOR('',#10081,1.);
#10081 = DIRECTION('',(-0.,-1.));
#10082 = ( GEOMETRIC_REPRESENTATION_CONTEXT(2) 
PARAMETRIC_REPRESENTATION_CONTEXT() REPRESENTATION_CONTEXT('2D SPACE',''
  ) );
#10083 = ORIENTED_EDGE('',*,*,#10084,.F.);
#10084 = EDGE_CURVE('',#9772,#10062,#10085,.T.);
#10085 = SURFACE_CURVE('',#10086,(#10091,#10098),.PCURVE_S1.);
#10086 = CIRCLE('',#10087,6.4E-02);
#10087 = AXIS2_PLACEMENT_3D('',#10088,#10089,#10090);
#10088 = CARTESIAN_POINT('',(1.064,-2.464,2.05));
#10089 = DIRECTION('',(-0.,0.,1.));
#10090 = DIRECTION('',(-0.,1.,-0.));
#10091 = PCURVE('',#9787,#10092);
#10092 = DEFINITIONAL_REPRESENTATION('',(#10093),#10097);
#10093 = LINE('',#10094,#10095);
#10094 = CARTESIAN_POINT('',(0.,0.45));
#10095 = VECTOR('',#10096,1.);
#10096 = DIRECTION('',(1.,0.));
#10097 = ( GEOMETRIC_REPRESENTATION_CONTEXT(2) 
PARAMETRIC_REPRESENTATION_CONTEXT() REPRESENTATION_CONTEXT('2D SPACE',''
  ) );
#10098 = PCURVE('',#9815,#10099);
#10099 = DEFINITIONAL_REPRESENTATION('',(#10100),#10104);
#10100 = CIRCLE('',#10101,6.4E-02);
#10101 = AXIS2_PLACEMENT_2D('',#10102,#10103);
#10102 = CARTESIAN_POINT('',(0.736,-0.336));
#10103 = DIRECTION('',(-0.,-1.));
#10104 = ( GEOMETRIC_REPRESENTATION_CONTEXT(2) 
PARAMETRIC_REPRESENTATION_CONTEXT() REPRESENTATION_CONTEXT('2D SPACE',''
  ) );
#10105 = ORIENTED_EDGE('',*,*,#9771,.F.);
#10106 = ADVANCED_FACE('',(#10107),#9841,.T.);
#10107 = FACE_BOUND('',#10108,.F.);
#10108 = EDGE_LOOP('',(#10109,#10110,#10133,#10159));
#10109 = ORIENTED_EDGE('',*,*,#9857,.T.);
#10110 = ORIENTED_EDGE('',*,*,#10111,.T.);
#10111 = EDGE_CURVE('',#9858,#10112,#10114,.T.);
#10112 = VERTEX_POINT('',#10113);
#10113 = CARTESIAN_POINT('',(2.6,-2.464,2.05));
#10114 = SURFACE_CURVE('',#10115,(#10119,#10126),.PCURVE_S1.);
#10115 = LINE('',#10116,#10117);
#10116 = CARTESIAN_POINT('',(2.6,-2.464,1.6));
#10117 = VECTOR('',#10118,1.);
#10118 = DIRECTION('',(-0.,-0.,1.));
#10119 = PCURVE('',#9841,#10120);
#10120 = DEFINITIONAL_REPRESENTATION('',(#10121),#10125);
#10121 = LINE('',#10122,#10123);
#10122 = CARTESIAN_POINT('',(-1.570796326795,0.));
#10123 = VECTOR('',#10124,1.);
#10124 = DIRECTION('',(-0.,1.));
#10125 = ( GEOMETRIC_REPRESENTATION_CONTEXT(2) 
PARAMETRIC_REPRESENTATION_CONTEXT() REPRESENTATION_CONTEXT('2D SPACE',''
  ) );
#10126 = PCURVE('',#9901,#10127);
#10127 = DEFINITIONAL_REPRESENTATION('',(#10128),#10132);
#10128 = LINE('',#10129,#10130);
#10129 = CARTESIAN_POINT('',(-6.4E-02,0.));
#10130 = VECTOR('',#10131,1.);
#10131 = DIRECTION('',(-0.,-1.));
#10132 = ( GEOMETRIC_REPRESENTATION_CONTEXT(2) 
PARAMETRIC_REPRESENTATION_CONTEXT() REPRESENTATION_CONTEXT('2D SPACE',''
  ) );
#10133 = ORIENTED_EDGE('',*,*,#10134,.F.);
#10134 = EDGE_CURVE('',#9800,#10112,#10135,.T.);
#10135 = SURFACE_CURVE('',#10136,(#10141,#10148),.PCURVE_S1.);
#10136 = CIRCLE('',#10137,6.4E-02);
#10137 = AXIS2_PLACEMENT_3D('',#10138,#10139,#10140);
#10138 = CARTESIAN_POINT('',(2.536,-2.464,2.05));
#10139 = DIRECTION('',(-0.,-0.,-1.));
#10140 = DIRECTION('',(-0.,1.,-0.));
#10141 = PCURVE('',#9841,#10142);
#10142 = DEFINITIONAL_REPRESENTATION('',(#10143),#10147);
#10143 = LINE('',#10144,#10145);
#10144 = CARTESIAN_POINT('',(-0.,0.45));
#10145 = VECTOR('',#10146,1.);
#10146 = DIRECTION('',(-1.,0.));
#10147 = ( GEOMETRIC_REPRESENTATION_CONTEXT(2) 
PARAMETRIC_REPRESENTATION_CONTEXT() REPRESENTATION_CONTEXT('2D SPACE',''
  ) );
#10148 = PCURVE('',#9815,#10149);
#10149 = DEFINITIONAL_REPRESENTATION('',(#10150),#10158);
#10150 = ( BOUNDED_CURVE() B_SPLINE_CURVE(2,(#10151,#10152,#10153,#10154
    ,#10155,#10156,#10157),.UNSPECIFIED.,.T.,.F.) 
B_SPLINE_CURVE_WITH_KNOTS((1,2,2,2,2,1),(-2.094395102393,0.,
    2.094395102393,4.188790204786,6.28318530718,8.377580409573),
.UNSPECIFIED.) CURVE() GEOMETRIC_REPRESENTATION_ITEM() 
RATIONAL_B_SPLINE_CURVE((1.,0.5,1.,0.5,1.,0.5,1.)) REPRESENTATION_ITEM(
  '') );
#10151 = CARTESIAN_POINT('',(-0.736,-0.4));
#10152 = CARTESIAN_POINT('',(-0.846851251684,-0.4));
#10153 = CARTESIAN_POINT('',(-0.791425625842,-0.304));
#10154 = CARTESIAN_POINT('',(-0.736,-0.208));
#10155 = CARTESIAN_POINT('',(-0.680574374158,-0.304));
#10156 = CARTESIAN_POINT('',(-0.625148748316,-0.4));
#10157 = CARTESIAN_POINT('',(-0.736,-0.4));
#10158 = ( GEOMETRIC_REPRESENTATION_CONTEXT(2) 
PARAMETRIC_REPRESENTATION_CONTEXT() REPRESENTATION_CONTEXT('2D SPACE',''
  ) );
#10159 = ORIENTED_EDGE('',*,*,#9827,.F.);
#10160 = ADVANCED_FACE('',(#10161),#9815,.T.);
#10161 = FACE_BOUND('',#10162,.F.);
#10162 = EDGE_LOOP('',(#10163,#10164,#10165,#10188,#10216,#10239,#10267,
    #10288));
#10163 = ORIENTED_EDGE('',*,*,#9799,.T.);
#10164 = ORIENTED_EDGE('',*,*,#10134,.T.);
#10165 = ORIENTED_EDGE('',*,*,#10166,.T.);
#10166 = EDGE_CURVE('',#10112,#10167,#10169,.T.);
#10167 = VERTEX_POINT('',#10168);
#10168 = CARTESIAN_POINT('',(2.6,-3.136,2.05));
#10169 = SURFACE_CURVE('',#10170,(#10174,#10181),.PCURVE_S1.);
#10170 = LINE('',#10171,#10172);
#10171 = CARTESIAN_POINT('',(2.6,-2.4,2.05));
#10172 = VECTOR('',#10173,1.);
#10173 = DIRECTION('',(-0.,-1.,-0.));
#10174 = PCURVE('',#9815,#10175);
#10175 = DEFINITIONAL_REPRESENTATION('',(#10176),#10180);
#10176 = LINE('',#10177,#10178);
#10177 = CARTESIAN_POINT('',(-0.8,-0.4));
#10178 = VECTOR('',#10179,1.);
#10179 = DIRECTION('',(-0.,1.));
#10180 = ( GEOMETRIC_REPRESENTATION_CONTEXT(2) 
PARAMETRIC_REPRESENTATION_CONTEXT() REPRESENTATION_CONTEXT('2D SPACE',''
  ) );
#10181 = PCURVE('',#9901,#10182);
#10182 = DEFINITIONAL_REPRESENTATION('',(#10183),#10187);
#10183 = LINE('',#10184,#10185);
#10184 = CARTESIAN_POINT('',(-0.,-0.45));
#10185 = VECTOR('',#10186,1.);
#10186 = DIRECTION('',(-1.,0.));
#10187 = ( GEOMETRIC_REPRESENTATION_CONTEXT(2) 
PARAMETRIC_REPRESENTATION_CONTEXT() REPRESENTATION_CONTEXT('2D SPACE',''
  ) );
#10188 = ORIENTED_EDGE('',*,*,#10189,.T.);
#10189 = EDGE_CURVE('',#10167,#10190,#10192,.T.);
#10190 = VERTEX_POINT('',#10191);
#10191 = CARTESIAN_POINT('',(2.536,-3.2,2.05));
#10192 = SURFACE_CURVE('',#10193,(#10198,#10209),.PCURVE_S1.);
#10193 = CIRCLE('',#10194,6.4E-02);
#10194 = AXIS2_PLACEMENT_3D('',#10195,#10196,#10197);
#10195 = CARTESIAN_POINT('',(2.536,-3.136,2.05));
#10196 = DIRECTION('',(-0.,-0.,-1.));
#10197 = DIRECTION('',(-0.,1.,-0.));
#10198 = PCURVE('',#9815,#10199);
#10199 = DEFINITIONAL_REPRESENTATION('',(#10200),#10208);
#10200 = ( BOUNDED_CURVE() B_SPLINE_CURVE(2,(#10201,#10202,#10203,#10204
    ,#10205,#10206,#10207),.UNSPECIFIED.,.T.,.F.) 
B_SPLINE_CURVE_WITH_KNOTS((1,2,2,2,2,1),(-2.094395102393,0.,
    2.094395102393,4.188790204786,6.28318530718,8.377580409573),
.UNSPECIFIED.) CURVE() GEOMETRIC_REPRESENTATION_ITEM() 
RATIONAL_B_SPLINE_CURVE((1.,0.5,1.,0.5,1.,0.5,1.)) REPRESENTATION_ITEM(
  '') );
#10201 = CARTESIAN_POINT('',(-0.736,0.272));
#10202 = CARTESIAN_POINT('',(-0.846851251684,0.272));
#10203 = CARTESIAN_POINT('',(-0.791425625842,0.368));
#10204 = CARTESIAN_POINT('',(-0.736,0.464));
#10205 = CARTESIAN_POINT('',(-0.680574374158,0.368));
#10206 = CARTESIAN_POINT('',(-0.625148748316,0.272));
#10207 = CARTESIAN_POINT('',(-0.736,0.272));
#10208 = ( GEOMETRIC_REPRESENTATION_CONTEXT(2) 
PARAMETRIC_REPRESENTATION_CONTEXT() REPRESENTATION_CONTEXT('2D SPACE',''
  ) );
#10209 = PCURVE('',#9934,#10210);
#10210 = DEFINITIONAL_REPRESENTATION('',(#10211),#10215);
#10211 = LINE('',#10212,#10213);
#10212 = CARTESIAN_POINT('',(1.570796326795,0.45));
#10213 = VECTOR('',#10214,1.);
#10214 = DIRECTION('',(-1.,0.));
#10215 = ( GEOMETRIC_REPRESENTATION_CONTEXT(2) 
PARAMETRIC_REPRESENTATION_CONTEXT() REPRESENTATION_CONTEXT('2D SPACE',''
  ) );
#10216 = ORIENTED_EDGE('',*,*,#10217,.T.);
#10217 = EDGE_CURVE('',#10190,#10218,#10220,.T.);
#10218 = VERTEX_POINT('',#10219);
#10219 = CARTESIAN_POINT('',(1.064,-3.2,2.05));
#10220 = SURFACE_CURVE('',#10221,(#10225,#10232),.PCURVE_S1.);
#10221 = LINE('',#10222,#10223);
#10222 = CARTESIAN_POINT('',(2.6,-3.2,2.05));
#10223 = VECTOR('',#10224,1.);
#10224 = DIRECTION('',(-1.,-0.,-0.));
#10225 = PCURVE('',#9815,#10226);
#10226 = DEFINITIONAL_REPRESENTATION('',(#10227),#10231);
#10227 = LINE('',#10228,#10229);
#10228 = CARTESIAN_POINT('',(-0.8,0.4));
#10229 = VECTOR('',#10230,1.);
#10230 = DIRECTION('',(1.,-0.));
#10231 = ( GEOMETRIC_REPRESENTATION_CONTEXT(2) 
PARAMETRIC_REPRESENTATION_CONTEXT() REPRESENTATION_CONTEXT('2D SPACE',''
  ) );
#10232 = PCURVE('',#9962,#10233);
#10233 = DEFINITIONAL_REPRESENTATION('',(#10234),#10238);
#10234 = LINE('',#10235,#10236);
#10235 = CARTESIAN_POINT('',(-0.,-0.45));
#10236 = VECTOR('',#10237,1.);
#10237 = DIRECTION('',(-1.,0.));
#10238 = ( GEOMETRIC_REPRESENTATION_CONTEXT(2) 
PARAMETRIC_REPRESENTATION_CONTEXT() REPRESENTATION_CONTEXT('2D SPACE',''
  ) );
#10239 = ORIENTED_EDGE('',*,*,#10240,.T.);
#10240 = EDGE_CURVE('',#10218,#10241,#10243,.T.);
#10241 = VERTEX_POINT('',#10242);
#10242 = CARTESIAN_POINT('',(1.,-3.136,2.05));
#10243 = SURFACE_CURVE('',#10244,(#10249,#10260),.PCURVE_S1.);
#10244 = CIRCLE('',#10245,6.4E-02);
#10245 = AXIS2_PLACEMENT_3D('',#10246,#10247,#10248);
#10246 = CARTESIAN_POINT('',(1.064,-3.136,2.05));
#10247 = DIRECTION('',(-0.,-0.,-1.));
#10248 = DIRECTION('',(-0.,1.,-0.));
#10249 = PCURVE('',#9815,#10250);
#10250 = DEFINITIONAL_REPRESENTATION('',(#10251),#10259);
#10251 = ( BOUNDED_CURVE() B_SPLINE_CURVE(2,(#10252,#10253,#10254,#10255
    ,#10256,#10257,#10258),.UNSPECIFIED.,.T.,.F.) 
B_SPLINE_CURVE_WITH_KNOTS((1,2,2,2,2,1),(-2.094395102393,0.,
    2.094395102393,4.188790204786,6.28318530718,8.377580409573),
.UNSPECIFIED.) CURVE() GEOMETRIC_REPRESENTATION_ITEM() 
RATIONAL_B_SPLINE_CURVE((1.,0.5,1.,0.5,1.,0.5,1.)) REPRESENTATION_ITEM(
  '') );
#10252 = CARTESIAN_POINT('',(0.736,0.272));
#10253 = CARTESIAN_POINT('',(0.625148748316,0.272));
#10254 = CARTESIAN_POINT('',(0.680574374158,0.368));
#10255 = CARTESIAN_POINT('',(0.736,0.464));
#10256 = CARTESIAN_POINT('',(0.791425625842,0.368));
#10257 = CARTESIAN_POINT('',(0.846851251684,0.272));
#10258 = CARTESIAN_POINT('',(0.736,0.272));
#10259 = ( GEOMETRIC_REPRESENTATION_CONTEXT(2) 
PARAMETRIC_REPRESENTATION_CONTEXT() REPRESENTATION_CONTEXT('2D SPACE',''
  ) );
#10260 = PCURVE('',#9995,#10261);
#10261 = DEFINITIONAL_REPRESENTATION('',(#10262),#10266);
#10262 = LINE('',#10263,#10264);
#10263 = CARTESIAN_POINT('',(3.14159265359,0.45));
#10264 = VECTOR('',#10265,1.);
#10265 = DIRECTION('',(-1.,0.));
#10266 = ( GEOMETRIC_REPRESENTATION_CONTEXT(2) 
PARAMETRIC_REPRESENTATION_CONTEXT() REPRESENTATION_CONTEXT('2D SPACE',''
  ) );
#10267 = ORIENTED_EDGE('',*,*,#10268,.T.);
#10268 = EDGE_CURVE('',#10241,#10062,#10269,.T.);
#10269 = SURFACE_CURVE('',#10270,(#10274,#10281),.PCURVE_S1.);
#10270 = LINE('',#10271,#10272);
#10271 = CARTESIAN_POINT('',(1.,-3.2,2.05));
#10272 = VECTOR('',#10273,1.);
#10273 = DIRECTION('',(-0.,1.,-0.));
#10274 = PCURVE('',#9815,#10275);
#10275 = DEFINITIONAL_REPRESENTATION('',(#10276),#10280);
#10276 = LINE('',#10277,#10278);
#10277 = CARTESIAN_POINT('',(0.8,0.4));
#10278 = VECTOR('',#10279,1.);
#10279 = DIRECTION('',(-0.,-1.));
#10280 = ( GEOMETRIC_REPRESENTATION_CONTEXT(2) 
PARAMETRIC_REPRESENTATION_CONTEXT() REPRESENTATION_CONTEXT('2D SPACE',''
  ) );
#10281 = PCURVE('',#10023,#10282);
#10282 = DEFINITIONAL_REPRESENTATION('',(#10283),#10287);
#10283 = LINE('',#10284,#10285);
#10284 = CARTESIAN_POINT('',(-0.,-0.45));
#10285 = VECTOR('',#10286,1.);
#10286 = DIRECTION('',(-1.,-0.));
#10287 = ( GEOMETRIC_REPRESENTATION_CONTEXT(2) 
PARAMETRIC_REPRESENTATION_CONTEXT() REPRESENTATION_CONTEXT('2D SPACE',''
  ) );
#10288 = ORIENTED_EDGE('',*,*,#10084,.F.);
#10289 = ADVANCED_FACE('',(#10290),#10023,.F.);
#10290 = FACE_BOUND('',#10291,.T.);
#10291 = EDGE_LOOP('',(#10292,#10293,#10314,#10315));
#10292 = ORIENTED_EDGE('',*,*,#10007,.F.);
#10293 = ORIENTED_EDGE('',*,*,#10294,.T.);
#10294 = EDGE_CURVE('',#9975,#10241,#10295,.T.);
#10295 = SURFACE_CURVE('',#10296,(#10300,#10307),.PCURVE_S1.);
#10296 = LINE('',#10297,#10298);
#10297 = CARTESIAN_POINT('',(1.,-3.136,1.6));
#10298 = VECTOR('',#10299,1.);
#10299 = DIRECTION('',(-0.,-0.,1.));
#10300 = PCURVE('',#10023,#10301);
#10301 = DEFINITIONAL_REPRESENTATION('',(#10302),#10306);
#10302 = LINE('',#10303,#10304);
#10303 = CARTESIAN_POINT('',(-6.4E-02,0.));
#10304 = VECTOR('',#10305,1.);
#10305 = DIRECTION('',(-0.,-1.));
#10306 = ( GEOMETRIC_REPRESENTATION_CONTEXT(2) 
PARAMETRIC_REPRESENTATION_CONTEXT() REPRESENTATION_CONTEXT('2D SPACE',''
  ) );
#10307 = PCURVE('',#9995,#10308);
#10308 = DEFINITIONAL_REPRESENTATION('',(#10309),#10313);
#10309 = LINE('',#10310,#10311);
#10310 = CARTESIAN_POINT('',(-1.570796326795,0.));
#10311 = VECTOR('',#10312,1.);
#10312 = DIRECTION('',(-0.,1.));
#10313 = ( GEOMETRIC_REPRESENTATION_CONTEXT(2) 
PARAMETRIC_REPRESENTATION_CONTEXT() REPRESENTATION_CONTEXT('2D SPACE',''
  ) );
#10314 = ORIENTED_EDGE('',*,*,#10268,.T.);
#10315 = ORIENTED_EDGE('',*,*,#10061,.F.);
#10316 = ADVANCED_FACE('',(#10317),#9901,.F.);
#10317 = FACE_BOUND('',#10318,.T.);
#10318 = EDGE_LOOP('',(#10319,#10320,#10321,#10322));
#10319 = ORIENTED_EDGE('',*,*,#9885,.F.);
#10320 = ORIENTED_EDGE('',*,*,#10111,.T.);
#10321 = ORIENTED_EDGE('',*,*,#10166,.T.);
#10322 = ORIENTED_EDGE('',*,*,#10323,.F.);
#10323 = EDGE_CURVE('',#9886,#10167,#10324,.T.);
#10324 = SURFACE_CURVE('',#10325,(#10329,#10336),.PCURVE_S1.);
#10325 = LINE('',#10326,#10327);
#10326 = CARTESIAN_POINT('',(2.6,-3.136,1.6));
#10327 = VECTOR('',#10328,1.);
#10328 = DIRECTION('',(-0.,-0.,1.));
#10329 = PCURVE('',#9901,#10330);
#10330 = DEFINITIONAL_REPRESENTATION('',(#10331),#10335);
#10331 = LINE('',#10332,#10333);
#10332 = CARTESIAN_POINT('',(-0.736,0.));
#10333 = VECTOR('',#10334,1.);
#10334 = DIRECTION('',(-0.,-1.));
#10335 = ( GEOMETRIC_REPRESENTATION_CONTEXT(2) 
PARAMETRIC_REPRESENTATION_CONTEXT() REPRESENTATION_CONTEXT('2D SPACE',''
  ) );
#10336 = PCURVE('',#9934,#10337);
#10337 = DEFINITIONAL_REPRESENTATION('',(#10338),#10342);
#10338 = LINE('',#10339,#10340);
#10339 = CARTESIAN_POINT('',(-0.,0.));
#10340 = VECTOR('',#10341,1.);
#10341 = DIRECTION('',(-0.,1.));
#10342 = ( GEOMETRIC_REPRESENTATION_CONTEXT(2) 
PARAMETRIC_REPRESENTATION_CONTEXT() REPRESENTATION_CONTEXT('2D SPACE',''
  ) );
#10343 = ADVANCED_FACE('',(#10344),#9995,.T.);
#10344 = FACE_BOUND('',#10345,.F.);
#10345 = EDGE_LOOP('',(#10346,#10347,#10348,#10349));
#10346 = ORIENTED_EDGE('',*,*,#9974,.T.);
#10347 = ORIENTED_EDGE('',*,*,#10294,.T.);
#10348 = ORIENTED_EDGE('',*,*,#10240,.F.);
#10349 = ORIENTED_EDGE('',*,*,#10350,.F.);
#10350 = EDGE_CURVE('',#9947,#10218,#10351,.T.);
#10351 = SURFACE_CURVE('',#10352,(#10356,#10363),.PCURVE_S1.);
#10352 = LINE('',#10353,#10354);
#10353 = CARTESIAN_POINT('',(1.064,-3.2,1.6));
#10354 = VECTOR('',#10355,1.);
#10355 = DIRECTION('',(-0.,-0.,1.));
#10356 = PCURVE('',#9995,#10357);
#10357 = DEFINITIONAL_REPRESENTATION('',(#10358),#10362);
#10358 = LINE('',#10359,#10360);
#10359 = CARTESIAN_POINT('',(-0.,0.));
#10360 = VECTOR('',#10361,1.);
#10361 = DIRECTION('',(-0.,1.));
#10362 = ( GEOMETRIC_REPRESENTATION_CONTEXT(2) 
PARAMETRIC_REPRESENTATION_CONTEXT() REPRESENTATION_CONTEXT('2D SPACE',''
  ) );
#10363 = PCURVE('',#9962,#10364);
#10364 = DEFINITIONAL_REPRESENTATION('',(#10365),#10369);
#10365 = LINE('',#10366,#10367);
#10366 = CARTESIAN_POINT('',(-1.536,0.));
#10367 = VECTOR('',#10368,1.);
#10368 = DIRECTION('',(-0.,-1.));
#10369 = ( GEOMETRIC_REPRESENTATION_CONTEXT(2) 
PARAMETRIC_REPRESENTATION_CONTEXT() REPRESENTATION_CONTEXT('2D SPACE',''
  ) );
#10370 = ADVANCED_FACE('',(#10371),#9934,.T.);
#10371 = FACE_BOUND('',#10372,.F.);
#10372 = EDGE_LOOP('',(#10373,#10374,#10395,#10396));
#10373 = ORIENTED_EDGE('',*,*,#9913,.T.);
#10374 = ORIENTED_EDGE('',*,*,#10375,.T.);
#10375 = EDGE_CURVE('',#9914,#10190,#10376,.T.);
#10376 = SURFACE_CURVE('',#10377,(#10381,#10388),.PCURVE_S1.);
#10377 = LINE('',#10378,#10379);
#10378 = CARTESIAN_POINT('',(2.536,-3.2,1.6));
#10379 = VECTOR('',#10380,1.);
#10380 = DIRECTION('',(-0.,-0.,1.));
#10381 = PCURVE('',#9934,#10382);
#10382 = DEFINITIONAL_REPRESENTATION('',(#10383),#10387);
#10383 = LINE('',#10384,#10385);
#10384 = CARTESIAN_POINT('',(-1.570796326795,0.));
#10385 = VECTOR('',#10386,1.);
#10386 = DIRECTION('',(-0.,1.));
#10387 = ( GEOMETRIC_REPRESENTATION_CONTEXT(2) 
PARAMETRIC_REPRESENTATION_CONTEXT() REPRESENTATION_CONTEXT('2D SPACE',''
  ) );
#10388 = PCURVE('',#9962,#10389);
#10389 = DEFINITIONAL_REPRESENTATION('',(#10390),#10394);
#10390 = LINE('',#10391,#10392);
#10391 = CARTESIAN_POINT('',(-6.4E-02,0.));
#10392 = VECTOR('',#10393,1.);
#10393 = DIRECTION('',(-0.,-1.));
#10394 = ( GEOMETRIC_REPRESENTATION_CONTEXT(2) 
PARAMETRIC_REPRESENTATION_CONTEXT() REPRESENTATION_CONTEXT('2D SPACE',''
  ) );
#10395 = ORIENTED_EDGE('',*,*,#10189,.F.);
#10396 = ORIENTED_EDGE('',*,*,#10323,.F.);
#10397 = ADVANCED_FACE('',(#10398),#9962,.F.);
#10398 = FACE_BOUND('',#10399,.T.);
#10399 = EDGE_LOOP('',(#10400,#10401,#10402,#10403));
#10400 = ORIENTED_EDGE('',*,*,#9946,.F.);
#10401 = ORIENTED_EDGE('',*,*,#10375,.T.);
#10402 = ORIENTED_EDGE('',*,*,#10217,.T.);
#10403 = ORIENTED_EDGE('',*,*,#10350,.F.);
#10404 = ( GEOMETRIC_REPRESENTATION_CONTEXT(3) 
GLOBAL_UNCERTAINTY_ASSIGNED_CONTEXT((#10408)) 
GLOBAL_UNIT_ASSIGNED_CONTEXT((#10405,#10406,#10407)) 
REPRESENTATION_CONTEXT('Context #1',
  '3D Context with UNIT and UNCERTAINTY') );
#10405 = ( LENGTH_UNIT() NAMED_UNIT(*) SI_UNIT(.MILLI.,.METRE.) );
#10406 = ( NAMED_UNIT(*) PLANE_ANGLE_UNIT() SI_UNIT($,.RADIAN.) );
#10407 = ( NAMED_UNIT(*) SI_UNIT($,.STERADIAN.) SOLID_ANGLE_UNIT() );
#10408 = UNCERTAINTY_MEASURE_WITH_UNIT(LENGTH_MEASURE(1.E-07),#10405,
  'distance_accuracy_value','confusion accuracy');
#10409 = CONTEXT_DEPENDENT_SHAPE_REPRESENTATION(#10410,#10412);
#10410 = ( REPRESENTATION_RELATIONSHIP('','',#9729,#10) 
REPRESENTATION_RELATIONSHIP_WITH_TRANSFORMATION(#10411) 
SHAPE_REPRESENTATION_RELATIONSHIP() );
#10411 = ITEM_DEFINED_TRANSFORMATION('','',#11,#99);
#10412 = PRODUCT_DEFINITION_SHAPE('Placement','Placement of an item',
  #10413);
#10413 = NEXT_ASSEMBLY_USAGE_OCCURRENCE('84','RL2','',#5,#9724,$);
#10414 = PRODUCT_RELATED_PRODUCT_CATEGORY('part',$,(#9726));
#10415 = SHAPE_DEFINITION_REPRESENTATION(#10416,#10422);
#10416 = PRODUCT_DEFINITION_SHAPE('','',#10417);
#10417 = PRODUCT_DEFINITION('design','',#10418,#10421);
#10418 = PRODUCT_DEFINITION_FORMATION('','',#10419);
#10419 = PRODUCT('Q3','Q3','',(#10420));
#10420 = PRODUCT_CONTEXT('',#2,'mechanical');
#10421 = PRODUCT_DEFINITION_CONTEXT('part definition',#2,'design');
#10422 = ADVANCED_BREP_SHAPE_REPRESENTATION('',(#11,#10423),#11097);
#10423 = MANIFOLD_SOLID_BREP('',#10424);
#10424 = CLOSED_SHELL('',(#10425,#10545,#10749,#10799,#10853,#10982,
    #11009,#11036,#11063,#11090));
#10425 = ADVANCED_FACE('',(#10426),#10440,.F.);
#10426 = FACE_BOUND('',#10427,.T.);
#10427 = EDGE_LOOP('',(#10428,#10463,#10491,#10519));
#10428 = ORIENTED_EDGE('',*,*,#10429,.F.);
#10429 = EDGE_CURVE('',#10430,#10432,#10434,.T.);
#10430 = VERTEX_POINT('',#10431);
#10431 = CARTESIAN_POINT('',(4.054,0.65,1.6));
#10432 = VERTEX_POINT('',#10433);
#10433 = CARTESIAN_POINT('',(6.746,0.65,1.6));
#10434 = SURFACE_CURVE('',#10435,(#10439,#10451),.PCURVE_S1.);
#10435 = LINE('',#10436,#10437);
#10436 = CARTESIAN_POINT('',(3.95,0.65,1.6));
#10437 = VECTOR('',#10438,1.);
#10438 = DIRECTION('',(1.,-0.,-0.));
#10439 = PCURVE('',#10440,#10445);
#10440 = PLANE('',#10441);
#10441 = AXIS2_PLACEMENT_3D('',#10442,#10443,#10444);
#10442 = CARTESIAN_POINT('',(3.95,0.65,1.6));
#10443 = DIRECTION('',(-0.,-1.,-0.));
#10444 = DIRECTION('',(-1.,0.,0.));
#10445 = DEFINITIONAL_REPRESENTATION('',(#10446),#10450);
#10446 = LINE('',#10447,#10448);
#10447 = CARTESIAN_POINT('',(-0.,-0.));
#10448 = VECTOR('',#10449,1.);
#10449 = DIRECTION('',(-1.,-0.));
#10450 = ( GEOMETRIC_REPRESENTATION_CONTEXT(2) 
PARAMETRIC_REPRESENTATION_CONTEXT() REPRESENTATION_CONTEXT('2D SPACE',''
  ) );
#10451 = PCURVE('',#10452,#10457);
#10452 = PLANE('',#10453);
#10453 = AXIS2_PLACEMENT_3D('',#10454,#10455,#10456);
#10454 = CARTESIAN_POINT('',(5.4,-2.643388153869E-17,1.6));
#10455 = DIRECTION('',(-0.,-0.,1.));
#10456 = DIRECTION('',(-1.,0.,0.));
#10457 = DEFINITIONAL_REPRESENTATION('',(#10458),#10462);
#10458 = LINE('',#10459,#10460);
#10459 = CARTESIAN_POINT('',(1.45,-0.65));
#10460 = VECTOR('',#10461,1.);
#10461 = DIRECTION('',(-1.,0.));
#10462 = ( GEOMETRIC_REPRESENTATION_CONTEXT(2) 
PARAMETRIC_REPRESENTATION_CONTEXT() REPRESENTATION_CONTEXT('2D SPACE',''
  ) );
#10463 = ORIENTED_EDGE('',*,*,#10464,.T.);
#10464 = EDGE_CURVE('',#10430,#10465,#10467,.T.);
#10465 = VERTEX_POINT('',#10466);
#10466 = CARTESIAN_POINT('',(4.054,0.65,2.6));
#10467 = SURFACE_CURVE('',#10468,(#10472,#10479),.PCURVE_S1.);
#10468 = LINE('',#10469,#10470);
#10469 = CARTESIAN_POINT('',(4.054,0.65,1.6));
#10470 = VECTOR('',#10471,1.);
#10471 = DIRECTION('',(-0.,-0.,1.));
#10472 = PCURVE('',#10440,#10473);
#10473 = DEFINITIONAL_REPRESENTATION('',(#10474),#10478);
#10474 = LINE('',#10475,#10476);
#10475 = CARTESIAN_POINT('',(-0.104,-0.));
#10476 = VECTOR('',#10477,1.);
#10477 = DIRECTION('',(-0.,-1.));
#10478 = ( GEOMETRIC_REPRESENTATION_CONTEXT(2) 
PARAMETRIC_REPRESENTATION_CONTEXT() REPRESENTATION_CONTEXT('2D SPACE',''
  ) );
#10479 = PCURVE('',#10480,#10485);
#10480 = CYLINDRICAL_SURFACE('',#10481,0.104);
#10481 = AXIS2_PLACEMENT_3D('',#10482,#10483,#10484);
#10482 = CARTESIAN_POINT('',(4.054,0.546,1.6));
#10483 = DIRECTION('',(-0.,-0.,1.));
#10484 = DIRECTION('',(-0.,1.,-0.));
#10485 = DEFINITIONAL_REPRESENTATION('',(#10486),#10490);
#10486 = LINE('',#10487,#10488);
#10487 = CARTESIAN_POINT('',(0.,0.));
#10488 = VECTOR('',#10489,1.);
#10489 = DIRECTION('',(0.,1.));
#10490 = ( GEOMETRIC_REPRESENTATION_CONTEXT(2) 
PARAMETRIC_REPRESENTATION_CONTEXT() REPRESENTATION_CONTEXT('2D SPACE',''
  ) );
#10491 = ORIENTED_EDGE('',*,*,#10492,.T.);
#10492 = EDGE_CURVE('',#10465,#10493,#10495,.T.);
#10493 = VERTEX_POINT('',#10494);
#10494 = CARTESIAN_POINT('',(6.746,0.65,2.6));
#10495 = SURFACE_CURVE('',#10496,(#10500,#10507),.PCURVE_S1.);
#10496 = LINE('',#10497,#10498);
#10497 = CARTESIAN_POINT('',(3.95,0.65,2.6));
#10498 = VECTOR('',#10499,1.);
#10499 = DIRECTION('',(1.,-0.,-0.));
#10500 = PCURVE('',#10440,#10501);
#10501 = DEFINITIONAL_REPRESENTATION('',(#10502),#10506);
#10502 = LINE('',#10503,#10504);
#10503 = CARTESIAN_POINT('',(-0.,-1.));
#10504 = VECTOR('',#10505,1.);
#10505 = DIRECTION('',(-1.,-0.));
#10506 = ( GEOMETRIC_REPRESENTATION_CONTEXT(2) 
PARAMETRIC_REPRESENTATION_CONTEXT() REPRESENTATION_CONTEXT('2D SPACE',''
  ) );
#10507 = PCURVE('',#10508,#10513);
#10508 = PLANE('',#10509);
#10509 = AXIS2_PLACEMENT_3D('',#10510,#10511,#10512);
#10510 = CARTESIAN_POINT('',(5.4,-2.643388153869E-17,2.6));
#10511 = DIRECTION('',(-0.,-0.,1.));
#10512 = DIRECTION('',(-1.,0.,0.));
#10513 = DEFINITIONAL_REPRESENTATION('',(#10514),#10518);
#10514 = LINE('',#10515,#10516);
#10515 = CARTESIAN_POINT('',(1.45,-0.65));
#10516 = VECTOR('',#10517,1.);
#10517 = DIRECTION('',(-1.,0.));
#10518 = ( GEOMETRIC_REPRESENTATION_CONTEXT(2) 
PARAMETRIC_REPRESENTATION_CONTEXT() REPRESENTATION_CONTEXT('2D SPACE',''
  ) );
#10519 = ORIENTED_EDGE('',*,*,#10520,.F.);
#10520 = EDGE_CURVE('',#10432,#10493,#10521,.T.);
#10521 = SURFACE_CURVE('',#10522,(#10526,#10533),.PCURVE_S1.);
#10522 = LINE('',#10523,#10524);
#10523 = CARTESIAN_POINT('',(6.746,0.65,1.6));
#10524 = VECTOR('',#10525,1.);
#10525 = DIRECTION('',(-0.,-0.,1.));
#10526 = PCURVE('',#10440,#10527);
#10527 = DEFINITIONAL_REPRESENTATION('',(#10528),#10532);
#10528 = LINE('',#10529,#10530);
#10529 = CARTESIAN_POINT('',(-2.796,-0.));
#10530 = VECTOR('',#10531,1.);
#10531 = DIRECTION('',(-0.,-1.));
#10532 = ( GEOMETRIC_REPRESENTATION_CONTEXT(2) 
PARAMETRIC_REPRESENTATION_CONTEXT() REPRESENTATION_CONTEXT('2D SPACE',''
  ) );
#10533 = PCURVE('',#10534,#10539);
#10534 = CYLINDRICAL_SURFACE('',#10535,0.104);
#10535 = AXIS2_PLACEMENT_3D('',#10536,#10537,#10538);
#10536 = CARTESIAN_POINT('',(6.746,0.546,1.6));
#10537 = DIRECTION('',(-0.,-0.,1.));
#10538 = DIRECTION('',(-0.,1.,-0.));
#10539 = DEFINITIONAL_REPRESENTATION('',(#10540),#10544);
#10540 = LINE('',#10541,#10542);
#10541 = CARTESIAN_POINT('',(-0.,0.));
#10542 = VECTOR('',#10543,1.);
#10543 = DIRECTION('',(-0.,1.));
#10544 = ( GEOMETRIC_REPRESENTATION_CONTEXT(2) 
PARAMETRIC_REPRESENTATION_CONTEXT() REPRESENTATION_CONTEXT('2D SPACE',''
  ) );
#10545 = ADVANCED_FACE('',(#10546),#10452,.F.);
#10546 = FACE_BOUND('',#10547,.T.);
#10547 = EDGE_LOOP('',(#10548,#10549,#10577,#10605,#10638,#10666,#10699,
    #10727));
#10548 = ORIENTED_EDGE('',*,*,#10429,.T.);
#10549 = ORIENTED_EDGE('',*,*,#10550,.T.);
#10550 = EDGE_CURVE('',#10432,#10551,#10553,.T.);
#10551 = VERTEX_POINT('',#10552);
#10552 = CARTESIAN_POINT('',(6.85,0.546,1.6));
#10553 = SURFACE_CURVE('',#10554,(#10559,#10570),.PCURVE_S1.);
#10554 = CIRCLE('',#10555,0.104);
#10555 = AXIS2_PLACEMENT_3D('',#10556,#10557,#10558);
#10556 = CARTESIAN_POINT('',(6.746,0.546,1.6));
#10557 = DIRECTION('',(-0.,-0.,-1.));
#10558 = DIRECTION('',(-0.,1.,-0.));
#10559 = PCURVE('',#10452,#10560);
#10560 = DEFINITIONAL_REPRESENTATION('',(#10561),#10569);
#10561 = ( BOUNDED_CURVE() B_SPLINE_CURVE(2,(#10562,#10563,#10564,#10565
    ,#10566,#10567,#10568),.UNSPECIFIED.,.T.,.F.) 
B_SPLINE_CURVE_WITH_KNOTS((1,2,2,2,2,1),(-2.094395102393,0.,
    2.094395102393,4.188790204786,6.28318530718,8.377580409573),
.UNSPECIFIED.) CURVE() GEOMETRIC_REPRESENTATION_ITEM() 
RATIONAL_B_SPLINE_CURVE((1.,0.5,1.,0.5,1.,0.5,1.)) REPRESENTATION_ITEM(
  '') );
#10562 = CARTESIAN_POINT('',(-1.346,-0.65));
#10563 = CARTESIAN_POINT('',(-1.526133283987,-0.65));
#10564 = CARTESIAN_POINT('',(-1.436066641994,-0.494));
#10565 = CARTESIAN_POINT('',(-1.346,-0.338));
#10566 = CARTESIAN_POINT('',(-1.255933358006,-0.494));
#10567 = CARTESIAN_POINT('',(-1.165866716013,-0.65));
#10568 = CARTESIAN_POINT('',(-1.346,-0.65));
#10569 = ( GEOMETRIC_REPRESENTATION_CONTEXT(2) 
PARAMETRIC_REPRESENTATION_CONTEXT() REPRESENTATION_CONTEXT('2D SPACE',''
  ) );
#10570 = PCURVE('',#10534,#10571);
#10571 = DEFINITIONAL_REPRESENTATION('',(#10572),#10576);
#10572 = LINE('',#10573,#10574);
#10573 = CARTESIAN_POINT('',(-0.,0.));
#10574 = VECTOR('',#10575,1.);
#10575 = DIRECTION('',(-1.,0.));
#10576 = ( GEOMETRIC_REPRESENTATION_CONTEXT(2) 
PARAMETRIC_REPRESENTATION_CONTEXT() REPRESENTATION_CONTEXT('2D SPACE',''
  ) );
#10577 = ORIENTED_EDGE('',*,*,#10578,.T.);
#10578 = EDGE_CURVE('',#10551,#10579,#10581,.T.);
#10579 = VERTEX_POINT('',#10580);
#10580 = CARTESIAN_POINT('',(6.85,-0.546,1.6));
#10581 = SURFACE_CURVE('',#10582,(#10586,#10593),.PCURVE_S1.);
#10582 = LINE('',#10583,#10584);
#10583 = CARTESIAN_POINT('',(6.85,0.65,1.6));
#10584 = VECTOR('',#10585,1.);
#10585 = DIRECTION('',(-0.,-1.,-0.));
#10586 = PCURVE('',#10452,#10587);
#10587 = DEFINITIONAL_REPRESENTATION('',(#10588),#10592);
#10588 = LINE('',#10589,#10590);
#10589 = CARTESIAN_POINT('',(-1.45,-0.65));
#10590 = VECTOR('',#10591,1.);
#10591 = DIRECTION('',(-0.,1.));
#10592 = ( GEOMETRIC_REPRESENTATION_CONTEXT(2) 
PARAMETRIC_REPRESENTATION_CONTEXT() REPRESENTATION_CONTEXT('2D SPACE',''
  ) );
#10593 = PCURVE('',#10594,#10599);
#10594 = PLANE('',#10595);
#10595 = AXIS2_PLACEMENT_3D('',#10596,#10597,#10598);
#10596 = CARTESIAN_POINT('',(6.85,0.65,1.6));
#10597 = DIRECTION('',(-1.,-0.,-0.));
#10598 = DIRECTION('',(0.,1.,0.));
#10599 = DEFINITIONAL_REPRESENTATION('',(#10600),#10604);
#10600 = LINE('',#10601,#10602);
#10601 = CARTESIAN_POINT('',(-0.,-0.));
#10602 = VECTOR('',#10603,1.);
#10603 = DIRECTION('',(-1.,0.));
#10604 = ( GEOMETRIC_REPRESENTATION_CONTEXT(2) 
PARAMETRIC_REPRESENTATION_CONTEXT() REPRESENTATION_CONTEXT('2D SPACE',''
  ) );
#10605 = ORIENTED_EDGE('',*,*,#10606,.T.);
#10606 = EDGE_CURVE('',#10579,#10607,#10609,.T.);
#10607 = VERTEX_POINT('',#10608);
#10608 = CARTESIAN_POINT('',(6.746,-0.65,1.6));
#10609 = SURFACE_CURVE('',#10610,(#10615,#10626),.PCURVE_S1.);
#10610 = CIRCLE('',#10611,0.104);
#10611 = AXIS2_PLACEMENT_3D('',#10612,#10613,#10614);
#10612 = CARTESIAN_POINT('',(6.746,-0.546,1.6));
#10613 = DIRECTION('',(-0.,-0.,-1.));
#10614 = DIRECTION('',(-0.,1.,-0.));
#10615 = PCURVE('',#10452,#10616);
#10616 = DEFINITIONAL_REPRESENTATION('',(#10617),#10625);
#10617 = ( BOUNDED_CURVE() B_SPLINE_CURVE(2,(#10618,#10619,#10620,#10621
    ,#10622,#10623,#10624),.UNSPECIFIED.,.T.,.F.) 
B_SPLINE_CURVE_WITH_KNOTS((1,2,2,2,2,1),(-2.094395102393,0.,
    2.094395102393,4.188790204786,6.28318530718,8.377580409573),
.UNSPECIFIED.) CURVE() GEOMETRIC_REPRESENTATION_ITEM() 
RATIONAL_B_SPLINE_CURVE((1.,0.5,1.,0.5,1.,0.5,1.)) REPRESENTATION_ITEM(
  '') );
#10618 = CARTESIAN_POINT('',(-1.346,0.442));
#10619 = CARTESIAN_POINT('',(-1.526133283987,0.442));
#10620 = CARTESIAN_POINT('',(-1.436066641994,0.598));
#10621 = CARTESIAN_POINT('',(-1.346,0.754));
#10622 = CARTESIAN_POINT('',(-1.255933358006,0.598));
#10623 = CARTESIAN_POINT('',(-1.165866716013,0.442));
#10624 = CARTESIAN_POINT('',(-1.346,0.442));
#10625 = ( GEOMETRIC_REPRESENTATION_CONTEXT(2) 
PARAMETRIC_REPRESENTATION_CONTEXT() REPRESENTATION_CONTEXT('2D SPACE',''
  ) );
#10626 = PCURVE('',#10627,#10632);
#10627 = CYLINDRICAL_SURFACE('',#10628,0.104);
#10628 = AXIS2_PLACEMENT_3D('',#10629,#10630,#10631);
#10629 = CARTESIAN_POINT('',(6.746,-0.546,1.6));
#10630 = DIRECTION('',(-0.,-0.,1.));
#10631 = DIRECTION('',(1.,-0.,-0.));
#10632 = DEFINITIONAL_REPRESENTATION('',(#10633),#10637);
#10633 = LINE('',#10634,#10635);
#10634 = CARTESIAN_POINT('',(1.570796326795,-0.));
#10635 = VECTOR('',#10636,1.);
#10636 = DIRECTION('',(-1.,0.));
#10637 = ( GEOMETRIC_REPRESENTATION_CONTEXT(2) 
PARAMETRIC_REPRESENTATION_CONTEXT() REPRESENTATION_CONTEXT('2D SPACE',''
  ) );
#10638 = ORIENTED_EDGE('',*,*,#10639,.T.);
#10639 = EDGE_CURVE('',#10607,#10640,#10642,.T.);
#10640 = VERTEX_POINT('',#10641);
#10641 = CARTESIAN_POINT('',(4.054,-0.65,1.6));
#10642 = SURFACE_CURVE('',#10643,(#10647,#10654),.PCURVE_S1.);
#10643 = LINE('',#10644,#10645);
#10644 = CARTESIAN_POINT('',(6.85,-0.65,1.6));
#10645 = VECTOR('',#10646,1.);
#10646 = DIRECTION('',(-1.,-0.,-0.));
#10647 = PCURVE('',#10452,#10648);
#10648 = DEFINITIONAL_REPRESENTATION('',(#10649),#10653);
#10649 = LINE('',#10650,#10651);
#10650 = CARTESIAN_POINT('',(-1.45,0.65));
#10651 = VECTOR('',#10652,1.);
#10652 = DIRECTION('',(1.,-0.));
#10653 = ( GEOMETRIC_REPRESENTATION_CONTEXT(2) 
PARAMETRIC_REPRESENTATION_CONTEXT() REPRESENTATION_CONTEXT('2D SPACE',''
  ) );
#10654 = PCURVE('',#10655,#10660);
#10655 = PLANE('',#10656);
#10656 = AXIS2_PLACEMENT_3D('',#10657,#10658,#10659);
#10657 = CARTESIAN_POINT('',(6.85,-0.65,1.6));
#10658 = DIRECTION('',(-0.,1.,-0.));
#10659 = DIRECTION('',(1.,0.,0.));
#10660 = DEFINITIONAL_REPRESENTATION('',(#10661),#10665);
#10661 = LINE('',#10662,#10663);
#10662 = CARTESIAN_POINT('',(0.,-0.));
#10663 = VECTOR('',#10664,1.);
#10664 = DIRECTION('',(-1.,0.));
#10665 = ( GEOMETRIC_REPRESENTATION_CONTEXT(2) 
PARAMETRIC_REPRESENTATION_CONTEXT() REPRESENTATION_CONTEXT('2D SPACE',''
  ) );
#10666 = ORIENTED_EDGE('',*,*,#10667,.T.);
#10667 = EDGE_CURVE('',#10640,#10668,#10670,.T.);
#10668 = VERTEX_POINT('',#10669);
#10669 = CARTESIAN_POINT('',(3.95,-0.546,1.6));
#10670 = SURFACE_CURVE('',#10671,(#10676,#10687),.PCURVE_S1.);
#10671 = CIRCLE('',#10672,0.104);
#10672 = AXIS2_PLACEMENT_3D('',#10673,#10674,#10675);
#10673 = CARTESIAN_POINT('',(4.054,-0.546,1.6));
#10674 = DIRECTION('',(-0.,-0.,-1.));
#10675 = DIRECTION('',(-0.,1.,-0.));
#10676 = PCURVE('',#10452,#10677);
#10677 = DEFINITIONAL_REPRESENTATION('',(#10678),#10686);
#10678 = ( BOUNDED_CURVE() B_SPLINE_CURVE(2,(#10679,#10680,#10681,#10682
    ,#10683,#10684,#10685),.UNSPECIFIED.,.T.,.F.) 
B_SPLINE_CURVE_WITH_KNOTS((1,2,2,2,2,1),(-2.094395102393,0.,
    2.094395102393,4.188790204786,6.28318530718,8.377580409573),
.UNSPECIFIED.) CURVE() GEOMETRIC_REPRESENTATION_ITEM() 
RATIONAL_B_SPLINE_CURVE((1.,0.5,1.,0.5,1.,0.5,1.)) REPRESENTATION_ITEM(
  '') );
#10679 = CARTESIAN_POINT('',(1.346,0.442));
#10680 = CARTESIAN_POINT('',(1.165866716013,0.442));
#10681 = CARTESIAN_POINT('',(1.255933358006,0.598));
#10682 = CARTESIAN_POINT('',(1.346,0.754));
#10683 = CARTESIAN_POINT('',(1.436066641994,0.598));
#10684 = CARTESIAN_POINT('',(1.526133283987,0.442));
#10685 = CARTESIAN_POINT('',(1.346,0.442));
#10686 = ( GEOMETRIC_REPRESENTATION_CONTEXT(2) 
PARAMETRIC_REPRESENTATION_CONTEXT() REPRESENTATION_CONTEXT('2D SPACE',''
  ) );
#10687 = PCURVE('',#10688,#10693);
#10688 = CYLINDRICAL_SURFACE('',#10689,0.104);
#10689 = AXIS2_PLACEMENT_3D('',#10690,#10691,#10692);
#10690 = CARTESIAN_POINT('',(4.054,-0.546,1.6));
#10691 = DIRECTION('',(-0.,-0.,1.));
#10692 = DIRECTION('',(-0.,-1.,-0.));
#10693 = DEFINITIONAL_REPRESENTATION('',(#10694),#10698);
#10694 = LINE('',#10695,#10696);
#10695 = CARTESIAN_POINT('',(3.14159265359,-0.));
#10696 = VECTOR('',#10697,1.);
#10697 = DIRECTION('',(-1.,0.));
#10698 = ( GEOMETRIC_REPRESENTATION_CONTEXT(2) 
PARAMETRIC_REPRESENTATION_CONTEXT() REPRESENTATION_CONTEXT('2D SPACE',''
  ) );
#10699 = ORIENTED_EDGE('',*,*,#10700,.T.);
#10700 = EDGE_CURVE('',#10668,#10701,#10703,.T.);
#10701 = VERTEX_POINT('',#10702);
#10702 = CARTESIAN_POINT('',(3.95,0.546,1.6));
#10703 = SURFACE_CURVE('',#10704,(#10708,#10715),.PCURVE_S1.);
#10704 = LINE('',#10705,#10706);
#10705 = CARTESIAN_POINT('',(3.95,-0.65,1.6));
#10706 = VECTOR('',#10707,1.);
#10707 = DIRECTION('',(-0.,1.,-0.));
#10708 = PCURVE('',#10452,#10709);
#10709 = DEFINITIONAL_REPRESENTATION('',(#10710),#10714);
#10710 = LINE('',#10711,#10712);
#10711 = CARTESIAN_POINT('',(1.45,0.65));
#10712 = VECTOR('',#10713,1.);
#10713 = DIRECTION('',(-0.,-1.));
#10714 = ( GEOMETRIC_REPRESENTATION_CONTEXT(2) 
PARAMETRIC_REPRESENTATION_CONTEXT() REPRESENTATION_CONTEXT('2D SPACE',''
  ) );
#10715 = PCURVE('',#10716,#10721);
#10716 = PLANE('',#10717);
#10717 = AXIS2_PLACEMENT_3D('',#10718,#10719,#10720);
#10718 = CARTESIAN_POINT('',(3.95,-0.65,1.6));
#10719 = DIRECTION('',(1.,-0.,-0.));
#10720 = DIRECTION('',(0.,-1.,0.));
#10721 = DEFINITIONAL_REPRESENTATION('',(#10722),#10726);
#10722 = LINE('',#10723,#10724);
#10723 = CARTESIAN_POINT('',(-0.,0.));
#10724 = VECTOR('',#10725,1.);
#10725 = DIRECTION('',(-1.,-0.));
#10726 = ( GEOMETRIC_REPRESENTATION_CONTEXT(2) 
PARAMETRIC_REPRESENTATION_CONTEXT() REPRESENTATION_CONTEXT('2D SPACE',''
  ) );
#10727 = ORIENTED_EDGE('',*,*,#10728,.F.);
#10728 = EDGE_CURVE('',#10430,#10701,#10729,.T.);
#10729 = SURFACE_CURVE('',#10730,(#10735,#10742),.PCURVE_S1.);
#10730 = CIRCLE('',#10731,0.104);
#10731 = AXIS2_PLACEMENT_3D('',#10732,#10733,#10734);
#10732 = CARTESIAN_POINT('',(4.054,0.546,1.6));
#10733 = DIRECTION('',(-0.,0.,1.));
#10734 = DIRECTION('',(-0.,1.,-0.));
#10735 = PCURVE('',#10452,#10736);
#10736 = DEFINITIONAL_REPRESENTATION('',(#10737),#10741);
#10737 = CIRCLE('',#10738,0.104);
#10738 = AXIS2_PLACEMENT_2D('',#10739,#10740);
#10739 = CARTESIAN_POINT('',(1.346,-0.546));
#10740 = DIRECTION('',(-0.,-1.));
#10741 = ( GEOMETRIC_REPRESENTATION_CONTEXT(2) 
PARAMETRIC_REPRESENTATION_CONTEXT() REPRESENTATION_CONTEXT('2D SPACE',''
  ) );
#10742 = PCURVE('',#10480,#10743);
#10743 = DEFINITIONAL_REPRESENTATION('',(#10744),#10748);
#10744 = LINE('',#10745,#10746);
#10745 = CARTESIAN_POINT('',(0.,0.));
#10746 = VECTOR('',#10747,1.);
#10747 = DIRECTION('',(1.,0.));
#10748 = ( GEOMETRIC_REPRESENTATION_CONTEXT(2) 
PARAMETRIC_REPRESENTATION_CONTEXT() REPRESENTATION_CONTEXT('2D SPACE',''
  ) );
#10749 = ADVANCED_FACE('',(#10750),#10480,.T.);
#10750 = FACE_BOUND('',#10751,.T.);
#10751 = EDGE_LOOP('',(#10752,#10753,#10776,#10798));
#10752 = ORIENTED_EDGE('',*,*,#10728,.T.);
#10753 = ORIENTED_EDGE('',*,*,#10754,.T.);
#10754 = EDGE_CURVE('',#10701,#10755,#10757,.T.);
#10755 = VERTEX_POINT('',#10756);
#10756 = CARTESIAN_POINT('',(3.95,0.546,2.6));
#10757 = SURFACE_CURVE('',#10758,(#10762,#10769),.PCURVE_S1.);
#10758 = LINE('',#10759,#10760);
#10759 = CARTESIAN_POINT('',(3.95,0.546,1.6));
#10760 = VECTOR('',#10761,1.);
#10761 = DIRECTION('',(-0.,-0.,1.));
#10762 = PCURVE('',#10480,#10763);
#10763 = DEFINITIONAL_REPRESENTATION('',(#10764),#10768);
#10764 = LINE('',#10765,#10766);
#10765 = CARTESIAN_POINT('',(1.570796326795,0.));
#10766 = VECTOR('',#10767,1.);
#10767 = DIRECTION('',(0.,1.));
#10768 = ( GEOMETRIC_REPRESENTATION_CONTEXT(2) 
PARAMETRIC_REPRESENTATION_CONTEXT() REPRESENTATION_CONTEXT('2D SPACE',''
  ) );
#10769 = PCURVE('',#10716,#10770);
#10770 = DEFINITIONAL_REPRESENTATION('',(#10771),#10775);
#10771 = LINE('',#10772,#10773);
#10772 = CARTESIAN_POINT('',(-1.196,0.));
#10773 = VECTOR('',#10774,1.);
#10774 = DIRECTION('',(-0.,-1.));
#10775 = ( GEOMETRIC_REPRESENTATION_CONTEXT(2) 
PARAMETRIC_REPRESENTATION_CONTEXT() REPRESENTATION_CONTEXT('2D SPACE',''
  ) );
#10776 = ORIENTED_EDGE('',*,*,#10777,.F.);
#10777 = EDGE_CURVE('',#10465,#10755,#10778,.T.);
#10778 = SURFACE_CURVE('',#10779,(#10784,#10791),.PCURVE_S1.);
#10779 = CIRCLE('',#10780,0.104);
#10780 = AXIS2_PLACEMENT_3D('',#10781,#10782,#10783);
#10781 = CARTESIAN_POINT('',(4.054,0.546,2.6));
#10782 = DIRECTION('',(-0.,0.,1.));
#10783 = DIRECTION('',(-0.,1.,-0.));
#10784 = PCURVE('',#10480,#10785);
#10785 = DEFINITIONAL_REPRESENTATION('',(#10786),#10790);
#10786 = LINE('',#10787,#10788);
#10787 = CARTESIAN_POINT('',(0.,1.));
#10788 = VECTOR('',#10789,1.);
#10789 = DIRECTION('',(1.,0.));
#10790 = ( GEOMETRIC_REPRESENTATION_CONTEXT(2) 
PARAMETRIC_REPRESENTATION_CONTEXT() REPRESENTATION_CONTEXT('2D SPACE',''
  ) );
#10791 = PCURVE('',#10508,#10792);
#10792 = DEFINITIONAL_REPRESENTATION('',(#10793),#10797);
#10793 = CIRCLE('',#10794,0.104);
#10794 = AXIS2_PLACEMENT_2D('',#10795,#10796);
#10795 = CARTESIAN_POINT('',(1.346,-0.546));
#10796 = DIRECTION('',(-0.,-1.));
#10797 = ( GEOMETRIC_REPRESENTATION_CONTEXT(2) 
PARAMETRIC_REPRESENTATION_CONTEXT() REPRESENTATION_CONTEXT('2D SPACE',''
  ) );
#10798 = ORIENTED_EDGE('',*,*,#10464,.F.);
#10799 = ADVANCED_FACE('',(#10800),#10534,.T.);
#10800 = FACE_BOUND('',#10801,.F.);
#10801 = EDGE_LOOP('',(#10802,#10803,#10826,#10852));
#10802 = ORIENTED_EDGE('',*,*,#10550,.T.);
#10803 = ORIENTED_EDGE('',*,*,#10804,.T.);
#10804 = EDGE_CURVE('',#10551,#10805,#10807,.T.);
#10805 = VERTEX_POINT('',#10806);
#10806 = CARTESIAN_POINT('',(6.85,0.546,2.6));
#10807 = SURFACE_CURVE('',#10808,(#10812,#10819),.PCURVE_S1.);
#10808 = LINE('',#10809,#10810);
#10809 = CARTESIAN_POINT('',(6.85,0.546,1.6));
#10810 = VECTOR('',#10811,1.);
#10811 = DIRECTION('',(-0.,-0.,1.));
#10812 = PCURVE('',#10534,#10813);
#10813 = DEFINITIONAL_REPRESENTATION('',(#10814),#10818);
#10814 = LINE('',#10815,#10816);
#10815 = CARTESIAN_POINT('',(-1.570796326795,0.));
#10816 = VECTOR('',#10817,1.);
#10817 = DIRECTION('',(-0.,1.));
#10818 = ( GEOMETRIC_REPRESENTATION_CONTEXT(2) 
PARAMETRIC_REPRESENTATION_CONTEXT() REPRESENTATION_CONTEXT('2D SPACE',''
  ) );
#10819 = PCURVE('',#10594,#10820);
#10820 = DEFINITIONAL_REPRESENTATION('',(#10821),#10825);
#10821 = LINE('',#10822,#10823);
#10822 = CARTESIAN_POINT('',(-0.104,0.));
#10823 = VECTOR('',#10824,1.);
#10824 = DIRECTION('',(-0.,-1.));
#10825 = ( GEOMETRIC_REPRESENTATION_CONTEXT(2) 
PARAMETRIC_REPRESENTATION_CONTEXT() REPRESENTATION_CONTEXT('2D SPACE',''
  ) );
#10826 = ORIENTED_EDGE('',*,*,#10827,.F.);
#10827 = EDGE_CURVE('',#10493,#10805,#10828,.T.);
#10828 = SURFACE_CURVE('',#10829,(#10834,#10841),.PCURVE_S1.);
#10829 = CIRCLE('',#10830,0.104);
#10830 = AXIS2_PLACEMENT_3D('',#10831,#10832,#10833);
#10831 = CARTESIAN_POINT('',(6.746,0.546,2.6));
#10832 = DIRECTION('',(-0.,-0.,-1.));
#10833 = DIRECTION('',(-0.,1.,-0.));
#10834 = PCURVE('',#10534,#10835);
#10835 = DEFINITIONAL_REPRESENTATION('',(#10836),#10840);
#10836 = LINE('',#10837,#10838);
#10837 = CARTESIAN_POINT('',(-0.,1.));
#10838 = VECTOR('',#10839,1.);
#10839 = DIRECTION('',(-1.,0.));
#10840 = ( GEOMETRIC_REPRESENTATION_CONTEXT(2) 
PARAMETRIC_REPRESENTATION_CONTEXT() REPRESENTATION_CONTEXT('2D SPACE',''
  ) );
#10841 = PCURVE('',#10508,#10842);
#10842 = DEFINITIONAL_REPRESENTATION('',(#10843),#10851);
#10843 = ( BOUNDED_CURVE() B_SPLINE_CURVE(2,(#10844,#10845,#10846,#10847
    ,#10848,#10849,#10850),.UNSPECIFIED.,.T.,.F.) 
B_SPLINE_CURVE_WITH_KNOTS((1,2,2,2,2,1),(-2.094395102393,0.,
    2.094395102393,4.188790204786,6.28318530718,8.377580409573),
.UNSPECIFIED.) CURVE() GEOMETRIC_REPRESENTATION_ITEM() 
RATIONAL_B_SPLINE_CURVE((1.,0.5,1.,0.5,1.,0.5,1.)) REPRESENTATION_ITEM(
  '') );
#10844 = CARTESIAN_POINT('',(-1.346,-0.65));
#10845 = CARTESIAN_POINT('',(-1.526133283987,-0.65));
#10846 = CARTESIAN_POINT('',(-1.436066641994,-0.494));
#10847 = CARTESIAN_POINT('',(-1.346,-0.338));
#10848 = CARTESIAN_POINT('',(-1.255933358006,-0.494));
#10849 = CARTESIAN_POINT('',(-1.165866716013,-0.65));
#10850 = CARTESIAN_POINT('',(-1.346,-0.65));
#10851 = ( GEOMETRIC_REPRESENTATION_CONTEXT(2) 
PARAMETRIC_REPRESENTATION_CONTEXT() REPRESENTATION_CONTEXT('2D SPACE',''
  ) );
#10852 = ORIENTED_EDGE('',*,*,#10520,.F.);
#10853 = ADVANCED_FACE('',(#10854),#10508,.T.);
#10854 = FACE_BOUND('',#10855,.F.);
#10855 = EDGE_LOOP('',(#10856,#10857,#10858,#10881,#10909,#10932,#10960,
    #10981));
#10856 = ORIENTED_EDGE('',*,*,#10492,.T.);
#10857 = ORIENTED_EDGE('',*,*,#10827,.T.);
#10858 = ORIENTED_EDGE('',*,*,#10859,.T.);
#10859 = EDGE_CURVE('',#10805,#10860,#10862,.T.);
#10860 = VERTEX_POINT('',#10861);
#10861 = CARTESIAN_POINT('',(6.85,-0.546,2.6));
#10862 = SURFACE_CURVE('',#10863,(#10867,#10874),.PCURVE_S1.);
#10863 = LINE('',#10864,#10865);
#10864 = CARTESIAN_POINT('',(6.85,0.65,2.6));
#10865 = VECTOR('',#10866,1.);
#10866 = DIRECTION('',(-0.,-1.,-0.));
#10867 = PCURVE('',#10508,#10868);
#10868 = DEFINITIONAL_REPRESENTATION('',(#10869),#10873);
#10869 = LINE('',#10870,#10871);
#10870 = CARTESIAN_POINT('',(-1.45,-0.65));
#10871 = VECTOR('',#10872,1.);
#10872 = DIRECTION('',(-0.,1.));
#10873 = ( GEOMETRIC_REPRESENTATION_CONTEXT(2) 
PARAMETRIC_REPRESENTATION_CONTEXT() REPRESENTATION_CONTEXT('2D SPACE',''
  ) );
#10874 = PCURVE('',#10594,#10875);
#10875 = DEFINITIONAL_REPRESENTATION('',(#10876),#10880);
#10876 = LINE('',#10877,#10878);
#10877 = CARTESIAN_POINT('',(-0.,-1.));
#10878 = VECTOR('',#10879,1.);
#10879 = DIRECTION('',(-1.,0.));
#10880 = ( GEOMETRIC_REPRESENTATION_CONTEXT(2) 
PARAMETRIC_REPRESENTATION_CONTEXT() REPRESENTATION_CONTEXT('2D SPACE',''
  ) );
#10881 = ORIENTED_EDGE('',*,*,#10882,.T.);
#10882 = EDGE_CURVE('',#10860,#10883,#10885,.T.);
#10883 = VERTEX_POINT('',#10884);
#10884 = CARTESIAN_POINT('',(6.746,-0.65,2.6));
#10885 = SURFACE_CURVE('',#10886,(#10891,#10902),.PCURVE_S1.);
#10886 = CIRCLE('',#10887,0.104);
#10887 = AXIS2_PLACEMENT_3D('',#10888,#10889,#10890);
#10888 = CARTESIAN_POINT('',(6.746,-0.546,2.6));
#10889 = DIRECTION('',(-0.,-0.,-1.));
#10890 = DIRECTION('',(-0.,1.,-0.));
#10891 = PCURVE('',#10508,#10892);
#10892 = DEFINITIONAL_REPRESENTATION('',(#10893),#10901);
#10893 = ( BOUNDED_CURVE() B_SPLINE_CURVE(2,(#10894,#10895,#10896,#10897
    ,#10898,#10899,#10900),.UNSPECIFIED.,.T.,.F.) 
B_SPLINE_CURVE_WITH_KNOTS((1,2,2,2,2,1),(-2.094395102393,0.,
    2.094395102393,4.188790204786,6.28318530718,8.377580409573),
.UNSPECIFIED.) CURVE() GEOMETRIC_REPRESENTATION_ITEM() 
RATIONAL_B_SPLINE_CURVE((1.,0.5,1.,0.5,1.,0.5,1.)) REPRESENTATION_ITEM(
  '') );
#10894 = CARTESIAN_POINT('',(-1.346,0.442));
#10895 = CARTESIAN_POINT('',(-1.526133283987,0.442));
#10896 = CARTESIAN_POINT('',(-1.436066641994,0.598));
#10897 = CARTESIAN_POINT('',(-1.346,0.754));
#10898 = CARTESIAN_POINT('',(-1.255933358006,0.598));
#10899 = CARTESIAN_POINT('',(-1.165866716013,0.442));
#10900 = CARTESIAN_POINT('',(-1.346,0.442));
#10901 = ( GEOMETRIC_REPRESENTATION_CONTEXT(2) 
PARAMETRIC_REPRESENTATION_CONTEXT() REPRESENTATION_CONTEXT('2D SPACE',''
  ) );
#10902 = PCURVE('',#10627,#10903);
#10903 = DEFINITIONAL_REPRESENTATION('',(#10904),#10908);
#10904 = LINE('',#10905,#10906);
#10905 = CARTESIAN_POINT('',(1.570796326795,1.));
#10906 = VECTOR('',#10907,1.);
#10907 = DIRECTION('',(-1.,0.));
#10908 = ( GEOMETRIC_REPRESENTATION_CONTEXT(2) 
PARAMETRIC_REPRESENTATION_CONTEXT() REPRESENTATION_CONTEXT('2D SPACE',''
  ) );
#10909 = ORIENTED_EDGE('',*,*,#10910,.T.);
#10910 = EDGE_CURVE('',#10883,#10911,#10913,.T.);
#10911 = VERTEX_POINT('',#10912);
#10912 = CARTESIAN_POINT('',(4.054,-0.65,2.6));
#10913 = SURFACE_CURVE('',#10914,(#10918,#10925),.PCURVE_S1.);
#10914 = LINE('',#10915,#10916);
#10915 = CARTESIAN_POINT('',(6.85,-0.65,2.6));
#10916 = VECTOR('',#10917,1.);
#10917 = DIRECTION('',(-1.,-0.,-0.));
#10918 = PCURVE('',#10508,#10919);
#10919 = DEFINITIONAL_REPRESENTATION('',(#10920),#10924);
#10920 = LINE('',#10921,#10922);
#10921 = CARTESIAN_POINT('',(-1.45,0.65));
#10922 = VECTOR('',#10923,1.);
#10923 = DIRECTION('',(1.,-0.));
#10924 = ( GEOMETRIC_REPRESENTATION_CONTEXT(2) 
PARAMETRIC_REPRESENTATION_CONTEXT() REPRESENTATION_CONTEXT('2D SPACE',''
  ) );
#10925 = PCURVE('',#10655,#10926);
#10926 = DEFINITIONAL_REPRESENTATION('',(#10927),#10931);
#10927 = LINE('',#10928,#10929);
#10928 = CARTESIAN_POINT('',(-0.,-1.));
#10929 = VECTOR('',#10930,1.);
#10930 = DIRECTION('',(-1.,0.));
#10931 = ( GEOMETRIC_REPRESENTATION_CONTEXT(2) 
PARAMETRIC_REPRESENTATION_CONTEXT() REPRESENTATION_CONTEXT('2D SPACE',''
  ) );
#10932 = ORIENTED_EDGE('',*,*,#10933,.T.);
#10933 = EDGE_CURVE('',#10911,#10934,#10936,.T.);
#10934 = VERTEX_POINT('',#10935);
#10935 = CARTESIAN_POINT('',(3.95,-0.546,2.6));
#10936 = SURFACE_CURVE('',#10937,(#10942,#10953),.PCURVE_S1.);
#10937 = CIRCLE('',#10938,0.104);
#10938 = AXIS2_PLACEMENT_3D('',#10939,#10940,#10941);
#10939 = CARTESIAN_POINT('',(4.054,-0.546,2.6));
#10940 = DIRECTION('',(-0.,-0.,-1.));
#10941 = DIRECTION('',(-0.,1.,-0.));
#10942 = PCURVE('',#10508,#10943);
#10943 = DEFINITIONAL_REPRESENTATION('',(#10944),#10952);
#10944 = ( BOUNDED_CURVE() B_SPLINE_CURVE(2,(#10945,#10946,#10947,#10948
    ,#10949,#10950,#10951),.UNSPECIFIED.,.T.,.F.) 
B_SPLINE_CURVE_WITH_KNOTS((1,2,2,2,2,1),(-2.094395102393,0.,
    2.094395102393,4.188790204786,6.28318530718,8.377580409573),
.UNSPECIFIED.) CURVE() GEOMETRIC_REPRESENTATION_ITEM() 
RATIONAL_B_SPLINE_CURVE((1.,0.5,1.,0.5,1.,0.5,1.)) REPRESENTATION_ITEM(
  '') );
#10945 = CARTESIAN_POINT('',(1.346,0.442));
#10946 = CARTESIAN_POINT('',(1.165866716013,0.442));
#10947 = CARTESIAN_POINT('',(1.255933358006,0.598));
#10948 = CARTESIAN_POINT('',(1.346,0.754));
#10949 = CARTESIAN_POINT('',(1.436066641994,0.598));
#10950 = CARTESIAN_POINT('',(1.526133283987,0.442));
#10951 = CARTESIAN_POINT('',(1.346,0.442));
#10952 = ( GEOMETRIC_REPRESENTATION_CONTEXT(2) 
PARAMETRIC_REPRESENTATION_CONTEXT() REPRESENTATION_CONTEXT('2D SPACE',''
  ) );
#10953 = PCURVE('',#10688,#10954);
#10954 = DEFINITIONAL_REPRESENTATION('',(#10955),#10959);
#10955 = LINE('',#10956,#10957);
#10956 = CARTESIAN_POINT('',(3.14159265359,1.));
#10957 = VECTOR('',#10958,1.);
#10958 = DIRECTION('',(-1.,0.));
#10959 = ( GEOMETRIC_REPRESENTATION_CONTEXT(2) 
PARAMETRIC_REPRESENTATION_CONTEXT() REPRESENTATION_CONTEXT('2D SPACE',''
  ) );
#10960 = ORIENTED_EDGE('',*,*,#10961,.T.);
#10961 = EDGE_CURVE('',#10934,#10755,#10962,.T.);
#10962 = SURFACE_CURVE('',#10963,(#10967,#10974),.PCURVE_S1.);
#10963 = LINE('',#10964,#10965);
#10964 = CARTESIAN_POINT('',(3.95,-0.65,2.6));
#10965 = VECTOR('',#10966,1.);
#10966 = DIRECTION('',(-0.,1.,-0.));
#10967 = PCURVE('',#10508,#10968);
#10968 = DEFINITIONAL_REPRESENTATION('',(#10969),#10973);
#10969 = LINE('',#10970,#10971);
#10970 = CARTESIAN_POINT('',(1.45,0.65));
#10971 = VECTOR('',#10972,1.);
#10972 = DIRECTION('',(-0.,-1.));
#10973 = ( GEOMETRIC_REPRESENTATION_CONTEXT(2) 
PARAMETRIC_REPRESENTATION_CONTEXT() REPRESENTATION_CONTEXT('2D SPACE',''
  ) );
#10974 = PCURVE('',#10716,#10975);
#10975 = DEFINITIONAL_REPRESENTATION('',(#10976),#10980);
#10976 = LINE('',#10977,#10978);
#10977 = CARTESIAN_POINT('',(-0.,-1.));
#10978 = VECTOR('',#10979,1.);
#10979 = DIRECTION('',(-1.,-0.));
#10980 = ( GEOMETRIC_REPRESENTATION_CONTEXT(2) 
PARAMETRIC_REPRESENTATION_CONTEXT() REPRESENTATION_CONTEXT('2D SPACE',''
  ) );
#10981 = ORIENTED_EDGE('',*,*,#10777,.F.);
#10982 = ADVANCED_FACE('',(#10983),#10716,.F.);
#10983 = FACE_BOUND('',#10984,.T.);
#10984 = EDGE_LOOP('',(#10985,#10986,#11007,#11008));
#10985 = ORIENTED_EDGE('',*,*,#10700,.F.);
#10986 = ORIENTED_EDGE('',*,*,#10987,.T.);
#10987 = EDGE_CURVE('',#10668,#10934,#10988,.T.);
#10988 = SURFACE_CURVE('',#10989,(#10993,#11000),.PCURVE_S1.);
#10989 = LINE('',#10990,#10991);
#10990 = CARTESIAN_POINT('',(3.95,-0.546,1.6));
#10991 = VECTOR('',#10992,1.);
#10992 = DIRECTION('',(-0.,-0.,1.));
#10993 = PCURVE('',#10716,#10994);
#10994 = DEFINITIONAL_REPRESENTATION('',(#10995),#10999);
#10995 = LINE('',#10996,#10997);
#10996 = CARTESIAN_POINT('',(-0.104,0.));
#10997 = VECTOR('',#10998,1.);
#10998 = DIRECTION('',(-0.,-1.));
#10999 = ( GEOMETRIC_REPRESENTATION_CONTEXT(2) 
PARAMETRIC_REPRESENTATION_CONTEXT() REPRESENTATION_CONTEXT('2D SPACE',''
  ) );
#11000 = PCURVE('',#10688,#11001);
#11001 = DEFINITIONAL_REPRESENTATION('',(#11002),#11006);
#11002 = LINE('',#11003,#11004);
#11003 = CARTESIAN_POINT('',(-1.570796326795,0.));
#11004 = VECTOR('',#11005,1.);
#11005 = DIRECTION('',(-0.,1.));
#11006 = ( GEOMETRIC_REPRESENTATION_CONTEXT(2) 
PARAMETRIC_REPRESENTATION_CONTEXT() REPRESENTATION_CONTEXT('2D SPACE',''
  ) );
#11007 = ORIENTED_EDGE('',*,*,#10961,.T.);
#11008 = ORIENTED_EDGE('',*,*,#10754,.F.);
#11009 = ADVANCED_FACE('',(#11010),#10594,.F.);
#11010 = FACE_BOUND('',#11011,.T.);
#11011 = EDGE_LOOP('',(#11012,#11013,#11014,#11015));
#11012 = ORIENTED_EDGE('',*,*,#10578,.F.);
#11013 = ORIENTED_EDGE('',*,*,#10804,.T.);
#11014 = ORIENTED_EDGE('',*,*,#10859,.T.);
#11015 = ORIENTED_EDGE('',*,*,#11016,.F.);
#11016 = EDGE_CURVE('',#10579,#10860,#11017,.T.);
#11017 = SURFACE_CURVE('',#11018,(#11022,#11029),.PCURVE_S1.);
#11018 = LINE('',#11019,#11020);
#11019 = CARTESIAN_POINT('',(6.85,-0.546,1.6));
#11020 = VECTOR('',#11021,1.);
#11021 = DIRECTION('',(-0.,-0.,1.));
#11022 = PCURVE('',#10594,#11023);
#11023 = DEFINITIONAL_REPRESENTATION('',(#11024),#11028);
#11024 = LINE('',#11025,#11026);
#11025 = CARTESIAN_POINT('',(-1.196,0.));
#11026 = VECTOR('',#11027,1.);
#11027 = DIRECTION('',(-0.,-1.));
#11028 = ( GEOMETRIC_REPRESENTATION_CONTEXT(2) 
PARAMETRIC_REPRESENTATION_CONTEXT() REPRESENTATION_CONTEXT('2D SPACE',''
  ) );
#11029 = PCURVE('',#10627,#11030);
#11030 = DEFINITIONAL_REPRESENTATION('',(#11031),#11035);
#11031 = LINE('',#11032,#11033);
#11032 = CARTESIAN_POINT('',(-0.,0.));
#11033 = VECTOR('',#11034,1.);
#11034 = DIRECTION('',(-0.,1.));
#11035 = ( GEOMETRIC_REPRESENTATION_CONTEXT(2) 
PARAMETRIC_REPRESENTATION_CONTEXT() REPRESENTATION_CONTEXT('2D SPACE',''
  ) );
#11036 = ADVANCED_FACE('',(#11037),#10688,.T.);
#11037 = FACE_BOUND('',#11038,.F.);
#11038 = EDGE_LOOP('',(#11039,#11040,#11041,#11042));
#11039 = ORIENTED_EDGE('',*,*,#10667,.T.);
#11040 = ORIENTED_EDGE('',*,*,#10987,.T.);
#11041 = ORIENTED_EDGE('',*,*,#10933,.F.);
#11042 = ORIENTED_EDGE('',*,*,#11043,.F.);
#11043 = EDGE_CURVE('',#10640,#10911,#11044,.T.);
#11044 = SURFACE_CURVE('',#11045,(#11049,#11056),.PCURVE_S1.);
#11045 = LINE('',#11046,#11047);
#11046 = CARTESIAN_POINT('',(4.054,-0.65,1.6));
#11047 = VECTOR('',#11048,1.);
#11048 = DIRECTION('',(-0.,-0.,1.));
#11049 = PCURVE('',#10688,#11050);
#11050 = DEFINITIONAL_REPRESENTATION('',(#11051),#11055);
#11051 = LINE('',#11052,#11053);
#11052 = CARTESIAN_POINT('',(-0.,0.));
#11053 = VECTOR('',#11054,1.);
#11054 = DIRECTION('',(-0.,1.));
#11055 = ( GEOMETRIC_REPRESENTATION_CONTEXT(2) 
PARAMETRIC_REPRESENTATION_CONTEXT() REPRESENTATION_CONTEXT('2D SPACE',''
  ) );
#11056 = PCURVE('',#10655,#11057);
#11057 = DEFINITIONAL_REPRESENTATION('',(#11058),#11062);
#11058 = LINE('',#11059,#11060);
#11059 = CARTESIAN_POINT('',(-2.796,0.));
#11060 = VECTOR('',#11061,1.);
#11061 = DIRECTION('',(-0.,-1.));
#11062 = ( GEOMETRIC_REPRESENTATION_CONTEXT(2) 
PARAMETRIC_REPRESENTATION_CONTEXT() REPRESENTATION_CONTEXT('2D SPACE',''
  ) );
#11063 = ADVANCED_FACE('',(#11064),#10627,.T.);
#11064 = FACE_BOUND('',#11065,.F.);
#11065 = EDGE_LOOP('',(#11066,#11067,#11088,#11089));
#11066 = ORIENTED_EDGE('',*,*,#10606,.T.);
#11067 = ORIENTED_EDGE('',*,*,#11068,.T.);
#11068 = EDGE_CURVE('',#10607,#10883,#11069,.T.);
#11069 = SURFACE_CURVE('',#11070,(#11074,#11081),.PCURVE_S1.);
#11070 = LINE('',#11071,#11072);
#11071 = CARTESIAN_POINT('',(6.746,-0.65,1.6));
#11072 = VECTOR('',#11073,1.);
#11073 = DIRECTION('',(-0.,-0.,1.));
#11074 = PCURVE('',#10627,#11075);
#11075 = DEFINITIONAL_REPRESENTATION('',(#11076),#11080);
#11076 = LINE('',#11077,#11078);
#11077 = CARTESIAN_POINT('',(-1.570796326795,0.));
#11078 = VECTOR('',#11079,1.);
#11079 = DIRECTION('',(-0.,1.));
#11080 = ( GEOMETRIC_REPRESENTATION_CONTEXT(2) 
PARAMETRIC_REPRESENTATION_CONTEXT() REPRESENTATION_CONTEXT('2D SPACE',''
  ) );
#11081 = PCURVE('',#10655,#11082);
#11082 = DEFINITIONAL_REPRESENTATION('',(#11083),#11087);
#11083 = LINE('',#11084,#11085);
#11084 = CARTESIAN_POINT('',(-0.104,0.));
#11085 = VECTOR('',#11086,1.);
#11086 = DIRECTION('',(-0.,-1.));
#11087 = ( GEOMETRIC_REPRESENTATION_CONTEXT(2) 
PARAMETRIC_REPRESENTATION_CONTEXT() REPRESENTATION_CONTEXT('2D SPACE',''
  ) );
#11088 = ORIENTED_EDGE('',*,*,#10882,.F.);
#11089 = ORIENTED_EDGE('',*,*,#11016,.F.);
#11090 = ADVANCED_FACE('',(#11091),#10655,.F.);
#11091 = FACE_BOUND('',#11092,.T.);
#11092 = EDGE_LOOP('',(#11093,#11094,#11095,#11096));
#11093 = ORIENTED_EDGE('',*,*,#10639,.F.);
#11094 = ORIENTED_EDGE('',*,*,#11068,.T.);
#11095 = ORIENTED_EDGE('',*,*,#10910,.T.);
#11096 = ORIENTED_EDGE('',*,*,#11043,.F.);
#11097 = ( GEOMETRIC_REPRESENTATION_CONTEXT(3) 
GLOBAL_UNCERTAINTY_ASSIGNED_CONTEXT((#11101)) 
GLOBAL_UNIT_ASSIGNED_CONTEXT((#11098,#11099,#11100)) 
REPRESENTATION_CONTEXT('Context #1',
  '3D Context with UNIT and UNCERTAINTY') );
#11098 = ( LENGTH_UNIT() NAMED_UNIT(*) SI_UNIT(.MILLI.,.METRE.) );
#11099 = ( NAMED_UNIT(*) PLANE_ANGLE_UNIT() SI_UNIT($,.RADIAN.) );
#11100 = ( NAMED_UNIT(*) SI_UNIT($,.STERADIAN.) SOLID_ANGLE_UNIT() );
#11101 = UNCERTAINTY_MEASURE_WITH_UNIT(LENGTH_MEASURE(1.E-07),#11098,
  'distance_accuracy_value','confusion accuracy');
#11102 = CONTEXT_DEPENDENT_SHAPE_REPRESENTATION(#11103,#11105);
#11103 = ( REPRESENTATION_RELATIONSHIP('','',#10422,#10) 
REPRESENTATION_RELATIONSHIP_WITH_TRANSFORMATION(#11104) 
SHAPE_REPRESENTATION_RELATIONSHIP() );
#11104 = ITEM_DEFINED_TRANSFORMATION('','',#11,#103);
#11105 = PRODUCT_DEFINITION_SHAPE('Placement','Placement of an item',
  #11106);
#11106 = NEXT_ASSEMBLY_USAGE_OCCURRENCE('85','Q3','',#5,#10417,$);
#11107 = PRODUCT_RELATED_PRODUCT_CATEGORY('part',$,(#10419));
#11108 = SHAPE_DEFINITION_REPRESENTATION(#11109,#11115);
#11109 = PRODUCT_DEFINITION_SHAPE('','',#11110);
#11110 = PRODUCT_DEFINITION('design','',#11111,#11114);
#11111 = PRODUCT_DEFINITION_FORMATION('','',#11112);
#11112 = PRODUCT('RH3','RH3','',(#11113));
#11113 = PRODUCT_CONTEXT('',#2,'mechanical');
#11114 = PRODUCT_DEFINITION_CONTEXT('part definition',#2,'design');
#11115 = ADVANCED_BREP_SHAPE_REPRESENTATION('',(#11,#11116),#11790);
#11116 = MANIFOLD_SOLID_BREP('',#11117);
#11117 = CLOSED_SHELL('',(#11118,#11238,#11442,#11492,#11546,#11675,
    #11702,#11729,#11756,#11783));
#11118 = ADVANCED_FACE('',(#11119),#11133,.F.);
#11119 = FACE_BOUND('',#11120,.T.);
#11120 = EDGE_LOOP('',(#11121,#11156,#11184,#11212));
#11121 = ORIENTED_EDGE('',*,*,#11122,.F.);
#11122 = EDGE_CURVE('',#11123,#11125,#11127,.T.);
#11123 = VERTEX_POINT('',#11124);
#11124 = CARTESIAN_POINT('',(4.664,3.2,1.6));
#11125 = VERTEX_POINT('',#11126);
#11126 = CARTESIAN_POINT('',(6.136,3.2,1.6));
#11127 = SURFACE_CURVE('',#11128,(#11132,#11144),.PCURVE_S1.);
#11128 = LINE('',#11129,#11130);
#11129 = CARTESIAN_POINT('',(4.6,3.2,1.6));
#11130 = VECTOR('',#11131,1.);
#11131 = DIRECTION('',(1.,-0.,-0.));
#11132 = PCURVE('',#11133,#11138);
#11133 = PLANE('',#11134);
#11134 = AXIS2_PLACEMENT_3D('',#11135,#11136,#11137);
#11135 = CARTESIAN_POINT('',(4.6,3.2,1.6));
#11136 = DIRECTION('',(-0.,-1.,-0.));
#11137 = DIRECTION('',(-1.,0.,0.));
#11138 = DEFINITIONAL_REPRESENTATION('',(#11139),#11143);
#11139 = LINE('',#11140,#11141);
#11140 = CARTESIAN_POINT('',(-0.,-0.));
#11141 = VECTOR('',#11142,1.);
#11142 = DIRECTION('',(-1.,-0.));
#11143 = ( GEOMETRIC_REPRESENTATION_CONTEXT(2) 
PARAMETRIC_REPRESENTATION_CONTEXT() REPRESENTATION_CONTEXT('2D SPACE',''
  ) );
#11144 = PCURVE('',#11145,#11150);
#11145 = PLANE('',#11146);
#11146 = AXIS2_PLACEMENT_3D('',#11147,#11148,#11149);
#11147 = CARTESIAN_POINT('',(5.4,2.8,1.6));
#11148 = DIRECTION('',(-0.,-0.,1.));
#11149 = DIRECTION('',(-1.,0.,0.));
#11150 = DEFINITIONAL_REPRESENTATION('',(#11151),#11155);
#11151 = LINE('',#11152,#11153);
#11152 = CARTESIAN_POINT('',(0.8,-0.4));
#11153 = VECTOR('',#11154,1.);
#11154 = DIRECTION('',(-1.,0.));
#11155 = ( GEOMETRIC_REPRESENTATION_CONTEXT(2) 
PARAMETRIC_REPRESENTATION_CONTEXT() REPRESENTATION_CONTEXT('2D SPACE',''
  ) );
#11156 = ORIENTED_EDGE('',*,*,#11157,.T.);
#11157 = EDGE_CURVE('',#11123,#11158,#11160,.T.);
#11158 = VERTEX_POINT('',#11159);
#11159 = CARTESIAN_POINT('',(4.664,3.2,2.05));
#11160 = SURFACE_CURVE('',#11161,(#11165,#11172),.PCURVE_S1.);
#11161 = LINE('',#11162,#11163);
#11162 = CARTESIAN_POINT('',(4.664,3.2,1.6));
#11163 = VECTOR('',#11164,1.);
#11164 = DIRECTION('',(-0.,-0.,1.));
#11165 = PCURVE('',#11133,#11166);
#11166 = DEFINITIONAL_REPRESENTATION('',(#11167),#11171);
#11167 = LINE('',#11168,#11169);
#11168 = CARTESIAN_POINT('',(-6.4E-02,-0.));
#11169 = VECTOR('',#11170,1.);
#11170 = DIRECTION('',(-0.,-1.));
#11171 = ( GEOMETRIC_REPRESENTATION_CONTEXT(2) 
PARAMETRIC_REPRESENTATION_CONTEXT() REPRESENTATION_CONTEXT('2D SPACE',''
  ) );
#11172 = PCURVE('',#11173,#11178);
#11173 = CYLINDRICAL_SURFACE('',#11174,6.4E-02);
#11174 = AXIS2_PLACEMENT_3D('',#11175,#11176,#11177);
#11175 = CARTESIAN_POINT('',(4.664,3.136,1.6));
#11176 = DIRECTION('',(-0.,-0.,1.));
#11177 = DIRECTION('',(-0.,1.,-0.));
#11178 = DEFINITIONAL_REPRESENTATION('',(#11179),#11183);
#11179 = LINE('',#11180,#11181);
#11180 = CARTESIAN_POINT('',(0.,0.));
#11181 = VECTOR('',#11182,1.);
#11182 = DIRECTION('',(0.,1.));
#11183 = ( GEOMETRIC_REPRESENTATION_CONTEXT(2) 
PARAMETRIC_REPRESENTATION_CONTEXT() REPRESENTATION_CONTEXT('2D SPACE',''
  ) );
#11184 = ORIENTED_EDGE('',*,*,#11185,.T.);
#11185 = EDGE_CURVE('',#11158,#11186,#11188,.T.);
#11186 = VERTEX_POINT('',#11187);
#11187 = CARTESIAN_POINT('',(6.136,3.2,2.05));
#11188 = SURFACE_CURVE('',#11189,(#11193,#11200),.PCURVE_S1.);
#11189 = LINE('',#11190,#11191);
#11190 = CARTESIAN_POINT('',(4.6,3.2,2.05));
#11191 = VECTOR('',#11192,1.);
#11192 = DIRECTION('',(1.,-0.,-0.));
#11193 = PCURVE('',#11133,#11194);
#11194 = DEFINITIONAL_REPRESENTATION('',(#11195),#11199);
#11195 = LINE('',#11196,#11197);
#11196 = CARTESIAN_POINT('',(-0.,-0.45));
#11197 = VECTOR('',#11198,1.);
#11198 = DIRECTION('',(-1.,-0.));
#11199 = ( GEOMETRIC_REPRESENTATION_CONTEXT(2) 
PARAMETRIC_REPRESENTATION_CONTEXT() REPRESENTATION_CONTEXT('2D SPACE',''
  ) );
#11200 = PCURVE('',#11201,#11206);
#11201 = PLANE('',#11202);
#11202 = AXIS2_PLACEMENT_3D('',#11203,#11204,#11205);
#11203 = CARTESIAN_POINT('',(5.4,2.8,2.05));
#11204 = DIRECTION('',(-0.,-0.,1.));
#11205 = DIRECTION('',(-1.,0.,0.));
#11206 = DEFINITIONAL_REPRESENTATION('',(#11207),#11211);
#11207 = LINE('',#11208,#11209);
#11208 = CARTESIAN_POINT('',(0.8,-0.4));
#11209 = VECTOR('',#11210,1.);
#11210 = DIRECTION('',(-1.,0.));
#11211 = ( GEOMETRIC_REPRESENTATION_CONTEXT(2) 
PARAMETRIC_REPRESENTATION_CONTEXT() REPRESENTATION_CONTEXT('2D SPACE',''
  ) );
#11212 = ORIENTED_EDGE('',*,*,#11213,.F.);
#11213 = EDGE_CURVE('',#11125,#11186,#11214,.T.);
#11214 = SURFACE_CURVE('',#11215,(#11219,#11226),.PCURVE_S1.);
#11215 = LINE('',#11216,#11217);
#11216 = CARTESIAN_POINT('',(6.136,3.2,1.6));
#11217 = VECTOR('',#11218,1.);
#11218 = DIRECTION('',(-0.,-0.,1.));
#11219 = PCURVE('',#11133,#11220);
#11220 = DEFINITIONAL_REPRESENTATION('',(#11221),#11225);
#11221 = LINE('',#11222,#11223);
#11222 = CARTESIAN_POINT('',(-1.536,-0.));
#11223 = VECTOR('',#11224,1.);
#11224 = DIRECTION('',(-0.,-1.));
#11225 = ( GEOMETRIC_REPRESENTATION_CONTEXT(2) 
PARAMETRIC_REPRESENTATION_CONTEXT() REPRESENTATION_CONTEXT('2D SPACE',''
  ) );
#11226 = PCURVE('',#11227,#11232);
#11227 = CYLINDRICAL_SURFACE('',#11228,6.4E-02);
#11228 = AXIS2_PLACEMENT_3D('',#11229,#11230,#11231);
#11229 = CARTESIAN_POINT('',(6.136,3.136,1.6));
#11230 = DIRECTION('',(-0.,-0.,1.));
#11231 = DIRECTION('',(-0.,1.,-0.));
#11232 = DEFINITIONAL_REPRESENTATION('',(#11233),#11237);
#11233 = LINE('',#11234,#11235);
#11234 = CARTESIAN_POINT('',(-0.,0.));
#11235 = VECTOR('',#11236,1.);
#11236 = DIRECTION('',(-0.,1.));
#11237 = ( GEOMETRIC_REPRESENTATION_CONTEXT(2) 
PARAMETRIC_REPRESENTATION_CONTEXT() REPRESENTATION_CONTEXT('2D SPACE',''
  ) );
#11238 = ADVANCED_FACE('',(#11239),#11145,.F.);
#11239 = FACE_BOUND('',#11240,.T.);
#11240 = EDGE_LOOP('',(#11241,#11242,#11270,#11298,#11331,#11359,#11392,
    #11420));
#11241 = ORIENTED_EDGE('',*,*,#11122,.T.);
#11242 = ORIENTED_EDGE('',*,*,#11243,.T.);
#11243 = EDGE_CURVE('',#11125,#11244,#11246,.T.);
#11244 = VERTEX_POINT('',#11245);
#11245 = CARTESIAN_POINT('',(6.2,3.136,1.6));
#11246 = SURFACE_CURVE('',#11247,(#11252,#11263),.PCURVE_S1.);
#11247 = CIRCLE('',#11248,6.4E-02);
#11248 = AXIS2_PLACEMENT_3D('',#11249,#11250,#11251);
#11249 = CARTESIAN_POINT('',(6.136,3.136,1.6));
#11250 = DIRECTION('',(-0.,-0.,-1.));
#11251 = DIRECTION('',(-0.,1.,-0.));
#11252 = PCURVE('',#11145,#11253);
#11253 = DEFINITIONAL_REPRESENTATION('',(#11254),#11262);
#11254 = ( BOUNDED_CURVE() B_SPLINE_CURVE(2,(#11255,#11256,#11257,#11258
    ,#11259,#11260,#11261),.UNSPECIFIED.,.T.,.F.) 
B_SPLINE_CURVE_WITH_KNOTS((1,2,2,2,2,1),(-2.094395102393,0.,
    2.094395102393,4.188790204786,6.28318530718,8.377580409573),
.UNSPECIFIED.) CURVE() GEOMETRIC_REPRESENTATION_ITEM() 
RATIONAL_B_SPLINE_CURVE((1.,0.5,1.,0.5,1.,0.5,1.)) REPRESENTATION_ITEM(
  '') );
#11255 = CARTESIAN_POINT('',(-0.736,-0.4));
#11256 = CARTESIAN_POINT('',(-0.846851251684,-0.4));
#11257 = CARTESIAN_POINT('',(-0.791425625842,-0.304));
#11258 = CARTESIAN_POINT('',(-0.736,-0.208));
#11259 = CARTESIAN_POINT('',(-0.680574374158,-0.304));
#11260 = CARTESIAN_POINT('',(-0.625148748316,-0.4));
#11261 = CARTESIAN_POINT('',(-0.736,-0.4));
#11262 = ( GEOMETRIC_REPRESENTATION_CONTEXT(2) 
PARAMETRIC_REPRESENTATION_CONTEXT() REPRESENTATION_CONTEXT('2D SPACE',''
  ) );
#11263 = PCURVE('',#11227,#11264);
#11264 = DEFINITIONAL_REPRESENTATION('',(#11265),#11269);
#11265 = LINE('',#11266,#11267);
#11266 = CARTESIAN_POINT('',(-0.,-2.22044604925E-16));
#11267 = VECTOR('',#11268,1.);
#11268 = DIRECTION('',(-1.,0.));
#11269 = ( GEOMETRIC_REPRESENTATION_CONTEXT(2) 
PARAMETRIC_REPRESENTATION_CONTEXT() REPRESENTATION_CONTEXT('2D SPACE',''
  ) );
#11270 = ORIENTED_EDGE('',*,*,#11271,.T.);
#11271 = EDGE_CURVE('',#11244,#11272,#11274,.T.);
#11272 = VERTEX_POINT('',#11273);
#11273 = CARTESIAN_POINT('',(6.2,2.464,1.6));
#11274 = SURFACE_CURVE('',#11275,(#11279,#11286),.PCURVE_S1.);
#11275 = LINE('',#11276,#11277);
#11276 = CARTESIAN_POINT('',(6.2,3.2,1.6));
#11277 = VECTOR('',#11278,1.);
#11278 = DIRECTION('',(-0.,-1.,-0.));
#11279 = PCURVE('',#11145,#11280);
#11280 = DEFINITIONAL_REPRESENTATION('',(#11281),#11285);
#11281 = LINE('',#11282,#11283);
#11282 = CARTESIAN_POINT('',(-0.8,-0.4));
#11283 = VECTOR('',#11284,1.);
#11284 = DIRECTION('',(-0.,1.));
#11285 = ( GEOMETRIC_REPRESENTATION_CONTEXT(2) 
PARAMETRIC_REPRESENTATION_CONTEXT() REPRESENTATION_CONTEXT('2D SPACE',''
  ) );
#11286 = PCURVE('',#11287,#11292);
#11287 = PLANE('',#11288);
#11288 = AXIS2_PLACEMENT_3D('',#11289,#11290,#11291);
#11289 = CARTESIAN_POINT('',(6.2,3.2,1.6));
#11290 = DIRECTION('',(-1.,-0.,-0.));
#11291 = DIRECTION('',(0.,1.,0.));
#11292 = DEFINITIONAL_REPRESENTATION('',(#11293),#11297);
#11293 = LINE('',#11294,#11295);
#11294 = CARTESIAN_POINT('',(-0.,-0.));
#11295 = VECTOR('',#11296,1.);
#11296 = DIRECTION('',(-1.,0.));
#11297 = ( GEOMETRIC_REPRESENTATION_CONTEXT(2) 
PARAMETRIC_REPRESENTATION_CONTEXT() REPRESENTATION_CONTEXT('2D SPACE',''
  ) );
#11298 = ORIENTED_EDGE('',*,*,#11299,.T.);
#11299 = EDGE_CURVE('',#11272,#11300,#11302,.T.);
#11300 = VERTEX_POINT('',#11301);
#11301 = CARTESIAN_POINT('',(6.136,2.4,1.6));
#11302 = SURFACE_CURVE('',#11303,(#11308,#11319),.PCURVE_S1.);
#11303 = CIRCLE('',#11304,6.4E-02);
#11304 = AXIS2_PLACEMENT_3D('',#11305,#11306,#11307);
#11305 = CARTESIAN_POINT('',(6.136,2.464,1.6));
#11306 = DIRECTION('',(-0.,-0.,-1.));
#11307 = DIRECTION('',(-0.,1.,-0.));
#11308 = PCURVE('',#11145,#11309);
#11309 = DEFINITIONAL_REPRESENTATION('',(#11310),#11318);
#11310 = ( BOUNDED_CURVE() B_SPLINE_CURVE(2,(#11311,#11312,#11313,#11314
    ,#11315,#11316,#11317),.UNSPECIFIED.,.T.,.F.) 
B_SPLINE_CURVE_WITH_KNOTS((1,2,2,2,2,1),(-2.094395102393,0.,
    2.094395102393,4.188790204786,6.28318530718,8.377580409573),
.UNSPECIFIED.) CURVE() GEOMETRIC_REPRESENTATION_ITEM() 
RATIONAL_B_SPLINE_CURVE((1.,0.5,1.,0.5,1.,0.5,1.)) REPRESENTATION_ITEM(
  '') );
#11311 = CARTESIAN_POINT('',(-0.736,0.272));
#11312 = CARTESIAN_POINT('',(-0.846851251684,0.272));
#11313 = CARTESIAN_POINT('',(-0.791425625842,0.368));
#11314 = CARTESIAN_POINT('',(-0.736,0.464));
#11315 = CARTESIAN_POINT('',(-0.680574374158,0.368));
#11316 = CARTESIAN_POINT('',(-0.625148748316,0.272));
#11317 = CARTESIAN_POINT('',(-0.736,0.272));
#11318 = ( GEOMETRIC_REPRESENTATION_CONTEXT(2) 
PARAMETRIC_REPRESENTATION_CONTEXT() REPRESENTATION_CONTEXT('2D SPACE',''
  ) );
#11319 = PCURVE('',#11320,#11325);
#11320 = CYLINDRICAL_SURFACE('',#11321,6.4E-02);
#11321 = AXIS2_PLACEMENT_3D('',#11322,#11323,#11324);
#11322 = CARTESIAN_POINT('',(6.136,2.464,1.6));
#11323 = DIRECTION('',(-0.,-0.,1.));
#11324 = DIRECTION('',(1.,-0.,-0.));
#11325 = DEFINITIONAL_REPRESENTATION('',(#11326),#11330);
#11326 = LINE('',#11327,#11328);
#11327 = CARTESIAN_POINT('',(1.570796326795,-2.22044604925E-16));
#11328 = VECTOR('',#11329,1.);
#11329 = DIRECTION('',(-1.,0.));
#11330 = ( GEOMETRIC_REPRESENTATION_CONTEXT(2) 
PARAMETRIC_REPRESENTATION_CONTEXT() REPRESENTATION_CONTEXT('2D SPACE',''
  ) );
#11331 = ORIENTED_EDGE('',*,*,#11332,.T.);
#11332 = EDGE_CURVE('',#11300,#11333,#11335,.T.);
#11333 = VERTEX_POINT('',#11334);
#11334 = CARTESIAN_POINT('',(4.664,2.4,1.6));
#11335 = SURFACE_CURVE('',#11336,(#11340,#11347),.PCURVE_S1.);
#11336 = LINE('',#11337,#11338);
#11337 = CARTESIAN_POINT('',(6.2,2.4,1.6));
#11338 = VECTOR('',#11339,1.);
#11339 = DIRECTION('',(-1.,-0.,-0.));
#11340 = PCURVE('',#11145,#11341);
#11341 = DEFINITIONAL_REPRESENTATION('',(#11342),#11346);
#11342 = LINE('',#11343,#11344);
#11343 = CARTESIAN_POINT('',(-0.8,0.4));
#11344 = VECTOR('',#11345,1.);
#11345 = DIRECTION('',(1.,-0.));
#11346 = ( GEOMETRIC_REPRESENTATION_CONTEXT(2) 
PARAMETRIC_REPRESENTATION_CONTEXT() REPRESENTATION_CONTEXT('2D SPACE',''
  ) );
#11347 = PCURVE('',#11348,#11353);
#11348 = PLANE('',#11349);
#11349 = AXIS2_PLACEMENT_3D('',#11350,#11351,#11352);
#11350 = CARTESIAN_POINT('',(6.2,2.4,1.6));
#11351 = DIRECTION('',(-0.,1.,-0.));
#11352 = DIRECTION('',(1.,0.,0.));
#11353 = DEFINITIONAL_REPRESENTATION('',(#11354),#11358);
#11354 = LINE('',#11355,#11356);
#11355 = CARTESIAN_POINT('',(0.,-0.));
#11356 = VECTOR('',#11357,1.);
#11357 = DIRECTION('',(-1.,0.));
#11358 = ( GEOMETRIC_REPRESENTATION_CONTEXT(2) 
PARAMETRIC_REPRESENTATION_CONTEXT() REPRESENTATION_CONTEXT('2D SPACE',''
  ) );
#11359 = ORIENTED_EDGE('',*,*,#11360,.T.);
#11360 = EDGE_CURVE('',#11333,#11361,#11363,.T.);
#11361 = VERTEX_POINT('',#11362);
#11362 = CARTESIAN_POINT('',(4.6,2.464,1.6));
#11363 = SURFACE_CURVE('',#11364,(#11369,#11380),.PCURVE_S1.);
#11364 = CIRCLE('',#11365,6.4E-02);
#11365 = AXIS2_PLACEMENT_3D('',#11366,#11367,#11368);
#11366 = CARTESIAN_POINT('',(4.664,2.464,1.6));
#11367 = DIRECTION('',(-0.,-0.,-1.));
#11368 = DIRECTION('',(-0.,1.,-0.));
#11369 = PCURVE('',#11145,#11370);
#11370 = DEFINITIONAL_REPRESENTATION('',(#11371),#11379);
#11371 = ( BOUNDED_CURVE() B_SPLINE_CURVE(2,(#11372,#11373,#11374,#11375
    ,#11376,#11377,#11378),.UNSPECIFIED.,.T.,.F.) 
B_SPLINE_CURVE_WITH_KNOTS((1,2,2,2,2,1),(-2.094395102393,0.,
    2.094395102393,4.188790204786,6.28318530718,8.377580409573),
.UNSPECIFIED.) CURVE() GEOMETRIC_REPRESENTATION_ITEM() 
RATIONAL_B_SPLINE_CURVE((1.,0.5,1.,0.5,1.,0.5,1.)) REPRESENTATION_ITEM(
  '') );
#11372 = CARTESIAN_POINT('',(0.736,0.272));
#11373 = CARTESIAN_POINT('',(0.625148748316,0.272));
#11374 = CARTESIAN_POINT('',(0.680574374158,0.368));
#11375 = CARTESIAN_POINT('',(0.736,0.464));
#11376 = CARTESIAN_POINT('',(0.791425625842,0.368));
#11377 = CARTESIAN_POINT('',(0.846851251684,0.272));
#11378 = CARTESIAN_POINT('',(0.736,0.272));
#11379 = ( GEOMETRIC_REPRESENTATION_CONTEXT(2) 
PARAMETRIC_REPRESENTATION_CONTEXT() REPRESENTATION_CONTEXT('2D SPACE',''
  ) );
#11380 = PCURVE('',#11381,#11386);
#11381 = CYLINDRICAL_SURFACE('',#11382,6.4E-02);
#11382 = AXIS2_PLACEMENT_3D('',#11383,#11384,#11385);
#11383 = CARTESIAN_POINT('',(4.664,2.464,1.6));
#11384 = DIRECTION('',(-0.,-0.,1.));
#11385 = DIRECTION('',(-0.,-1.,-0.));
#11386 = DEFINITIONAL_REPRESENTATION('',(#11387),#11391);
#11387 = LINE('',#11388,#11389);
#11388 = CARTESIAN_POINT('',(3.14159265359,-2.22044604925E-16));
#11389 = VECTOR('',#11390,1.);
#11390 = DIRECTION('',(-1.,0.));
#11391 = ( GEOMETRIC_REPRESENTATION_CONTEXT(2) 
PARAMETRIC_REPRESENTATION_CONTEXT() REPRESENTATION_CONTEXT('2D SPACE',''
  ) );
#11392 = ORIENTED_EDGE('',*,*,#11393,.T.);
#11393 = EDGE_CURVE('',#11361,#11394,#11396,.T.);
#11394 = VERTEX_POINT('',#11395);
#11395 = CARTESIAN_POINT('',(4.6,3.136,1.6));
#11396 = SURFACE_CURVE('',#11397,(#11401,#11408),.PCURVE_S1.);
#11397 = LINE('',#11398,#11399);
#11398 = CARTESIAN_POINT('',(4.6,2.4,1.6));
#11399 = VECTOR('',#11400,1.);
#11400 = DIRECTION('',(-0.,1.,-0.));
#11401 = PCURVE('',#11145,#11402);
#11402 = DEFINITIONAL_REPRESENTATION('',(#11403),#11407);
#11403 = LINE('',#11404,#11405);
#11404 = CARTESIAN_POINT('',(0.8,0.4));
#11405 = VECTOR('',#11406,1.);
#11406 = DIRECTION('',(-0.,-1.));
#11407 = ( GEOMETRIC_REPRESENTATION_CONTEXT(2) 
PARAMETRIC_REPRESENTATION_CONTEXT() REPRESENTATION_CONTEXT('2D SPACE',''
  ) );
#11408 = PCURVE('',#11409,#11414);
#11409 = PLANE('',#11410);
#11410 = AXIS2_PLACEMENT_3D('',#11411,#11412,#11413);
#11411 = CARTESIAN_POINT('',(4.6,2.4,1.6));
#11412 = DIRECTION('',(1.,-0.,-0.));
#11413 = DIRECTION('',(0.,-1.,0.));
#11414 = DEFINITIONAL_REPRESENTATION('',(#11415),#11419);
#11415 = LINE('',#11416,#11417);
#11416 = CARTESIAN_POINT('',(-0.,0.));
#11417 = VECTOR('',#11418,1.);
#11418 = DIRECTION('',(-1.,-0.));
#11419 = ( GEOMETRIC_REPRESENTATION_CONTEXT(2) 
PARAMETRIC_REPRESENTATION_CONTEXT() REPRESENTATION_CONTEXT('2D SPACE',''
  ) );
#11420 = ORIENTED_EDGE('',*,*,#11421,.F.);
#11421 = EDGE_CURVE('',#11123,#11394,#11422,.T.);
#11422 = SURFACE_CURVE('',#11423,(#11428,#11435),.PCURVE_S1.);
#11423 = CIRCLE('',#11424,6.4E-02);
#11424 = AXIS2_PLACEMENT_3D('',#11425,#11426,#11427);
#11425 = CARTESIAN_POINT('',(4.664,3.136,1.6));
#11426 = DIRECTION('',(-0.,0.,1.));
#11427 = DIRECTION('',(-0.,1.,-0.));
#11428 = PCURVE('',#11145,#11429);
#11429 = DEFINITIONAL_REPRESENTATION('',(#11430),#11434);
#11430 = CIRCLE('',#11431,6.4E-02);
#11431 = AXIS2_PLACEMENT_2D('',#11432,#11433);
#11432 = CARTESIAN_POINT('',(0.736,-0.336));
#11433 = DIRECTION('',(-0.,-1.));
#11434 = ( GEOMETRIC_REPRESENTATION_CONTEXT(2) 
PARAMETRIC_REPRESENTATION_CONTEXT() REPRESENTATION_CONTEXT('2D SPACE',''
  ) );
#11435 = PCURVE('',#11173,#11436);
#11436 = DEFINITIONAL_REPRESENTATION('',(#11437),#11441);
#11437 = LINE('',#11438,#11439);
#11438 = CARTESIAN_POINT('',(0.,-2.22044604925E-16));
#11439 = VECTOR('',#11440,1.);
#11440 = DIRECTION('',(1.,0.));
#11441 = ( GEOMETRIC_REPRESENTATION_CONTEXT(2) 
PARAMETRIC_REPRESENTATION_CONTEXT() REPRESENTATION_CONTEXT('2D SPACE',''
  ) );
#11442 = ADVANCED_FACE('',(#11443),#11173,.T.);
#11443 = FACE_BOUND('',#11444,.T.);
#11444 = EDGE_LOOP('',(#11445,#11446,#11469,#11491));
#11445 = ORIENTED_EDGE('',*,*,#11421,.T.);
#11446 = ORIENTED_EDGE('',*,*,#11447,.T.);
#11447 = EDGE_CURVE('',#11394,#11448,#11450,.T.);
#11448 = VERTEX_POINT('',#11449);
#11449 = CARTESIAN_POINT('',(4.6,3.136,2.05));
#11450 = SURFACE_CURVE('',#11451,(#11455,#11462),.PCURVE_S1.);
#11451 = LINE('',#11452,#11453);
#11452 = CARTESIAN_POINT('',(4.6,3.136,1.6));
#11453 = VECTOR('',#11454,1.);
#11454 = DIRECTION('',(-0.,-0.,1.));
#11455 = PCURVE('',#11173,#11456);
#11456 = DEFINITIONAL_REPRESENTATION('',(#11457),#11461);
#11457 = LINE('',#11458,#11459);
#11458 = CARTESIAN_POINT('',(1.570796326795,0.));
#11459 = VECTOR('',#11460,1.);
#11460 = DIRECTION('',(0.,1.));
#11461 = ( GEOMETRIC_REPRESENTATION_CONTEXT(2) 
PARAMETRIC_REPRESENTATION_CONTEXT() REPRESENTATION_CONTEXT('2D SPACE',''
  ) );
#11462 = PCURVE('',#11409,#11463);
#11463 = DEFINITIONAL_REPRESENTATION('',(#11464),#11468);
#11464 = LINE('',#11465,#11466);
#11465 = CARTESIAN_POINT('',(-0.736,0.));
#11466 = VECTOR('',#11467,1.);
#11467 = DIRECTION('',(-0.,-1.));
#11468 = ( GEOMETRIC_REPRESENTATION_CONTEXT(2) 
PARAMETRIC_REPRESENTATION_CONTEXT() REPRESENTATION_CONTEXT('2D SPACE',''
  ) );
#11469 = ORIENTED_EDGE('',*,*,#11470,.F.);
#11470 = EDGE_CURVE('',#11158,#11448,#11471,.T.);
#11471 = SURFACE_CURVE('',#11472,(#11477,#11484),.PCURVE_S1.);
#11472 = CIRCLE('',#11473,6.4E-02);
#11473 = AXIS2_PLACEMENT_3D('',#11474,#11475,#11476);
#11474 = CARTESIAN_POINT('',(4.664,3.136,2.05));
#11475 = DIRECTION('',(-0.,0.,1.));
#11476 = DIRECTION('',(-0.,1.,-0.));
#11477 = PCURVE('',#11173,#11478);
#11478 = DEFINITIONAL_REPRESENTATION('',(#11479),#11483);
#11479 = LINE('',#11480,#11481);
#11480 = CARTESIAN_POINT('',(0.,0.45));
#11481 = VECTOR('',#11482,1.);
#11482 = DIRECTION('',(1.,0.));
#11483 = ( GEOMETRIC_REPRESENTATION_CONTEXT(2) 
PARAMETRIC_REPRESENTATION_CONTEXT() REPRESENTATION_CONTEXT('2D SPACE',''
  ) );
#11484 = PCURVE('',#11201,#11485);
#11485 = DEFINITIONAL_REPRESENTATION('',(#11486),#11490);
#11486 = CIRCLE('',#11487,6.4E-02);
#11487 = AXIS2_PLACEMENT_2D('',#11488,#11489);
#11488 = CARTESIAN_POINT('',(0.736,-0.336));
#11489 = DIRECTION('',(-0.,-1.));
#11490 = ( GEOMETRIC_REPRESENTATION_CONTEXT(2) 
PARAMETRIC_REPRESENTATION_CONTEXT() REPRESENTATION_CONTEXT('2D SPACE',''
  ) );
#11491 = ORIENTED_EDGE('',*,*,#11157,.F.);
#11492 = ADVANCED_FACE('',(#11493),#11227,.T.);
#11493 = FACE_BOUND('',#11494,.F.);
#11494 = EDGE_LOOP('',(#11495,#11496,#11519,#11545));
#11495 = ORIENTED_EDGE('',*,*,#11243,.T.);
#11496 = ORIENTED_EDGE('',*,*,#11497,.T.);
#11497 = EDGE_CURVE('',#11244,#11498,#11500,.T.);
#11498 = VERTEX_POINT('',#11499);
#11499 = CARTESIAN_POINT('',(6.2,3.136,2.05));
#11500 = SURFACE_CURVE('',#11501,(#11505,#11512),.PCURVE_S1.);
#11501 = LINE('',#11502,#11503);
#11502 = CARTESIAN_POINT('',(6.2,3.136,1.6));
#11503 = VECTOR('',#11504,1.);
#11504 = DIRECTION('',(-0.,-0.,1.));
#11505 = PCURVE('',#11227,#11506);
#11506 = DEFINITIONAL_REPRESENTATION('',(#11507),#11511);
#11507 = LINE('',#11508,#11509);
#11508 = CARTESIAN_POINT('',(-1.570796326795,0.));
#11509 = VECTOR('',#11510,1.);
#11510 = DIRECTION('',(-0.,1.));
#11511 = ( GEOMETRIC_REPRESENTATION_CONTEXT(2) 
PARAMETRIC_REPRESENTATION_CONTEXT() REPRESENTATION_CONTEXT('2D SPACE',''
  ) );
#11512 = PCURVE('',#11287,#11513);
#11513 = DEFINITIONAL_REPRESENTATION('',(#11514),#11518);
#11514 = LINE('',#11515,#11516);
#11515 = CARTESIAN_POINT('',(-6.4E-02,0.));
#11516 = VECTOR('',#11517,1.);
#11517 = DIRECTION('',(-0.,-1.));
#11518 = ( GEOMETRIC_REPRESENTATION_CONTEXT(2) 
PARAMETRIC_REPRESENTATION_CONTEXT() REPRESENTATION_CONTEXT('2D SPACE',''
  ) );
#11519 = ORIENTED_EDGE('',*,*,#11520,.F.);
#11520 = EDGE_CURVE('',#11186,#11498,#11521,.T.);
#11521 = SURFACE_CURVE('',#11522,(#11527,#11534),.PCURVE_S1.);
#11522 = CIRCLE('',#11523,6.4E-02);
#11523 = AXIS2_PLACEMENT_3D('',#11524,#11525,#11526);
#11524 = CARTESIAN_POINT('',(6.136,3.136,2.05));
#11525 = DIRECTION('',(-0.,-0.,-1.));
#11526 = DIRECTION('',(-0.,1.,-0.));
#11527 = PCURVE('',#11227,#11528);
#11528 = DEFINITIONAL_REPRESENTATION('',(#11529),#11533);
#11529 = LINE('',#11530,#11531);
#11530 = CARTESIAN_POINT('',(-0.,0.45));
#11531 = VECTOR('',#11532,1.);
#11532 = DIRECTION('',(-1.,0.));
#11533 = ( GEOMETRIC_REPRESENTATION_CONTEXT(2) 
PARAMETRIC_REPRESENTATION_CONTEXT() REPRESENTATION_CONTEXT('2D SPACE',''
  ) );
#11534 = PCURVE('',#11201,#11535);
#11535 = DEFINITIONAL_REPRESENTATION('',(#11536),#11544);
#11536 = ( BOUNDED_CURVE() B_SPLINE_CURVE(2,(#11537,#11538,#11539,#11540
    ,#11541,#11542,#11543),.UNSPECIFIED.,.T.,.F.) 
B_SPLINE_CURVE_WITH_KNOTS((1,2,2,2,2,1),(-2.094395102393,0.,
    2.094395102393,4.188790204786,6.28318530718,8.377580409573),
.UNSPECIFIED.) CURVE() GEOMETRIC_REPRESENTATION_ITEM() 
RATIONAL_B_SPLINE_CURVE((1.,0.5,1.,0.5,1.,0.5,1.)) REPRESENTATION_ITEM(
  '') );
#11537 = CARTESIAN_POINT('',(-0.736,-0.4));
#11538 = CARTESIAN_POINT('',(-0.846851251684,-0.4));
#11539 = CARTESIAN_POINT('',(-0.791425625842,-0.304));
#11540 = CARTESIAN_POINT('',(-0.736,-0.208));
#11541 = CARTESIAN_POINT('',(-0.680574374158,-0.304));
#11542 = CARTESIAN_POINT('',(-0.625148748316,-0.4));
#11543 = CARTESIAN_POINT('',(-0.736,-0.4));
#11544 = ( GEOMETRIC_REPRESENTATION_CONTEXT(2) 
PARAMETRIC_REPRESENTATION_CONTEXT() REPRESENTATION_CONTEXT('2D SPACE',''
  ) );
#11545 = ORIENTED_EDGE('',*,*,#11213,.F.);
#11546 = ADVANCED_FACE('',(#11547),#11201,.T.);
#11547 = FACE_BOUND('',#11548,.F.);
#11548 = EDGE_LOOP('',(#11549,#11550,#11551,#11574,#11602,#11625,#11653,
    #11674));
#11549 = ORIENTED_EDGE('',*,*,#11185,.T.);
#11550 = ORIENTED_EDGE('',*,*,#11520,.T.);
#11551 = ORIENTED_EDGE('',*,*,#11552,.T.);
#11552 = EDGE_CURVE('',#11498,#11553,#11555,.T.);
#11553 = VERTEX_POINT('',#11554);
#11554 = CARTESIAN_POINT('',(6.2,2.464,2.05));
#11555 = SURFACE_CURVE('',#11556,(#11560,#11567),.PCURVE_S1.);
#11556 = LINE('',#11557,#11558);
#11557 = CARTESIAN_POINT('',(6.2,3.2,2.05));
#11558 = VECTOR('',#11559,1.);
#11559 = DIRECTION('',(-0.,-1.,-0.));
#11560 = PCURVE('',#11201,#11561);
#11561 = DEFINITIONAL_REPRESENTATION('',(#11562),#11566);
#11562 = LINE('',#11563,#11564);
#11563 = CARTESIAN_POINT('',(-0.8,-0.4));
#11564 = VECTOR('',#11565,1.);
#11565 = DIRECTION('',(-0.,1.));
#11566 = ( GEOMETRIC_REPRESENTATION_CONTEXT(2) 
PARAMETRIC_REPRESENTATION_CONTEXT() REPRESENTATION_CONTEXT('2D SPACE',''
  ) );
#11567 = PCURVE('',#11287,#11568);
#11568 = DEFINITIONAL_REPRESENTATION('',(#11569),#11573);
#11569 = LINE('',#11570,#11571);
#11570 = CARTESIAN_POINT('',(-0.,-0.45));
#11571 = VECTOR('',#11572,1.);
#11572 = DIRECTION('',(-1.,0.));
#11573 = ( GEOMETRIC_REPRESENTATION_CONTEXT(2) 
PARAMETRIC_REPRESENTATION_CONTEXT() REPRESENTATION_CONTEXT('2D SPACE',''
  ) );
#11574 = ORIENTED_EDGE('',*,*,#11575,.T.);
#11575 = EDGE_CURVE('',#11553,#11576,#11578,.T.);
#11576 = VERTEX_POINT('',#11577);
#11577 = CARTESIAN_POINT('',(6.136,2.4,2.05));
#11578 = SURFACE_CURVE('',#11579,(#11584,#11595),.PCURVE_S1.);
#11579 = CIRCLE('',#11580,6.4E-02);
#11580 = AXIS2_PLACEMENT_3D('',#11581,#11582,#11583);
#11581 = CARTESIAN_POINT('',(6.136,2.464,2.05));
#11582 = DIRECTION('',(-0.,-0.,-1.));
#11583 = DIRECTION('',(-0.,1.,-0.));
#11584 = PCURVE('',#11201,#11585);
#11585 = DEFINITIONAL_REPRESENTATION('',(#11586),#11594);
#11586 = ( BOUNDED_CURVE() B_SPLINE_CURVE(2,(#11587,#11588,#11589,#11590
    ,#11591,#11592,#11593),.UNSPECIFIED.,.T.,.F.) 
B_SPLINE_CURVE_WITH_KNOTS((1,2,2,2,2,1),(-2.094395102393,0.,
    2.094395102393,4.188790204786,6.28318530718,8.377580409573),
.UNSPECIFIED.) CURVE() GEOMETRIC_REPRESENTATION_ITEM() 
RATIONAL_B_SPLINE_CURVE((1.,0.5,1.,0.5,1.,0.5,1.)) REPRESENTATION_ITEM(
  '') );
#11587 = CARTESIAN_POINT('',(-0.736,0.272));
#11588 = CARTESIAN_POINT('',(-0.846851251684,0.272));
#11589 = CARTESIAN_POINT('',(-0.791425625842,0.368));
#11590 = CARTESIAN_POINT('',(-0.736,0.464));
#11591 = CARTESIAN_POINT('',(-0.680574374158,0.368));
#11592 = CARTESIAN_POINT('',(-0.625148748316,0.272));
#11593 = CARTESIAN_POINT('',(-0.736,0.272));
#11594 = ( GEOMETRIC_REPRESENTATION_CONTEXT(2) 
PARAMETRIC_REPRESENTATION_CONTEXT() REPRESENTATION_CONTEXT('2D SPACE',''
  ) );
#11595 = PCURVE('',#11320,#11596);
#11596 = DEFINITIONAL_REPRESENTATION('',(#11597),#11601);
#11597 = LINE('',#11598,#11599);
#11598 = CARTESIAN_POINT('',(1.570796326795,0.45));
#11599 = VECTOR('',#11600,1.);
#11600 = DIRECTION('',(-1.,0.));
#11601 = ( GEOMETRIC_REPRESENTATION_CONTEXT(2) 
PARAMETRIC_REPRESENTATION_CONTEXT() REPRESENTATION_CONTEXT('2D SPACE',''
  ) );
#11602 = ORIENTED_EDGE('',*,*,#11603,.T.);
#11603 = EDGE_CURVE('',#11576,#11604,#11606,.T.);
#11604 = VERTEX_POINT('',#11605);
#11605 = CARTESIAN_POINT('',(4.664,2.4,2.05));
#11606 = SURFACE_CURVE('',#11607,(#11611,#11618),.PCURVE_S1.);
#11607 = LINE('',#11608,#11609);
#11608 = CARTESIAN_POINT('',(6.2,2.4,2.05));
#11609 = VECTOR('',#11610,1.);
#11610 = DIRECTION('',(-1.,-0.,-0.));
#11611 = PCURVE('',#11201,#11612);
#11612 = DEFINITIONAL_REPRESENTATION('',(#11613),#11617);
#11613 = LINE('',#11614,#11615);
#11614 = CARTESIAN_POINT('',(-0.8,0.4));
#11615 = VECTOR('',#11616,1.);
#11616 = DIRECTION('',(1.,-0.));
#11617 = ( GEOMETRIC_REPRESENTATION_CONTEXT(2) 
PARAMETRIC_REPRESENTATION_CONTEXT() REPRESENTATION_CONTEXT('2D SPACE',''
  ) );
#11618 = PCURVE('',#11348,#11619);
#11619 = DEFINITIONAL_REPRESENTATION('',(#11620),#11624);
#11620 = LINE('',#11621,#11622);
#11621 = CARTESIAN_POINT('',(-0.,-0.45));
#11622 = VECTOR('',#11623,1.);
#11623 = DIRECTION('',(-1.,0.));
#11624 = ( GEOMETRIC_REPRESENTATION_CONTEXT(2) 
PARAMETRIC_REPRESENTATION_CONTEXT() REPRESENTATION_CONTEXT('2D SPACE',''
  ) );
#11625 = ORIENTED_EDGE('',*,*,#11626,.T.);
#11626 = EDGE_CURVE('',#11604,#11627,#11629,.T.);
#11627 = VERTEX_POINT('',#11628);
#11628 = CARTESIAN_POINT('',(4.6,2.464,2.05));
#11629 = SURFACE_CURVE('',#11630,(#11635,#11646),.PCURVE_S1.);
#11630 = CIRCLE('',#11631,6.4E-02);
#11631 = AXIS2_PLACEMENT_3D('',#11632,#11633,#11634);
#11632 = CARTESIAN_POINT('',(4.664,2.464,2.05));
#11633 = DIRECTION('',(-0.,-0.,-1.));
#11634 = DIRECTION('',(-0.,1.,-0.));
#11635 = PCURVE('',#11201,#11636);
#11636 = DEFINITIONAL_REPRESENTATION('',(#11637),#11645);
#11637 = ( BOUNDED_CURVE() B_SPLINE_CURVE(2,(#11638,#11639,#11640,#11641
    ,#11642,#11643,#11644),.UNSPECIFIED.,.T.,.F.) 
B_SPLINE_CURVE_WITH_KNOTS((1,2,2,2,2,1),(-2.094395102393,0.,
    2.094395102393,4.188790204786,6.28318530718,8.377580409573),
.UNSPECIFIED.) CURVE() GEOMETRIC_REPRESENTATION_ITEM() 
RATIONAL_B_SPLINE_CURVE((1.,0.5,1.,0.5,1.,0.5,1.)) REPRESENTATION_ITEM(
  '') );
#11638 = CARTESIAN_POINT('',(0.736,0.272));
#11639 = CARTESIAN_POINT('',(0.625148748316,0.272));
#11640 = CARTESIAN_POINT('',(0.680574374158,0.368));
#11641 = CARTESIAN_POINT('',(0.736,0.464));
#11642 = CARTESIAN_POINT('',(0.791425625842,0.368));
#11643 = CARTESIAN_POINT('',(0.846851251684,0.272));
#11644 = CARTESIAN_POINT('',(0.736,0.272));
#11645 = ( GEOMETRIC_REPRESENTATION_CONTEXT(2) 
PARAMETRIC_REPRESENTATION_CONTEXT() REPRESENTATION_CONTEXT('2D SPACE',''
  ) );
#11646 = PCURVE('',#11381,#11647);
#11647 = DEFINITIONAL_REPRESENTATION('',(#11648),#11652);
#11648 = LINE('',#11649,#11650);
#11649 = CARTESIAN_POINT('',(3.14159265359,0.45));
#11650 = VECTOR('',#11651,1.);
#11651 = DIRECTION('',(-1.,0.));
#11652 = ( GEOMETRIC_REPRESENTATION_CONTEXT(2) 
PARAMETRIC_REPRESENTATION_CONTEXT() REPRESENTATION_CONTEXT('2D SPACE',''
  ) );
#11653 = ORIENTED_EDGE('',*,*,#11654,.T.);
#11654 = EDGE_CURVE('',#11627,#11448,#11655,.T.);
#11655 = SURFACE_CURVE('',#11656,(#11660,#11667),.PCURVE_S1.);
#11656 = LINE('',#11657,#11658);
#11657 = CARTESIAN_POINT('',(4.6,2.4,2.05));
#11658 = VECTOR('',#11659,1.);
#11659 = DIRECTION('',(-0.,1.,-0.));
#11660 = PCURVE('',#11201,#11661);
#11661 = DEFINITIONAL_REPRESENTATION('',(#11662),#11666);
#11662 = LINE('',#11663,#11664);
#11663 = CARTESIAN_POINT('',(0.8,0.4));
#11664 = VECTOR('',#11665,1.);
#11665 = DIRECTION('',(-0.,-1.));
#11666 = ( GEOMETRIC_REPRESENTATION_CONTEXT(2) 
PARAMETRIC_REPRESENTATION_CONTEXT() REPRESENTATION_CONTEXT('2D SPACE',''
  ) );
#11667 = PCURVE('',#11409,#11668);
#11668 = DEFINITIONAL_REPRESENTATION('',(#11669),#11673);
#11669 = LINE('',#11670,#11671);
#11670 = CARTESIAN_POINT('',(-0.,-0.45));
#11671 = VECTOR('',#11672,1.);
#11672 = DIRECTION('',(-1.,-0.));
#11673 = ( GEOMETRIC_REPRESENTATION_CONTEXT(2) 
PARAMETRIC_REPRESENTATION_CONTEXT() REPRESENTATION_CONTEXT('2D SPACE',''
  ) );
#11674 = ORIENTED_EDGE('',*,*,#11470,.F.);
#11675 = ADVANCED_FACE('',(#11676),#11409,.F.);
#11676 = FACE_BOUND('',#11677,.T.);
#11677 = EDGE_LOOP('',(#11678,#11679,#11700,#11701));
#11678 = ORIENTED_EDGE('',*,*,#11393,.F.);
#11679 = ORIENTED_EDGE('',*,*,#11680,.T.);
#11680 = EDGE_CURVE('',#11361,#11627,#11681,.T.);
#11681 = SURFACE_CURVE('',#11682,(#11686,#11693),.PCURVE_S1.);
#11682 = LINE('',#11683,#11684);
#11683 = CARTESIAN_POINT('',(4.6,2.464,1.6));
#11684 = VECTOR('',#11685,1.);
#11685 = DIRECTION('',(-0.,-0.,1.));
#11686 = PCURVE('',#11409,#11687);
#11687 = DEFINITIONAL_REPRESENTATION('',(#11688),#11692);
#11688 = LINE('',#11689,#11690);
#11689 = CARTESIAN_POINT('',(-6.4E-02,0.));
#11690 = VECTOR('',#11691,1.);
#11691 = DIRECTION('',(-0.,-1.));
#11692 = ( GEOMETRIC_REPRESENTATION_CONTEXT(2) 
PARAMETRIC_REPRESENTATION_CONTEXT() REPRESENTATION_CONTEXT('2D SPACE',''
  ) );
#11693 = PCURVE('',#11381,#11694);
#11694 = DEFINITIONAL_REPRESENTATION('',(#11695),#11699);
#11695 = LINE('',#11696,#11697);
#11696 = CARTESIAN_POINT('',(-1.570796326795,0.));
#11697 = VECTOR('',#11698,1.);
#11698 = DIRECTION('',(-0.,1.));
#11699 = ( GEOMETRIC_REPRESENTATION_CONTEXT(2) 
PARAMETRIC_REPRESENTATION_CONTEXT() REPRESENTATION_CONTEXT('2D SPACE',''
  ) );
#11700 = ORIENTED_EDGE('',*,*,#11654,.T.);
#11701 = ORIENTED_EDGE('',*,*,#11447,.F.);
#11702 = ADVANCED_FACE('',(#11703),#11287,.F.);
#11703 = FACE_BOUND('',#11704,.T.);
#11704 = EDGE_LOOP('',(#11705,#11706,#11707,#11708));
#11705 = ORIENTED_EDGE('',*,*,#11271,.F.);
#11706 = ORIENTED_EDGE('',*,*,#11497,.T.);
#11707 = ORIENTED_EDGE('',*,*,#11552,.T.);
#11708 = ORIENTED_EDGE('',*,*,#11709,.F.);
#11709 = EDGE_CURVE('',#11272,#11553,#11710,.T.);
#11710 = SURFACE_CURVE('',#11711,(#11715,#11722),.PCURVE_S1.);
#11711 = LINE('',#11712,#11713);
#11712 = CARTESIAN_POINT('',(6.2,2.464,1.6));
#11713 = VECTOR('',#11714,1.);
#11714 = DIRECTION('',(-0.,-0.,1.));
#11715 = PCURVE('',#11287,#11716);
#11716 = DEFINITIONAL_REPRESENTATION('',(#11717),#11721);
#11717 = LINE('',#11718,#11719);
#11718 = CARTESIAN_POINT('',(-0.736,0.));
#11719 = VECTOR('',#11720,1.);
#11720 = DIRECTION('',(-0.,-1.));
#11721 = ( GEOMETRIC_REPRESENTATION_CONTEXT(2) 
PARAMETRIC_REPRESENTATION_CONTEXT() REPRESENTATION_CONTEXT('2D SPACE',''
  ) );
#11722 = PCURVE('',#11320,#11723);
#11723 = DEFINITIONAL_REPRESENTATION('',(#11724),#11728);
#11724 = LINE('',#11725,#11726);
#11725 = CARTESIAN_POINT('',(-0.,0.));
#11726 = VECTOR('',#11727,1.);
#11727 = DIRECTION('',(-0.,1.));
#11728 = ( GEOMETRIC_REPRESENTATION_CONTEXT(2) 
PARAMETRIC_REPRESENTATION_CONTEXT() REPRESENTATION_CONTEXT('2D SPACE',''
  ) );
#11729 = ADVANCED_FACE('',(#11730),#11381,.T.);
#11730 = FACE_BOUND('',#11731,.F.);
#11731 = EDGE_LOOP('',(#11732,#11733,#11734,#11735));
#11732 = ORIENTED_EDGE('',*,*,#11360,.T.);
#11733 = ORIENTED_EDGE('',*,*,#11680,.T.);
#11734 = ORIENTED_EDGE('',*,*,#11626,.F.);
#11735 = ORIENTED_EDGE('',*,*,#11736,.F.);
#11736 = EDGE_CURVE('',#11333,#11604,#11737,.T.);
#11737 = SURFACE_CURVE('',#11738,(#11742,#11749),.PCURVE_S1.);
#11738 = LINE('',#11739,#11740);
#11739 = CARTESIAN_POINT('',(4.664,2.4,1.6));
#11740 = VECTOR('',#11741,1.);
#11741 = DIRECTION('',(-0.,-0.,1.));
#11742 = PCURVE('',#11381,#11743);
#11743 = DEFINITIONAL_REPRESENTATION('',(#11744),#11748);
#11744 = LINE('',#11745,#11746);
#11745 = CARTESIAN_POINT('',(-0.,0.));
#11746 = VECTOR('',#11747,1.);
#11747 = DIRECTION('',(-0.,1.));
#11748 = ( GEOMETRIC_REPRESENTATION_CONTEXT(2) 
PARAMETRIC_REPRESENTATION_CONTEXT() REPRESENTATION_CONTEXT('2D SPACE',''
  ) );
#11749 = PCURVE('',#11348,#11750);
#11750 = DEFINITIONAL_REPRESENTATION('',(#11751),#11755);
#11751 = LINE('',#11752,#11753);
#11752 = CARTESIAN_POINT('',(-1.536,0.));
#11753 = VECTOR('',#11754,1.);
#11754 = DIRECTION('',(-0.,-1.));
#11755 = ( GEOMETRIC_REPRESENTATION_CONTEXT(2) 
PARAMETRIC_REPRESENTATION_CONTEXT() REPRESENTATION_CONTEXT('2D SPACE',''
  ) );
#11756 = ADVANCED_FACE('',(#11757),#11320,.T.);
#11757 = FACE_BOUND('',#11758,.F.);
#11758 = EDGE_LOOP('',(#11759,#11760,#11781,#11782));
#11759 = ORIENTED_EDGE('',*,*,#11299,.T.);
#11760 = ORIENTED_EDGE('',*,*,#11761,.T.);
#11761 = EDGE_CURVE('',#11300,#11576,#11762,.T.);
#11762 = SURFACE_CURVE('',#11763,(#11767,#11774),.PCURVE_S1.);
#11763 = LINE('',#11764,#11765);
#11764 = CARTESIAN_POINT('',(6.136,2.4,1.6));
#11765 = VECTOR('',#11766,1.);
#11766 = DIRECTION('',(-0.,-0.,1.));
#11767 = PCURVE('',#11320,#11768);
#11768 = DEFINITIONAL_REPRESENTATION('',(#11769),#11773);
#11769 = LINE('',#11770,#11771);
#11770 = CARTESIAN_POINT('',(-1.570796326795,0.));
#11771 = VECTOR('',#11772,1.);
#11772 = DIRECTION('',(-0.,1.));
#11773 = ( GEOMETRIC_REPRESENTATION_CONTEXT(2) 
PARAMETRIC_REPRESENTATION_CONTEXT() REPRESENTATION_CONTEXT('2D SPACE',''
  ) );
#11774 = PCURVE('',#11348,#11775);
#11775 = DEFINITIONAL_REPRESENTATION('',(#11776),#11780);
#11776 = LINE('',#11777,#11778);
#11777 = CARTESIAN_POINT('',(-6.4E-02,0.));
#11778 = VECTOR('',#11779,1.);
#11779 = DIRECTION('',(-0.,-1.));
#11780 = ( GEOMETRIC_REPRESENTATION_CONTEXT(2) 
PARAMETRIC_REPRESENTATION_CONTEXT() REPRESENTATION_CONTEXT('2D SPACE',''
  ) );
#11781 = ORIENTED_EDGE('',*,*,#11575,.F.);
#11782 = ORIENTED_EDGE('',*,*,#11709,.F.);
#11783 = ADVANCED_FACE('',(#11784),#11348,.F.);
#11784 = FACE_BOUND('',#11785,.T.);
#11785 = EDGE_LOOP('',(#11786,#11787,#11788,#11789));
#11786 = ORIENTED_EDGE('',*,*,#11332,.F.);
#11787 = ORIENTED_EDGE('',*,*,#11761,.T.);
#11788 = ORIENTED_EDGE('',*,*,#11603,.T.);
#11789 = ORIENTED_EDGE('',*,*,#11736,.F.);
#11790 = ( GEOMETRIC_REPRESENTATION_CONTEXT(3) 
GLOBAL_UNCERTAINTY_ASSIGNED_CONTEXT((#11794)) 
GLOBAL_UNIT_ASSIGNED_CONTEXT((#11791,#11792,#11793)) 
REPRESENTATION_CONTEXT('Context #1',
  '3D Context with UNIT and UNCERTAINTY') );
#11791 = ( LENGTH_UNIT() NAMED_UNIT(*) SI_UNIT(.MILLI.,.METRE.) );
#11792 = ( NAMED_UNIT(*) PLANE_ANGLE_UNIT() SI_UNIT($,.RADIAN.) );
#11793 = ( NAMED_UNIT(*) SI_UNIT($,.STERADIAN.) SOLID_ANGLE_UNIT() );
#11794 = UNCERTAINTY_MEASURE_WITH_UNIT(LENGTH_MEASURE(1.E-07),#11791,
  'distance_accuracy_value','confusion accuracy');
#11795 = CONTEXT_DEPENDENT_SHAPE_REPRESENTATION(#11796,#11798);
#11796 = ( REPRESENTATION_RELATIONSHIP('','',#11115,#10) 
REPRESENTATION_RELATIONSHIP_WITH_TRANSFORMATION(#11797) 
SHAPE_REPRESENTATION_RELATIONSHIP() );
#11797 = ITEM_DEFINED_TRANSFORMATION('','',#11,#107);
#11798 = PRODUCT_DEFINITION_SHAPE('Placement','Placement of an item',
  #11799);
#11799 = NEXT_ASSEMBLY_USAGE_OCCURRENCE('86','RH3','',#5,#11110,$);
#11800 = PRODUCT_RELATED_PRODUCT_CATEGORY('part',$,(#11112));
#11801 = SHAPE_DEFINITION_REPRESENTATION(#11802,#11808);
#11802 = PRODUCT_DEFINITION_SHAPE('','',#11803);
#11803 = PRODUCT_DEFINITION('design','',#11804,#11807);
#11804 = PRODUCT_DEFINITION_FORMATION('','',#11805);
#11805 = PRODUCT('RL3','RL3','',(#11806));
#11806 = PRODUCT_CONTEXT('',#2,'mechanical');
#11807 = PRODUCT_DEFINITION_CONTEXT('part definition',#2,'design');
#11808 = ADVANCED_BREP_SHAPE_REPRESENTATION('',(#11,#11809),#12483);
#11809 = MANIFOLD_SOLID_BREP('',#11810);
#11810 = CLOSED_SHELL('',(#11811,#11931,#12135,#12185,#12239,#12368,
    #12395,#12422,#12449,#12476));
#11811 = ADVANCED_FACE('',(#11812),#11826,.F.);
#11812 = FACE_BOUND('',#11813,.T.);
#11813 = EDGE_LOOP('',(#11814,#11849,#11877,#11905));
#11814 = ORIENTED_EDGE('',*,*,#11815,.F.);
#11815 = EDGE_CURVE('',#11816,#11818,#11820,.T.);
#11816 = VERTEX_POINT('',#11817);
#11817 = CARTESIAN_POINT('',(4.664,-2.4,1.6));
#11818 = VERTEX_POINT('',#11819);
#11819 = CARTESIAN_POINT('',(6.136,-2.4,1.6));
#11820 = SURFACE_CURVE('',#11821,(#11825,#11837),.PCURVE_S1.);
#11821 = LINE('',#11822,#11823);
#11822 = CARTESIAN_POINT('',(4.6,-2.4,1.6));
#11823 = VECTOR('',#11824,1.);
#11824 = DIRECTION('',(1.,-0.,-0.));
#11825 = PCURVE('',#11826,#11831);
#11826 = PLANE('',#11827);
#11827 = AXIS2_PLACEMENT_3D('',#11828,#11829,#11830);
#11828 = CARTESIAN_POINT('',(4.6,-2.4,1.6));
#11829 = DIRECTION('',(-0.,-1.,-0.));
#11830 = DIRECTION('',(-1.,0.,0.));
#11831 = DEFINITIONAL_REPRESENTATION('',(#11832),#11836);
#11832 = LINE('',#11833,#11834);
#11833 = CARTESIAN_POINT('',(-0.,-0.));
#11834 = VECTOR('',#11835,1.);
#11835 = DIRECTION('',(-1.,-0.));
#11836 = ( GEOMETRIC_REPRESENTATION_CONTEXT(2) 
PARAMETRIC_REPRESENTATION_CONTEXT() REPRESENTATION_CONTEXT('2D SPACE',''
  ) );
#11837 = PCURVE('',#11838,#11843);
#11838 = PLANE('',#11839);
#11839 = AXIS2_PLACEMENT_3D('',#11840,#11841,#11842);
#11840 = CARTESIAN_POINT('',(5.4,-2.8,1.6));
#11841 = DIRECTION('',(-0.,-0.,1.));
#11842 = DIRECTION('',(-1.,0.,0.));
#11843 = DEFINITIONAL_REPRESENTATION('',(#11844),#11848);
#11844 = LINE('',#11845,#11846);
#11845 = CARTESIAN_POINT('',(0.8,-0.4));
#11846 = VECTOR('',#11847,1.);
#11847 = DIRECTION('',(-1.,0.));
#11848 = ( GEOMETRIC_REPRESENTATION_CONTEXT(2) 
PARAMETRIC_REPRESENTATION_CONTEXT() REPRESENTATION_CONTEXT('2D SPACE',''
  ) );
#11849 = ORIENTED_EDGE('',*,*,#11850,.T.);
#11850 = EDGE_CURVE('',#11816,#11851,#11853,.T.);
#11851 = VERTEX_POINT('',#11852);
#11852 = CARTESIAN_POINT('',(4.664,-2.4,2.05));
#11853 = SURFACE_CURVE('',#11854,(#11858,#11865),.PCURVE_S1.);
#11854 = LINE('',#11855,#11856);
#11855 = CARTESIAN_POINT('',(4.664,-2.4,1.6));
#11856 = VECTOR('',#11857,1.);
#11857 = DIRECTION('',(-0.,-0.,1.));
#11858 = PCURVE('',#11826,#11859);
#11859 = DEFINITIONAL_REPRESENTATION('',(#11860),#11864);
#11860 = LINE('',#11861,#11862);
#11861 = CARTESIAN_POINT('',(-6.4E-02,-0.));
#11862 = VECTOR('',#11863,1.);
#11863 = DIRECTION('',(-0.,-1.));
#11864 = ( GEOMETRIC_REPRESENTATION_CONTEXT(2) 
PARAMETRIC_REPRESENTATION_CONTEXT() REPRESENTATION_CONTEXT('2D SPACE',''
  ) );
#11865 = PCURVE('',#11866,#11871);
#11866 = CYLINDRICAL_SURFACE('',#11867,6.4E-02);
#11867 = AXIS2_PLACEMENT_3D('',#11868,#11869,#11870);
#11868 = CARTESIAN_POINT('',(4.664,-2.464,1.6));
#11869 = DIRECTION('',(-0.,-0.,1.));
#11870 = DIRECTION('',(-0.,1.,-0.));
#11871 = DEFINITIONAL_REPRESENTATION('',(#11872),#11876);
#11872 = LINE('',#11873,#11874);
#11873 = CARTESIAN_POINT('',(0.,0.));
#11874 = VECTOR('',#11875,1.);
#11875 = DIRECTION('',(0.,1.));
#11876 = ( GEOMETRIC_REPRESENTATION_CONTEXT(2) 
PARAMETRIC_REPRESENTATION_CONTEXT() REPRESENTATION_CONTEXT('2D SPACE',''
  ) );
#11877 = ORIENTED_EDGE('',*,*,#11878,.T.);
#11878 = EDGE_CURVE('',#11851,#11879,#11881,.T.);
#11879 = VERTEX_POINT('',#11880);
#11880 = CARTESIAN_POINT('',(6.136,-2.4,2.05));
#11881 = SURFACE_CURVE('',#11882,(#11886,#11893),.PCURVE_S1.);
#11882 = LINE('',#11883,#11884);
#11883 = CARTESIAN_POINT('',(4.6,-2.4,2.05));
#11884 = VECTOR('',#11885,1.);
#11885 = DIRECTION('',(1.,-0.,-0.));
#11886 = PCURVE('',#11826,#11887);
#11887 = DEFINITIONAL_REPRESENTATION('',(#11888),#11892);
#11888 = LINE('',#11889,#11890);
#11889 = CARTESIAN_POINT('',(-0.,-0.45));
#11890 = VECTOR('',#11891,1.);
#11891 = DIRECTION('',(-1.,-0.));
#11892 = ( GEOMETRIC_REPRESENTATION_CONTEXT(2) 
PARAMETRIC_REPRESENTATION_CONTEXT() REPRESENTATION_CONTEXT('2D SPACE',''
  ) );
#11893 = PCURVE('',#11894,#11899);
#11894 = PLANE('',#11895);
#11895 = AXIS2_PLACEMENT_3D('',#11896,#11897,#11898);
#11896 = CARTESIAN_POINT('',(5.4,-2.8,2.05));
#11897 = DIRECTION('',(-0.,-0.,1.));
#11898 = DIRECTION('',(-1.,0.,0.));
#11899 = DEFINITIONAL_REPRESENTATION('',(#11900),#11904);
#11900 = LINE('',#11901,#11902);
#11901 = CARTESIAN_POINT('',(0.8,-0.4));
#11902 = VECTOR('',#11903,1.);
#11903 = DIRECTION('',(-1.,0.));
#11904 = ( GEOMETRIC_REPRESENTATION_CONTEXT(2) 
PARAMETRIC_REPRESENTATION_CONTEXT() REPRESENTATION_CONTEXT('2D SPACE',''
  ) );
#11905 = ORIENTED_EDGE('',*,*,#11906,.F.);
#11906 = EDGE_CURVE('',#11818,#11879,#11907,.T.);
#11907 = SURFACE_CURVE('',#11908,(#11912,#11919),.PCURVE_S1.);
#11908 = LINE('',#11909,#11910);
#11909 = CARTESIAN_POINT('',(6.136,-2.4,1.6));
#11910 = VECTOR('',#11911,1.);
#11911 = DIRECTION('',(-0.,-0.,1.));
#11912 = PCURVE('',#11826,#11913);
#11913 = DEFINITIONAL_REPRESENTATION('',(#11914),#11918);
#11914 = LINE('',#11915,#11916);
#11915 = CARTESIAN_POINT('',(-1.536,-0.));
#11916 = VECTOR('',#11917,1.);
#11917 = DIRECTION('',(-0.,-1.));
#11918 = ( GEOMETRIC_REPRESENTATION_CONTEXT(2) 
PARAMETRIC_REPRESENTATION_CONTEXT() REPRESENTATION_CONTEXT('2D SPACE',''
  ) );
#11919 = PCURVE('',#11920,#11925);
#11920 = CYLINDRICAL_SURFACE('',#11921,6.4E-02);
#11921 = AXIS2_PLACEMENT_3D('',#11922,#11923,#11924);
#11922 = CARTESIAN_POINT('',(6.136,-2.464,1.6));
#11923 = DIRECTION('',(-0.,-0.,1.));
#11924 = DIRECTION('',(-0.,1.,-0.));
#11925 = DEFINITIONAL_REPRESENTATION('',(#11926),#11930);
#11926 = LINE('',#11927,#11928);
#11927 = CARTESIAN_POINT('',(-0.,0.));
#11928 = VECTOR('',#11929,1.);
#11929 = DIRECTION('',(-0.,1.));
#11930 = ( GEOMETRIC_REPRESENTATION_CONTEXT(2) 
PARAMETRIC_REPRESENTATION_CONTEXT() REPRESENTATION_CONTEXT('2D SPACE',''
  ) );
#11931 = ADVANCED_FACE('',(#11932),#11838,.F.);
#11932 = FACE_BOUND('',#11933,.T.);
#11933 = EDGE_LOOP('',(#11934,#11935,#11963,#11991,#12024,#12052,#12085,
    #12113));
#11934 = ORIENTED_EDGE('',*,*,#11815,.T.);
#11935 = ORIENTED_EDGE('',*,*,#11936,.T.);
#11936 = EDGE_CURVE('',#11818,#11937,#11939,.T.);
#11937 = VERTEX_POINT('',#11938);
#11938 = CARTESIAN_POINT('',(6.2,-2.464,1.6));
#11939 = SURFACE_CURVE('',#11940,(#11945,#11956),.PCURVE_S1.);
#11940 = CIRCLE('',#11941,6.4E-02);
#11941 = AXIS2_PLACEMENT_3D('',#11942,#11943,#11944);
#11942 = CARTESIAN_POINT('',(6.136,-2.464,1.6));
#11943 = DIRECTION('',(-0.,-0.,-1.));
#11944 = DIRECTION('',(-0.,1.,-0.));
#11945 = PCURVE('',#11838,#11946);
#11946 = DEFINITIONAL_REPRESENTATION('',(#11947),#11955);
#11947 = ( BOUNDED_CURVE() B_SPLINE_CURVE(2,(#11948,#11949,#11950,#11951
    ,#11952,#11953,#11954),.UNSPECIFIED.,.T.,.F.) 
B_SPLINE_CURVE_WITH_KNOTS((1,2,2,2,2,1),(-2.094395102393,0.,
    2.094395102393,4.188790204786,6.28318530718,8.377580409573),
.UNSPECIFIED.) CURVE() GEOMETRIC_REPRESENTATION_ITEM() 
RATIONAL_B_SPLINE_CURVE((1.,0.5,1.,0.5,1.,0.5,1.)) REPRESENTATION_ITEM(
  '') );
#11948 = CARTESIAN_POINT('',(-0.736,-0.4));
#11949 = CARTESIAN_POINT('',(-0.846851251684,-0.4));
#11950 = CARTESIAN_POINT('',(-0.791425625842,-0.304));
#11951 = CARTESIAN_POINT('',(-0.736,-0.208));
#11952 = CARTESIAN_POINT('',(-0.680574374158,-0.304));
#11953 = CARTESIAN_POINT('',(-0.625148748316,-0.4));
#11954 = CARTESIAN_POINT('',(-0.736,-0.4));
#11955 = ( GEOMETRIC_REPRESENTATION_CONTEXT(2) 
PARAMETRIC_REPRESENTATION_CONTEXT() REPRESENTATION_CONTEXT('2D SPACE',''
  ) );
#11956 = PCURVE('',#11920,#11957);
#11957 = DEFINITIONAL_REPRESENTATION('',(#11958),#11962);
#11958 = LINE('',#11959,#11960);
#11959 = CARTESIAN_POINT('',(-0.,-2.22044604925E-16));
#11960 = VECTOR('',#11961,1.);
#11961 = DIRECTION('',(-1.,0.));
#11962 = ( GEOMETRIC_REPRESENTATION_CONTEXT(2) 
PARAMETRIC_REPRESENTATION_CONTEXT() REPRESENTATION_CONTEXT('2D SPACE',''
  ) );
#11963 = ORIENTED_EDGE('',*,*,#11964,.T.);
#11964 = EDGE_CURVE('',#11937,#11965,#11967,.T.);
#11965 = VERTEX_POINT('',#11966);
#11966 = CARTESIAN_POINT('',(6.2,-3.136,1.6));
#11967 = SURFACE_CURVE('',#11968,(#11972,#11979),.PCURVE_S1.);
#11968 = LINE('',#11969,#11970);
#11969 = CARTESIAN_POINT('',(6.2,-2.4,1.6));
#11970 = VECTOR('',#11971,1.);
#11971 = DIRECTION('',(-0.,-1.,-0.));
#11972 = PCURVE('',#11838,#11973);
#11973 = DEFINITIONAL_REPRESENTATION('',(#11974),#11978);
#11974 = LINE('',#11975,#11976);
#11975 = CARTESIAN_POINT('',(-0.8,-0.4));
#11976 = VECTOR('',#11977,1.);
#11977 = DIRECTION('',(-0.,1.));
#11978 = ( GEOMETRIC_REPRESENTATION_CONTEXT(2) 
PARAMETRIC_REPRESENTATION_CONTEXT() REPRESENTATION_CONTEXT('2D SPACE',''
  ) );
#11979 = PCURVE('',#11980,#11985);
#11980 = PLANE('',#11981);
#11981 = AXIS2_PLACEMENT_3D('',#11982,#11983,#11984);
#11982 = CARTESIAN_POINT('',(6.2,-2.4,1.6));
#11983 = DIRECTION('',(-1.,-0.,-0.));
#11984 = DIRECTION('',(0.,1.,0.));
#11985 = DEFINITIONAL_REPRESENTATION('',(#11986),#11990);
#11986 = LINE('',#11987,#11988);
#11987 = CARTESIAN_POINT('',(-0.,-0.));
#11988 = VECTOR('',#11989,1.);
#11989 = DIRECTION('',(-1.,0.));
#11990 = ( GEOMETRIC_REPRESENTATION_CONTEXT(2) 
PARAMETRIC_REPRESENTATION_CONTEXT() REPRESENTATION_CONTEXT('2D SPACE',''
  ) );
#11991 = ORIENTED_EDGE('',*,*,#11992,.T.);
#11992 = EDGE_CURVE('',#11965,#11993,#11995,.T.);
#11993 = VERTEX_POINT('',#11994);
#11994 = CARTESIAN_POINT('',(6.136,-3.2,1.6));
#11995 = SURFACE_CURVE('',#11996,(#12001,#12012),.PCURVE_S1.);
#11996 = CIRCLE('',#11997,6.4E-02);
#11997 = AXIS2_PLACEMENT_3D('',#11998,#11999,#12000);
#11998 = CARTESIAN_POINT('',(6.136,-3.136,1.6));
#11999 = DIRECTION('',(-0.,-0.,-1.));
#12000 = DIRECTION('',(-0.,1.,-0.));
#12001 = PCURVE('',#11838,#12002);
#12002 = DEFINITIONAL_REPRESENTATION('',(#12003),#12011);
#12003 = ( BOUNDED_CURVE() B_SPLINE_CURVE(2,(#12004,#12005,#12006,#12007
    ,#12008,#12009,#12010),.UNSPECIFIED.,.T.,.F.) 
B_SPLINE_CURVE_WITH_KNOTS((1,2,2,2,2,1),(-2.094395102393,0.,
    2.094395102393,4.188790204786,6.28318530718,8.377580409573),
.UNSPECIFIED.) CURVE() GEOMETRIC_REPRESENTATION_ITEM() 
RATIONAL_B_SPLINE_CURVE((1.,0.5,1.,0.5,1.,0.5,1.)) REPRESENTATION_ITEM(
  '') );
#12004 = CARTESIAN_POINT('',(-0.736,0.272));
#12005 = CARTESIAN_POINT('',(-0.846851251684,0.272));
#12006 = CARTESIAN_POINT('',(-0.791425625842,0.368));
#12007 = CARTESIAN_POINT('',(-0.736,0.464));
#12008 = CARTESIAN_POINT('',(-0.680574374158,0.368));
#12009 = CARTESIAN_POINT('',(-0.625148748316,0.272));
#12010 = CARTESIAN_POINT('',(-0.736,0.272));
#12011 = ( GEOMETRIC_REPRESENTATION_CONTEXT(2) 
PARAMETRIC_REPRESENTATION_CONTEXT() REPRESENTATION_CONTEXT('2D SPACE',''
  ) );
#12012 = PCURVE('',#12013,#12018);
#12013 = CYLINDRICAL_SURFACE('',#12014,6.4E-02);
#12014 = AXIS2_PLACEMENT_3D('',#12015,#12016,#12017);
#12015 = CARTESIAN_POINT('',(6.136,-3.136,1.6));
#12016 = DIRECTION('',(-0.,-0.,1.));
#12017 = DIRECTION('',(1.,-0.,-0.));
#12018 = DEFINITIONAL_REPRESENTATION('',(#12019),#12023);
#12019 = LINE('',#12020,#12021);
#12020 = CARTESIAN_POINT('',(1.570796326795,-2.22044604925E-16));
#12021 = VECTOR('',#12022,1.);
#12022 = DIRECTION('',(-1.,0.));
#12023 = ( GEOMETRIC_REPRESENTATION_CONTEXT(2) 
PARAMETRIC_REPRESENTATION_CONTEXT() REPRESENTATION_CONTEXT('2D SPACE',''
  ) );
#12024 = ORIENTED_EDGE('',*,*,#12025,.T.);
#12025 = EDGE_CURVE('',#11993,#12026,#12028,.T.);
#12026 = VERTEX_POINT('',#12027);
#12027 = CARTESIAN_POINT('',(4.664,-3.2,1.6));
#12028 = SURFACE_CURVE('',#12029,(#12033,#12040),.PCURVE_S1.);
#12029 = LINE('',#12030,#12031);
#12030 = CARTESIAN_POINT('',(6.2,-3.2,1.6));
#12031 = VECTOR('',#12032,1.);
#12032 = DIRECTION('',(-1.,-0.,-0.));
#12033 = PCURVE('',#11838,#12034);
#12034 = DEFINITIONAL_REPRESENTATION('',(#12035),#12039);
#12035 = LINE('',#12036,#12037);
#12036 = CARTESIAN_POINT('',(-0.8,0.4));
#12037 = VECTOR('',#12038,1.);
#12038 = DIRECTION('',(1.,-0.));
#12039 = ( GEOMETRIC_REPRESENTATION_CONTEXT(2) 
PARAMETRIC_REPRESENTATION_CONTEXT() REPRESENTATION_CONTEXT('2D SPACE',''
  ) );
#12040 = PCURVE('',#12041,#12046);
#12041 = PLANE('',#12042);
#12042 = AXIS2_PLACEMENT_3D('',#12043,#12044,#12045);
#12043 = CARTESIAN_POINT('',(6.2,-3.2,1.6));
#12044 = DIRECTION('',(-0.,1.,-0.));
#12045 = DIRECTION('',(1.,0.,0.));
#12046 = DEFINITIONAL_REPRESENTATION('',(#12047),#12051);
#12047 = LINE('',#12048,#12049);
#12048 = CARTESIAN_POINT('',(0.,-0.));
#12049 = VECTOR('',#12050,1.);
#12050 = DIRECTION('',(-1.,0.));
#12051 = ( GEOMETRIC_REPRESENTATION_CONTEXT(2) 
PARAMETRIC_REPRESENTATION_CONTEXT() REPRESENTATION_CONTEXT('2D SPACE',''
  ) );
#12052 = ORIENTED_EDGE('',*,*,#12053,.T.);
#12053 = EDGE_CURVE('',#12026,#12054,#12056,.T.);
#12054 = VERTEX_POINT('',#12055);
#12055 = CARTESIAN_POINT('',(4.6,-3.136,1.6));
#12056 = SURFACE_CURVE('',#12057,(#12062,#12073),.PCURVE_S1.);
#12057 = CIRCLE('',#12058,6.4E-02);
#12058 = AXIS2_PLACEMENT_3D('',#12059,#12060,#12061);
#12059 = CARTESIAN_POINT('',(4.664,-3.136,1.6));
#12060 = DIRECTION('',(-0.,-0.,-1.));
#12061 = DIRECTION('',(-0.,1.,-0.));
#12062 = PCURVE('',#11838,#12063);
#12063 = DEFINITIONAL_REPRESENTATION('',(#12064),#12072);
#12064 = ( BOUNDED_CURVE() B_SPLINE_CURVE(2,(#12065,#12066,#12067,#12068
    ,#12069,#12070,#12071),.UNSPECIFIED.,.T.,.F.) 
B_SPLINE_CURVE_WITH_KNOTS((1,2,2,2,2,1),(-2.094395102393,0.,
    2.094395102393,4.188790204786,6.28318530718,8.377580409573),
.UNSPECIFIED.) CURVE() GEOMETRIC_REPRESENTATION_ITEM() 
RATIONAL_B_SPLINE_CURVE((1.,0.5,1.,0.5,1.,0.5,1.)) REPRESENTATION_ITEM(
  '') );
#12065 = CARTESIAN_POINT('',(0.736,0.272));
#12066 = CARTESIAN_POINT('',(0.625148748316,0.272));
#12067 = CARTESIAN_POINT('',(0.680574374158,0.368));
#12068 = CARTESIAN_POINT('',(0.736,0.464));
#12069 = CARTESIAN_POINT('',(0.791425625842,0.368));
#12070 = CARTESIAN_POINT('',(0.846851251684,0.272));
#12071 = CARTESIAN_POINT('',(0.736,0.272));
#12072 = ( GEOMETRIC_REPRESENTATION_CONTEXT(2) 
PARAMETRIC_REPRESENTATION_CONTEXT() REPRESENTATION_CONTEXT('2D SPACE',''
  ) );
#12073 = PCURVE('',#12074,#12079);
#12074 = CYLINDRICAL_SURFACE('',#12075,6.4E-02);
#12075 = AXIS2_PLACEMENT_3D('',#12076,#12077,#12078);
#12076 = CARTESIAN_POINT('',(4.664,-3.136,1.6));
#12077 = DIRECTION('',(-0.,-0.,1.));
#12078 = DIRECTION('',(-0.,-1.,-0.));
#12079 = DEFINITIONAL_REPRESENTATION('',(#12080),#12084);
#12080 = LINE('',#12081,#12082);
#12081 = CARTESIAN_POINT('',(3.14159265359,-2.22044604925E-16));
#12082 = VECTOR('',#12083,1.);
#12083 = DIRECTION('',(-1.,0.));
#12084 = ( GEOMETRIC_REPRESENTATION_CONTEXT(2) 
PARAMETRIC_REPRESENTATION_CONTEXT() REPRESENTATION_CONTEXT('2D SPACE',''
  ) );
#12085 = ORIENTED_EDGE('',*,*,#12086,.T.);
#12086 = EDGE_CURVE('',#12054,#12087,#12089,.T.);
#12087 = VERTEX_POINT('',#12088);
#12088 = CARTESIAN_POINT('',(4.6,-2.464,1.6));
#12089 = SURFACE_CURVE('',#12090,(#12094,#12101),.PCURVE_S1.);
#12090 = LINE('',#12091,#12092);
#12091 = CARTESIAN_POINT('',(4.6,-3.2,1.6));
#12092 = VECTOR('',#12093,1.);
#12093 = DIRECTION('',(-0.,1.,-0.));
#12094 = PCURVE('',#11838,#12095);
#12095 = DEFINITIONAL_REPRESENTATION('',(#12096),#12100);
#12096 = LINE('',#12097,#12098);
#12097 = CARTESIAN_POINT('',(0.8,0.4));
#12098 = VECTOR('',#12099,1.);
#12099 = DIRECTION('',(-0.,-1.));
#12100 = ( GEOMETRIC_REPRESENTATION_CONTEXT(2) 
PARAMETRIC_REPRESENTATION_CONTEXT() REPRESENTATION_CONTEXT('2D SPACE',''
  ) );
#12101 = PCURVE('',#12102,#12107);
#12102 = PLANE('',#12103);
#12103 = AXIS2_PLACEMENT_3D('',#12104,#12105,#12106);
#12104 = CARTESIAN_POINT('',(4.6,-3.2,1.6));
#12105 = DIRECTION('',(1.,-0.,-0.));
#12106 = DIRECTION('',(0.,-1.,0.));
#12107 = DEFINITIONAL_REPRESENTATION('',(#12108),#12112);
#12108 = LINE('',#12109,#12110);
#12109 = CARTESIAN_POINT('',(-0.,0.));
#12110 = VECTOR('',#12111,1.);
#12111 = DIRECTION('',(-1.,-0.));
#12112 = ( GEOMETRIC_REPRESENTATION_CONTEXT(2) 
PARAMETRIC_REPRESENTATION_CONTEXT() REPRESENTATION_CONTEXT('2D SPACE',''
  ) );
#12113 = ORIENTED_EDGE('',*,*,#12114,.F.);
#12114 = EDGE_CURVE('',#11816,#12087,#12115,.T.);
#12115 = SURFACE_CURVE('',#12116,(#12121,#12128),.PCURVE_S1.);
#12116 = CIRCLE('',#12117,6.4E-02);
#12117 = AXIS2_PLACEMENT_3D('',#12118,#12119,#12120);
#12118 = CARTESIAN_POINT('',(4.664,-2.464,1.6));
#12119 = DIRECTION('',(-0.,0.,1.));
#12120 = DIRECTION('',(-0.,1.,-0.));
#12121 = PCURVE('',#11838,#12122);
#12122 = DEFINITIONAL_REPRESENTATION('',(#12123),#12127);
#12123 = CIRCLE('',#12124,6.4E-02);
#12124 = AXIS2_PLACEMENT_2D('',#12125,#12126);
#12125 = CARTESIAN_POINT('',(0.736,-0.336));
#12126 = DIRECTION('',(-0.,-1.));
#12127 = ( GEOMETRIC_REPRESENTATION_CONTEXT(2) 
PARAMETRIC_REPRESENTATION_CONTEXT() REPRESENTATION_CONTEXT('2D SPACE',''
  ) );
#12128 = PCURVE('',#11866,#12129);
#12129 = DEFINITIONAL_REPRESENTATION('',(#12130),#12134);
#12130 = LINE('',#12131,#12132);
#12131 = CARTESIAN_POINT('',(0.,-2.22044604925E-16));
#12132 = VECTOR('',#12133,1.);
#12133 = DIRECTION('',(1.,0.));
#12134 = ( GEOMETRIC_REPRESENTATION_CONTEXT(2) 
PARAMETRIC_REPRESENTATION_CONTEXT() REPRESENTATION_CONTEXT('2D SPACE',''
  ) );
#12135 = ADVANCED_FACE('',(#12136),#11866,.T.);
#12136 = FACE_BOUND('',#12137,.T.);
#12137 = EDGE_LOOP('',(#12138,#12139,#12162,#12184));
#12138 = ORIENTED_EDGE('',*,*,#12114,.T.);
#12139 = ORIENTED_EDGE('',*,*,#12140,.T.);
#12140 = EDGE_CURVE('',#12087,#12141,#12143,.T.);
#12141 = VERTEX_POINT('',#12142);
#12142 = CARTESIAN_POINT('',(4.6,-2.464,2.05));
#12143 = SURFACE_CURVE('',#12144,(#12148,#12155),.PCURVE_S1.);
#12144 = LINE('',#12145,#12146);
#12145 = CARTESIAN_POINT('',(4.6,-2.464,1.6));
#12146 = VECTOR('',#12147,1.);
#12147 = DIRECTION('',(-0.,-0.,1.));
#12148 = PCURVE('',#11866,#12149);
#12149 = DEFINITIONAL_REPRESENTATION('',(#12150),#12154);
#12150 = LINE('',#12151,#12152);
#12151 = CARTESIAN_POINT('',(1.570796326795,0.));
#12152 = VECTOR('',#12153,1.);
#12153 = DIRECTION('',(0.,1.));
#12154 = ( GEOMETRIC_REPRESENTATION_CONTEXT(2) 
PARAMETRIC_REPRESENTATION_CONTEXT() REPRESENTATION_CONTEXT('2D SPACE',''
  ) );
#12155 = PCURVE('',#12102,#12156);
#12156 = DEFINITIONAL_REPRESENTATION('',(#12157),#12161);
#12157 = LINE('',#12158,#12159);
#12158 = CARTESIAN_POINT('',(-0.736,0.));
#12159 = VECTOR('',#12160,1.);
#12160 = DIRECTION('',(-0.,-1.));
#12161 = ( GEOMETRIC_REPRESENTATION_CONTEXT(2) 
PARAMETRIC_REPRESENTATION_CONTEXT() REPRESENTATION_CONTEXT('2D SPACE',''
  ) );
#12162 = ORIENTED_EDGE('',*,*,#12163,.F.);
#12163 = EDGE_CURVE('',#11851,#12141,#12164,.T.);
#12164 = SURFACE_CURVE('',#12165,(#12170,#12177),.PCURVE_S1.);
#12165 = CIRCLE('',#12166,6.4E-02);
#12166 = AXIS2_PLACEMENT_3D('',#12167,#12168,#12169);
#12167 = CARTESIAN_POINT('',(4.664,-2.464,2.05));
#12168 = DIRECTION('',(-0.,0.,1.));
#12169 = DIRECTION('',(-0.,1.,-0.));
#12170 = PCURVE('',#11866,#12171);
#12171 = DEFINITIONAL_REPRESENTATION('',(#12172),#12176);
#12172 = LINE('',#12173,#12174);
#12173 = CARTESIAN_POINT('',(0.,0.45));
#12174 = VECTOR('',#12175,1.);
#12175 = DIRECTION('',(1.,0.));
#12176 = ( GEOMETRIC_REPRESENTATION_CONTEXT(2) 
PARAMETRIC_REPRESENTATION_CONTEXT() REPRESENTATION_CONTEXT('2D SPACE',''
  ) );
#12177 = PCURVE('',#11894,#12178);
#12178 = DEFINITIONAL_REPRESENTATION('',(#12179),#12183);
#12179 = CIRCLE('',#12180,6.4E-02);
#12180 = AXIS2_PLACEMENT_2D('',#12181,#12182);
#12181 = CARTESIAN_POINT('',(0.736,-0.336));
#12182 = DIRECTION('',(-0.,-1.));
#12183 = ( GEOMETRIC_REPRESENTATION_CONTEXT(2) 
PARAMETRIC_REPRESENTATION_CONTEXT() REPRESENTATION_CONTEXT('2D SPACE',''
  ) );
#12184 = ORIENTED_EDGE('',*,*,#11850,.F.);
#12185 = ADVANCED_FACE('',(#12186),#11920,.T.);
#12186 = FACE_BOUND('',#12187,.F.);
#12187 = EDGE_LOOP('',(#12188,#12189,#12212,#12238));
#12188 = ORIENTED_EDGE('',*,*,#11936,.T.);
#12189 = ORIENTED_EDGE('',*,*,#12190,.T.);
#12190 = EDGE_CURVE('',#11937,#12191,#12193,.T.);
#12191 = VERTEX_POINT('',#12192);
#12192 = CARTESIAN_POINT('',(6.2,-2.464,2.05));
#12193 = SURFACE_CURVE('',#12194,(#12198,#12205),.PCURVE_S1.);
#12194 = LINE('',#12195,#12196);
#12195 = CARTESIAN_POINT('',(6.2,-2.464,1.6));
#12196 = VECTOR('',#12197,1.);
#12197 = DIRECTION('',(-0.,-0.,1.));
#12198 = PCURVE('',#11920,#12199);
#12199 = DEFINITIONAL_REPRESENTATION('',(#12200),#12204);
#12200 = LINE('',#12201,#12202);
#12201 = CARTESIAN_POINT('',(-1.570796326795,0.));
#12202 = VECTOR('',#12203,1.);
#12203 = DIRECTION('',(-0.,1.));
#12204 = ( GEOMETRIC_REPRESENTATION_CONTEXT(2) 
PARAMETRIC_REPRESENTATION_CONTEXT() REPRESENTATION_CONTEXT('2D SPACE',''
  ) );
#12205 = PCURVE('',#11980,#12206);
#12206 = DEFINITIONAL_REPRESENTATION('',(#12207),#12211);
#12207 = LINE('',#12208,#12209);
#12208 = CARTESIAN_POINT('',(-6.4E-02,0.));
#12209 = VECTOR('',#12210,1.);
#12210 = DIRECTION('',(-0.,-1.));
#12211 = ( GEOMETRIC_REPRESENTATION_CONTEXT(2) 
PARAMETRIC_REPRESENTATION_CONTEXT() REPRESENTATION_CONTEXT('2D SPACE',''
  ) );
#12212 = ORIENTED_EDGE('',*,*,#12213,.F.);
#12213 = EDGE_CURVE('',#11879,#12191,#12214,.T.);
#12214 = SURFACE_CURVE('',#12215,(#12220,#12227),.PCURVE_S1.);
#12215 = CIRCLE('',#12216,6.4E-02);
#12216 = AXIS2_PLACEMENT_3D('',#12217,#12218,#12219);
#12217 = CARTESIAN_POINT('',(6.136,-2.464,2.05));
#12218 = DIRECTION('',(-0.,-0.,-1.));
#12219 = DIRECTION('',(-0.,1.,-0.));
#12220 = PCURVE('',#11920,#12221);
#12221 = DEFINITIONAL_REPRESENTATION('',(#12222),#12226);
#12222 = LINE('',#12223,#12224);
#12223 = CARTESIAN_POINT('',(-0.,0.45));
#12224 = VECTOR('',#12225,1.);
#12225 = DIRECTION('',(-1.,0.));
#12226 = ( GEOMETRIC_REPRESENTATION_CONTEXT(2) 
PARAMETRIC_REPRESENTATION_CONTEXT() REPRESENTATION_CONTEXT('2D SPACE',''
  ) );
#12227 = PCURVE('',#11894,#12228);
#12228 = DEFINITIONAL_REPRESENTATION('',(#12229),#12237);
#12229 = ( BOUNDED_CURVE() B_SPLINE_CURVE(2,(#12230,#12231,#12232,#12233
    ,#12234,#12235,#12236),.UNSPECIFIED.,.T.,.F.) 
B_SPLINE_CURVE_WITH_KNOTS((1,2,2,2,2,1),(-2.094395102393,0.,
    2.094395102393,4.188790204786,6.28318530718,8.377580409573),
.UNSPECIFIED.) CURVE() GEOMETRIC_REPRESENTATION_ITEM() 
RATIONAL_B_SPLINE_CURVE((1.,0.5,1.,0.5,1.,0.5,1.)) REPRESENTATION_ITEM(
  '') );
#12230 = CARTESIAN_POINT('',(-0.736,-0.4));
#12231 = CARTESIAN_POINT('',(-0.846851251684,-0.4));
#12232 = CARTESIAN_POINT('',(-0.791425625842,-0.304));
#12233 = CARTESIAN_POINT('',(-0.736,-0.208));
#12234 = CARTESIAN_POINT('',(-0.680574374158,-0.304));
#12235 = CARTESIAN_POINT('',(-0.625148748316,-0.4));
#12236 = CARTESIAN_POINT('',(-0.736,-0.4));
#12237 = ( GEOMETRIC_REPRESENTATION_CONTEXT(2) 
PARAMETRIC_REPRESENTATION_CONTEXT() REPRESENTATION_CONTEXT('2D SPACE',''
  ) );
#12238 = ORIENTED_EDGE('',*,*,#11906,.F.);
#12239 = ADVANCED_FACE('',(#12240),#11894,.T.);
#12240 = FACE_BOUND('',#12241,.F.);
#12241 = EDGE_LOOP('',(#12242,#12243,#12244,#12267,#12295,#12318,#12346,
    #12367));
#12242 = ORIENTED_EDGE('',*,*,#11878,.T.);
#12243 = ORIENTED_EDGE('',*,*,#12213,.T.);
#12244 = ORIENTED_EDGE('',*,*,#12245,.T.);
#12245 = EDGE_CURVE('',#12191,#12246,#12248,.T.);
#12246 = VERTEX_POINT('',#12247);
#12247 = CARTESIAN_POINT('',(6.2,-3.136,2.05));
#12248 = SURFACE_CURVE('',#12249,(#12253,#12260),.PCURVE_S1.);
#12249 = LINE('',#12250,#12251);
#12250 = CARTESIAN_POINT('',(6.2,-2.4,2.05));
#12251 = VECTOR('',#12252,1.);
#12252 = DIRECTION('',(-0.,-1.,-0.));
#12253 = PCURVE('',#11894,#12254);
#12254 = DEFINITIONAL_REPRESENTATION('',(#12255),#12259);
#12255 = LINE('',#12256,#12257);
#12256 = CARTESIAN_POINT('',(-0.8,-0.4));
#12257 = VECTOR('',#12258,1.);
#12258 = DIRECTION('',(-0.,1.));
#12259 = ( GEOMETRIC_REPRESENTATION_CONTEXT(2) 
PARAMETRIC_REPRESENTATION_CONTEXT() REPRESENTATION_CONTEXT('2D SPACE',''
  ) );
#12260 = PCURVE('',#11980,#12261);
#12261 = DEFINITIONAL_REPRESENTATION('',(#12262),#12266);
#12262 = LINE('',#12263,#12264);
#12263 = CARTESIAN_POINT('',(-0.,-0.45));
#12264 = VECTOR('',#12265,1.);
#12265 = DIRECTION('',(-1.,0.));
#12266 = ( GEOMETRIC_REPRESENTATION_CONTEXT(2) 
PARAMETRIC_REPRESENTATION_CONTEXT() REPRESENTATION_CONTEXT('2D SPACE',''
  ) );
#12267 = ORIENTED_EDGE('',*,*,#12268,.T.);
#12268 = EDGE_CURVE('',#12246,#12269,#12271,.T.);
#12269 = VERTEX_POINT('',#12270);
#12270 = CARTESIAN_POINT('',(6.136,-3.2,2.05));
#12271 = SURFACE_CURVE('',#12272,(#12277,#12288),.PCURVE_S1.);
#12272 = CIRCLE('',#12273,6.4E-02);
#12273 = AXIS2_PLACEMENT_3D('',#12274,#12275,#12276);
#12274 = CARTESIAN_POINT('',(6.136,-3.136,2.05));
#12275 = DIRECTION('',(-0.,-0.,-1.));
#12276 = DIRECTION('',(-0.,1.,-0.));
#12277 = PCURVE('',#11894,#12278);
#12278 = DEFINITIONAL_REPRESENTATION('',(#12279),#12287);
#12279 = ( BOUNDED_CURVE() B_SPLINE_CURVE(2,(#12280,#12281,#12282,#12283
    ,#12284,#12285,#12286),.UNSPECIFIED.,.T.,.F.) 
B_SPLINE_CURVE_WITH_KNOTS((1,2,2,2,2,1),(-2.094395102393,0.,
    2.094395102393,4.188790204786,6.28318530718,8.377580409573),
.UNSPECIFIED.) CURVE() GEOMETRIC_REPRESENTATION_ITEM() 
RATIONAL_B_SPLINE_CURVE((1.,0.5,1.,0.5,1.,0.5,1.)) REPRESENTATION_ITEM(
  '') );
#12280 = CARTESIAN_POINT('',(-0.736,0.272));
#12281 = CARTESIAN_POINT('',(-0.846851251684,0.272));
#12282 = CARTESIAN_POINT('',(-0.791425625842,0.368));
#12283 = CARTESIAN_POINT('',(-0.736,0.464));
#12284 = CARTESIAN_POINT('',(-0.680574374158,0.368));
#12285 = CARTESIAN_POINT('',(-0.625148748316,0.272));
#12286 = CARTESIAN_POINT('',(-0.736,0.272));
#12287 = ( GEOMETRIC_REPRESENTATION_CONTEXT(2) 
PARAMETRIC_REPRESENTATION_CONTEXT() REPRESENTATION_CONTEXT('2D SPACE',''
  ) );
#12288 = PCURVE('',#12013,#12289);
#12289 = DEFINITIONAL_REPRESENTATION('',(#12290),#12294);
#12290 = LINE('',#12291,#12292);
#12291 = CARTESIAN_POINT('',(1.570796326795,0.45));
#12292 = VECTOR('',#12293,1.);
#12293 = DIRECTION('',(-1.,0.));
#12294 = ( GEOMETRIC_REPRESENTATION_CONTEXT(2) 
PARAMETRIC_REPRESENTATION_CONTEXT() REPRESENTATION_CONTEXT('2D SPACE',''
  ) );
#12295 = ORIENTED_EDGE('',*,*,#12296,.T.);
#12296 = EDGE_CURVE('',#12269,#12297,#12299,.T.);
#12297 = VERTEX_POINT('',#12298);
#12298 = CARTESIAN_POINT('',(4.664,-3.2,2.05));
#12299 = SURFACE_CURVE('',#12300,(#12304,#12311),.PCURVE_S1.);
#12300 = LINE('',#12301,#12302);
#12301 = CARTESIAN_POINT('',(6.2,-3.2,2.05));
#12302 = VECTOR('',#12303,1.);
#12303 = DIRECTION('',(-1.,-0.,-0.));
#12304 = PCURVE('',#11894,#12305);
#12305 = DEFINITIONAL_REPRESENTATION('',(#12306),#12310);
#12306 = LINE('',#12307,#12308);
#12307 = CARTESIAN_POINT('',(-0.8,0.4));
#12308 = VECTOR('',#12309,1.);
#12309 = DIRECTION('',(1.,-0.));
#12310 = ( GEOMETRIC_REPRESENTATION_CONTEXT(2) 
PARAMETRIC_REPRESENTATION_CONTEXT() REPRESENTATION_CONTEXT('2D SPACE',''
  ) );
#12311 = PCURVE('',#12041,#12312);
#12312 = DEFINITIONAL_REPRESENTATION('',(#12313),#12317);
#12313 = LINE('',#12314,#12315);
#12314 = CARTESIAN_POINT('',(-0.,-0.45));
#12315 = VECTOR('',#12316,1.);
#12316 = DIRECTION('',(-1.,0.));
#12317 = ( GEOMETRIC_REPRESENTATION_CONTEXT(2) 
PARAMETRIC_REPRESENTATION_CONTEXT() REPRESENTATION_CONTEXT('2D SPACE',''
  ) );
#12318 = ORIENTED_EDGE('',*,*,#12319,.T.);
#12319 = EDGE_CURVE('',#12297,#12320,#12322,.T.);
#12320 = VERTEX_POINT('',#12321);
#12321 = CARTESIAN_POINT('',(4.6,-3.136,2.05));
#12322 = SURFACE_CURVE('',#12323,(#12328,#12339),.PCURVE_S1.);
#12323 = CIRCLE('',#12324,6.4E-02);
#12324 = AXIS2_PLACEMENT_3D('',#12325,#12326,#12327);
#12325 = CARTESIAN_POINT('',(4.664,-3.136,2.05));
#12326 = DIRECTION('',(-0.,-0.,-1.));
#12327 = DIRECTION('',(-0.,1.,-0.));
#12328 = PCURVE('',#11894,#12329);
#12329 = DEFINITIONAL_REPRESENTATION('',(#12330),#12338);
#12330 = ( BOUNDED_CURVE() B_SPLINE_CURVE(2,(#12331,#12332,#12333,#12334
    ,#12335,#12336,#12337),.UNSPECIFIED.,.T.,.F.) 
B_SPLINE_CURVE_WITH_KNOTS((1,2,2,2,2,1),(-2.094395102393,0.,
    2.094395102393,4.188790204786,6.28318530718,8.377580409573),
.UNSPECIFIED.) CURVE() GEOMETRIC_REPRESENTATION_ITEM() 
RATIONAL_B_SPLINE_CURVE((1.,0.5,1.,0.5,1.,0.5,1.)) REPRESENTATION_ITEM(
  '') );
#12331 = CARTESIAN_POINT('',(0.736,0.272));
#12332 = CARTESIAN_POINT('',(0.625148748316,0.272));
#12333 = CARTESIAN_POINT('',(0.680574374158,0.368));
#12334 = CARTESIAN_POINT('',(0.736,0.464));
#12335 = CARTESIAN_POINT('',(0.791425625842,0.368));
#12336 = CARTESIAN_POINT('',(0.846851251684,0.272));
#12337 = CARTESIAN_POINT('',(0.736,0.272));
#12338 = ( GEOMETRIC_REPRESENTATION_CONTEXT(2) 
PARAMETRIC_REPRESENTATION_CONTEXT() REPRESENTATION_CONTEXT('2D SPACE',''
  ) );
#12339 = PCURVE('',#12074,#12340);
#12340 = DEFINITIONAL_REPRESENTATION('',(#12341),#12345);
#12341 = LINE('',#12342,#12343);
#12342 = CARTESIAN_POINT('',(3.14159265359,0.45));
#12343 = VECTOR('',#12344,1.);
#12344 = DIRECTION('',(-1.,0.));
#12345 = ( GEOMETRIC_REPRESENTATION_CONTEXT(2) 
PARAMETRIC_REPRESENTATION_CONTEXT() REPRESENTATION_CONTEXT('2D SPACE',''
  ) );
#12346 = ORIENTED_EDGE('',*,*,#12347,.T.);
#12347 = EDGE_CURVE('',#12320,#12141,#12348,.T.);
#12348 = SURFACE_CURVE('',#12349,(#12353,#12360),.PCURVE_S1.);
#12349 = LINE('',#12350,#12351);
#12350 = CARTESIAN_POINT('',(4.6,-3.2,2.05));
#12351 = VECTOR('',#12352,1.);
#12352 = DIRECTION('',(-0.,1.,-0.));
#12353 = PCURVE('',#11894,#12354);
#12354 = DEFINITIONAL_REPRESENTATION('',(#12355),#12359);
#12355 = LINE('',#12356,#12357);
#12356 = CARTESIAN_POINT('',(0.8,0.4));
#12357 = VECTOR('',#12358,1.);
#12358 = DIRECTION('',(-0.,-1.));
#12359 = ( GEOMETRIC_REPRESENTATION_CONTEXT(2) 
PARAMETRIC_REPRESENTATION_CONTEXT() REPRESENTATION_CONTEXT('2D SPACE',''
  ) );
#12360 = PCURVE('',#12102,#12361);
#12361 = DEFINITIONAL_REPRESENTATION('',(#12362),#12366);
#12362 = LINE('',#12363,#12364);
#12363 = CARTESIAN_POINT('',(-0.,-0.45));
#12364 = VECTOR('',#12365,1.);
#12365 = DIRECTION('',(-1.,-0.));
#12366 = ( GEOMETRIC_REPRESENTATION_CONTEXT(2) 
PARAMETRIC_REPRESENTATION_CONTEXT() REPRESENTATION_CONTEXT('2D SPACE',''
  ) );
#12367 = ORIENTED_EDGE('',*,*,#12163,.F.);
#12368 = ADVANCED_FACE('',(#12369),#12102,.F.);
#12369 = FACE_BOUND('',#12370,.T.);
#12370 = EDGE_LOOP('',(#12371,#12372,#12393,#12394));
#12371 = ORIENTED_EDGE('',*,*,#12086,.F.);
#12372 = ORIENTED_EDGE('',*,*,#12373,.T.);
#12373 = EDGE_CURVE('',#12054,#12320,#12374,.T.);
#12374 = SURFACE_CURVE('',#12375,(#12379,#12386),.PCURVE_S1.);
#12375 = LINE('',#12376,#12377);
#12376 = CARTESIAN_POINT('',(4.6,-3.136,1.6));
#12377 = VECTOR('',#12378,1.);
#12378 = DIRECTION('',(-0.,-0.,1.));
#12379 = PCURVE('',#12102,#12380);
#12380 = DEFINITIONAL_REPRESENTATION('',(#12381),#12385);
#12381 = LINE('',#12382,#12383);
#12382 = CARTESIAN_POINT('',(-6.4E-02,0.));
#12383 = VECTOR('',#12384,1.);
#12384 = DIRECTION('',(-0.,-1.));
#12385 = ( GEOMETRIC_REPRESENTATION_CONTEXT(2) 
PARAMETRIC_REPRESENTATION_CONTEXT() REPRESENTATION_CONTEXT('2D SPACE',''
  ) );
#12386 = PCURVE('',#12074,#12387);
#12387 = DEFINITIONAL_REPRESENTATION('',(#12388),#12392);
#12388 = LINE('',#12389,#12390);
#12389 = CARTESIAN_POINT('',(-1.570796326795,0.));
#12390 = VECTOR('',#12391,1.);
#12391 = DIRECTION('',(-0.,1.));
#12392 = ( GEOMETRIC_REPRESENTATION_CONTEXT(2) 
PARAMETRIC_REPRESENTATION_CONTEXT() REPRESENTATION_CONTEXT('2D SPACE',''
  ) );
#12393 = ORIENTED_EDGE('',*,*,#12347,.T.);
#12394 = ORIENTED_EDGE('',*,*,#12140,.F.);
#12395 = ADVANCED_FACE('',(#12396),#11980,.F.);
#12396 = FACE_BOUND('',#12397,.T.);
#12397 = EDGE_LOOP('',(#12398,#12399,#12400,#12401));
#12398 = ORIENTED_EDGE('',*,*,#11964,.F.);
#12399 = ORIENTED_EDGE('',*,*,#12190,.T.);
#12400 = ORIENTED_EDGE('',*,*,#12245,.T.);
#12401 = ORIENTED_EDGE('',*,*,#12402,.F.);
#12402 = EDGE_CURVE('',#11965,#12246,#12403,.T.);
#12403 = SURFACE_CURVE('',#12404,(#12408,#12415),.PCURVE_S1.);
#12404 = LINE('',#12405,#12406);
#12405 = CARTESIAN_POINT('',(6.2,-3.136,1.6));
#12406 = VECTOR('',#12407,1.);
#12407 = DIRECTION('',(-0.,-0.,1.));
#12408 = PCURVE('',#11980,#12409);
#12409 = DEFINITIONAL_REPRESENTATION('',(#12410),#12414);
#12410 = LINE('',#12411,#12412);
#12411 = CARTESIAN_POINT('',(-0.736,0.));
#12412 = VECTOR('',#12413,1.);
#12413 = DIRECTION('',(-0.,-1.));
#12414 = ( GEOMETRIC_REPRESENTATION_CONTEXT(2) 
PARAMETRIC_REPRESENTATION_CONTEXT() REPRESENTATION_CONTEXT('2D SPACE',''
  ) );
#12415 = PCURVE('',#12013,#12416);
#12416 = DEFINITIONAL_REPRESENTATION('',(#12417),#12421);
#12417 = LINE('',#12418,#12419);
#12418 = CARTESIAN_POINT('',(-0.,0.));
#12419 = VECTOR('',#12420,1.);
#12420 = DIRECTION('',(-0.,1.));
#12421 = ( GEOMETRIC_REPRESENTATION_CONTEXT(2) 
PARAMETRIC_REPRESENTATION_CONTEXT() REPRESENTATION_CONTEXT('2D SPACE',''
  ) );
#12422 = ADVANCED_FACE('',(#12423),#12074,.T.);
#12423 = FACE_BOUND('',#12424,.F.);
#12424 = EDGE_LOOP('',(#12425,#12426,#12427,#12428));
#12425 = ORIENTED_EDGE('',*,*,#12053,.T.);
#12426 = ORIENTED_EDGE('',*,*,#12373,.T.);
#12427 = ORIENTED_EDGE('',*,*,#12319,.F.);
#12428 = ORIENTED_EDGE('',*,*,#12429,.F.);
#12429 = EDGE_CURVE('',#12026,#12297,#12430,.T.);
#12430 = SURFACE_CURVE('',#12431,(#12435,#12442),.PCURVE_S1.);
#12431 = LINE('',#12432,#12433);
#12432 = CARTESIAN_POINT('',(4.664,-3.2,1.6));
#12433 = VECTOR('',#12434,1.);
#12434 = DIRECTION('',(-0.,-0.,1.));
#12435 = PCURVE('',#12074,#12436);
#12436 = DEFINITIONAL_REPRESENTATION('',(#12437),#12441);
#12437 = LINE('',#12438,#12439);
#12438 = CARTESIAN_POINT('',(-0.,0.));
#12439 = VECTOR('',#12440,1.);
#12440 = DIRECTION('',(-0.,1.));
#12441 = ( GEOMETRIC_REPRESENTATION_CONTEXT(2) 
PARAMETRIC_REPRESENTATION_CONTEXT() REPRESENTATION_CONTEXT('2D SPACE',''
  ) );
#12442 = PCURVE('',#12041,#12443);
#12443 = DEFINITIONAL_REPRESENTATION('',(#12444),#12448);
#12444 = LINE('',#12445,#12446);
#12445 = CARTESIAN_POINT('',(-1.536,0.));
#12446 = VECTOR('',#12447,1.);
#12447 = DIRECTION('',(-0.,-1.));
#12448 = ( GEOMETRIC_REPRESENTATION_CONTEXT(2) 
PARAMETRIC_REPRESENTATION_CONTEXT() REPRESENTATION_CONTEXT('2D SPACE',''
  ) );
#12449 = ADVANCED_FACE('',(#12450),#12013,.T.);
#12450 = FACE_BOUND('',#12451,.F.);
#12451 = EDGE_LOOP('',(#12452,#12453,#12474,#12475));
#12452 = ORIENTED_EDGE('',*,*,#11992,.T.);
#12453 = ORIENTED_EDGE('',*,*,#12454,.T.);
#12454 = EDGE_CURVE('',#11993,#12269,#12455,.T.);
#12455 = SURFACE_CURVE('',#12456,(#12460,#12467),.PCURVE_S1.);
#12456 = LINE('',#12457,#12458);
#12457 = CARTESIAN_POINT('',(6.136,-3.2,1.6));
#12458 = VECTOR('',#12459,1.);
#12459 = DIRECTION('',(-0.,-0.,1.));
#12460 = PCURVE('',#12013,#12461);
#12461 = DEFINITIONAL_REPRESENTATION('',(#12462),#12466);
#12462 = LINE('',#12463,#12464);
#12463 = CARTESIAN_POINT('',(-1.570796326795,0.));
#12464 = VECTOR('',#12465,1.);
#12465 = DIRECTION('',(-0.,1.));
#12466 = ( GEOMETRIC_REPRESENTATION_CONTEXT(2) 
PARAMETRIC_REPRESENTATION_CONTEXT() REPRESENTATION_CONTEXT('2D SPACE',''
  ) );
#12467 = PCURVE('',#12041,#12468);
#12468 = DEFINITIONAL_REPRESENTATION('',(#12469),#12473);
#12469 = LINE('',#12470,#12471);
#12470 = CARTESIAN_POINT('',(-6.4E-02,0.));
#12471 = VECTOR('',#12472,1.);
#12472 = DIRECTION('',(-0.,-1.));
#12473 = ( GEOMETRIC_REPRESENTATION_CONTEXT(2) 
PARAMETRIC_REPRESENTATION_CONTEXT() REPRESENTATION_CONTEXT('2D SPACE',''
  ) );
#12474 = ORIENTED_EDGE('',*,*,#12268,.F.);
#12475 = ORIENTED_EDGE('',*,*,#12402,.F.);
#12476 = ADVANCED_FACE('',(#12477),#12041,.F.);
#12477 = FACE_BOUND('',#12478,.T.);
#12478 = EDGE_LOOP('',(#12479,#12480,#12481,#12482));
#12479 = ORIENTED_EDGE('',*,*,#12025,.F.);
#12480 = ORIENTED_EDGE('',*,*,#12454,.T.);
#12481 = ORIENTED_EDGE('',*,*,#12296,.T.);
#12482 = ORIENTED_EDGE('',*,*,#12429,.F.);
#12483 = ( GEOMETRIC_REPRESENTATION_CONTEXT(3) 
GLOBAL_UNCERTAINTY_ASSIGNED_CONTEXT((#12487)) 
GLOBAL_UNIT_ASSIGNED_CONTEXT((#12484,#12485,#12486)) 
REPRESENTATION_CONTEXT('Context #1',
  '3D Context with UNIT and UNCERTAINTY') );
#12484 = ( LENGTH_UNIT() NAMED_UNIT(*) SI_UNIT(.MILLI.,.METRE.) );
#12485 = ( NAMED_UNIT(*) PLANE_ANGLE_UNIT() SI_UNIT($,.RADIAN.) );
#12486 = ( NAMED_UNIT(*) SI_UNIT($,.STERADIAN.) SOLID_ANGLE_UNIT() );
#12487 = UNCERTAINTY_MEASURE_WITH_UNIT(LENGTH_MEASURE(1.E-07),#12484,
  'distance_accuracy_value','confusion accuracy');
#12488 = CONTEXT_DEPENDENT_SHAPE_REPRESENTATION(#12489,#12491);
#12489 = ( REPRESENTATION_RELATIONSHIP('','',#11808,#10) 
REPRESENTATION_RELATIONSHIP_WITH_TRANSFORMATION(#12490) 
SHAPE_REPRESENTATION_RELATIONSHIP() );
#12490 = ITEM_DEFINED_TRANSFORMATION('','',#11,#111);
#12491 = PRODUCT_DEFINITION_SHAPE('Placement','Placement of an item',
  #12492);
#12492 = NEXT_ASSEMBLY_USAGE_OCCURRENCE('87','RL3','',#5,#11803,$);
#12493 = PRODUCT_RELATED_PRODUCT_CATEGORY('part',$,(#11805));
#12494 = MECHANICAL_DESIGN_GEOMETRIC_PRESENTATION_REPRESENTATION('',(
    #12495),#2431);
#12495 = STYLED_ITEM('color',(#12496),#2233);
#12496 = PRESENTATION_STYLE_ASSIGNMENT((#12497));
#12497 = SURFACE_STYLE_USAGE(.BOTH.,#12498);
#12498 = SURFACE_SIDE_STYLE('',(#12499));
#12499 = SURFACE_STYLE_FILL_AREA(#12500);
#12500 = FILL_AREA_STYLE('',(#12501));
#12501 = FILL_AREA_STYLE_COLOUR('',#12502);
#12502 = COLOUR_RGB('',0.850000012718,0.700000005816,0.299999996101);
#12503 = MECHANICAL_DESIGN_GEOMETRIC_PRESENTATION_REPRESENTATION('',(
    #12504),#8325);
#12504 = STYLED_ITEM('color',(#12505),#7651);
#12505 = PRESENTATION_STYLE_ASSIGNMENT((#12506));
#12506 = SURFACE_STYLE_USAGE(.BOTH.,#12507);
#12507 = SURFACE_SIDE_STYLE('',(#12508));
#12508 = SURFACE_STYLE_FILL_AREA(#12509);
#12509 = FILL_AREA_STYLE('',(#12510));
#12510 = FILL_AREA_STYLE_COLOUR('',#12511);
#12511 = COLOUR_RGB('',0.55000000909,0.45000000386,0.350000000377);
#12512 = MECHANICAL_DESIGN_GEOMETRIC_PRESENTATION_REPRESENTATION('',(
    #12513),#3950);
#12513 = STYLED_ITEM('color',(#12514),#3752);
#12514 = PRESENTATION_STYLE_ASSIGNMENT((#12515));
#12515 = SURFACE_STYLE_USAGE(.BOTH.,#12516);
#12516 = SURFACE_SIDE_STYLE('',(#12517));
#12517 = SURFACE_STYLE_FILL_AREA(#12518);
#12518 = FILL_AREA_STYLE('',(#12519));
#12519 = FILL_AREA_STYLE_COLOUR('',#12502);
#12520 = MECHANICAL_DESIGN_GEOMETRIC_PRESENTATION_REPRESENTATION('',(
    #12521),#4860);
#12521 = STYLED_ITEM('color',(#12522),#4186);
#12522 = PRESENTATION_STYLE_ASSIGNMENT((#12523));
#12523 = SURFACE_STYLE_USAGE(.BOTH.,#12524);
#12524 = SURFACE_SIDE_STYLE('',(#12525));
#12525 = SURFACE_STYLE_FILL_AREA(#12526);
#12526 = FILL_AREA_STYLE('',(#12527));
#12527 = FILL_AREA_STYLE_COLOUR('',#12528);
#12528 = COLOUR_RGB('',7.999999887273E-02,7.999999887273E-02,
  7.999999887273E-02);
#12529 = MECHANICAL_DESIGN_GEOMETRIC_PRESENTATION_REPRESENTATION('',(
    #12530),#2214);
#12530 = STYLED_ITEM('color',(#12531),#2016);
#12531 = PRESENTATION_STYLE_ASSIGNMENT((#12532));
#12532 = SURFACE_STYLE_USAGE(.BOTH.,#12533);
#12533 = SURFACE_SIDE_STYLE('',(#12534));
#12534 = SURFACE_STYLE_FILL_AREA(#12535);
#12535 = FILL_AREA_STYLE('',(#12536));
#12536 = FILL_AREA_STYLE_COLOUR('',#12502);
#12537 = MECHANICAL_DESIGN_GEOMETRIC_PRESENTATION_REPRESENTATION('',(
    #12538),#3733);
#12538 = STYLED_ITEM('color',(#12539),#3535);
#12539 = PRESENTATION_STYLE_ASSIGNMENT((#12540));
#12540 = SURFACE_STYLE_USAGE(.BOTH.,#12541);
#12541 = SURFACE_SIDE_STYLE('',(#12542));
#12542 = SURFACE_STYLE_FILL_AREA(#12543);
#12543 = FILL_AREA_STYLE('',(#12544));
#12544 = FILL_AREA_STYLE_COLOUR('',#12502);
#12545 = MECHANICAL_DESIGN_GEOMETRIC_PRESENTATION_REPRESENTATION('',(
    #12546),#11790);
#12546 = STYLED_ITEM('color',(#12547),#11116);
#12547 = PRESENTATION_STYLE_ASSIGNMENT((#12548));
#12548 = SURFACE_STYLE_USAGE(.BOTH.,#12549);
#12549 = SURFACE_SIDE_STYLE('',(#12550));
#12550 = SURFACE_STYLE_FILL_AREA(#12551);
#12551 = FILL_AREA_STYLE('',(#12552));
#12552 = FILL_AREA_STYLE_COLOUR('',#12511);
#12553 = MECHANICAL_DESIGN_GEOMETRIC_PRESENTATION_REPRESENTATION('',(
    #12554),#1780);
#12554 = STYLED_ITEM('color',(#12555),#1582);
#12555 = PRESENTATION_STYLE_ASSIGNMENT((#12556));
#12556 = SURFACE_STYLE_USAGE(.BOTH.,#12557);
#12557 = SURFACE_SIDE_STYLE('',(#12558));
#12558 = SURFACE_STYLE_FILL_AREA(#12559);
#12559 = FILL_AREA_STYLE('',(#12560));
#12560 = FILL_AREA_STYLE_COLOUR('',#12502);
#12561 = MECHANICAL_DESIGN_GEOMETRIC_PRESENTATION_REPRESENTATION('',(
    #12562),#9711);
#12562 = STYLED_ITEM('color',(#12563),#9037);
#12563 = PRESENTATION_STYLE_ASSIGNMENT((#12564));
#12564 = SURFACE_STYLE_USAGE(.BOTH.,#12565);
#12565 = SURFACE_SIDE_STYLE('',(#12566));
#12566 = SURFACE_STYLE_FILL_AREA(#12567);
#12567 = FILL_AREA_STYLE('',(#12568));
#12568 = FILL_AREA_STYLE_COLOUR('',#12511);
#12569 = MECHANICAL_DESIGN_GEOMETRIC_PRESENTATION_REPRESENTATION('',(
    #12570),#3299);
#12570 = STYLED_ITEM('color',(#12571),#3101);
#12571 = PRESENTATION_STYLE_ASSIGNMENT((#12572));
#12572 = SURFACE_STYLE_USAGE(.BOTH.,#12573);
#12573 = SURFACE_SIDE_STYLE('',(#12574));
#12574 = SURFACE_STYLE_FILL_AREA(#12575);
#12575 = FILL_AREA_STYLE('',(#12576));
#12576 = FILL_AREA_STYLE_COLOUR('',#12502);
#12577 = MECHANICAL_DESIGN_GEOMETRIC_PRESENTATION_REPRESENTATION('',(
    #12578),#1997);
#12578 = STYLED_ITEM('color',(#12579),#1799);
#12579 = PRESENTATION_STYLE_ASSIGNMENT((#12580));
#12580 = SURFACE_STYLE_USAGE(.BOTH.,#12581);
#12581 = SURFACE_SIDE_STYLE('',(#12582));
#12582 = SURFACE_STYLE_FILL_AREA(#12583);
#12583 = FILL_AREA_STYLE('',(#12584));
#12584 = FILL_AREA_STYLE_COLOUR('',#12502);
#12585 = MECHANICAL_DESIGN_GEOMETRIC_PRESENTATION_REPRESENTATION('',(
    #12586),#11097);
#12586 = STYLED_ITEM('color',(#12587),#10423);
#12587 = PRESENTATION_STYLE_ASSIGNMENT((#12588));
#12588 = SURFACE_STYLE_USAGE(.BOTH.,#12589);
#12589 = SURFACE_SIDE_STYLE('',(#12590));
#12590 = SURFACE_STYLE_FILL_AREA(#12591);
#12591 = FILL_AREA_STYLE('',(#12592));
#12592 = FILL_AREA_STYLE_COLOUR('',#12528);
#12593 = MECHANICAL_DESIGN_GEOMETRIC_PRESENTATION_REPRESENTATION('',(
    #12594),#9018);
#12594 = STYLED_ITEM('color',(#12595),#8344);
#12595 = PRESENTATION_STYLE_ASSIGNMENT((#12596));
#12596 = SURFACE_STYLE_USAGE(.BOTH.,#12597);
#12597 = SURFACE_SIDE_STYLE('',(#12598));
#12598 = SURFACE_STYLE_FILL_AREA(#12599);
#12599 = FILL_AREA_STYLE('',(#12600));
#12600 = FILL_AREA_STYLE_COLOUR('',#12528);
#12601 = MECHANICAL_DESIGN_GEOMETRIC_PRESENTATION_REPRESENTATION('',(
    #12602),#5553);
#12602 = STYLED_ITEM('color',(#12603),#4879);
#12603 = PRESENTATION_STYLE_ASSIGNMENT((#12604));
#12604 = SURFACE_STYLE_USAGE(.BOTH.,#12605);
#12605 = SURFACE_SIDE_STYLE('',(#12606));
#12606 = SURFACE_STYLE_FILL_AREA(#12607);
#12607 = FILL_AREA_STYLE('',(#12608));
#12608 = FILL_AREA_STYLE_COLOUR('',#12511);
#12609 = MECHANICAL_DESIGN_GEOMETRIC_PRESENTATION_REPRESENTATION('',(
    #12610),#1563);
#12610 = STYLED_ITEM('color',(#12611),#129);
#12611 = PRESENTATION_STYLE_ASSIGNMENT((#12612));
#12612 = SURFACE_STYLE_USAGE(.BOTH.,#12613);
#12613 = SURFACE_SIDE_STYLE('',(#12614));
#12614 = SURFACE_STYLE_FILL_AREA(#12615);
#12615 = FILL_AREA_STYLE('',(#12616));
#12616 = FILL_AREA_STYLE_COLOUR('',#12617);
#12617 = COLOUR_RGB('',5.000000142576E-02,0.250000000672,0.649999988539
  );
#12618 = MECHANICAL_DESIGN_GEOMETRIC_PRESENTATION_REPRESENTATION('',(
    #12619),#7632);
#12619 = STYLED_ITEM('color',(#12620),#6958);
#12620 = PRESENTATION_STYLE_ASSIGNMENT((#12621));
#12621 = SURFACE_STYLE_USAGE(.BOTH.,#12622);
#12622 = SURFACE_SIDE_STYLE('',(#12623));
#12623 = SURFACE_STYLE_FILL_AREA(#12624);
#12624 = FILL_AREA_STYLE('',(#12625));
#12625 = FILL_AREA_STYLE_COLOUR('',#12511);
#12626 = MECHANICAL_DESIGN_GEOMETRIC_PRESENTATION_REPRESENTATION('',(
    #12627),#12483);
#12627 = STYLED_ITEM('color',(#12628),#11809);
#12628 = PRESENTATION_STYLE_ASSIGNMENT((#12629));
#12629 = SURFACE_STYLE_USAGE(.BOTH.,#12630);
#12630 = SURFACE_SIDE_STYLE('',(#12631));
#12631 = SURFACE_STYLE_FILL_AREA(#12632);
#12632 = FILL_AREA_STYLE('',(#12633));
#12633 = FILL_AREA_STYLE_COLOUR('',#12511);
#12634 = MECHANICAL_DESIGN_GEOMETRIC_PRESENTATION_REPRESENTATION('',(
    #12635),#3516);
#12635 = STYLED_ITEM('color',(#12636),#3318);
#12636 = PRESENTATION_STYLE_ASSIGNMENT((#12637));
#12637 = SURFACE_STYLE_USAGE(.BOTH.,#12638);
#12638 = SURFACE_SIDE_STYLE('',(#12639));
#12639 = SURFACE_STYLE_FILL_AREA(#12640);
#12640 = FILL_AREA_STYLE('',(#12641));
#12641 = FILL_AREA_STYLE_COLOUR('',#12502);
#12642 = MECHANICAL_DESIGN_GEOMETRIC_PRESENTATION_REPRESENTATION('',(
    #12643),#3082);
#12643 = STYLED_ITEM('color',(#12644),#2884);
#12644 = PRESENTATION_STYLE_ASSIGNMENT((#12645));
#12645 = SURFACE_STYLE_USAGE(.BOTH.,#12646);
#12646 = SURFACE_SIDE_STYLE('',(#12647));
#12647 = SURFACE_STYLE_FILL_AREA(#12648);
#12648 = FILL_AREA_STYLE('',(#12649));
#12649 = FILL_AREA_STYLE_COLOUR('',#12502);
#12650 = MECHANICAL_DESIGN_GEOMETRIC_PRESENTATION_REPRESENTATION('',(
    #12651),#2865);
#12651 = STYLED_ITEM('color',(#12652),#2667);
#12652 = PRESENTATION_STYLE_ASSIGNMENT((#12653));
#12653 = SURFACE_STYLE_USAGE(.BOTH.,#12654);
#12654 = SURFACE_SIDE_STYLE('',(#12655));
#12655 = SURFACE_STYLE_FILL_AREA(#12656);
#12656 = FILL_AREA_STYLE('',(#12657));
#12657 = FILL_AREA_STYLE_COLOUR('',#12502);
#12658 = MECHANICAL_DESIGN_GEOMETRIC_PRESENTATION_REPRESENTATION('',(
    #12659),#10404);
#12659 = STYLED_ITEM('color',(#12660),#9730);
#12660 = PRESENTATION_STYLE_ASSIGNMENT((#12661));
#12661 = SURFACE_STYLE_USAGE(.BOTH.,#12662);
#12662 = SURFACE_SIDE_STYLE('',(#12663));
#12663 = SURFACE_STYLE_FILL_AREA(#12664);
#12664 = FILL_AREA_STYLE('',(#12665));
#12665 = FILL_AREA_STYLE_COLOUR('',#12511);
#12666 = MECHANICAL_DESIGN_GEOMETRIC_PRESENTATION_REPRESENTATION('',(
    #12667),#6939);
#12667 = STYLED_ITEM('color',(#12668),#6265);
#12668 = PRESENTATION_STYLE_ASSIGNMENT((#12669));
#12669 = SURFACE_STYLE_USAGE(.BOTH.,#12670);
#12670 = SURFACE_SIDE_STYLE('',(#12671));
#12671 = SURFACE_STYLE_FILL_AREA(#12672);
#12672 = FILL_AREA_STYLE('',(#12673));
#12673 = FILL_AREA_STYLE_COLOUR('',#12528);
#12674 = MECHANICAL_DESIGN_GEOMETRIC_PRESENTATION_REPRESENTATION('',(
    #12675),#4167);
#12675 = STYLED_ITEM('color',(#12676),#3969);
#12676 = PRESENTATION_STYLE_ASSIGNMENT((#12677));
#12677 = SURFACE_STYLE_USAGE(.BOTH.,#12678);
#12678 = SURFACE_SIDE_STYLE('',(#12679));
#12679 = SURFACE_STYLE_FILL_AREA(#12680);
#12680 = FILL_AREA_STYLE('',(#12681));
#12681 = FILL_AREA_STYLE_COLOUR('',#12502);
#12682 = MECHANICAL_DESIGN_GEOMETRIC_PRESENTATION_REPRESENTATION('',(
    #12683),#2648);
#12683 = STYLED_ITEM('color',(#12684),#2450);
#12684 = PRESENTATION_STYLE_ASSIGNMENT((#12685));
#12685 = SURFACE_STYLE_USAGE(.BOTH.,#12686);
#12686 = SURFACE_SIDE_STYLE('',(#12687));
#12687 = SURFACE_STYLE_FILL_AREA(#12688);
#12688 = FILL_AREA_STYLE('',(#12689));
#12689 = FILL_AREA_STYLE_COLOUR('',#12502);
#12690 = MECHANICAL_DESIGN_GEOMETRIC_PRESENTATION_REPRESENTATION('',(
    #12691),#6246);
#12691 = STYLED_ITEM('color',(#12692),#5572);
#12692 = PRESENTATION_STYLE_ASSIGNMENT((#12693));
#12693 = SURFACE_STYLE_USAGE(.BOTH.,#12694);
#12694 = SURFACE_SIDE_STYLE('',(#12695));
#12695 = SURFACE_STYLE_FILL_AREA(#12696);
#12696 = FILL_AREA_STYLE('',(#12697));
#12697 = FILL_AREA_STYLE_COLOUR('',#12511);
ENDSEC;
END-ISO-10303-21;
